{
  "Person": {
    "PersonId": 10022,
    "HOCPersonId": 0,
    "SenatePersonId": 0,
    "FormalFirstName": null,
    "UsedFirstName": "Gilbert Anselme",
    "MiddleName": null,
    "MaidenName": null,
    "LastName": "Girouard",
    "IsDraftProfile": false,
    "DateOfBirth": "1846-10-26T00:00:00Z",
    "DateOfBirthIsApproximate": false,
    "DoNotDiscloseDateOfBirth": false,
    "DoNotDiscloseBirthLocation": false,
    "CityOfBirthEn": "Sainte-Marie-de-Kent",
    "CityOfBirthFr": "Sainte-Marie-de-Kent",
    "ProvinceOfBirthEn": "New Brunswick",
    "ProvinceOfBirthFr": "Nouveau-Brunswick",
    "CountryOfBirthFr": "Canada",
    "CountryOfBirthEn": "Canada",
    "Gender": "M",
    "EthnicityLongEn": null,
    "EthnicityLongFr": null,
    "IsCanadianOrigin": true,
    "InternalNotes": null,
    "ExternalNotesEn": null,
    "ExternalNotesFr": null,
    "ReligionEn": "Catholic",
    "ReligionFr": "Catholique",
    "Professions": [
      {
        "NameEn": "merchant",
        "NameFr": "marchand",
        "SearchKeyWordsEn": "",
        "SearchKeyWordsFr": "",
        "ProfessionTypeEn": "Sales and service - Intermediate occupations",
        "ProfessionTypeFr": "Vente et services - Personnel interm\u00e9diaire",
        "Ordinal": null
      }
    ],
    "Languages": null,
    "Education": null,
    "FamilyRelations": null,
    "Pictures": [
      {
        "PictureId": 1714,
        "PictureDate": null,
        "TypeEn": "Studio",
        "TypeFr": "Studio",
        "PhotographerEn": "William James Topley",
        "PhotographerFr": "William James Topley",
        "CreditsEn": "PA 033440",
        "CreditsFr": "PA 033440",
        "CopyRightsEn": "Public Domain",
        "CopyRightsFr": "Du domaine public",
        "DisplayForWeb": true,
        "InternalNotes": null
      }
    ],
    "Titles": [
      {
        "LongEn": null,
        "LongFr": null,
        "AcronymEn": null,
        "AcronymFr": null,
        "IsHonorific": false,
        "IsScholarity": false,
        "IsSalutation": true,
        "Ordinal": 0
      },
      {
        "LongEn": "Member of Parliament",
        "LongFr": "d\u00e9put\u00e9",
        "AcronymEn": "M.P.",
        "AcronymFr": "d\u00e9put\u00e9",
        "IsHonorific": false,
        "IsScholarity": false,
        "IsSalutation": false,
        "Ordinal": 0
      }
    ],
    "Roles": [
      {
        "PersonRoleId": 12375,
        "NameFr": "Membre du caucus",
        "StartDate": "1879-02-13T00:00:00Z",
        "StartDateIsApproximate": false,
        "EndDate": "1883-08-09T00:00:00Z",
        "EndDateIsApproximate": false,
        "EndReasonEn": null,
        "EndReasonFr": null,
        "EndReasonTypeEn": null,
        "EndReasonTypeFr": null,
        "SourceOfInformationEn": null,
        "SourceOfInformationFr": null,
        "IsActing": false,
        "ActingTextEn": null,
        "ActingTextFr": null,
        "HasCrossedTheFloor": false,
        "OrganizationId": 4842,
        "OrganizationLongEn": "Liberal-Conservative",
        "OrganizationLongFr": "Lib\u00e9ral-conservateur",
        "OrganizationShortEn": "Liberal-Conservative",
        "OrganizationShortFr": "Lib\u00e9ral-conservateur",
        "OrganizationAcronymEn": "Lib.-Cons.",
        "OrganizationAcronymFr": "Lib.-cons.",
        "OrganizationTypeId": 4,
        "OrganizationTypeEn": "Party",
        "OrganizationTypeFr": "Parti",
        "OrganizationProvinceEn": null,
        "OrganizationProvinceFr": null,
        "OrganizationHasProfile": true,
        "IsSenatorialDivision": false,
        "ToBeStyledAsEn": null,
        "ToBeStyledAsFr": null,
        "GroupId": 0,
        "Source": null,
        "PortFolioEn": null,
        "PortFolioFr": null,
        "Committee": null,
        "GroupingTitleEn": null,
        "GroupingTitleFr": null,
        "GroupingOrder": 0,
        "ParliamentStart": null,
        "ParliamentEnd": null,
        "ParliamentNumber": 0,
        "PartyOrganizationId": 0,
        "PartyEn": null,
        "PartyFr": null,
        "PartyStartDate": null,
        "PartyEndDate": null,
        "PersonPersonId": 0,
        "PersonLastName": null,
        "PersonUsedFirstName": null,
        "PersonGender": null,
        "MemberOfParliament": null,
        "IsMP": false,
        "IsSenator": false,
        "GovernorGeneral": null,
        "Documents": null,
        "Senator": null,
        "NotesEn": null,
        "NotesFr": null,
        "InternalNotes": null,
        "IsCurrent": "False",
        "RoleId": 2998,
        "NameEn": "Caucus Member",
        "Ordinal": null,
        "Classes": null
      },
      {
        "PersonRoleId": 13500,
        "NameFr": "Membre du parti",
        "StartDate": "1878-09-17T00:00:00Z",
        "StartDateIsApproximate": false,
        "EndDate": "1883-08-09T00:00:00Z",
        "EndDateIsApproximate": false,
        "EndReasonEn": null,
        "EndReasonFr": null,
        "EndReasonTypeEn": null,
        "EndReasonTypeFr": null,
        "SourceOfInformationEn": null,
        "SourceOfInformationFr": null,
        "IsActing": false,
        "ActingTextEn": null,
        "ActingTextFr": null,
        "HasCrossedTheFloor": false,
        "OrganizationId": 4842,
        "OrganizationLongEn": "Liberal-Conservative",
        "OrganizationLongFr": "Lib\u00e9ral-conservateur",
        "OrganizationShortEn": "Liberal-Conservative",
        "OrganizationShortFr": "Lib\u00e9ral-conservateur",
        "OrganizationAcronymEn": "Lib.-Cons.",
        "OrganizationAcronymFr": "Lib.-cons.",
        "OrganizationTypeId": 4,
        "OrganizationTypeEn": "Party",
        "OrganizationTypeFr": "Parti",
        "OrganizationProvinceEn": null,
        "OrganizationProvinceFr": null,
        "OrganizationHasProfile": true,
        "IsSenatorialDivision": false,
        "ToBeStyledAsEn": "",
        "ToBeStyledAsFr": "",
        "GroupId": 0,
        "Source": null,
        "PortFolioEn": null,
        "PortFolioFr": null,
        "Committee": null,
        "GroupingTitleEn": "Parliamentarian",
        "GroupingTitleFr": "Parlementaire",
        "GroupingOrder": 1,
        "ParliamentStart": "1883-02-08T00:00:00Z",
        "ParliamentEnd": "1887-01-15T00:00:00Z",
        "ParliamentNumber": 5,
        "PartyOrganizationId": 4842,
        "PartyEn": "Liberal-Conservative",
        "PartyFr": "Lib\u00e9ral-conservateur",
        "PartyStartDate": "1878-09-17T00:00:00Z",
        "PartyEndDate": "1883-08-09T00:00:00Z",
        "PersonPersonId": 0,
        "PersonLastName": null,
        "PersonUsedFirstName": null,
        "PersonGender": null,
        "MemberOfParliament": null,
        "IsMP": false,
        "IsSenator": false,
        "GovernorGeneral": null,
        "Documents": null,
        "Senator": null,
        "NotesEn": null,
        "NotesFr": null,
        "InternalNotes": null,
        "IsCurrent": "False",
        "RoleId": 722,
        "NameEn": "Party Member",
        "Ordinal": null,
        "Classes": [
          {
            "RoleClassId": 105,
            "RoleClassOrdinal": null,
            "RoleToRoleClassOrdinal": null,
            "RoleClassNameEn": "Parliamentarian",
            "RoleClassNameFr": "Parlementaire"
          }
        ]
      },
      {
        "PersonRoleId": 94918,
        "NameFr": "Membre pour la circonscription",
        "StartDate": "1878-09-17T00:00:00Z",
        "StartDateIsApproximate": false,
        "EndDate": "1883-08-09T00:00:00Z",
        "EndDateIsApproximate": false,
        "EndReasonEn": null,
        "EndReasonFr": null,
        "EndReasonTypeEn": null,
        "EndReasonTypeFr": null,
        "SourceOfInformationEn": null,
        "SourceOfInformationFr": null,
        "IsActing": false,
        "ActingTextEn": null,
        "ActingTextFr": null,
        "HasCrossedTheFloor": false,
        "OrganizationId": 4131,
        "OrganizationLongEn": "Kent",
        "OrganizationLongFr": "Kent",
        "OrganizationShortEn": "",
        "OrganizationShortFr": "",
        "OrganizationAcronymEn": "",
        "OrganizationAcronymFr": "",
        "OrganizationTypeId": 35,
        "OrganizationTypeEn": "Constituency",
        "OrganizationTypeFr": "Circonscription",
        "OrganizationProvinceEn": "New Brunswick",
        "OrganizationProvinceFr": "Nouveau-Brunswick",
        "OrganizationHasProfile": true,
        "IsSenatorialDivision": false,
        "ToBeStyledAsEn": "",
        "ToBeStyledAsFr": "",
        "GroupId": 0,
        "Source": null,
        "PortFolioEn": null,
        "PortFolioFr": null,
        "Committee": null,
        "GroupingTitleEn": "Parliamentarian",
        "GroupingTitleFr": "Parlementaire",
        "GroupingOrder": 1,
        "ParliamentStart": "1883-02-08T00:00:00Z",
        "ParliamentEnd": "1887-01-15T00:00:00Z",
        "ParliamentNumber": 5,
        "PartyOrganizationId": 4842,
        "PartyEn": "Liberal-Conservative",
        "PartyFr": "Lib\u00e9ral-conservateur",
        "PartyStartDate": "1878-09-17T00:00:00Z",
        "PartyEndDate": "1883-08-09T00:00:00Z",
        "PersonPersonId": 0,
        "PersonLastName": null,
        "PersonUsedFirstName": null,
        "PersonGender": null,
        "MemberOfParliament": {
          "OccupationTypeEn": "Continuous",
          "OccupationTypeFr": "Continue"
        },
        "IsMP": true,
        "IsSenator": false,
        "GovernorGeneral": null,
        "Documents": null,
        "Senator": null,
        "NotesEn": null,
        "NotesFr": null,
        "InternalNotes": null,
        "IsCurrent": "False",
        "RoleId": 719,
        "NameEn": "Constituency Member",
        "Ordinal": 240,
        "Classes": [
          {
            "RoleClassId": 49,
            "RoleClassOrdinal": 2,
            "RoleToRoleClassOrdinal": null,
            "RoleClassNameEn": "Salaries in the House of Commons",
            "RoleClassNameFr": "Salaires \u00e0 la Chambre des Communes"
          },
          {
            "RoleClassId": 105,
            "RoleClassOrdinal": null,
            "RoleToRoleClassOrdinal": null,
            "RoleClassNameEn": "Parliamentarian",
            "RoleClassNameFr": "Parlementaire"
          }
        ]
      },
      {
        "PersonRoleId": 239922,
        "NameFr": "Membre",
        "StartDate": "1882-02-09T00:00:00Z",
        "StartDateIsApproximate": false,
        "EndDate": "1882-05-17T00:00:00Z",
        "EndDateIsApproximate": false,
        "EndReasonEn": null,
        "EndReasonFr": null,
        "EndReasonTypeEn": null,
        "EndReasonTypeFr": null,
        "SourceOfInformationEn": null,
        "SourceOfInformationFr": null,
        "IsActing": false,
        "ActingTextEn": null,
        "ActingTextFr": null,
        "HasCrossedTheFloor": false,
        "OrganizationId": 7024,
        "OrganizationLongEn": "Standing Committee on Railways, Canals and Telegraph Lines",
        "OrganizationLongFr": "Comit\u00e9 permanent des chemins de fer, canaux et lignes t\u00e9l\u00e9graphiques",
        "OrganizationShortEn": "Railways, Canals and Telegraph Lines",
        "OrganizationShortFr": "Chemins de fer, canaux et lignes t\u00e9l\u00e9graphiques",
        "OrganizationAcronymEn": "",
        "OrganizationAcronymFr": "",
        "OrganizationTypeId": 27,
        "OrganizationTypeEn": "Committee",
        "OrganizationTypeFr": "Comit\u00e9",
        "OrganizationProvinceEn": null,
        "OrganizationProvinceFr": null,
        "OrganizationHasProfile": true,
        "IsSenatorialDivision": false,
        "ToBeStyledAsEn": "",
        "ToBeStyledAsFr": "",
        "GroupId": 0,
        "Source": null,
        "PortFolioEn": null,
        "PortFolioFr": null,
        "Committee": {
          "OrganizationId": 0,
          "SenateCommitteeId": 0,
          "CommitteeTypeId": 5,
          "CommitteeTypeEn": "Standing",
          "CommitteeTypeFr": "Permanent",
          "CompositionTypeId": 3,
          "CompositionTypeLongEn": "House of Commons",
          "CompositionTypeLongFr": "Chambre des communes",
          "CompositionTypeShortEn": "C",
          "CompositionTypeShortFr": "C",
          "Sessions": [
            {
              "SessionId": 0,
              "SessionNumber": 4,
              "ParliamentNumber": 4,
              "StartDate": "1882-02-09T00:00:00Z",
              "EndDate": "1882-05-17T00:00:00Z",
              "ShortEn": "4th",
              "ShortFr": "4e"
            }
          ],
          "Mandates": null
        },
        "GroupingTitleEn": null,
        "GroupingTitleFr": null,
        "GroupingOrder": 0,
        "ParliamentStart": null,
        "ParliamentEnd": null,
        "ParliamentNumber": 0,
        "PartyOrganizationId": 4842,
        "PartyEn": "Liberal-Conservative",
        "PartyFr": "Lib\u00e9ral-conservateur",
        "PartyStartDate": "1878-09-17T00:00:00Z",
        "PartyEndDate": "1883-08-09T00:00:00Z",
        "PersonPersonId": 0,
        "PersonLastName": null,
        "PersonUsedFirstName": null,
        "PersonGender": null,
        "MemberOfParliament": null,
        "IsMP": false,
        "IsSenator": false,
        "GovernorGeneral": null,
        "Documents": null,
        "Senator": null,
        "NotesEn": null,
        "NotesFr": null,
        "InternalNotes": null,
        "IsCurrent": "False",
        "RoleId": 226,
        "NameEn": "Member",
        "Ordinal": 300,
        "Classes": [
          {
            "RoleClassId": 33,
            "RoleClassOrdinal": null,
            "RoleToRoleClassOrdinal": null,
            "RoleClassNameEn": "Committee",
            "RoleClassNameFr": "Comit\u00e9"
          },
          {
            "RoleClassId": 113,
            "RoleClassOrdinal": null,
            "RoleToRoleClassOrdinal": null,
            "RoleClassNameEn": "ElectionProcessCloseDissolution",
            "RoleClassNameFr": "ElectionProcessCloseDissolution"
          }
        ]
      },
      {
        "PersonRoleId": 240012,
        "NameFr": "Membre",
        "StartDate": "1880-12-09T00:00:00Z",
        "StartDateIsApproximate": false,
        "EndDate": "1881-03-21T00:00:00Z",
        "EndDateIsApproximate": false,
        "EndReasonEn": null,
        "EndReasonFr": null,
        "EndReasonTypeEn": null,
        "EndReasonTypeFr": null,
        "SourceOfInformationEn": null,
        "SourceOfInformationFr": null,
        "IsActing": false,
        "ActingTextEn": null,
        "ActingTextFr": null,
        "HasCrossedTheFloor": false,
        "OrganizationId": 7024,
        "OrganizationLongEn": "Standing Committee on Railways, Canals and Telegraph Lines",
        "OrganizationLongFr": "Comit\u00e9 permanent des chemins de fer, canaux et lignes t\u00e9l\u00e9graphiques",
        "OrganizationShortEn": "Railways, Canals and Telegraph Lines",
        "OrganizationShortFr": "Chemins de fer, canaux et lignes t\u00e9l\u00e9graphiques",
        "OrganizationAcronymEn": "",
        "OrganizationAcronymFr": "",
        "OrganizationTypeId": 27,
        "OrganizationTypeEn": "Committee",
        "OrganizationTypeFr": "Comit\u00e9",
        "OrganizationProvinceEn": null,
        "OrganizationProvinceFr": null,
        "OrganizationHasProfile": true,
        "IsSenatorialDivision": false,
        "ToBeStyledAsEn": "",
        "ToBeStyledAsFr": "",
        "GroupId": 0,
        "Source": null,
        "PortFolioEn": null,
        "PortFolioFr": null,
        "Committee": {
          "OrganizationId": 0,
          "SenateCommitteeId": 0,
          "CommitteeTypeId": 5,
          "CommitteeTypeEn": "Standing",
          "CommitteeTypeFr": "Permanent",
          "CompositionTypeId": 3,
          "CompositionTypeLongEn": "House of Commons",
          "CompositionTypeLongFr": "Chambre des communes",
          "CompositionTypeShortEn": "C",
          "CompositionTypeShortFr": "C",
          "Sessions": [
            {
              "SessionId": 0,
              "SessionNumber": 3,
              "ParliamentNumber": 4,
              "StartDate": "1880-12-09T00:00:00Z",
              "EndDate": "1881-03-21T00:00:00Z",
              "ShortEn": "3rd",
              "ShortFr": "3e"
            }
          ],
          "Mandates": null
        },
        "GroupingTitleEn": null,
        "GroupingTitleFr": null,
        "GroupingOrder": 0,
        "ParliamentStart": null,
        "ParliamentEnd": null,
        "ParliamentNumber": 0,
        "PartyOrganizationId": 4842,
        "PartyEn": "Liberal-Conservative",
        "PartyFr": "Lib\u00e9ral-conservateur",
        "PartyStartDate": "1878-09-17T00:00:00Z",
        "PartyEndDate": "1883-08-09T00:00:00Z",
        "PersonPersonId": 0,
        "PersonLastName": null,
        "PersonUsedFirstName": null,
        "PersonGender": null,
        "MemberOfParliament": null,
        "IsMP": false,
        "IsSenator": false,
        "GovernorGeneral": null,
        "Documents": null,
        "Senator": null,
        "NotesEn": null,
        "NotesFr": null,
        "InternalNotes": null,
        "IsCurrent": "False",
        "RoleId": 226,
        "NameEn": "Member",
        "Ordinal": 300,
        "Classes": [
          {
            "RoleClassId": 33,
            "RoleClassOrdinal": null,
            "RoleToRoleClassOrdinal": null,
            "RoleClassNameEn": "Committee",
            "RoleClassNameFr": "Comit\u00e9"
          },
          {
            "RoleClassId": 113,
            "RoleClassOrdinal": null,
            "RoleToRoleClassOrdinal": null,
            "RoleClassNameEn": "ElectionProcessCloseDissolution",
            "RoleClassNameFr": "ElectionProcessCloseDissolution"
          }
        ]
      },
      {
        "PersonRoleId": 240592,
        "NameFr": "Membre",
        "StartDate": "1880-12-09T00:00:00Z",
        "StartDateIsApproximate": false,
        "EndDate": "1881-03-21T00:00:00Z",
        "EndDateIsApproximate": false,
        "EndReasonEn": null,
        "EndReasonFr": null,
        "EndReasonTypeEn": null,
        "EndReasonTypeFr": null,
        "SourceOfInformationEn": null,
        "SourceOfInformationFr": null,
        "IsActing": false,
        "ActingTextEn": null,
        "ActingTextFr": null,
        "HasCrossedTheFloor": false,
        "OrganizationId": 11196,
        "OrganizationLongEn": "Standing Committee on Immigration and Colonization",
        "OrganizationLongFr": "Comit\u00e9 permanent de l'immigration et de la colonisation",
        "OrganizationShortEn": "Immigration and Colonization",
        "OrganizationShortFr": "Immigration et de la colonisation",
        "OrganizationAcronymEn": "",
        "OrganizationAcronymFr": "",
        "OrganizationTypeId": 27,
        "OrganizationTypeEn": "Committee",
        "OrganizationTypeFr": "Comit\u00e9",
        "OrganizationProvinceEn": null,
        "OrganizationProvinceFr": null,
        "OrganizationHasProfile": true,
        "IsSenatorialDivision": false,
        "ToBeStyledAsEn": "",
        "ToBeStyledAsFr": "",
        "GroupId": 0,
        "Source": null,
        "PortFolioEn": null,
        "PortFolioFr": null,
        "Committee": {
          "OrganizationId": 0,
          "SenateCommitteeId": 0,
          "CommitteeTypeId": 5,
          "CommitteeTypeEn": "Standing",
          "CommitteeTypeFr": "Permanent",
          "CompositionTypeId": 3,
          "CompositionTypeLongEn": "House of Commons",
          "CompositionTypeLongFr": "Chambre des communes",
          "CompositionTypeShortEn": "C",
          "CompositionTypeShortFr": "C",
          "Sessions": [
            {
              "SessionId": 0,
              "SessionNumber": 3,
              "ParliamentNumber": 4,
              "StartDate": "1880-12-09T00:00:00Z",
              "EndDate": "1881-03-21T00:00:00Z",
              "ShortEn": "3rd",
              "ShortFr": "3e"
            }
          ],
          "Mandates": null
        },
        "GroupingTitleEn": null,
        "GroupingTitleFr": null,
        "GroupingOrder": 0,
        "ParliamentStart": null,
        "ParliamentEnd": null,
        "ParliamentNumber": 0,
        "PartyOrganizationId": 4842,
        "PartyEn": "Liberal-Conservative",
        "PartyFr": "Lib\u00e9ral-conservateur",
        "PartyStartDate": "1878-09-17T00:00:00Z",
        "PartyEndDate": "1883-08-09T00:00:00Z",
        "PersonPersonId": 0,
        "PersonLastName": null,
        "PersonUsedFirstName": null,
        "PersonGender": null,
        "MemberOfParliament": null,
        "IsMP": false,
        "IsSenator": false,
        "GovernorGeneral": null,
        "Documents": null,
        "Senator": null,
        "NotesEn": null,
        "NotesFr": null,
        "InternalNotes": null,
        "IsCurrent": "False",
        "RoleId": 226,
        "NameEn": "Member",
        "Ordinal": 300,
        "Classes": [
          {
            "RoleClassId": 33,
            "RoleClassOrdinal": null,
            "RoleToRoleClassOrdinal": null,
            "RoleClassNameEn": "Committee",
            "RoleClassNameFr": "Comit\u00e9"
          },
          {
            "RoleClassId": 113,
            "RoleClassOrdinal": null,
            "RoleToRoleClassOrdinal": null,
            "RoleClassNameEn": "ElectionProcessCloseDissolution",
            "RoleClassNameFr": "ElectionProcessCloseDissolution"
          }
        ]
      },
      {
        "PersonRoleId": 240762,
        "NameFr": "Membre",
        "StartDate": "1882-02-09T00:00:00Z",
        "StartDateIsApproximate": false,
        "EndDate": "1882-05-17T00:00:00Z",
        "EndDateIsApproximate": false,
        "EndReasonEn": null,
        "EndReasonFr": null,
        "EndReasonTypeEn": null,
        "EndReasonTypeFr": null,
        "SourceOfInformationEn": null,
        "SourceOfInformationFr": null,
        "IsActing": false,
        "ActingTextEn": null,
        "ActingTextFr": null,
        "HasCrossedTheFloor": false,
        "OrganizationId": 11196,
        "OrganizationLongEn": "Standing Committee on Immigration and Colonization",
        "OrganizationLongFr": "Comit\u00e9 permanent de l'immigration et de la colonisation",
        "OrganizationShortEn": "Immigration and Colonization",
        "OrganizationShortFr": "Immigration et de la colonisation",
        "OrganizationAcronymEn": "",
        "OrganizationAcronymFr": "",
        "OrganizationTypeId": 27,
        "OrganizationTypeEn": "Committee",
        "OrganizationTypeFr": "Comit\u00e9",
        "OrganizationProvinceEn": null,
        "OrganizationProvinceFr": null,
        "OrganizationHasProfile": true,
        "IsSenatorialDivision": false,
        "ToBeStyledAsEn": "",
        "ToBeStyledAsFr": "",
        "GroupId": 0,
        "Source": null,
        "PortFolioEn": null,
        "PortFolioFr": null,
        "Committee": {
          "OrganizationId": 0,
          "SenateCommitteeId": 0,
          "CommitteeTypeId": 5,
          "CommitteeTypeEn": "Standing",
          "CommitteeTypeFr": "Permanent",
          "CompositionTypeId": 3,
          "CompositionTypeLongEn": "House of Commons",
          "CompositionTypeLongFr": "Chambre des communes",
          "CompositionTypeShortEn": "C",
          "CompositionTypeShortFr": "C",
          "Sessions": [
            {
              "SessionId": 0,
              "SessionNumber": 4,
              "ParliamentNumber": 4,
              "StartDate": "1882-02-09T00:00:00Z",
              "EndDate": "1882-05-17T00:00:00Z",
              "ShortEn": "4th",
              "ShortFr": "4e"
            }
          ],
          "Mandates": null
        },
        "GroupingTitleEn": null,
        "GroupingTitleFr": null,
        "GroupingOrder": 0,
        "ParliamentStart": null,
        "ParliamentEnd": null,
        "ParliamentNumber": 0,
        "PartyOrganizationId": 4842,
        "PartyEn": "Liberal-Conservative",
        "PartyFr": "Lib\u00e9ral-conservateur",
        "PartyStartDate": "1878-09-17T00:00:00Z",
        "PartyEndDate": "1883-08-09T00:00:00Z",
        "PersonPersonId": 0,
        "PersonLastName": null,
        "PersonUsedFirstName": null,
        "PersonGender": null,
        "MemberOfParliament": null,
        "IsMP": false,
        "IsSenator": false,
        "GovernorGeneral": null,
        "Documents": null,
        "Senator": null,
        "NotesEn": null,
        "NotesFr": null,
        "InternalNotes": null,
        "IsCurrent": "False",
        "RoleId": 226,
        "NameEn": "Member",
        "Ordinal": 300,
        "Classes": [
          {
            "RoleClassId": 33,
            "RoleClassOrdinal": null,
            "RoleToRoleClassOrdinal": null,
            "RoleClassNameEn": "Committee",
            "RoleClassNameFr": "Comit\u00e9"
          },
          {
            "RoleClassId": 113,
            "RoleClassOrdinal": null,
            "RoleToRoleClassOrdinal": null,
            "RoleClassNameEn": "ElectionProcessCloseDissolution",
            "RoleClassNameFr": "ElectionProcessCloseDissolution"
          }
        ]
      },
      {
        "PersonRoleId": 242751,
        "NameFr": "Membre",
        "StartDate": "1880-02-12T00:00:00Z",
        "StartDateIsApproximate": false,
        "EndDate": "1880-05-07T00:00:00Z",
        "EndDateIsApproximate": false,
        "EndReasonEn": null,
        "EndReasonFr": null,
        "EndReasonTypeEn": null,
        "EndReasonTypeFr": null,
        "SourceOfInformationEn": null,
        "SourceOfInformationFr": null,
        "IsActing": false,
        "ActingTextEn": null,
        "ActingTextFr": null,
        "HasCrossedTheFloor": false,
        "OrganizationId": 7024,
        "OrganizationLongEn": "Standing Committee on Railways, Canals and Telegraph Lines",
        "OrganizationLongFr": "Comit\u00e9 permanent des chemins de fer, canaux et lignes t\u00e9l\u00e9graphiques",
        "OrganizationShortEn": "Railways, Canals and Telegraph Lines",
        "OrganizationShortFr": "Chemins de fer, canaux et lignes t\u00e9l\u00e9graphiques",
        "OrganizationAcronymEn": "",
        "OrganizationAcronymFr": "",
        "OrganizationTypeId": 27,
        "OrganizationTypeEn": "Committee",
        "OrganizationTypeFr": "Comit\u00e9",
        "OrganizationProvinceEn": null,
        "OrganizationProvinceFr": null,
        "OrganizationHasProfile": true,
        "IsSenatorialDivision": false,
        "ToBeStyledAsEn": "",
        "ToBeStyledAsFr": "",
        "GroupId": 0,
        "Source": null,
        "PortFolioEn": null,
        "PortFolioFr": null,
        "Committee": {
          "OrganizationId": 0,
          "SenateCommitteeId": 0,
          "CommitteeTypeId": 5,
          "CommitteeTypeEn": "Standing",
          "CommitteeTypeFr": "Permanent",
          "CompositionTypeId": 3,
          "CompositionTypeLongEn": "House of Commons",
          "CompositionTypeLongFr": "Chambre des communes",
          "CompositionTypeShortEn": "C",
          "CompositionTypeShortFr": "C",
          "Sessions": [
            {
              "SessionId": 0,
              "SessionNumber": 2,
              "ParliamentNumber": 4,
              "StartDate": "1880-02-12T00:00:00Z",
              "EndDate": "1880-05-07T00:00:00Z",
              "ShortEn": "2nd",
              "ShortFr": "2e"
            }
          ],
          "Mandates": null
        },
        "GroupingTitleEn": null,
        "GroupingTitleFr": null,
        "GroupingOrder": 0,
        "ParliamentStart": null,
        "ParliamentEnd": null,
        "ParliamentNumber": 0,
        "PartyOrganizationId": 4842,
        "PartyEn": "Liberal-Conservative",
        "PartyFr": "Lib\u00e9ral-conservateur",
        "PartyStartDate": "1878-09-17T00:00:00Z",
        "PartyEndDate": "1883-08-09T00:00:00Z",
        "PersonPersonId": 0,
        "PersonLastName": null,
        "PersonUsedFirstName": null,
        "PersonGender": null,
        "MemberOfParliament": null,
        "IsMP": false,
        "IsSenator": false,
        "GovernorGeneral": null,
        "Documents": null,
        "Senator": null,
        "NotesEn": null,
        "NotesFr": null,
        "InternalNotes": null,
        "IsCurrent": "False",
        "RoleId": 226,
        "NameEn": "Member",
        "Ordinal": 300,
        "Classes": [
          {
            "RoleClassId": 33,
            "RoleClassOrdinal": null,
            "RoleToRoleClassOrdinal": null,
            "RoleClassNameEn": "Committee",
            "RoleClassNameFr": "Comit\u00e9"
          },
          {
            "RoleClassId": 113,
            "RoleClassOrdinal": null,
            "RoleToRoleClassOrdinal": null,
            "RoleClassNameEn": "ElectionProcessCloseDissolution",
            "RoleClassNameFr": "ElectionProcessCloseDissolution"
          }
        ]
      },
      {
        "PersonRoleId": 243163,
        "NameFr": "Membre",
        "StartDate": "1880-02-12T00:00:00Z",
        "StartDateIsApproximate": false,
        "EndDate": "1880-05-07T00:00:00Z",
        "EndDateIsApproximate": false,
        "EndReasonEn": null,
        "EndReasonFr": null,
        "EndReasonTypeEn": null,
        "EndReasonTypeFr": null,
        "SourceOfInformationEn": null,
        "SourceOfInformationFr": null,
        "IsActing": false,
        "ActingTextEn": null,
        "ActingTextFr": null,
        "HasCrossedTheFloor": false,
        "OrganizationId": 11196,
        "OrganizationLongEn": "Standing Committee on Immigration and Colonization",
        "OrganizationLongFr": "Comit\u00e9 permanent de l'immigration et de la colonisation",
        "OrganizationShortEn": "Immigration and Colonization",
        "OrganizationShortFr": "Immigration et de la colonisation",
        "OrganizationAcronymEn": "",
        "OrganizationAcronymFr": "",
        "OrganizationTypeId": 27,
        "OrganizationTypeEn": "Committee",
        "OrganizationTypeFr": "Comit\u00e9",
        "OrganizationProvinceEn": null,
        "OrganizationProvinceFr": null,
        "OrganizationHasProfile": true,
        "IsSenatorialDivision": false,
        "ToBeStyledAsEn": "",
        "ToBeStyledAsFr": "",
        "GroupId": 0,
        "Source": null,
        "PortFolioEn": null,
        "PortFolioFr": null,
        "Committee": {
          "OrganizationId": 0,
          "SenateCommitteeId": 0,
          "CommitteeTypeId": 5,
          "CommitteeTypeEn": "Standing",
          "CommitteeTypeFr": "Permanent",
          "CompositionTypeId": 3,
          "CompositionTypeLongEn": "House of Commons",
          "CompositionTypeLongFr": "Chambre des communes",
          "CompositionTypeShortEn": "C",
          "CompositionTypeShortFr": "C",
          "Sessions": [
            {
              "SessionId": 0,
              "SessionNumber": 2,
              "ParliamentNumber": 4,
              "StartDate": "1880-02-12T00:00:00Z",
              "EndDate": "1880-05-07T00:00:00Z",
              "ShortEn": "2nd",
              "ShortFr": "2e"
            }
          ],
          "Mandates": null
        },
        "GroupingTitleEn": null,
        "GroupingTitleFr": null,
        "GroupingOrder": 0,
        "ParliamentStart": null,
        "ParliamentEnd": null,
        "ParliamentNumber": 0,
        "PartyOrganizationId": 4842,
        "PartyEn": "Liberal-Conservative",
        "PartyFr": "Lib\u00e9ral-conservateur",
        "PartyStartDate": "1878-09-17T00:00:00Z",
        "PartyEndDate": "1883-08-09T00:00:00Z",
        "PersonPersonId": 0,
        "PersonLastName": null,
        "PersonUsedFirstName": null,
        "PersonGender": null,
        "MemberOfParliament": null,
        "IsMP": false,
        "IsSenator": false,
        "GovernorGeneral": null,
        "Documents": null,
        "Senator": null,
        "NotesEn": null,
        "NotesFr": null,
        "InternalNotes": null,
        "IsCurrent": "False",
        "RoleId": 226,
        "NameEn": "Member",
        "Ordinal": 300,
        "Classes": [
          {
            "RoleClassId": 33,
            "RoleClassOrdinal": null,
            "RoleToRoleClassOrdinal": null,
            "RoleClassNameEn": "Committee",
            "RoleClassNameFr": "Comit\u00e9"
          },
          {
            "RoleClassId": 113,
            "RoleClassOrdinal": null,
            "RoleToRoleClassOrdinal": null,
            "RoleClassNameEn": "ElectionProcessCloseDissolution",
            "RoleClassNameFr": "ElectionProcessCloseDissolution"
          }
        ]
      },
      {
        "PersonRoleId": 243311,
        "NameFr": "Membre",
        "StartDate": "1879-02-13T00:00:00Z",
        "StartDateIsApproximate": false,
        "EndDate": "1879-05-15T00:00:00Z",
        "EndDateIsApproximate": false,
        "EndReasonEn": null,
        "EndReasonFr": null,
        "EndReasonTypeEn": null,
        "EndReasonTypeFr": null,
        "SourceOfInformationEn": null,
        "SourceOfInformationFr": null,
        "IsActing": false,
        "ActingTextEn": null,
        "ActingTextFr": null,
        "HasCrossedTheFloor": false,
        "OrganizationId": 7024,
        "OrganizationLongEn": "Standing Committee on Railways, Canals and Telegraph Lines",
        "OrganizationLongFr": "Comit\u00e9 permanent des chemins de fer, canaux et lignes t\u00e9l\u00e9graphiques",
        "OrganizationShortEn": "Railways, Canals and Telegraph Lines",
        "OrganizationShortFr": "Chemins de fer, canaux et lignes t\u00e9l\u00e9graphiques",
        "OrganizationAcronymEn": "",
        "OrganizationAcronymFr": "",
        "OrganizationTypeId": 27,
        "OrganizationTypeEn": "Committee",
        "OrganizationTypeFr": "Comit\u00e9",
        "OrganizationProvinceEn": null,
        "OrganizationProvinceFr": null,
        "OrganizationHasProfile": true,
        "IsSenatorialDivision": false,
        "ToBeStyledAsEn": "",
        "ToBeStyledAsFr": "",
        "GroupId": 0,
        "Source": null,
        "PortFolioEn": null,
        "PortFolioFr": null,
        "Committee": {
          "OrganizationId": 0,
          "SenateCommitteeId": 0,
          "CommitteeTypeId": 5,
          "CommitteeTypeEn": "Standing",
          "CommitteeTypeFr": "Permanent",
          "CompositionTypeId": 3,
          "CompositionTypeLongEn": "House of Commons",
          "CompositionTypeLongFr": "Chambre des communes",
          "CompositionTypeShortEn": "C",
          "CompositionTypeShortFr": "C",
          "Sessions": [
            {
              "SessionId": 0,
              "SessionNumber": 1,
              "ParliamentNumber": 4,
              "StartDate": "1879-02-13T00:00:00Z",
              "EndDate": "1879-05-15T00:00:00Z",
              "ShortEn": "1st",
              "ShortFr": "1\u00e8re"
            }
          ],
          "Mandates": null
        },
        "GroupingTitleEn": null,
        "GroupingTitleFr": null,
        "GroupingOrder": 0,
        "ParliamentStart": null,
        "ParliamentEnd": null,
        "ParliamentNumber": 0,
        "PartyOrganizationId": 4842,
        "PartyEn": "Liberal-Conservative",
        "PartyFr": "Lib\u00e9ral-conservateur",
        "PartyStartDate": "1878-09-17T00:00:00Z",
        "PartyEndDate": "1883-08-09T00:00:00Z",
        "PersonPersonId": 0,
        "PersonLastName": null,
        "PersonUsedFirstName": null,
        "PersonGender": null,
        "MemberOfParliament": null,
        "IsMP": false,
        "IsSenator": false,
        "GovernorGeneral": null,
        "Documents": null,
        "Senator": null,
        "NotesEn": null,
        "NotesFr": null,
        "InternalNotes": null,
        "IsCurrent": "False",
        "RoleId": 226,
        "NameEn": "Member",
        "Ordinal": 300,
        "Classes": [
          {
            "RoleClassId": 33,
            "RoleClassOrdinal": null,
            "RoleToRoleClassOrdinal": null,
            "RoleClassNameEn": "Committee",
            "RoleClassNameFr": "Comit\u00e9"
          },
          {
            "RoleClassId": 113,
            "RoleClassOrdinal": null,
            "RoleToRoleClassOrdinal": null,
            "RoleClassNameEn": "ElectionProcessCloseDissolution",
            "RoleClassNameFr": "ElectionProcessCloseDissolution"
          }
        ]
      },
      {
        "PersonRoleId": 244850,
        "NameFr": "Membre",
        "StartDate": "1879-02-13T00:00:00Z",
        "StartDateIsApproximate": false,
        "EndDate": "1879-05-15T00:00:00Z",
        "EndDateIsApproximate": false,
        "EndReasonEn": null,
        "EndReasonFr": null,
        "EndReasonTypeEn": null,
        "EndReasonTypeFr": null,
        "SourceOfInformationEn": null,
        "SourceOfInformationFr": null,
        "IsActing": false,
        "ActingTextEn": null,
        "ActingTextFr": null,
        "HasCrossedTheFloor": false,
        "OrganizationId": 11196,
        "OrganizationLongEn": "Standing Committee on Immigration and Colonization",
        "OrganizationLongFr": "Comit\u00e9 permanent de l'immigration et de la colonisation",
        "OrganizationShortEn": "Immigration and Colonization",
        "OrganizationShortFr": "Immigration et de la colonisation",
        "OrganizationAcronymEn": "",
        "OrganizationAcronymFr": "",
        "OrganizationTypeId": 27,
        "OrganizationTypeEn": "Committee",
        "OrganizationTypeFr": "Comit\u00e9",
        "OrganizationProvinceEn": null,
        "OrganizationProvinceFr": null,
        "OrganizationHasProfile": true,
        "IsSenatorialDivision": false,
        "ToBeStyledAsEn": "",
        "ToBeStyledAsFr": "",
        "GroupId": 0,
        "Source": null,
        "PortFolioEn": null,
        "PortFolioFr": null,
        "Committee": {
          "OrganizationId": 0,
          "SenateCommitteeId": 0,
          "CommitteeTypeId": 5,
          "CommitteeTypeEn": "Standing",
          "CommitteeTypeFr": "Permanent",
          "CompositionTypeId": 3,
          "CompositionTypeLongEn": "House of Commons",
          "CompositionTypeLongFr": "Chambre des communes",
          "CompositionTypeShortEn": "C",
          "CompositionTypeShortFr": "C",
          "Sessions": [
            {
              "SessionId": 0,
              "SessionNumber": 1,
              "ParliamentNumber": 4,
              "StartDate": "1879-02-13T00:00:00Z",
              "EndDate": "1879-05-15T00:00:00Z",
              "ShortEn": "1st",
              "ShortFr": "1\u00e8re"
            }
          ],
          "Mandates": null
        },
        "GroupingTitleEn": null,
        "GroupingTitleFr": null,
        "GroupingOrder": 0,
        "ParliamentStart": null,
        "ParliamentEnd": null,
        "ParliamentNumber": 0,
        "PartyOrganizationId": 4842,
        "PartyEn": "Liberal-Conservative",
        "PartyFr": "Lib\u00e9ral-conservateur",
        "PartyStartDate": "1878-09-17T00:00:00Z",
        "PartyEndDate": "1883-08-09T00:00:00Z",
        "PersonPersonId": 0,
        "PersonLastName": null,
        "PersonUsedFirstName": null,
        "PersonGender": null,
        "MemberOfParliament": null,
        "IsMP": false,
        "IsSenator": false,
        "GovernorGeneral": null,
        "Documents": null,
        "Senator": null,
        "NotesEn": null,
        "NotesFr": null,
        "InternalNotes": null,
        "IsCurrent": "False",
        "RoleId": 226,
        "NameEn": "Member",
        "Ordinal": 300,
        "Classes": [
          {
            "RoleClassId": 33,
            "RoleClassOrdinal": null,
            "RoleToRoleClassOrdinal": null,
            "RoleClassNameEn": "Committee",
            "RoleClassNameFr": "Comit\u00e9"
          },
          {
            "RoleClassId": 113,
            "RoleClassOrdinal": null,
            "RoleToRoleClassOrdinal": null,
            "RoleClassNameEn": "ElectionProcessCloseDissolution",
            "RoleClassNameFr": "ElectionProcessCloseDissolution"
          }
        ]
      },
      {
        "PersonRoleId": 250106,
        "NameFr": "Membre",
        "StartDate": "1883-02-08T00:00:00Z",
        "StartDateIsApproximate": false,
        "EndDate": "1883-05-27T00:00:00Z",
        "EndDateIsApproximate": false,
        "EndReasonEn": null,
        "EndReasonFr": null,
        "EndReasonTypeEn": null,
        "EndReasonTypeFr": null,
        "SourceOfInformationEn": null,
        "SourceOfInformationFr": null,
        "IsActing": false,
        "ActingTextEn": null,
        "ActingTextFr": null,
        "HasCrossedTheFloor": false,
        "OrganizationId": 7024,
        "OrganizationLongEn": "Standing Committee on Railways, Canals and Telegraph Lines",
        "OrganizationLongFr": "Comit\u00e9 permanent des chemins de fer, canaux et lignes t\u00e9l\u00e9graphiques",
        "OrganizationShortEn": "Railways, Canals and Telegraph Lines",
        "OrganizationShortFr": "Chemins de fer, canaux et lignes t\u00e9l\u00e9graphiques",
        "OrganizationAcronymEn": "",
        "OrganizationAcronymFr": "",
        "OrganizationTypeId": 27,
        "OrganizationTypeEn": "Committee",
        "OrganizationTypeFr": "Comit\u00e9",
        "OrganizationProvinceEn": null,
        "OrganizationProvinceFr": null,
        "OrganizationHasProfile": true,
        "IsSenatorialDivision": false,
        "ToBeStyledAsEn": "",
        "ToBeStyledAsFr": "",
        "GroupId": 0,
        "Source": null,
        "PortFolioEn": null,
        "PortFolioFr": null,
        "Committee": {
          "OrganizationId": 0,
          "SenateCommitteeId": 0,
          "CommitteeTypeId": 5,
          "CommitteeTypeEn": "Standing",
          "CommitteeTypeFr": "Permanent",
          "CompositionTypeId": 3,
          "CompositionTypeLongEn": "House of Commons",
          "CompositionTypeLongFr": "Chambre des communes",
          "CompositionTypeShortEn": "C",
          "CompositionTypeShortFr": "C",
          "Sessions": [
            {
              "SessionId": 0,
              "SessionNumber": 1,
              "ParliamentNumber": 5,
              "StartDate": "1883-02-08T00:00:00Z",
              "EndDate": "1883-05-27T00:00:00Z",
              "ShortEn": "1st",
              "ShortFr": "1\u00e8re"
            }
          ],
          "Mandates": null
        },
        "GroupingTitleEn": null,
        "GroupingTitleFr": null,
        "GroupingOrder": 0,
        "ParliamentStart": null,
        "ParliamentEnd": null,
        "ParliamentNumber": 0,
        "PartyOrganizationId": 4842,
        "PartyEn": "Liberal-Conservative",
        "PartyFr": "Lib\u00e9ral-conservateur",
        "PartyStartDate": "1878-09-17T00:00:00Z",
        "PartyEndDate": "1883-08-09T00:00:00Z",
        "PersonPersonId": 0,
        "PersonLastName": null,
        "PersonUsedFirstName": null,
        "PersonGender": null,
        "MemberOfParliament": null,
        "IsMP": false,
        "IsSenator": false,
        "GovernorGeneral": null,
        "Documents": null,
        "Senator": null,
        "NotesEn": null,
        "NotesFr": null,
        "InternalNotes": null,
        "IsCurrent": "False",
        "RoleId": 226,
        "NameEn": "Member",
        "Ordinal": 300,
        "Classes": [
          {
            "RoleClassId": 33,
            "RoleClassOrdinal": null,
            "RoleToRoleClassOrdinal": null,
            "RoleClassNameEn": "Committee",
            "RoleClassNameFr": "Comit\u00e9"
          },
          {
            "RoleClassId": 113,
            "RoleClassOrdinal": null,
            "RoleToRoleClassOrdinal": null,
            "RoleClassNameEn": "ElectionProcessCloseDissolution",
            "RoleClassNameFr": "ElectionProcessCloseDissolution"
          }
        ]
      },
      {
        "PersonRoleId": 250221,
        "NameFr": "Membre",
        "StartDate": "1883-02-08T00:00:00Z",
        "StartDateIsApproximate": false,
        "EndDate": "1883-05-27T00:00:00Z",
        "EndDateIsApproximate": false,
        "EndReasonEn": null,
        "EndReasonFr": null,
        "EndReasonTypeEn": null,
        "EndReasonTypeFr": null,
        "SourceOfInformationEn": null,
        "SourceOfInformationFr": null,
        "IsActing": false,
        "ActingTextEn": null,
        "ActingTextFr": null,
        "HasCrossedTheFloor": false,
        "OrganizationId": 10676,
        "OrganizationLongEn": "Standing Committee on Miscellaneous Private Bills",
        "OrganizationLongFr": "Comit\u00e9 permanent des projets de loi priv\u00e9s en g\u00e9n\u00e9ral",
        "OrganizationShortEn": "Miscellaneous Private Bills",
        "OrganizationShortFr": "Projets de loi priv\u00e9s en g\u00e9n\u00e9ral",
        "OrganizationAcronymEn": "",
        "OrganizationAcronymFr": "",
        "OrganizationTypeId": 27,
        "OrganizationTypeEn": "Committee",
        "OrganizationTypeFr": "Comit\u00e9",
        "OrganizationProvinceEn": null,
        "OrganizationProvinceFr": null,
        "OrganizationHasProfile": true,
        "IsSenatorialDivision": false,
        "ToBeStyledAsEn": "",
        "ToBeStyledAsFr": "",
        "GroupId": 0,
        "Source": null,
        "PortFolioEn": null,
        "PortFolioFr": null,
        "Committee": {
          "OrganizationId": 0,
          "SenateCommitteeId": 0,
          "CommitteeTypeId": 5,
          "CommitteeTypeEn": "Standing",
          "CommitteeTypeFr": "Permanent",
          "CompositionTypeId": 3,
          "CompositionTypeLongEn": "House of Commons",
          "CompositionTypeLongFr": "Chambre des communes",
          "CompositionTypeShortEn": "C",
          "CompositionTypeShortFr": "C",
          "Sessions": [
            {
              "SessionId": 0,
              "SessionNumber": 1,
              "ParliamentNumber": 5,
              "StartDate": "1883-02-08T00:00:00Z",
              "EndDate": "1883-05-27T00:00:00Z",
              "ShortEn": "1st",
              "ShortFr": "1\u00e8re"
            }
          ],
          "Mandates": null
        },
        "GroupingTitleEn": null,
        "GroupingTitleFr": null,
        "GroupingOrder": 0,
        "ParliamentStart": null,
        "ParliamentEnd": null,
        "ParliamentNumber": 0,
        "PartyOrganizationId": 4842,
        "PartyEn": "Liberal-Conservative",
        "PartyFr": "Lib\u00e9ral-conservateur",
        "PartyStartDate": "1878-09-17T00:00:00Z",
        "PartyEndDate": "1883-08-09T00:00:00Z",
        "PersonPersonId": 0,
        "PersonLastName": null,
        "PersonUsedFirstName": null,
        "PersonGender": null,
        "MemberOfParliament": null,
        "IsMP": false,
        "IsSenator": false,
        "GovernorGeneral": null,
        "Documents": null,
        "Senator": null,
        "NotesEn": null,
        "NotesFr": null,
        "InternalNotes": null,
        "IsCurrent": "False",
        "RoleId": 226,
        "NameEn": "Member",
        "Ordinal": 300,
        "Classes": [
          {
            "RoleClassId": 33,
            "RoleClassOrdinal": null,
            "RoleToRoleClassOrdinal": null,
            "RoleClassNameEn": "Committee",
            "RoleClassNameFr": "Comit\u00e9"
          },
          {
            "RoleClassId": 113,
            "RoleClassOrdinal": null,
            "RoleToRoleClassOrdinal": null,
            "RoleClassNameEn": "ElectionProcessCloseDissolution",
            "RoleClassNameFr": "ElectionProcessCloseDissolution"
          }
        ]
      },
      {
        "PersonRoleId": 250498,
        "NameFr": "Membre",
        "StartDate": "1883-02-08T00:00:00Z",
        "StartDateIsApproximate": false,
        "EndDate": "1883-05-27T00:00:00Z",
        "EndDateIsApproximate": false,
        "EndReasonEn": null,
        "EndReasonFr": null,
        "EndReasonTypeEn": null,
        "EndReasonTypeFr": null,
        "SourceOfInformationEn": null,
        "SourceOfInformationFr": null,
        "IsActing": false,
        "ActingTextEn": null,
        "ActingTextFr": null,
        "HasCrossedTheFloor": false,
        "OrganizationId": 11196,
        "OrganizationLongEn": "Standing Committee on Immigration and Colonization",
        "OrganizationLongFr": "Comit\u00e9 permanent de l'immigration et de la colonisation",
        "OrganizationShortEn": "Immigration and Colonization",
        "OrganizationShortFr": "Immigration et de la colonisation",
        "OrganizationAcronymEn": "",
        "OrganizationAcronymFr": "",
        "OrganizationTypeId": 27,
        "OrganizationTypeEn": "Committee",
        "OrganizationTypeFr": "Comit\u00e9",
        "OrganizationProvinceEn": null,
        "OrganizationProvinceFr": null,
        "OrganizationHasProfile": true,
        "IsSenatorialDivision": false,
        "ToBeStyledAsEn": "",
        "ToBeStyledAsFr": "",
        "GroupId": 0,
        "Source": null,
        "PortFolioEn": null,
        "PortFolioFr": null,
        "Committee": {
          "OrganizationId": 0,
          "SenateCommitteeId": 0,
          "CommitteeTypeId": 5,
          "CommitteeTypeEn": "Standing",
          "CommitteeTypeFr": "Permanent",
          "CompositionTypeId": 3,
          "CompositionTypeLongEn": "House of Commons",
          "CompositionTypeLongFr": "Chambre des communes",
          "CompositionTypeShortEn": "C",
          "CompositionTypeShortFr": "C",
          "Sessions": [
            {
              "SessionId": 0,
              "SessionNumber": 1,
              "ParliamentNumber": 5,
              "StartDate": "1883-02-08T00:00:00Z",
              "EndDate": "1883-05-27T00:00:00Z",
              "ShortEn": "1st",
              "ShortFr": "1\u00e8re"
            }
          ],
          "Mandates": null
        },
        "GroupingTitleEn": null,
        "GroupingTitleFr": null,
        "GroupingOrder": 0,
        "ParliamentStart": null,
        "ParliamentEnd": null,
        "ParliamentNumber": 0,
        "PartyOrganizationId": 4842,
        "PartyEn": "Liberal-Conservative",
        "PartyFr": "Lib\u00e9ral-conservateur",
        "PartyStartDate": "1878-09-17T00:00:00Z",
        "PartyEndDate": "1883-08-09T00:00:00Z",
        "PersonPersonId": 0,
        "PersonLastName": null,
        "PersonUsedFirstName": null,
        "PersonGender": null,
        "MemberOfParliament": null,
        "IsMP": false,
        "IsSenator": false,
        "GovernorGeneral": null,
        "Documents": null,
        "Senator": null,
        "NotesEn": null,
        "NotesFr": null,
        "InternalNotes": null,
        "IsCurrent": "False",
        "RoleId": 226,
        "NameEn": "Member",
        "Ordinal": 300,
        "Classes": [
          {
            "RoleClassId": 33,
            "RoleClassOrdinal": null,
            "RoleToRoleClassOrdinal": null,
            "RoleClassNameEn": "Committee",
            "RoleClassNameFr": "Comit\u00e9"
          },
          {
            "RoleClassId": 113,
            "RoleClassOrdinal": null,
            "RoleToRoleClassOrdinal": null,
            "RoleClassNameEn": "ElectionProcessCloseDissolution",
            "RoleClassNameFr": "ElectionProcessCloseDissolution"
          }
        ]
      },
      {
        "PersonRoleId": 257531,
        "NameFr": "Membre",
        "StartDate": "1882-02-09T00:00:00Z",
        "StartDateIsApproximate": false,
        "EndDate": "1882-05-17T00:00:00Z",
        "EndDateIsApproximate": false,
        "EndReasonEn": null,
        "EndReasonFr": null,
        "EndReasonTypeEn": null,
        "EndReasonTypeFr": null,
        "SourceOfInformationEn": null,
        "SourceOfInformationFr": null,
        "IsActing": false,
        "ActingTextEn": null,
        "ActingTextFr": null,
        "HasCrossedTheFloor": false,
        "OrganizationId": 11387,
        "OrganizationLongEn": "Special Committee to enquire into the operation of the Tariff upon the Agricultural Interests of the Dominion",
        "OrganizationLongFr": "Comit\u00e9 sp\u00e9cial pour s'enqu\u00e9rir des effets du tarif sur l'industrie agricole du Canada",
        "OrganizationShortEn": "Tariff upon the Agricultural Interests of the Dominion",
        "OrganizationShortFr": "Tarif sur l'industrie agricole du Canada",
        "OrganizationAcronymEn": "",
        "OrganizationAcronymFr": "",
        "OrganizationTypeId": 27,
        "OrganizationTypeEn": "Committee",
        "OrganizationTypeFr": "Comit\u00e9",
        "OrganizationProvinceEn": null,
        "OrganizationProvinceFr": null,
        "OrganizationHasProfile": true,
        "IsSenatorialDivision": false,
        "ToBeStyledAsEn": "",
        "ToBeStyledAsFr": "",
        "GroupId": 0,
        "Source": null,
        "PortFolioEn": null,
        "PortFolioFr": null,
        "Committee": {
          "OrganizationId": 0,
          "SenateCommitteeId": 0,
          "CommitteeTypeId": 4,
          "CommitteeTypeEn": "Special",
          "CommitteeTypeFr": "Sp\u00e9cial",
          "CompositionTypeId": 3,
          "CompositionTypeLongEn": "House of Commons",
          "CompositionTypeLongFr": "Chambre des communes",
          "CompositionTypeShortEn": "C",
          "CompositionTypeShortFr": "C",
          "Sessions": [
            {
              "SessionId": 0,
              "SessionNumber": 4,
              "ParliamentNumber": 4,
              "StartDate": "1882-02-09T00:00:00Z",
              "EndDate": "1882-05-17T00:00:00Z",
              "ShortEn": "4th",
              "ShortFr": "4e"
            }
          ],
          "Mandates": null
        },
        "GroupingTitleEn": null,
        "GroupingTitleFr": null,
        "GroupingOrder": 0,
        "ParliamentStart": null,
        "ParliamentEnd": null,
        "ParliamentNumber": 0,
        "PartyOrganizationId": 4842,
        "PartyEn": "Liberal-Conservative",
        "PartyFr": "Lib\u00e9ral-conservateur",
        "PartyStartDate": "1878-09-17T00:00:00Z",
        "PartyEndDate": "1883-08-09T00:00:00Z",
        "PersonPersonId": 0,
        "PersonLastName": null,
        "PersonUsedFirstName": null,
        "PersonGender": null,
        "MemberOfParliament": null,
        "IsMP": false,
        "IsSenator": false,
        "GovernorGeneral": null,
        "Documents": null,
        "Senator": null,
        "NotesEn": null,
        "NotesFr": null,
        "InternalNotes": null,
        "IsCurrent": "False",
        "RoleId": 226,
        "NameEn": "Member",
        "Ordinal": 300,
        "Classes": [
          {
            "RoleClassId": 33,
            "RoleClassOrdinal": null,
            "RoleToRoleClassOrdinal": null,
            "RoleClassNameEn": "Committee",
            "RoleClassNameFr": "Comit\u00e9"
          },
          {
            "RoleClassId": 113,
            "RoleClassOrdinal": null,
            "RoleToRoleClassOrdinal": null,
            "RoleClassNameEn": "ElectionProcessCloseDissolution",
            "RoleClassNameFr": "ElectionProcessCloseDissolution"
          }
        ]
      }
    ],
    "HillAddresses": null,
    "ConstituencyAddresses": null,
    "WebLinks": null,
    "Bibliography": null,
    "ElectionCandidates": [
      {
        "ElectionCandidateId": 23533,
        "ParliamentNumber": 4,
        "ElectionId": 191,
        "ElectionDate": "1878-09-17T00:00:00Z",
        "IsGeneral": true,
        "OrganizationId": 4131,
        "ConstituencyEn": "Kent",
        "ConstituencyFr": "Kent",
        "ProvinceEn": null,
        "ProvinceFr": null,
        "PersonRoleId": null,
        "ElectionCanadaFirstName": "Gilbert Anselme",
        "ElectionCanadaLastName": "GIROUARD",
        "ElectionCanadaMiddleName": null,
        "Gender": "M",
        "OccupationEn": "General merchant",
        "OccupationFr": "Marchand",
        "PartyOrganizationId": 4842,
        "PartyNameEn": "Liberal-Conservative",
        "PartyNameFr": "Lib\u00e9ral-conservateur",
        "Votes": 810,
        "ResultLongEn": "Elected",
        "ResultLongFr": "\u00c9lu",
        "OtherResultLongEn": null,
        "OtherResultLongFr": null,
        "NotesEn": null,
        "NotesFr": null,
        "InternalNotes": null
      },
      {
        "ElectionCandidateId": 23163,
        "ParliamentNumber": 5,
        "ElectionId": 569,
        "ElectionDate": "1882-06-20T00:00:00Z",
        "IsGeneral": true,
        "OrganizationId": 4131,
        "ConstituencyEn": "Kent",
        "ConstituencyFr": "Kent",
        "ProvinceEn": null,
        "ProvinceFr": null,
        "PersonRoleId": null,
        "ElectionCanadaFirstName": "Gilbert Anselme",
        "ElectionCanadaLastName": "GIROUARD",
        "ElectionCanadaMiddleName": null,
        "Gender": "M",
        "OccupationEn": "General merchant",
        "OccupationFr": "Marchand",
        "PartyOrganizationId": 4842,
        "PartyNameEn": "Liberal-Conservative",
        "PartyNameFr": "Lib\u00e9ral-conservateur",
        "Votes": 1412,
        "ResultLongEn": "Elected",
        "ResultLongFr": "\u00c9lu",
        "OtherResultLongEn": null,
        "OtherResultLongFr": null,
        "NotesEn": null,
        "NotesFr": null,
        "InternalNotes": null
      }
    ],
    "Death": {
      "DateOfDeath": "1885-01-13T00:00:00Z",
      "DateOfDeathIsApproximate": false,
      "DeceasedOnDuty": false,
      "RecordNotFound": false,
      "CauseOfDeathEn": null,
      "CauseOfDeathFr": null,
      "CemetaryNameEn": null,
      "CemetaryNameFr": null,
      "CemetaryCityEn": null,
      "CemetaryCityFr": null,
      "CemetaryProvinceEn": null,
      "CemetaryProvinceFr": null,
      "CemetaryCountryEn": null,
      "CemetaryCountryFr": null,
      "FuneralDate": null,
      "StateLayFuneralLocationEn": null,
      "StateLayFuneralLocationFr": null,
      "StateLayFuneralStartDate": null,
      "StateLayFuneralEndDate": null,
      "ReferenceOfStateLay": null
    },
    "PrimeMinister": null,
    "Parliaments": null,
    "Age": 38,
    "DisplayName": "Girouard, Gilbert Anselme",
    "StraightDisplayName": "Gilbert Anselme Girouard",
    "PartyEn": "Liberal-Conservative (1878/09/17 - 1883/08/09)<br>",
    "PartyFr": "Lib\u00e9ral-conservateur (1878/09/17 - 1883/08/09)<br>",
    "ConstituencyEn": "Kent (1878/09/17 - 1883/08/09)<br>",
    "ConstituencyFr": "Kent (1878/09/17 - 1883/08/09)<br>",
    "CurrentPartyEn": "Liberal-Conservative",
    "CurrentPartyFr": "Lib\u00e9ral-conservateur",
    "CurrentConstituencyEn": "Kent",
    "CurrentConstituencyFr": "Kent",
    "ProvinceEn": "New Brunswick<br>",
    "ProvinceFr": "Nouveau-Brunswick<br>",
    "PrimeMinisterEn": "",
    "PrimeMinisterFr": "",
    "CabinetChairEn": "",
    "CabinetChairFr": "",
    "CabinetCommitteeMemberEn": "",
    "CabinetCommitteeMemberFr": "",
    "LeaderOpposition": "",
    "DeputyPrimeMinister": "",
    "SpeakerHouseOfCommons": "",
    "SpeakerSenate": "",
    "SpeakerProTempore": "",
    "DeputySpeaker": "",
    "AssistantDeputySpeakerChairEn": "",
    "AssistantDeputySpeakerChairFr": "",
    "MinisterOfEn": "",
    "MinisterOfFr": "",
    "AssociateMinisterOfEn": "",
    "AssociateMinisterOfFr": "",
    "MinisterOfStateOfEn": "",
    "MinisterOfStateOfFr": "",
    "SecretaryOfStateOfEn": "",
    "SecretaryOfStateOfFr": "",
    "ParliamentarySecretaryOfEn": "",
    "ParliamentarySecretaryOfFr": "",
    "ParliamentaryAssistantOfEn": "",
    "ParliamentaryAssistantOfFr": "",
    "PartyLeaderEn": "",
    "PartyLeaderFr": "",
    "HouseLeaderEn": "",
    "HouseLeaderFr": "",
    "DeputyHouseLeaderEn": "",
    "DeputyHouseLeaderFr": "",
    "WhipEn": "",
    "WhipFr": "",
    "DeputyWhipEn": "",
    "DeputyWhipFr": "",
    "CriticOfEn": "",
    "CriticOfFr": "",
    "AssistantCriticOfEn": "",
    "AssistantCriticOfFr": "",
    "TypeOfParliamentarianEn": "MP (1878/09/17 - 1883/08/09)<br>",
    "TypeOfParliamentarianFr": "D\u00e9put\u00e9 (1878/09/17 - 1883/08/09)<br>",
    "DiedInOffice": false,
    "PremiershipExperienceEn": "",
    "PremiershipExperienceFr": "",
    "ProvincialExperienceEn": "",
    "ProvincialExperienceFr": "",
    "MunicipalExperienceEn": "",
    "MunicipalExperienceFr": "",
    "MilitaryServiceEn": "",
    "MilitaryServiceFr": "",
    "MinistryDurationEn": "",
    "MinistryDurationFr": "",
    "ProfessionsEn": ", merchant",
    "ProfessionsFr": ", marchand",
    "LanguageEn": "",
    "LanguageFr": "",
    "IsPrimeMinister": false,
    "YearsOfServiceSegments": [
      {
        "TotalDays": 1788,
        "Years": 4,
        "Months": 10,
        "Days": 24,
        "Hours": 0,
        "Minutes": 0,
        "Seconds": 0,
        "Milliseconds": 0
      }
    ],
    "IsCurrentlyInOffice": false,
    "IsCurrentlySenator": false,
    "IsCurrentlyMP": false,
    "HasMaidenSpeech": false,
    "_id": "59f8770be413e1389ffd19f5",
    "LastUpdatedId": "000000000000000000000000",
    "LastModified": "0001-01-01T00:00:00",
    "ModifiedBy": null
  },
  "FederalExperience": [
    {
      "PersonRoleId": 94918,
      "NameFr": "Membre pour la circonscription",
      "StartDate": "1878-09-17T00:00:00Z",
      "StartDateIsApproximate": false,
      "EndDate": "1883-08-09T00:00:00Z",
      "EndDateIsApproximate": false,
      "EndReasonEn": null,
      "EndReasonFr": null,
      "EndReasonTypeEn": null,
      "EndReasonTypeFr": null,
      "SourceOfInformationEn": null,
      "SourceOfInformationFr": null,
      "IsActing": false,
      "ActingTextEn": null,
      "ActingTextFr": null,
      "HasCrossedTheFloor": false,
      "OrganizationId": 4131,
      "OrganizationLongEn": "Kent",
      "OrganizationLongFr": "Kent",
      "OrganizationShortEn": "",
      "OrganizationShortFr": "",
      "OrganizationAcronymEn": "",
      "OrganizationAcronymFr": "",
      "OrganizationTypeId": 35,
      "OrganizationTypeEn": "Constituency",
      "OrganizationTypeFr": "Circonscription",
      "OrganizationProvinceEn": "New Brunswick",
      "OrganizationProvinceFr": "Nouveau-Brunswick",
      "OrganizationHasProfile": true,
      "IsSenatorialDivision": false,
      "ToBeStyledAsEn": "",
      "ToBeStyledAsFr": "",
      "GroupId": 0,
      "Source": null,
      "PortFolioEn": null,
      "PortFolioFr": null,
      "Committee": null,
      "GroupingTitleEn": "Parliamentarian",
      "GroupingTitleFr": "Parlementaire",
      "GroupingOrder": 1,
      "ParliamentStart": "1883-02-08T00:00:00Z",
      "ParliamentEnd": "1887-01-15T00:00:00Z",
      "ParliamentNumber": 5,
      "PartyOrganizationId": 4842,
      "PartyEn": "Liberal-Conservative",
      "PartyFr": "Lib\u00e9ral-conservateur",
      "PartyStartDate": "1878-09-17T00:00:00Z",
      "PartyEndDate": "1883-08-09T00:00:00Z",
      "PersonPersonId": 0,
      "PersonLastName": null,
      "PersonUsedFirstName": null,
      "PersonGender": null,
      "MemberOfParliament": {
        "OccupationTypeEn": "Continuous",
        "OccupationTypeFr": "Continue"
      },
      "IsMP": true,
      "IsSenator": false,
      "GovernorGeneral": null,
      "Documents": null,
      "Senator": null,
      "NotesEn": null,
      "NotesFr": null,
      "InternalNotes": null,
      "IsCurrent": "False",
      "RoleId": 719,
      "NameEn": "Constituency Member",
      "Ordinal": 240,
      "Classes": [
        {
          "RoleClassId": 49,
          "RoleClassOrdinal": 2,
          "RoleToRoleClassOrdinal": null,
          "RoleClassNameEn": "Salaries in the House of Commons",
          "RoleClassNameFr": "Salaires \u00e0 la Chambre des Communes"
        },
        {
          "RoleClassId": 105,
          "RoleClassOrdinal": null,
          "RoleToRoleClassOrdinal": null,
          "RoleClassNameEn": "Parliamentarian",
          "RoleClassNameFr": "Parlementaire"
        }
      ]
    },
    {
      "PersonRoleId": 94918,
      "NameFr": "Membre pour la circonscription",
      "StartDate": "1878-09-17T00:00:00Z",
      "StartDateIsApproximate": false,
      "EndDate": "1883-08-09T00:00:00Z",
      "EndDateIsApproximate": false,
      "EndReasonEn": null,
      "EndReasonFr": null,
      "EndReasonTypeEn": null,
      "EndReasonTypeFr": null,
      "SourceOfInformationEn": null,
      "SourceOfInformationFr": null,
      "IsActing": false,
      "ActingTextEn": null,
      "ActingTextFr": null,
      "HasCrossedTheFloor": false,
      "OrganizationId": 4131,
      "OrganizationLongEn": "Kent",
      "OrganizationLongFr": "Kent",
      "OrganizationShortEn": "",
      "OrganizationShortFr": "",
      "OrganizationAcronymEn": "",
      "OrganizationAcronymFr": "",
      "OrganizationTypeId": 35,
      "OrganizationTypeEn": "Constituency",
      "OrganizationTypeFr": "Circonscription",
      "OrganizationProvinceEn": "New Brunswick",
      "OrganizationProvinceFr": "Nouveau-Brunswick",
      "OrganizationHasProfile": true,
      "IsSenatorialDivision": false,
      "ToBeStyledAsEn": "",
      "ToBeStyledAsFr": "",
      "GroupId": 0,
      "Source": null,
      "PortFolioEn": null,
      "PortFolioFr": null,
      "Committee": null,
      "GroupingTitleEn": "Parliamentarian",
      "GroupingTitleFr": "Parlementaire",
      "GroupingOrder": 1,
      "ParliamentStart": "1879-02-13T00:00:00Z",
      "ParliamentEnd": "1882-05-18T00:00:00Z",
      "ParliamentNumber": 4,
      "PartyOrganizationId": 4842,
      "PartyEn": "Liberal-Conservative",
      "PartyFr": "Lib\u00e9ral-conservateur",
      "PartyStartDate": "1878-09-17T00:00:00Z",
      "PartyEndDate": "1883-08-09T00:00:00Z",
      "PersonPersonId": 0,
      "PersonLastName": null,
      "PersonUsedFirstName": null,
      "PersonGender": null,
      "MemberOfParliament": {
        "OccupationTypeEn": "Continuous",
        "OccupationTypeFr": "Continue"
      },
      "IsMP": true,
      "IsSenator": false,
      "GovernorGeneral": null,
      "Documents": null,
      "Senator": null,
      "NotesEn": null,
      "NotesFr": null,
      "InternalNotes": null,
      "IsCurrent": "False",
      "RoleId": 719,
      "NameEn": "Constituency Member",
      "Ordinal": 240,
      "Classes": [
        {
          "RoleClassId": 49,
          "RoleClassOrdinal": 2,
          "RoleToRoleClassOrdinal": null,
          "RoleClassNameEn": "Salaries in the House of Commons",
          "RoleClassNameFr": "Salaires \u00e0 la Chambre des Communes"
        },
        {
          "RoleClassId": 105,
          "RoleClassOrdinal": null,
          "RoleToRoleClassOrdinal": null,
          "RoleClassNameEn": "Parliamentarian",
          "RoleClassNameFr": "Parlementaire"
        }
      ]
    },
    {
      "PersonRoleId": 13500,
      "NameFr": "Membre du parti",
      "StartDate": "1878-09-17T00:00:00Z",
      "StartDateIsApproximate": false,
      "EndDate": "1883-08-09T00:00:00Z",
      "EndDateIsApproximate": false,
      "EndReasonEn": null,
      "EndReasonFr": null,
      "EndReasonTypeEn": null,
      "EndReasonTypeFr": null,
      "SourceOfInformationEn": null,
      "SourceOfInformationFr": null,
      "IsActing": false,
      "ActingTextEn": null,
      "ActingTextFr": null,
      "HasCrossedTheFloor": false,
      "OrganizationId": 4842,
      "OrganizationLongEn": "Liberal-Conservative",
      "OrganizationLongFr": "Lib\u00e9ral-conservateur",
      "OrganizationShortEn": "Liberal-Conservative",
      "OrganizationShortFr": "Lib\u00e9ral-conservateur",
      "OrganizationAcronymEn": "Lib.-Cons.",
      "OrganizationAcronymFr": "Lib.-cons.",
      "OrganizationTypeId": 4,
      "OrganizationTypeEn": "Party",
      "OrganizationTypeFr": "Parti",
      "OrganizationProvinceEn": null,
      "OrganizationProvinceFr": null,
      "OrganizationHasProfile": true,
      "IsSenatorialDivision": false,
      "ToBeStyledAsEn": "",
      "ToBeStyledAsFr": "",
      "GroupId": 0,
      "Source": null,
      "PortFolioEn": null,
      "PortFolioFr": null,
      "Committee": null,
      "GroupingTitleEn": "Parliamentarian",
      "GroupingTitleFr": "Parlementaire",
      "GroupingOrder": 1,
      "ParliamentStart": "1883-02-08T00:00:00Z",
      "ParliamentEnd": "1887-01-15T00:00:00Z",
      "ParliamentNumber": 5,
      "PartyOrganizationId": 4842,
      "PartyEn": "Liberal-Conservative",
      "PartyFr": "Lib\u00e9ral-conservateur",
      "PartyStartDate": "1878-09-17T00:00:00Z",
      "PartyEndDate": "1883-08-09T00:00:00Z",
      "PersonPersonId": 0,
      "PersonLastName": null,
      "PersonUsedFirstName": null,
      "PersonGender": null,
      "MemberOfParliament": null,
      "IsMP": false,
      "IsSenator": false,
      "GovernorGeneral": null,
      "Documents": null,
      "Senator": null,
      "NotesEn": null,
      "NotesFr": null,
      "InternalNotes": null,
      "IsCurrent": "False",
      "RoleId": 722,
      "NameEn": "Party Member",
      "Ordinal": null,
      "Classes": [
        {
          "RoleClassId": 105,
          "RoleClassOrdinal": null,
          "RoleToRoleClassOrdinal": null,
          "RoleClassNameEn": "Parliamentarian",
          "RoleClassNameFr": "Parlementaire"
        }
      ]
    },
    {
      "PersonRoleId": 13500,
      "NameFr": "Membre du parti",
      "StartDate": "1878-09-17T00:00:00Z",
      "StartDateIsApproximate": false,
      "EndDate": "1883-08-09T00:00:00Z",
      "EndDateIsApproximate": false,
      "EndReasonEn": null,
      "EndReasonFr": null,
      "EndReasonTypeEn": null,
      "EndReasonTypeFr": null,
      "SourceOfInformationEn": null,
      "SourceOfInformationFr": null,
      "IsActing": false,
      "ActingTextEn": null,
      "ActingTextFr": null,
      "HasCrossedTheFloor": false,
      "OrganizationId": 4842,
      "OrganizationLongEn": "Liberal-Conservative",
      "OrganizationLongFr": "Lib\u00e9ral-conservateur",
      "OrganizationShortEn": "Liberal-Conservative",
      "OrganizationShortFr": "Lib\u00e9ral-conservateur",
      "OrganizationAcronymEn": "Lib.-Cons.",
      "OrganizationAcronymFr": "Lib.-cons.",
      "OrganizationTypeId": 4,
      "OrganizationTypeEn": "Party",
      "OrganizationTypeFr": "Parti",
      "OrganizationProvinceEn": null,
      "OrganizationProvinceFr": null,
      "OrganizationHasProfile": true,
      "IsSenatorialDivision": false,
      "ToBeStyledAsEn": "",
      "ToBeStyledAsFr": "",
      "GroupId": 0,
      "Source": null,
      "PortFolioEn": null,
      "PortFolioFr": null,
      "Committee": null,
      "GroupingTitleEn": "Parliamentarian",
      "GroupingTitleFr": "Parlementaire",
      "GroupingOrder": 1,
      "ParliamentStart": "1879-02-13T00:00:00Z",
      "ParliamentEnd": "1882-05-18T00:00:00Z",
      "ParliamentNumber": 4,
      "PartyOrganizationId": 4842,
      "PartyEn": "Liberal-Conservative",
      "PartyFr": "Lib\u00e9ral-conservateur",
      "PartyStartDate": "1878-09-17T00:00:00Z",
      "PartyEndDate": "1883-08-09T00:00:00Z",
      "PersonPersonId": 0,
      "PersonLastName": null,
      "PersonUsedFirstName": null,
      "PersonGender": null,
      "MemberOfParliament": null,
      "IsMP": false,
      "IsSenator": false,
      "GovernorGeneral": null,
      "Documents": null,
      "Senator": null,
      "NotesEn": null,
      "NotesFr": null,
      "InternalNotes": null,
      "IsCurrent": "False",
      "RoleId": 722,
      "NameEn": "Party Member",
      "Ordinal": null,
      "Classes": [
        {
          "RoleClassId": 105,
          "RoleClassOrdinal": null,
          "RoleToRoleClassOrdinal": null,
          "RoleClassNameEn": "Parliamentarian",
          "RoleClassNameFr": "Parlementaire"
        }
      ]
    }
  ],
  "FederalExperienceList": [
    {
      "PersonRoleId": 13500,
      "NameFr": "Membre du parti",
      "StartDate": "1878-09-17T00:00:00Z",
      "StartDateIsApproximate": false,
      "EndDate": "1883-08-09T00:00:00Z",
      "EndDateIsApproximate": false,
      "EndReasonEn": null,
      "EndReasonFr": null,
      "EndReasonTypeEn": null,
      "EndReasonTypeFr": null,
      "SourceOfInformationEn": null,
      "SourceOfInformationFr": null,
      "IsActing": false,
      "ActingTextEn": null,
      "ActingTextFr": null,
      "HasCrossedTheFloor": false,
      "OrganizationId": 4842,
      "OrganizationLongEn": "Liberal-Conservative",
      "OrganizationLongFr": "Lib\u00e9ral-conservateur",
      "OrganizationShortEn": "Liberal-Conservative",
      "OrganizationShortFr": "Lib\u00e9ral-conservateur",
      "OrganizationAcronymEn": "Lib.-Cons.",
      "OrganizationAcronymFr": "Lib.-cons.",
      "OrganizationTypeId": 4,
      "OrganizationTypeEn": "Party",
      "OrganizationTypeFr": "Parti",
      "OrganizationProvinceEn": null,
      "OrganizationProvinceFr": null,
      "OrganizationHasProfile": true,
      "IsSenatorialDivision": false,
      "ToBeStyledAsEn": "",
      "ToBeStyledAsFr": "",
      "GroupId": 0,
      "Source": null,
      "PortFolioEn": null,
      "PortFolioFr": null,
      "Committee": null,
      "GroupingTitleEn": "Parliamentarian",
      "GroupingTitleFr": "Parlementaire",
      "GroupingOrder": 1,
      "ParliamentStart": "1883-02-08T00:00:00Z",
      "ParliamentEnd": "1887-01-15T00:00:00Z",
      "ParliamentNumber": 5,
      "PartyOrganizationId": 4842,
      "PartyEn": "Liberal-Conservative",
      "PartyFr": "Lib\u00e9ral-conservateur",
      "PartyStartDate": "1878-09-17T00:00:00Z",
      "PartyEndDate": "1883-08-09T00:00:00Z",
      "PersonPersonId": 0,
      "PersonLastName": null,
      "PersonUsedFirstName": null,
      "PersonGender": null,
      "MemberOfParliament": null,
      "IsMP": false,
      "IsSenator": false,
      "GovernorGeneral": null,
      "Documents": null,
      "Senator": null,
      "NotesEn": null,
      "NotesFr": null,
      "InternalNotes": null,
      "IsCurrent": "False",
      "RoleId": 722,
      "NameEn": "Party Member",
      "Ordinal": null,
      "Classes": [
        {
          "RoleClassId": 105,
          "RoleClassOrdinal": null,
          "RoleToRoleClassOrdinal": null,
          "RoleClassNameEn": "Parliamentarian",
          "RoleClassNameFr": "Parlementaire"
        }
      ]
    },
    {
      "PersonRoleId": 94918,
      "NameFr": "Membre pour la circonscription",
      "StartDate": "1878-09-17T00:00:00Z",
      "StartDateIsApproximate": false,
      "EndDate": "1883-08-09T00:00:00Z",
      "EndDateIsApproximate": false,
      "EndReasonEn": null,
      "EndReasonFr": null,
      "EndReasonTypeEn": null,
      "EndReasonTypeFr": null,
      "SourceOfInformationEn": null,
      "SourceOfInformationFr": null,
      "IsActing": false,
      "ActingTextEn": null,
      "ActingTextFr": null,
      "HasCrossedTheFloor": false,
      "OrganizationId": 4131,
      "OrganizationLongEn": "Kent",
      "OrganizationLongFr": "Kent",
      "OrganizationShortEn": "",
      "OrganizationShortFr": "",
      "OrganizationAcronymEn": "",
      "OrganizationAcronymFr": "",
      "OrganizationTypeId": 35,
      "OrganizationTypeEn": "Constituency",
      "OrganizationTypeFr": "Circonscription",
      "OrganizationProvinceEn": "New Brunswick",
      "OrganizationProvinceFr": "Nouveau-Brunswick",
      "OrganizationHasProfile": true,
      "IsSenatorialDivision": false,
      "ToBeStyledAsEn": "",
      "ToBeStyledAsFr": "",
      "GroupId": 0,
      "Source": null,
      "PortFolioEn": null,
      "PortFolioFr": null,
      "Committee": null,
      "GroupingTitleEn": "Parliamentarian",
      "GroupingTitleFr": "Parlementaire",
      "GroupingOrder": 1,
      "ParliamentStart": "1883-02-08T00:00:00Z",
      "ParliamentEnd": "1887-01-15T00:00:00Z",
      "ParliamentNumber": 5,
      "PartyOrganizationId": 4842,
      "PartyEn": "Liberal-Conservative",
      "PartyFr": "Lib\u00e9ral-conservateur",
      "PartyStartDate": "1878-09-17T00:00:00Z",
      "PartyEndDate": "1883-08-09T00:00:00Z",
      "PersonPersonId": 0,
      "PersonLastName": null,
      "PersonUsedFirstName": null,
      "PersonGender": null,
      "MemberOfParliament": {
        "OccupationTypeEn": "Continuous",
        "OccupationTypeFr": "Continue"
      },
      "IsMP": true,
      "IsSenator": false,
      "GovernorGeneral": null,
      "Documents": null,
      "Senator": null,
      "NotesEn": null,
      "NotesFr": null,
      "InternalNotes": null,
      "IsCurrent": "False",
      "RoleId": 719,
      "NameEn": "Constituency Member",
      "Ordinal": 240,
      "Classes": [
        {
          "RoleClassId": 49,
          "RoleClassOrdinal": 2,
          "RoleToRoleClassOrdinal": null,
          "RoleClassNameEn": "Salaries in the House of Commons",
          "RoleClassNameFr": "Salaires \u00e0 la Chambre des Communes"
        },
        {
          "RoleClassId": 105,
          "RoleClassOrdinal": null,
          "RoleToRoleClassOrdinal": null,
          "RoleClassNameEn": "Parliamentarian",
          "RoleClassNameFr": "Parlementaire"
        }
      ]
    }
  ],
  "CommitteeMembership": [
    {
      "NameEn": "Member",
      "NameFr": "Membre",
      "RoleId": 226,
      "OrganizationId": 7024,
      "OrganizationLongEn": "Standing Committee on Railways, Canals and Telegraph Lines",
      "OrganizationLongFr": "Comit\u00e9 permanent des chemins de fer, canaux et lignes t\u00e9l\u00e9graphiques",
      "OrganizationTypeEn": "Committee",
      "OrganizationTypeFr": "Comit\u00e9",
      "OrganizationTypeId": 27,
      "PartyEn": "Liberal-Conservative",
      "PartyFr": "Lib\u00e9ral-conservateur",
      "CompositionTypeLongEn": "House of Commons",
      "CompositionTypeLongFr": "Chambre des communes",
      "CompositionTypeShortEn": "C",
      "CompositionTypeShortFr": "C",
      "CommitteeTypeEn": "Standing",
      "CommitteeTypeFr": "Permanent",
      "ParliamentNumber": 5,
      "SessionNumber": 1,
      "ShortEn": "1st",
      "ShortFr": "1\u00e8re"
    },
    {
      "NameEn": "Member",
      "NameFr": "Membre",
      "RoleId": 226,
      "OrganizationId": 10676,
      "OrganizationLongEn": "Standing Committee on Miscellaneous Private Bills",
      "OrganizationLongFr": "Comit\u00e9 permanent des projets de loi priv\u00e9s en g\u00e9n\u00e9ral",
      "OrganizationTypeEn": "Committee",
      "OrganizationTypeFr": "Comit\u00e9",
      "OrganizationTypeId": 27,
      "PartyEn": "Liberal-Conservative",
      "PartyFr": "Lib\u00e9ral-conservateur",
      "CompositionTypeLongEn": "House of Commons",
      "CompositionTypeLongFr": "Chambre des communes",
      "CompositionTypeShortEn": "C",
      "CompositionTypeShortFr": "C",
      "CommitteeTypeEn": "Standing",
      "CommitteeTypeFr": "Permanent",
      "ParliamentNumber": 5,
      "SessionNumber": 1,
      "ShortEn": "1st",
      "ShortFr": "1\u00e8re"
    },
    {
      "NameEn": "Member",
      "NameFr": "Membre",
      "RoleId": 226,
      "OrganizationId": 11196,
      "OrganizationLongEn": "Standing Committee on Immigration and Colonization",
      "OrganizationLongFr": "Comit\u00e9 permanent de l'immigration et de la colonisation",
      "OrganizationTypeEn": "Committee",
      "OrganizationTypeFr": "Comit\u00e9",
      "OrganizationTypeId": 27,
      "PartyEn": "Liberal-Conservative",
      "PartyFr": "Lib\u00e9ral-conservateur",
      "CompositionTypeLongEn": "House of Commons",
      "CompositionTypeLongFr": "Chambre des communes",
      "CompositionTypeShortEn": "C",
      "CompositionTypeShortFr": "C",
      "CommitteeTypeEn": "Standing",
      "CommitteeTypeFr": "Permanent",
      "ParliamentNumber": 5,
      "SessionNumber": 1,
      "ShortEn": "1st",
      "ShortFr": "1\u00e8re"
    },
    {
      "NameEn": "Member",
      "NameFr": "Membre",
      "RoleId": 226,
      "OrganizationId": 7024,
      "OrganizationLongEn": "Standing Committee on Railways, Canals and Telegraph Lines",
      "OrganizationLongFr": "Comit\u00e9 permanent des chemins de fer, canaux et lignes t\u00e9l\u00e9graphiques",
      "OrganizationTypeEn": "Committee",
      "OrganizationTypeFr": "Comit\u00e9",
      "OrganizationTypeId": 27,
      "PartyEn": "Liberal-Conservative",
      "PartyFr": "Lib\u00e9ral-conservateur",
      "CompositionTypeLongEn": "House of Commons",
      "CompositionTypeLongFr": "Chambre des communes",
      "CompositionTypeShortEn": "C",
      "CompositionTypeShortFr": "C",
      "CommitteeTypeEn": "Standing",
      "CommitteeTypeFr": "Permanent",
      "ParliamentNumber": 4,
      "SessionNumber": 4,
      "ShortEn": "4th",
      "ShortFr": "4e"
    },
    {
      "NameEn": "Member",
      "NameFr": "Membre",
      "RoleId": 226,
      "OrganizationId": 11196,
      "OrganizationLongEn": "Standing Committee on Immigration and Colonization",
      "OrganizationLongFr": "Comit\u00e9 permanent de l'immigration et de la colonisation",
      "OrganizationTypeEn": "Committee",
      "OrganizationTypeFr": "Comit\u00e9",
      "OrganizationTypeId": 27,
      "PartyEn": "Liberal-Conservative",
      "PartyFr": "Lib\u00e9ral-conservateur",
      "CompositionTypeLongEn": "House of Commons",
      "CompositionTypeLongFr": "Chambre des communes",
      "CompositionTypeShortEn": "C",
      "CompositionTypeShortFr": "C",
      "CommitteeTypeEn": "Standing",
      "CommitteeTypeFr": "Permanent",
      "ParliamentNumber": 4,
      "SessionNumber": 4,
      "ShortEn": "4th",
      "ShortFr": "4e"
    },
    {
      "NameEn": "Member",
      "NameFr": "Membre",
      "RoleId": 226,
      "OrganizationId": 11387,
      "OrganizationLongEn": "Special Committee to enquire into the operation of the Tariff upon the Agricultural Interests of the Dominion",
      "OrganizationLongFr": "Comit\u00e9 sp\u00e9cial pour s'enqu\u00e9rir des effets du tarif sur l'industrie agricole du Canada",
      "OrganizationTypeEn": "Committee",
      "OrganizationTypeFr": "Comit\u00e9",
      "OrganizationTypeId": 27,
      "PartyEn": "Liberal-Conservative",
      "PartyFr": "Lib\u00e9ral-conservateur",
      "CompositionTypeLongEn": "House of Commons",
      "CompositionTypeLongFr": "Chambre des communes",
      "CompositionTypeShortEn": "C",
      "CompositionTypeShortFr": "C",
      "CommitteeTypeEn": "Special",
      "CommitteeTypeFr": "Sp\u00e9cial",
      "ParliamentNumber": 4,
      "SessionNumber": 4,
      "ShortEn": "4th",
      "ShortFr": "4e"
    },
    {
      "NameEn": "Member",
      "NameFr": "Membre",
      "RoleId": 226,
      "OrganizationId": 7024,
      "OrganizationLongEn": "Standing Committee on Railways, Canals and Telegraph Lines",
      "OrganizationLongFr": "Comit\u00e9 permanent des chemins de fer, canaux et lignes t\u00e9l\u00e9graphiques",
      "OrganizationTypeEn": "Committee",
      "OrganizationTypeFr": "Comit\u00e9",
      "OrganizationTypeId": 27,
      "PartyEn": "Liberal-Conservative",
      "PartyFr": "Lib\u00e9ral-conservateur",
      "CompositionTypeLongEn": "House of Commons",
      "CompositionTypeLongFr": "Chambre des communes",
      "CompositionTypeShortEn": "C",
      "CompositionTypeShortFr": "C",
      "CommitteeTypeEn": "Standing",
      "CommitteeTypeFr": "Permanent",
      "ParliamentNumber": 4,
      "SessionNumber": 3,
      "ShortEn": "3rd",
      "ShortFr": "3e"
    },
    {
      "NameEn": "Member",
      "NameFr": "Membre",
      "RoleId": 226,
      "OrganizationId": 11196,
      "OrganizationLongEn": "Standing Committee on Immigration and Colonization",
      "OrganizationLongFr": "Comit\u00e9 permanent de l'immigration et de la colonisation",
      "OrganizationTypeEn": "Committee",
      "OrganizationTypeFr": "Comit\u00e9",
      "OrganizationTypeId": 27,
      "PartyEn": "Liberal-Conservative",
      "PartyFr": "Lib\u00e9ral-conservateur",
      "CompositionTypeLongEn": "House of Commons",
      "CompositionTypeLongFr": "Chambre des communes",
      "CompositionTypeShortEn": "C",
      "CompositionTypeShortFr": "C",
      "CommitteeTypeEn": "Standing",
      "CommitteeTypeFr": "Permanent",
      "ParliamentNumber": 4,
      "SessionNumber": 3,
      "ShortEn": "3rd",
      "ShortFr": "3e"
    },
    {
      "NameEn": "Member",
      "NameFr": "Membre",
      "RoleId": 226,
      "OrganizationId": 7024,
      "OrganizationLongEn": "Standing Committee on Railways, Canals and Telegraph Lines",
      "OrganizationLongFr": "Comit\u00e9 permanent des chemins de fer, canaux et lignes t\u00e9l\u00e9graphiques",
      "OrganizationTypeEn": "Committee",
      "OrganizationTypeFr": "Comit\u00e9",
      "OrganizationTypeId": 27,
      "PartyEn": "Liberal-Conservative",
      "PartyFr": "Lib\u00e9ral-conservateur",
      "CompositionTypeLongEn": "House of Commons",
      "CompositionTypeLongFr": "Chambre des communes",
      "CompositionTypeShortEn": "C",
      "CompositionTypeShortFr": "C",
      "CommitteeTypeEn": "Standing",
      "CommitteeTypeFr": "Permanent",
      "ParliamentNumber": 4,
      "SessionNumber": 2,
      "ShortEn": "2nd",
      "ShortFr": "2e"
    },
    {
      "NameEn": "Member",
      "NameFr": "Membre",
      "RoleId": 226,
      "OrganizationId": 11196,
      "OrganizationLongEn": "Standing Committee on Immigration and Colonization",
      "OrganizationLongFr": "Comit\u00e9 permanent de l'immigration et de la colonisation",
      "OrganizationTypeEn": "Committee",
      "OrganizationTypeFr": "Comit\u00e9",
      "OrganizationTypeId": 27,
      "PartyEn": "Liberal-Conservative",
      "PartyFr": "Lib\u00e9ral-conservateur",
      "CompositionTypeLongEn": "House of Commons",
      "CompositionTypeLongFr": "Chambre des communes",
      "CompositionTypeShortEn": "C",
      "CompositionTypeShortFr": "C",
      "CommitteeTypeEn": "Standing",
      "CommitteeTypeFr": "Permanent",
      "ParliamentNumber": 4,
      "SessionNumber": 2,
      "ShortEn": "2nd",
      "ShortFr": "2e"
    },
    {
      "NameEn": "Member",
      "NameFr": "Membre",
      "RoleId": 226,
      "OrganizationId": 7024,
      "OrganizationLongEn": "Standing Committee on Railways, Canals and Telegraph Lines",
      "OrganizationLongFr": "Comit\u00e9 permanent des chemins de fer, canaux et lignes t\u00e9l\u00e9graphiques",
      "OrganizationTypeEn": "Committee",
      "OrganizationTypeFr": "Comit\u00e9",
      "OrganizationTypeId": 27,
      "PartyEn": "Liberal-Conservative",
      "PartyFr": "Lib\u00e9ral-conservateur",
      "CompositionTypeLongEn": "House of Commons",
      "CompositionTypeLongFr": "Chambre des communes",
      "CompositionTypeShortEn": "C",
      "CompositionTypeShortFr": "C",
      "CommitteeTypeEn": "Standing",
      "CommitteeTypeFr": "Permanent",
      "ParliamentNumber": 4,
      "SessionNumber": 1,
      "ShortEn": "1st",
      "ShortFr": "1\u00e8re"
    },
    {
      "NameEn": "Member",
      "NameFr": "Membre",
      "RoleId": 226,
      "OrganizationId": 11196,
      "OrganizationLongEn": "Standing Committee on Immigration and Colonization",
      "OrganizationLongFr": "Comit\u00e9 permanent de l'immigration et de la colonisation",
      "OrganizationTypeEn": "Committee",
      "OrganizationTypeFr": "Comit\u00e9",
      "OrganizationTypeId": 27,
      "PartyEn": "Liberal-Conservative",
      "PartyFr": "Lib\u00e9ral-conservateur",
      "CompositionTypeLongEn": "House of Commons",
      "CompositionTypeLongFr": "Chambre des communes",
      "CompositionTypeShortEn": "C",
      "CompositionTypeShortFr": "C",
      "CommitteeTypeEn": "Standing",
      "CommitteeTypeFr": "Permanent",
      "ParliamentNumber": 4,
      "SessionNumber": 1,
      "ShortEn": "1st",
      "ShortFr": "1\u00e8re"
    }
  ],
  "PublicOfficeExperience": null,
  "ProvincialExperience": null,
  "MilitaryExperience": null,
  "MunicipalExperience": null,
  "FamilyTiesInParliament": null,
  "Family": null,
  "Education": null,
  "PictureId": 1714,
  "PictureCopyrightEn": "Public Domain",
  "PictureCopyrightFr": "Du domaine public",
  "PictureCreditEn": "PA 033440",
  "PictureCreditFr": "PA 033440",
  "DisplayTitleEn": " Gilbert Anselme Girouard, M.P.",
  "DisplayTitleFr": " Gilbert Anselme Girouard, d\u00e9put\u00e9",
  "PlaceOfBirthEn": "Sainte-Marie-de-Kent, New Brunswick, Canada",
  "PlaceOfBirthFr": "Sainte-Marie-de-Kent, Nouveau-Brunswick, Canada",
  "ProfessionsEn": "merchant",
  "ProfessionsFr": "marchand",
  "PreferredLanguageEn": "",
  "PreferredLanguageFr": "",
  "PlaceOfBurialEn": ", , ",
  "PlaceOfBurialFr": ", , "
}