{
  "Person": {
    "PersonId": 10076,
    "HOCPersonId": 0,
    "SenatePersonId": 108,
    "FormalFirstName": null,
    "UsedFirstName": "Jean-Louis",
    "MiddleName": null,
    "MaidenName": null,
    "LastName": "Roux",
    "IsDraftProfile": false,
    "DateOfBirth": "1923-05-18T00:00:00Z",
    "DateOfBirthIsApproximate": false,
    "DoNotDiscloseDateOfBirth": false,
    "DoNotDiscloseBirthLocation": false,
    "CityOfBirthEn": "Montreal",
    "CityOfBirthFr": "Montr\u00e9al",
    "ProvinceOfBirthEn": "Quebec",
    "ProvinceOfBirthFr": "Qu\u00e9bec",
    "CountryOfBirthFr": "Canada",
    "CountryOfBirthEn": "Canada",
    "Gender": "M",
    "EthnicityLongEn": null,
    "EthnicityLongFr": null,
    "IsCanadianOrigin": true,
    "InternalNotes": null,
    "ExternalNotesEn": null,
    "ExternalNotesFr": null,
    "ReligionEn": null,
    "ReligionFr": null,
    "Professions": [
      {
        "NameEn": "stage director",
        "NameFr": "metteur en sc\u00e8ne",
        "SearchKeyWordsEn": "",
        "SearchKeyWordsFr": "",
        "ProfessionTypeEn": "Art and culture - Professional occupations",
        "ProfessionTypeFr": "Arts et culture - Personnel professionnel",
        "Ordinal": null
      },
      {
        "NameEn": "arts executive",
        "NameFr": "directeur artistique",
        "SearchKeyWordsEn": "",
        "SearchKeyWordsFr": "",
        "ProfessionTypeEn": "Art and culture - Professional occupations",
        "ProfessionTypeFr": "Arts et culture - Personnel professionnel",
        "Ordinal": null
      },
      {
        "NameEn": "author",
        "NameFr": "auteur",
        "SearchKeyWordsEn": "",
        "SearchKeyWordsFr": "",
        "ProfessionTypeEn": "Art and culture - Professional occupations",
        "ProfessionTypeFr": "Arts et culture - Personnel professionnel",
        "Ordinal": null
      },
      {
        "NameEn": "actor",
        "NameFr": "acteur",
        "SearchKeyWordsEn": "",
        "SearchKeyWordsFr": "",
        "ProfessionTypeEn": "Art and culture - Professional occupations",
        "ProfessionTypeFr": "Arts et culture - Personnel professionnel",
        "Ordinal": null
      },
      {
        "NameEn": "writer",
        "NameFr": "\u00e9crivain",
        "SearchKeyWordsEn": "",
        "SearchKeyWordsFr": "",
        "ProfessionTypeEn": "Art and culture - Professional occupations",
        "ProfessionTypeFr": "Arts et culture - Personnel professionnel",
        "Ordinal": null
      }
    ],
    "Languages": null,
    "Education": [
      {
        "SchoolNameLongEn": "Montreal University",
        "SchoolNameLongFr": "Universit\u00e9 de Montr\u00e9al",
        "SchoolCityEn": "Montreal",
        "SchoolCityFr": "Montr\u00e9al",
        "FieldOfStudyEn": "Chemistry",
        "FieldOfStudyFr": "Chimie",
        "DiplomaLongEn": "Certificate",
        "DiplomaLongFr": "Certificat",
        "DiplomaShortEn": "",
        "DiplomaShortFr": "",
        "GraduationYear": 1943
      },
      {
        "SchoolNameLongEn": "Montreal University",
        "SchoolNameLongFr": "Universit\u00e9 de Montr\u00e9al",
        "SchoolCityEn": "Montreal",
        "SchoolCityFr": "Montr\u00e9al",
        "FieldOfStudyEn": "Medicine",
        "FieldOfStudyFr": "M\u00e9decine",
        "DiplomaLongEn": "Unknown",
        "DiplomaLongFr": "Inconnu",
        "DiplomaShortEn": "",
        "DiplomaShortFr": "",
        "GraduationYear": 1946
      },
      {
        "SchoolNameLongEn": "Unknown",
        "SchoolNameLongFr": "Inconnu",
        "SchoolCityEn": "",
        "SchoolCityFr": "",
        "FieldOfStudyEn": "Arts",
        "FieldOfStudyFr": "Arts",
        "DiplomaLongEn": "Post-graduate studies",
        "DiplomaLongFr": "\u00c9tudes sup\u00e9rieures",
        "DiplomaShortEn": "",
        "DiplomaShortFr": "",
        "GraduationYear": 1950
      },
      {
        "SchoolNameLongEn": "Sainte-Marie College",
        "SchoolNameLongFr": "Coll\u00e8ge Sainte-Marie",
        "SchoolCityEn": "Montreal",
        "SchoolCityFr": "Montr\u00e9al",
        "FieldOfStudyEn": "Arts",
        "FieldOfStudyFr": "Arts",
        "DiplomaLongEn": "Bachelor",
        "DiplomaLongFr": "Bachelier",
        "DiplomaShortEn": "B.A",
        "DiplomaShortFr": "B.A.",
        "GraduationYear": 1942
      }
    ],
    "FamilyRelations": null,
    "Pictures": [
      {
        "PictureId": 3012,
        "PictureDate": null,
        "TypeEn": "Photographer",
        "TypeFr": "Photographe",
        "PhotographerEn": "J.M. Carisse",
        "PhotographerFr": "J.M. Carisse",
        "CreditsEn": "Senate",
        "CreditsFr": "S\u00e9nat",
        "CopyRightsEn": "J.M. Carisse",
        "CopyRightsFr": "J.M. Carisse",
        "DisplayForWeb": true,
        "InternalNotes": null
      }
    ],
    "Titles": [
      {
        "LongEn": "Chevalier de l'Ordre national du Qu\u00e9bec",
        "LongFr": "Chevalier de l'Ordre national du Qu\u00e9bec",
        "AcronymEn": "C.Q.",
        "AcronymFr": "C.Q.",
        "IsHonorific": true,
        "IsScholarity": false,
        "IsSalutation": false,
        "Ordinal": 0
      },
      {
        "LongEn": "Companion, Order of Canada",
        "LongFr": "Compagnon, Ordre du Canada",
        "AcronymEn": "C.C.",
        "AcronymFr": "C.C.",
        "IsHonorific": true,
        "IsScholarity": false,
        "IsSalutation": false,
        "Ordinal": 0
      },
      {
        "LongEn": "The Honourable",
        "LongFr": "L'honorable",
        "AcronymEn": "The Hon.",
        "AcronymFr": "L'hon.",
        "IsHonorific": false,
        "IsScholarity": false,
        "IsSalutation": true,
        "Ordinal": 0
      },
      {
        "LongEn": "Senator",
        "LongFr": "s\u00e9nateur",
        "AcronymEn": "Senator",
        "AcronymFr": "s\u00e9nateur",
        "IsHonorific": false,
        "IsScholarity": false,
        "IsSalutation": false,
        "Ordinal": 0
      }
    ],
    "Roles": [
      {
        "PersonRoleId": 33235,
        "NameFr": "Militaire",
        "StartDate": "1942-01-01T00:00:00Z",
        "StartDateIsApproximate": true,
        "EndDate": "1946-01-01T00:00:00Z",
        "EndDateIsApproximate": true,
        "EndReasonEn": null,
        "EndReasonFr": null,
        "EndReasonTypeEn": null,
        "EndReasonTypeFr": null,
        "SourceOfInformationEn": null,
        "SourceOfInformationFr": null,
        "IsActing": false,
        "ActingTextEn": null,
        "ActingTextFr": null,
        "HasCrossedTheFloor": false,
        "OrganizationId": 1536,
        "OrganizationLongEn": "Canadian Army",
        "OrganizationLongFr": "Arm\u00e9e canadienne",
        "OrganizationShortEn": "",
        "OrganizationShortFr": "",
        "OrganizationAcronymEn": "",
        "OrganizationAcronymFr": "",
        "OrganizationTypeId": 13,
        "OrganizationTypeEn": "Military",
        "OrganizationTypeFr": "Militaire",
        "OrganizationProvinceEn": null,
        "OrganizationProvinceFr": null,
        "OrganizationHasProfile": true,
        "IsSenatorialDivision": false,
        "ToBeStyledAsEn": "",
        "ToBeStyledAsFr": "",
        "GroupId": 0,
        "Source": null,
        "PortFolioEn": null,
        "PortFolioFr": null,
        "Committee": null,
        "GroupingTitleEn": null,
        "GroupingTitleFr": null,
        "GroupingOrder": 0,
        "ParliamentStart": null,
        "ParliamentEnd": null,
        "ParliamentNumber": 0,
        "PartyOrganizationId": 0,
        "PartyEn": null,
        "PartyFr": null,
        "PartyStartDate": null,
        "PartyEndDate": null,
        "PersonPersonId": 0,
        "PersonLastName": null,
        "PersonUsedFirstName": null,
        "PersonGender": null,
        "MemberOfParliament": null,
        "IsMP": false,
        "IsSenator": false,
        "GovernorGeneral": null,
        "Documents": null,
        "Senator": null,
        "NotesEn": "Military training.",
        "NotesFr": "Entra\u00eenement militaire.",
        "InternalNotes": null,
        "IsCurrent": "False",
        "RoleId": 847,
        "NameEn": "Military",
        "Ordinal": null,
        "Classes": [
          {
            "RoleClassId": 103,
            "RoleClassOrdinal": null,
            "RoleToRoleClassOrdinal": null,
            "RoleClassNameEn": "Military",
            "RoleClassNameFr": "Militaire"
          }
        ]
      },
      {
        "PersonRoleId": 8139,
        "NameFr": "Membre du caucus",
        "StartDate": "1994-08-31T00:00:00Z",
        "StartDateIsApproximate": false,
        "EndDate": "1996-08-08T00:00:00Z",
        "EndDateIsApproximate": false,
        "EndReasonEn": null,
        "EndReasonFr": null,
        "EndReasonTypeEn": null,
        "EndReasonTypeFr": null,
        "SourceOfInformationEn": null,
        "SourceOfInformationFr": null,
        "IsActing": false,
        "ActingTextEn": null,
        "ActingTextFr": null,
        "HasCrossedTheFloor": false,
        "OrganizationId": 4831,
        "OrganizationLongEn": "Liberal Party of Canada",
        "OrganizationLongFr": "Parti lib\u00e9ral du Canada",
        "OrganizationShortEn": "Liberal",
        "OrganizationShortFr": "Lib\u00e9ral",
        "OrganizationAcronymEn": "Lib.",
        "OrganizationAcronymFr": "Lib.",
        "OrganizationTypeId": 4,
        "OrganizationTypeEn": "Party",
        "OrganizationTypeFr": "Parti",
        "OrganizationProvinceEn": null,
        "OrganizationProvinceFr": null,
        "OrganizationHasProfile": true,
        "IsSenatorialDivision": false,
        "ToBeStyledAsEn": null,
        "ToBeStyledAsFr": null,
        "GroupId": 0,
        "Source": null,
        "PortFolioEn": null,
        "PortFolioFr": null,
        "Committee": null,
        "GroupingTitleEn": null,
        "GroupingTitleFr": null,
        "GroupingOrder": 0,
        "ParliamentStart": null,
        "ParliamentEnd": null,
        "ParliamentNumber": 0,
        "PartyOrganizationId": 0,
        "PartyEn": null,
        "PartyFr": null,
        "PartyStartDate": null,
        "PartyEndDate": null,
        "PersonPersonId": 0,
        "PersonLastName": null,
        "PersonUsedFirstName": null,
        "PersonGender": null,
        "MemberOfParliament": null,
        "IsMP": false,
        "IsSenator": false,
        "GovernorGeneral": null,
        "Documents": null,
        "Senator": null,
        "NotesEn": null,
        "NotesFr": null,
        "InternalNotes": null,
        "IsCurrent": "False",
        "RoleId": 2998,
        "NameEn": "Caucus Member",
        "Ordinal": null,
        "Classes": null
      },
      {
        "PersonRoleId": 17845,
        "NameFr": "Membre du parti",
        "StartDate": "1994-08-31T00:00:00Z",
        "StartDateIsApproximate": false,
        "EndDate": "1996-08-08T00:00:00Z",
        "EndDateIsApproximate": false,
        "EndReasonEn": null,
        "EndReasonFr": null,
        "EndReasonTypeEn": null,
        "EndReasonTypeFr": null,
        "SourceOfInformationEn": null,
        "SourceOfInformationFr": null,
        "IsActing": false,
        "ActingTextEn": null,
        "ActingTextFr": null,
        "HasCrossedTheFloor": false,
        "OrganizationId": 4831,
        "OrganizationLongEn": "Liberal Party of Canada",
        "OrganizationLongFr": "Parti lib\u00e9ral du Canada",
        "OrganizationShortEn": "Liberal",
        "OrganizationShortFr": "Lib\u00e9ral",
        "OrganizationAcronymEn": "Lib.",
        "OrganizationAcronymFr": "Lib.",
        "OrganizationTypeId": 4,
        "OrganizationTypeEn": "Party",
        "OrganizationTypeFr": "Parti",
        "OrganizationProvinceEn": null,
        "OrganizationProvinceFr": null,
        "OrganizationHasProfile": true,
        "IsSenatorialDivision": false,
        "ToBeStyledAsEn": "",
        "ToBeStyledAsFr": "",
        "GroupId": 0,
        "Source": null,
        "PortFolioEn": null,
        "PortFolioFr": null,
        "Committee": null,
        "GroupingTitleEn": "Parliamentarian",
        "GroupingTitleFr": "Parlementaire",
        "GroupingOrder": 1,
        "ParliamentStart": "1994-01-17T00:00:00Z",
        "ParliamentEnd": "1997-04-27T00:00:00Z",
        "ParliamentNumber": 35,
        "PartyOrganizationId": 4831,
        "PartyEn": "Liberal Party of Canada",
        "PartyFr": "Parti lib\u00e9ral du Canada",
        "PartyStartDate": "1994-08-31T00:00:00Z",
        "PartyEndDate": "1996-08-08T00:00:00Z",
        "PersonPersonId": 0,
        "PersonLastName": null,
        "PersonUsedFirstName": null,
        "PersonGender": null,
        "MemberOfParliament": null,
        "IsMP": false,
        "IsSenator": false,
        "GovernorGeneral": null,
        "Documents": null,
        "Senator": null,
        "NotesEn": null,
        "NotesFr": null,
        "InternalNotes": null,
        "IsCurrent": "False",
        "RoleId": 722,
        "NameEn": "Party Member",
        "Ordinal": null,
        "Classes": [
          {
            "RoleClassId": 105,
            "RoleClassOrdinal": null,
            "RoleToRoleClassOrdinal": null,
            "RoleClassNameEn": "Parliamentarian",
            "RoleClassNameFr": "Parlementaire"
          }
        ]
      },
      {
        "PersonRoleId": 127306,
        "NameFr": "Co-pr\u00e9sident(e)",
        "StartDate": "1996-02-27T00:00:00Z",
        "StartDateIsApproximate": false,
        "EndDate": "1996-09-25T00:00:00Z",
        "EndDateIsApproximate": false,
        "EndReasonEn": null,
        "EndReasonFr": null,
        "EndReasonTypeEn": null,
        "EndReasonTypeFr": null,
        "SourceOfInformationEn": null,
        "SourceOfInformationFr": null,
        "IsActing": false,
        "ActingTextEn": null,
        "ActingTextFr": null,
        "HasCrossedTheFloor": false,
        "OrganizationId": 6108,
        "OrganizationLongEn": "Standing Joint Committee on Official Languages",
        "OrganizationLongFr": "Comit\u00e9 mixte permanent des langues officielles",
        "OrganizationShortEn": "Official Languages",
        "OrganizationShortFr": "Langues officielles",
        "OrganizationAcronymEn": "",
        "OrganizationAcronymFr": "",
        "OrganizationTypeId": 27,
        "OrganizationTypeEn": "Committee",
        "OrganizationTypeFr": "Comit\u00e9",
        "OrganizationProvinceEn": null,
        "OrganizationProvinceFr": null,
        "OrganizationHasProfile": true,
        "IsSenatorialDivision": false,
        "ToBeStyledAsEn": "",
        "ToBeStyledAsFr": "",
        "GroupId": 0,
        "Source": null,
        "PortFolioEn": null,
        "PortFolioFr": null,
        "Committee": {
          "OrganizationId": 0,
          "SenateCommitteeId": 0,
          "CommitteeTypeId": 5,
          "CommitteeTypeEn": "Standing",
          "CommitteeTypeFr": "Permanent",
          "CompositionTypeId": 8,
          "CompositionTypeLongEn": "Joint",
          "CompositionTypeLongFr": "Mixte",
          "CompositionTypeShortEn": "J",
          "CompositionTypeShortFr": "J",
          "Sessions": [
            {
              "SessionId": 0,
              "SessionNumber": 2,
              "ParliamentNumber": 35,
              "StartDate": "1996-02-27T00:00:00Z",
              "EndDate": "1997-04-27T00:00:00Z",
              "ShortEn": "2nd",
              "ShortFr": "2e"
            }
          ],
          "Mandates": null
        },
        "GroupingTitleEn": null,
        "GroupingTitleFr": null,
        "GroupingOrder": 0,
        "ParliamentStart": null,
        "ParliamentEnd": null,
        "ParliamentNumber": 0,
        "PartyOrganizationId": 4831,
        "PartyEn": "Liberal Party of Canada",
        "PartyFr": "Parti lib\u00e9ral du Canada",
        "PartyStartDate": "1994-08-31T00:00:00Z",
        "PartyEndDate": "1996-08-08T00:00:00Z",
        "PersonPersonId": 0,
        "PersonLastName": null,
        "PersonUsedFirstName": null,
        "PersonGender": null,
        "MemberOfParliament": null,
        "IsMP": false,
        "IsSenator": false,
        "GovernorGeneral": null,
        "Documents": null,
        "Senator": null,
        "NotesEn": null,
        "NotesFr": null,
        "InternalNotes": null,
        "IsCurrent": "False",
        "RoleId": 785,
        "NameEn": "Co-Chair",
        "Ordinal": null,
        "Classes": [
          {
            "RoleClassId": 33,
            "RoleClassOrdinal": null,
            "RoleToRoleClassOrdinal": null,
            "RoleClassNameEn": "Committee",
            "RoleClassNameFr": "Comit\u00e9"
          },
          {
            "RoleClassId": 113,
            "RoleClassOrdinal": null,
            "RoleToRoleClassOrdinal": null,
            "RoleClassNameEn": "ElectionProcessCloseDissolution",
            "RoleClassNameFr": "ElectionProcessCloseDissolution"
          }
        ]
      },
      {
        "PersonRoleId": 120926,
        "NameFr": "Lieutenant-gouverneur",
        "StartDate": "1996-09-12T00:00:00Z",
        "StartDateIsApproximate": false,
        "EndDate": "1996-11-05T00:00:00Z",
        "EndDateIsApproximate": false,
        "EndReasonEn": null,
        "EndReasonFr": null,
        "EndReasonTypeEn": null,
        "EndReasonTypeFr": null,
        "SourceOfInformationEn": null,
        "SourceOfInformationFr": null,
        "IsActing": false,
        "ActingTextEn": null,
        "ActingTextFr": null,
        "HasCrossedTheFloor": false,
        "OrganizationId": 5625,
        "OrganizationLongEn": "National Assembly of Quebec",
        "OrganizationLongFr": "Assembl\u00e9e nationale du Qu\u00e9bec",
        "OrganizationShortEn": "National Assembly",
        "OrganizationShortFr": "Assembl\u00e9e nationale",
        "OrganizationAcronymEn": "",
        "OrganizationAcronymFr": "",
        "OrganizationTypeId": 6,
        "OrganizationTypeEn": "Chamber Of Parliament (Prov)",
        "OrganizationTypeFr": "Chambre de Parlement (Prov)",
        "OrganizationProvinceEn": null,
        "OrganizationProvinceFr": null,
        "OrganizationHasProfile": true,
        "IsSenatorialDivision": false,
        "ToBeStyledAsEn": "",
        "ToBeStyledAsFr": "",
        "GroupId": 0,
        "Source": null,
        "PortFolioEn": null,
        "PortFolioFr": null,
        "Committee": null,
        "GroupingTitleEn": "Provincial Experience",
        "GroupingTitleFr": "Exp\u00e9rience Provinciale",
        "GroupingOrder": 0,
        "ParliamentStart": null,
        "ParliamentEnd": null,
        "ParliamentNumber": 0,
        "PartyOrganizationId": 0,
        "PartyEn": null,
        "PartyFr": null,
        "PartyStartDate": null,
        "PartyEndDate": null,
        "PersonPersonId": 0,
        "PersonLastName": null,
        "PersonUsedFirstName": null,
        "PersonGender": null,
        "MemberOfParliament": null,
        "IsMP": false,
        "IsSenator": false,
        "GovernorGeneral": null,
        "Documents": null,
        "Senator": null,
        "NotesEn": null,
        "NotesFr": null,
        "InternalNotes": null,
        "IsCurrent": "False",
        "RoleId": 1582,
        "NameEn": "Lieutenant Governor",
        "Ordinal": 0,
        "Classes": [
          {
            "RoleClassId": 12,
            "RoleClassOrdinal": null,
            "RoleToRoleClassOrdinal": 0,
            "RoleClassNameEn": "Minister",
            "RoleClassNameFr": "Ministre"
          },
          {
            "RoleClassId": 15,
            "RoleClassOrdinal": null,
            "RoleToRoleClassOrdinal": 0,
            "RoleClassNameEn": "Parliamentary function",
            "RoleClassNameFr": "Fonction Parlementaire"
          }
        ]
      },
      {
        "PersonRoleId": 39169,
        "NameFr": "Membre pour la circonscription",
        "StartDate": "1994-08-31T00:00:00Z",
        "StartDateIsApproximate": false,
        "EndDate": "1996-08-08T00:00:00Z",
        "EndDateIsApproximate": false,
        "EndReasonEn": null,
        "EndReasonFr": null,
        "EndReasonTypeEn": null,
        "EndReasonTypeFr": null,
        "SourceOfInformationEn": null,
        "SourceOfInformationFr": null,
        "IsActing": false,
        "ActingTextEn": null,
        "ActingTextFr": null,
        "HasCrossedTheFloor": false,
        "OrganizationId": 5321,
        "OrganizationLongEn": "Mille Isles",
        "OrganizationLongFr": "Mille Isles",
        "OrganizationShortEn": "",
        "OrganizationShortFr": "",
        "OrganizationAcronymEn": "",
        "OrganizationAcronymFr": "",
        "OrganizationTypeId": 50,
        "OrganizationTypeEn": "Senatorial Riding",
        "OrganizationTypeFr": "Circonscription s\u00e9natoriale",
        "OrganizationProvinceEn": "Quebec",
        "OrganizationProvinceFr": "Qu\u00e9bec",
        "OrganizationHasProfile": true,
        "IsSenatorialDivision": false,
        "ToBeStyledAsEn": "",
        "ToBeStyledAsFr": "",
        "GroupId": 0,
        "Source": null,
        "PortFolioEn": null,
        "PortFolioFr": null,
        "Committee": null,
        "GroupingTitleEn": "Parliamentarian",
        "GroupingTitleFr": "Parlementaire",
        "GroupingOrder": 1,
        "ParliamentStart": "1994-01-17T00:00:00Z",
        "ParliamentEnd": "1997-04-27T00:00:00Z",
        "ParliamentNumber": 35,
        "PartyOrganizationId": 4831,
        "PartyEn": "Liberal Party of Canada",
        "PartyFr": "Parti lib\u00e9ral du Canada",
        "PartyStartDate": "1994-08-31T00:00:00Z",
        "PartyEndDate": "1996-08-08T00:00:00Z",
        "PersonPersonId": 0,
        "PersonLastName": null,
        "PersonUsedFirstName": null,
        "PersonGender": null,
        "MemberOfParliament": {
          "OccupationTypeEn": "Continuous",
          "OccupationTypeFr": "Continue"
        },
        "IsMP": false,
        "IsSenator": true,
        "GovernorGeneral": null,
        "Documents": null,
        "Senator": null,
        "NotesEn": "Resigned",
        "NotesFr": "D\u00e9missionnaire",
        "InternalNotes": null,
        "IsCurrent": "False",
        "RoleId": 719,
        "NameEn": "Constituency Member",
        "Ordinal": 240,
        "Classes": [
          {
            "RoleClassId": 49,
            "RoleClassOrdinal": 2,
            "RoleToRoleClassOrdinal": null,
            "RoleClassNameEn": "Salaries in the House of Commons",
            "RoleClassNameFr": "Salaires \u00e0 la Chambre des Communes"
          },
          {
            "RoleClassId": 105,
            "RoleClassOrdinal": null,
            "RoleToRoleClassOrdinal": null,
            "RoleClassNameEn": "Parliamentarian",
            "RoleClassNameFr": "Parlementaire"
          }
        ]
      },
      {
        "PersonRoleId": 113234,
        "NameFr": "Membre",
        "StartDate": "1994-01-17T00:00:00Z",
        "StartDateIsApproximate": false,
        "EndDate": "1996-02-02T00:00:00Z",
        "EndDateIsApproximate": false,
        "EndReasonEn": null,
        "EndReasonFr": null,
        "EndReasonTypeEn": null,
        "EndReasonTypeFr": null,
        "SourceOfInformationEn": null,
        "SourceOfInformationFr": null,
        "IsActing": false,
        "ActingTextEn": null,
        "ActingTextFr": null,
        "HasCrossedTheFloor": false,
        "OrganizationId": 6108,
        "OrganizationLongEn": "Standing Joint Committee on Official Languages",
        "OrganizationLongFr": "Comit\u00e9 mixte permanent des langues officielles",
        "OrganizationShortEn": "Official Languages",
        "OrganizationShortFr": "Langues officielles",
        "OrganizationAcronymEn": "",
        "OrganizationAcronymFr": "",
        "OrganizationTypeId": 27,
        "OrganizationTypeEn": "Committee",
        "OrganizationTypeFr": "Comit\u00e9",
        "OrganizationProvinceEn": null,
        "OrganizationProvinceFr": null,
        "OrganizationHasProfile": true,
        "IsSenatorialDivision": false,
        "ToBeStyledAsEn": "",
        "ToBeStyledAsFr": "",
        "GroupId": 0,
        "Source": null,
        "PortFolioEn": null,
        "PortFolioFr": null,
        "Committee": {
          "OrganizationId": 0,
          "SenateCommitteeId": 0,
          "CommitteeTypeId": 5,
          "CommitteeTypeEn": "Standing",
          "CommitteeTypeFr": "Permanent",
          "CompositionTypeId": 8,
          "CompositionTypeLongEn": "Joint",
          "CompositionTypeLongFr": "Mixte",
          "CompositionTypeShortEn": "J",
          "CompositionTypeShortFr": "J",
          "Sessions": [
            {
              "SessionId": 0,
              "SessionNumber": 1,
              "ParliamentNumber": 35,
              "StartDate": "1994-01-17T00:00:00Z",
              "EndDate": "1996-02-02T00:00:00Z",
              "ShortEn": "1st",
              "ShortFr": "1\u00e8re"
            }
          ],
          "Mandates": null
        },
        "GroupingTitleEn": null,
        "GroupingTitleFr": null,
        "GroupingOrder": 0,
        "ParliamentStart": null,
        "ParliamentEnd": null,
        "ParliamentNumber": 0,
        "PartyOrganizationId": 4831,
        "PartyEn": "Liberal Party of Canada",
        "PartyFr": "Parti lib\u00e9ral du Canada",
        "PartyStartDate": "1994-08-31T00:00:00Z",
        "PartyEndDate": "1996-08-08T00:00:00Z",
        "PersonPersonId": 0,
        "PersonLastName": null,
        "PersonUsedFirstName": null,
        "PersonGender": null,
        "MemberOfParliament": null,
        "IsMP": false,
        "IsSenator": false,
        "GovernorGeneral": null,
        "Documents": null,
        "Senator": null,
        "NotesEn": null,
        "NotesFr": null,
        "InternalNotes": null,
        "IsCurrent": "False",
        "RoleId": 226,
        "NameEn": "Member",
        "Ordinal": 300,
        "Classes": [
          {
            "RoleClassId": 33,
            "RoleClassOrdinal": null,
            "RoleToRoleClassOrdinal": null,
            "RoleClassNameEn": "Committee",
            "RoleClassNameFr": "Comit\u00e9"
          },
          {
            "RoleClassId": 113,
            "RoleClassOrdinal": null,
            "RoleToRoleClassOrdinal": null,
            "RoleClassNameEn": "ElectionProcessCloseDissolution",
            "RoleClassNameFr": "ElectionProcessCloseDissolution"
          }
        ]
      },
      {
        "PersonRoleId": 121527,
        "NameFr": "Membre",
        "StartDate": "1996-02-27T00:00:00Z",
        "StartDateIsApproximate": false,
        "EndDate": "1997-04-27T00:00:00Z",
        "EndDateIsApproximate": false,
        "EndReasonEn": null,
        "EndReasonFr": null,
        "EndReasonTypeEn": null,
        "EndReasonTypeFr": null,
        "SourceOfInformationEn": null,
        "SourceOfInformationFr": null,
        "IsActing": false,
        "ActingTextEn": null,
        "ActingTextFr": null,
        "HasCrossedTheFloor": false,
        "OrganizationId": 9341,
        "OrganizationLongEn": "Standing Committee on Transport and Communications",
        "OrganizationLongFr": "Comit\u00e9 permanent des transports et des communications",
        "OrganizationShortEn": "Transport and Communications",
        "OrganizationShortFr": "Transports et communications",
        "OrganizationAcronymEn": "TRCM",
        "OrganizationAcronymFr": "TRCM",
        "OrganizationTypeId": 27,
        "OrganizationTypeEn": "Committee",
        "OrganizationTypeFr": "Comit\u00e9",
        "OrganizationProvinceEn": null,
        "OrganizationProvinceFr": null,
        "OrganizationHasProfile": true,
        "IsSenatorialDivision": false,
        "ToBeStyledAsEn": "",
        "ToBeStyledAsFr": "",
        "GroupId": 0,
        "Source": null,
        "PortFolioEn": null,
        "PortFolioFr": null,
        "Committee": {
          "OrganizationId": 0,
          "SenateCommitteeId": 0,
          "CommitteeTypeId": 5,
          "CommitteeTypeEn": "Standing",
          "CommitteeTypeFr": "Permanent",
          "CompositionTypeId": 1,
          "CompositionTypeLongEn": "Senate",
          "CompositionTypeLongFr": "S\u00e9nat",
          "CompositionTypeShortEn": "S",
          "CompositionTypeShortFr": "S",
          "Sessions": [
            {
              "SessionId": 0,
              "SessionNumber": 2,
              "ParliamentNumber": 35,
              "StartDate": "1996-02-27T00:00:00Z",
              "EndDate": "1997-04-27T00:00:00Z",
              "ShortEn": "2nd",
              "ShortFr": "2e"
            }
          ],
          "Mandates": null
        },
        "GroupingTitleEn": null,
        "GroupingTitleFr": null,
        "GroupingOrder": 0,
        "ParliamentStart": null,
        "ParliamentEnd": null,
        "ParliamentNumber": 0,
        "PartyOrganizationId": 4831,
        "PartyEn": "Liberal Party of Canada",
        "PartyFr": "Parti lib\u00e9ral du Canada",
        "PartyStartDate": "1994-08-31T00:00:00Z",
        "PartyEndDate": "1996-08-08T00:00:00Z",
        "PersonPersonId": 0,
        "PersonLastName": null,
        "PersonUsedFirstName": null,
        "PersonGender": null,
        "MemberOfParliament": null,
        "IsMP": false,
        "IsSenator": false,
        "GovernorGeneral": null,
        "Documents": null,
        "Senator": null,
        "NotesEn": null,
        "NotesFr": null,
        "InternalNotes": null,
        "IsCurrent": "False",
        "RoleId": 226,
        "NameEn": "Member",
        "Ordinal": 300,
        "Classes": [
          {
            "RoleClassId": 33,
            "RoleClassOrdinal": null,
            "RoleToRoleClassOrdinal": null,
            "RoleClassNameEn": "Committee",
            "RoleClassNameFr": "Comit\u00e9"
          },
          {
            "RoleClassId": 113,
            "RoleClassOrdinal": null,
            "RoleToRoleClassOrdinal": null,
            "RoleClassNameEn": "ElectionProcessCloseDissolution",
            "RoleClassNameFr": "ElectionProcessCloseDissolution"
          }
        ]
      },
      {
        "PersonRoleId": 278878,
        "NameFr": "Membre",
        "StartDate": "1996-02-28T00:00:00Z",
        "StartDateIsApproximate": false,
        "EndDate": "1997-04-27T00:00:00Z",
        "EndDateIsApproximate": false,
        "EndReasonEn": null,
        "EndReasonFr": null,
        "EndReasonTypeEn": null,
        "EndReasonTypeFr": null,
        "SourceOfInformationEn": null,
        "SourceOfInformationFr": null,
        "IsActing": false,
        "ActingTextEn": null,
        "ActingTextFr": null,
        "HasCrossedTheFloor": false,
        "OrganizationId": 384,
        "OrganizationLongEn": "Standing Committee on Aboriginal Peoples",
        "OrganizationLongFr": "Comit\u00e9 permanent des peuples autochtones",
        "OrganizationShortEn": "Aboriginal Peoples",
        "OrganizationShortFr": "Peuples autochtones",
        "OrganizationAcronymEn": "APPA",
        "OrganizationAcronymFr": "APPA",
        "OrganizationTypeId": 27,
        "OrganizationTypeEn": "Committee",
        "OrganizationTypeFr": "Comit\u00e9",
        "OrganizationProvinceEn": null,
        "OrganizationProvinceFr": null,
        "OrganizationHasProfile": true,
        "IsSenatorialDivision": false,
        "ToBeStyledAsEn": "",
        "ToBeStyledAsFr": "",
        "GroupId": 0,
        "Source": null,
        "PortFolioEn": null,
        "PortFolioFr": null,
        "Committee": {
          "OrganizationId": 0,
          "SenateCommitteeId": 0,
          "CommitteeTypeId": 5,
          "CommitteeTypeEn": "Standing",
          "CommitteeTypeFr": "Permanent",
          "CompositionTypeId": 1,
          "CompositionTypeLongEn": "Senate",
          "CompositionTypeLongFr": "S\u00e9nat",
          "CompositionTypeShortEn": "S",
          "CompositionTypeShortFr": "S",
          "Sessions": [
            {
              "SessionId": 0,
              "SessionNumber": 2,
              "ParliamentNumber": 35,
              "StartDate": "1996-02-27T00:00:00Z",
              "EndDate": "1997-04-27T00:00:00Z",
              "ShortEn": "2nd",
              "ShortFr": "2e"
            }
          ],
          "Mandates": null
        },
        "GroupingTitleEn": null,
        "GroupingTitleFr": null,
        "GroupingOrder": 0,
        "ParliamentStart": null,
        "ParliamentEnd": null,
        "ParliamentNumber": 0,
        "PartyOrganizationId": 4831,
        "PartyEn": "Liberal Party of Canada",
        "PartyFr": "Parti lib\u00e9ral du Canada",
        "PartyStartDate": "1994-08-31T00:00:00Z",
        "PartyEndDate": "1996-08-08T00:00:00Z",
        "PersonPersonId": 0,
        "PersonLastName": null,
        "PersonUsedFirstName": null,
        "PersonGender": null,
        "MemberOfParliament": null,
        "IsMP": false,
        "IsSenator": false,
        "GovernorGeneral": null,
        "Documents": null,
        "Senator": null,
        "NotesEn": null,
        "NotesFr": null,
        "InternalNotes": null,
        "IsCurrent": "False",
        "RoleId": 226,
        "NameEn": "Member",
        "Ordinal": 300,
        "Classes": [
          {
            "RoleClassId": 33,
            "RoleClassOrdinal": null,
            "RoleToRoleClassOrdinal": null,
            "RoleClassNameEn": "Committee",
            "RoleClassNameFr": "Comit\u00e9"
          },
          {
            "RoleClassId": 113,
            "RoleClassOrdinal": null,
            "RoleToRoleClassOrdinal": null,
            "RoleClassNameEn": "ElectionProcessCloseDissolution",
            "RoleClassNameFr": "ElectionProcessCloseDissolution"
          }
        ]
      },
      {
        "PersonRoleId": 279209,
        "NameFr": "Membre",
        "StartDate": "1996-02-27T00:00:00Z",
        "StartDateIsApproximate": false,
        "EndDate": "1997-04-27T00:00:00Z",
        "EndDateIsApproximate": false,
        "EndReasonEn": null,
        "EndReasonFr": null,
        "EndReasonTypeEn": null,
        "EndReasonTypeFr": null,
        "SourceOfInformationEn": null,
        "SourceOfInformationFr": null,
        "IsActing": false,
        "ActingTextEn": null,
        "ActingTextFr": null,
        "HasCrossedTheFloor": false,
        "OrganizationId": 2100,
        "OrganizationLongEn": "Subcommittee on Communications of the Standing Committee on Transport and Communications",
        "OrganizationLongFr": "Sous-comit\u00e9 des communications du Comit\u00e9 permanent des transports et des communications",
        "OrganizationShortEn": "Communications",
        "OrganizationShortFr": "Communications",
        "OrganizationAcronymEn": "",
        "OrganizationAcronymFr": "",
        "OrganizationTypeId": 27,
        "OrganizationTypeEn": "Committee",
        "OrganizationTypeFr": "Comit\u00e9",
        "OrganizationProvinceEn": null,
        "OrganizationProvinceFr": null,
        "OrganizationHasProfile": true,
        "IsSenatorialDivision": false,
        "ToBeStyledAsEn": "",
        "ToBeStyledAsFr": "",
        "GroupId": 0,
        "Source": null,
        "PortFolioEn": null,
        "PortFolioFr": null,
        "Committee": {
          "OrganizationId": 0,
          "SenateCommitteeId": 0,
          "CommitteeTypeId": 10,
          "CommitteeTypeEn": "Subcommittee",
          "CommitteeTypeFr": "Sous-comit\u00e9",
          "CompositionTypeId": 1,
          "CompositionTypeLongEn": "Senate",
          "CompositionTypeLongFr": "S\u00e9nat",
          "CompositionTypeShortEn": "S",
          "CompositionTypeShortFr": "S",
          "Sessions": [
            {
              "SessionId": 0,
              "SessionNumber": 2,
              "ParliamentNumber": 35,
              "StartDate": "1996-02-27T00:00:00Z",
              "EndDate": "1997-04-27T00:00:00Z",
              "ShortEn": "2nd",
              "ShortFr": "2e"
            }
          ],
          "Mandates": null
        },
        "GroupingTitleEn": null,
        "GroupingTitleFr": null,
        "GroupingOrder": 0,
        "ParliamentStart": null,
        "ParliamentEnd": null,
        "ParliamentNumber": 0,
        "PartyOrganizationId": 4831,
        "PartyEn": "Liberal Party of Canada",
        "PartyFr": "Parti lib\u00e9ral du Canada",
        "PartyStartDate": "1994-08-31T00:00:00Z",
        "PartyEndDate": "1996-08-08T00:00:00Z",
        "PersonPersonId": 0,
        "PersonLastName": null,
        "PersonUsedFirstName": null,
        "PersonGender": null,
        "MemberOfParliament": null,
        "IsMP": false,
        "IsSenator": false,
        "GovernorGeneral": null,
        "Documents": null,
        "Senator": null,
        "NotesEn": null,
        "NotesFr": null,
        "InternalNotes": null,
        "IsCurrent": "False",
        "RoleId": 226,
        "NameEn": "Member",
        "Ordinal": 300,
        "Classes": [
          {
            "RoleClassId": 33,
            "RoleClassOrdinal": null,
            "RoleToRoleClassOrdinal": null,
            "RoleClassNameEn": "Committee",
            "RoleClassNameFr": "Comit\u00e9"
          },
          {
            "RoleClassId": 113,
            "RoleClassOrdinal": null,
            "RoleToRoleClassOrdinal": null,
            "RoleClassNameEn": "ElectionProcessCloseDissolution",
            "RoleClassNameFr": "ElectionProcessCloseDissolution"
          }
        ]
      },
      {
        "PersonRoleId": 279652,
        "NameFr": "Membre",
        "StartDate": "1994-01-17T00:00:00Z",
        "StartDateIsApproximate": false,
        "EndDate": "1996-02-02T00:00:00Z",
        "EndDateIsApproximate": false,
        "EndReasonEn": null,
        "EndReasonFr": null,
        "EndReasonTypeEn": null,
        "EndReasonTypeFr": null,
        "SourceOfInformationEn": null,
        "SourceOfInformationFr": null,
        "IsActing": false,
        "ActingTextEn": null,
        "ActingTextFr": null,
        "HasCrossedTheFloor": false,
        "OrganizationId": 2100,
        "OrganizationLongEn": "Subcommittee on Communications of the Standing Committee on Transport and Communications",
        "OrganizationLongFr": "Sous-comit\u00e9 des communications du Comit\u00e9 permanent des transports et des communications",
        "OrganizationShortEn": "Communications",
        "OrganizationShortFr": "Communications",
        "OrganizationAcronymEn": "",
        "OrganizationAcronymFr": "",
        "OrganizationTypeId": 27,
        "OrganizationTypeEn": "Committee",
        "OrganizationTypeFr": "Comit\u00e9",
        "OrganizationProvinceEn": null,
        "OrganizationProvinceFr": null,
        "OrganizationHasProfile": true,
        "IsSenatorialDivision": false,
        "ToBeStyledAsEn": "",
        "ToBeStyledAsFr": "",
        "GroupId": 0,
        "Source": null,
        "PortFolioEn": null,
        "PortFolioFr": null,
        "Committee": {
          "OrganizationId": 0,
          "SenateCommitteeId": 0,
          "CommitteeTypeId": 10,
          "CommitteeTypeEn": "Subcommittee",
          "CommitteeTypeFr": "Sous-comit\u00e9",
          "CompositionTypeId": 1,
          "CompositionTypeLongEn": "Senate",
          "CompositionTypeLongFr": "S\u00e9nat",
          "CompositionTypeShortEn": "S",
          "CompositionTypeShortFr": "S",
          "Sessions": [
            {
              "SessionId": 0,
              "SessionNumber": 1,
              "ParliamentNumber": 35,
              "StartDate": "1994-01-17T00:00:00Z",
              "EndDate": "1996-02-02T00:00:00Z",
              "ShortEn": "1st",
              "ShortFr": "1\u00e8re"
            }
          ],
          "Mandates": null
        },
        "GroupingTitleEn": null,
        "GroupingTitleFr": null,
        "GroupingOrder": 0,
        "ParliamentStart": null,
        "ParliamentEnd": null,
        "ParliamentNumber": 0,
        "PartyOrganizationId": 4831,
        "PartyEn": "Liberal Party of Canada",
        "PartyFr": "Parti lib\u00e9ral du Canada",
        "PartyStartDate": "1994-08-31T00:00:00Z",
        "PartyEndDate": "1996-08-08T00:00:00Z",
        "PersonPersonId": 0,
        "PersonLastName": null,
        "PersonUsedFirstName": null,
        "PersonGender": null,
        "MemberOfParliament": null,
        "IsMP": false,
        "IsSenator": false,
        "GovernorGeneral": null,
        "Documents": null,
        "Senator": null,
        "NotesEn": null,
        "NotesFr": null,
        "InternalNotes": null,
        "IsCurrent": "False",
        "RoleId": 226,
        "NameEn": "Member",
        "Ordinal": 300,
        "Classes": [
          {
            "RoleClassId": 33,
            "RoleClassOrdinal": null,
            "RoleToRoleClassOrdinal": null,
            "RoleClassNameEn": "Committee",
            "RoleClassNameFr": "Comit\u00e9"
          },
          {
            "RoleClassId": 113,
            "RoleClassOrdinal": null,
            "RoleToRoleClassOrdinal": null,
            "RoleClassNameEn": "ElectionProcessCloseDissolution",
            "RoleClassNameFr": "ElectionProcessCloseDissolution"
          }
        ]
      },
      {
        "PersonRoleId": 60854,
        "NameFr": "Membre",
        "StartDate": "1994-01-17T00:00:00Z",
        "StartDateIsApproximate": false,
        "EndDate": "1996-02-02T00:00:00Z",
        "EndDateIsApproximate": false,
        "EndReasonEn": null,
        "EndReasonFr": null,
        "EndReasonTypeEn": null,
        "EndReasonTypeFr": null,
        "SourceOfInformationEn": null,
        "SourceOfInformationFr": null,
        "IsActing": false,
        "ActingTextEn": null,
        "ActingTextFr": null,
        "HasCrossedTheFloor": false,
        "OrganizationId": 7964,
        "OrganizationLongEn": "Standing Committee on Social Affairs, Science and Technology",
        "OrganizationLongFr": "Comit\u00e9 permanent des affaires sociales, des sciences et de la technologie",
        "OrganizationShortEn": "Social Affairs, Science and Technology",
        "OrganizationShortFr": "Affaires sociales, sciences et technologie",
        "OrganizationAcronymEn": "",
        "OrganizationAcronymFr": "",
        "OrganizationTypeId": 27,
        "OrganizationTypeEn": "Committee",
        "OrganizationTypeFr": "Comit\u00e9",
        "OrganizationProvinceEn": null,
        "OrganizationProvinceFr": null,
        "OrganizationHasProfile": true,
        "IsSenatorialDivision": false,
        "ToBeStyledAsEn": "",
        "ToBeStyledAsFr": "",
        "GroupId": 0,
        "Source": null,
        "PortFolioEn": null,
        "PortFolioFr": null,
        "Committee": {
          "OrganizationId": 0,
          "SenateCommitteeId": 0,
          "CommitteeTypeId": 5,
          "CommitteeTypeEn": "Standing",
          "CommitteeTypeFr": "Permanent",
          "CompositionTypeId": 1,
          "CompositionTypeLongEn": "Senate",
          "CompositionTypeLongFr": "S\u00e9nat",
          "CompositionTypeShortEn": "S",
          "CompositionTypeShortFr": "S",
          "Sessions": [
            {
              "SessionId": 0,
              "SessionNumber": 1,
              "ParliamentNumber": 35,
              "StartDate": "1994-01-17T00:00:00Z",
              "EndDate": "1996-02-02T00:00:00Z",
              "ShortEn": "1st",
              "ShortFr": "1\u00e8re"
            }
          ],
          "Mandates": null
        },
        "GroupingTitleEn": null,
        "GroupingTitleFr": null,
        "GroupingOrder": 0,
        "ParliamentStart": null,
        "ParliamentEnd": null,
        "ParliamentNumber": 0,
        "PartyOrganizationId": 4831,
        "PartyEn": "Liberal Party of Canada",
        "PartyFr": "Parti lib\u00e9ral du Canada",
        "PartyStartDate": "1994-08-31T00:00:00Z",
        "PartyEndDate": "1996-08-08T00:00:00Z",
        "PersonPersonId": 0,
        "PersonLastName": null,
        "PersonUsedFirstName": null,
        "PersonGender": null,
        "MemberOfParliament": null,
        "IsMP": false,
        "IsSenator": false,
        "GovernorGeneral": null,
        "Documents": null,
        "Senator": null,
        "NotesEn": null,
        "NotesFr": null,
        "InternalNotes": null,
        "IsCurrent": "False",
        "RoleId": 226,
        "NameEn": "Member",
        "Ordinal": 300,
        "Classes": [
          {
            "RoleClassId": 33,
            "RoleClassOrdinal": null,
            "RoleToRoleClassOrdinal": null,
            "RoleClassNameEn": "Committee",
            "RoleClassNameFr": "Comit\u00e9"
          },
          {
            "RoleClassId": 113,
            "RoleClassOrdinal": null,
            "RoleToRoleClassOrdinal": null,
            "RoleClassNameEn": "ElectionProcessCloseDissolution",
            "RoleClassNameFr": "ElectionProcessCloseDissolution"
          }
        ]
      },
      {
        "PersonRoleId": 1392,
        "NameFr": "S\u00e9nateur",
        "StartDate": "1994-08-31T00:00:00Z",
        "StartDateIsApproximate": false,
        "EndDate": "1996-08-08T00:00:00Z",
        "EndDateIsApproximate": false,
        "EndReasonEn": "Resigned",
        "EndReasonFr": "D\u00e9missionnaire",
        "EndReasonTypeEn": "Resignation",
        "EndReasonTypeFr": "D\u00e9mission",
        "SourceOfInformationEn": "(PMO Release / Communiqu\u00e9 BPM, 08.08.1996)",
        "SourceOfInformationFr": "(PMO Release / Communiqu\u00e9 BPM, 08.08.1996)",
        "IsActing": false,
        "ActingTextEn": null,
        "ActingTextFr": null,
        "HasCrossedTheFloor": false,
        "OrganizationId": 7803,
        "OrganizationLongEn": "Senate",
        "OrganizationLongFr": "S\u00e9nat",
        "OrganizationShortEn": "Sen",
        "OrganizationShortFr": "S\u00e9n",
        "OrganizationAcronymEn": "",
        "OrganizationAcronymFr": "",
        "OrganizationTypeId": 18,
        "OrganizationTypeEn": "Chamber of Parliament (Fed)",
        "OrganizationTypeFr": "Chambre du Parlement (F\u00e9d)",
        "OrganizationProvinceEn": null,
        "OrganizationProvinceFr": null,
        "OrganizationHasProfile": true,
        "IsSenatorialDivision": true,
        "ToBeStyledAsEn": "",
        "ToBeStyledAsFr": "",
        "GroupId": 0,
        "Source": null,
        "PortFolioEn": null,
        "PortFolioFr": null,
        "Committee": null,
        "GroupingTitleEn": "Parliamentarian",
        "GroupingTitleFr": "Parlementaire",
        "GroupingOrder": 1,
        "ParliamentStart": "1994-01-17T00:00:00Z",
        "ParliamentEnd": "1997-04-27T00:00:00Z",
        "ParliamentNumber": 35,
        "PartyOrganizationId": 4831,
        "PartyEn": "Liberal Party of Canada",
        "PartyFr": "Parti lib\u00e9ral du Canada",
        "PartyStartDate": "1994-08-31T00:00:00Z",
        "PartyEndDate": "1996-08-08T00:00:00Z",
        "PersonPersonId": 0,
        "PersonLastName": null,
        "PersonUsedFirstName": null,
        "PersonGender": null,
        "MemberOfParliament": null,
        "IsMP": false,
        "IsSenator": true,
        "GovernorGeneral": null,
        "Documents": null,
        "Senator": {
          "IsReappointed": false,
          "AppointmentAdvisorPersonId": 306,
          "AppointmentAdvisorName": "Joseph Jacques Jean Chr\u00e9tien",
          "NominationEndDate": "1996-08-08T04:00:00Z",
          "NominationEndDateIsApproximate": false,
          "ProvinceEn": "Quebec",
          "ProvinceFr": "Qu\u00e9bec"
        },
        "NotesEn": null,
        "NotesFr": null,
        "InternalNotes": null,
        "IsCurrent": "False",
        "RoleId": 718,
        "NameEn": "Senator",
        "Ordinal": 390,
        "Classes": [
          {
            "RoleClassId": 50,
            "RoleClassOrdinal": 1,
            "RoleToRoleClassOrdinal": null,
            "RoleClassNameEn": "Salaries in the Senate",
            "RoleClassNameFr": "Salaires au Senate"
          },
          {
            "RoleClassId": 105,
            "RoleClassOrdinal": null,
            "RoleToRoleClassOrdinal": null,
            "RoleClassNameEn": "Parliamentarian",
            "RoleClassNameFr": "Parlementaire"
          }
        ]
      }
    ],
    "HillAddresses": null,
    "ConstituencyAddresses": null,
    "WebLinks": [
      {
        "TypeEn": "Other",
        "TypeFr": "Autre",
        "TitleFr": "Site Web de l'Assembl\u00e9e nationale du Qu\u00e9bec",
        "TitleEn": "National Assembly of Quebec Website (Available in French only)",
        "UrlEn": "http://www.assnat.qc.ca/en/patrimoine/anciens-parlementaires/roux-jean-louis-375.html",
        "UrlFr": "http://www.assnat.qc.ca/fr/patrimoine/anciens-parlementaires/roux-jean-louis-375.html"
      },
      {
        "TypeEn": "Other",
        "TypeFr": "Autre",
        "TitleFr": "Ordre du Canada",
        "TitleEn": "Order of Canada",
        "UrlEn": "http://www.gg.ca/honour.aspx?id=1472&t=12&ln=roux&lan=eng",
        "UrlFr": "http://www.gg.ca/honour.aspx?id=1472&t=12&ln=roux&lan=fra"
      }
    ],
    "Bibliography": null,
    "ElectionCandidates": null,
    "Death": {
      "DateOfDeath": "2013-11-28T00:00:00Z",
      "DateOfDeathIsApproximate": false,
      "DeceasedOnDuty": false,
      "RecordNotFound": false,
      "CauseOfDeathEn": null,
      "CauseOfDeathFr": null,
      "CemetaryNameEn": null,
      "CemetaryNameFr": null,
      "CemetaryCityEn": null,
      "CemetaryCityFr": null,
      "CemetaryProvinceEn": null,
      "CemetaryProvinceFr": null,
      "CemetaryCountryEn": null,
      "CemetaryCountryFr": null,
      "FuneralDate": null,
      "StateLayFuneralLocationEn": null,
      "StateLayFuneralLocationFr": null,
      "StateLayFuneralStartDate": null,
      "StateLayFuneralEndDate": null,
      "ReferenceOfStateLay": null
    },
    "PrimeMinister": null,
    "Parliaments": null,
    "Age": 90,
    "DisplayName": "Roux, Jean-Louis",
    "StraightDisplayName": "Jean-Louis Roux",
    "PartyEn": "Liberal Party of Canada (1994/08/31 - 1996/08/08)<br>",
    "PartyFr": "Parti lib\u00e9ral du Canada (1994/08/31 - 1996/08/08)<br>",
    "ConstituencyEn": "Mille Isles (1994/08/31 - 1996/08/08)<br>",
    "ConstituencyFr": "Mille Isles (1994/08/31 - 1996/08/08)<br>",
    "CurrentPartyEn": "Liberal Party of Canada",
    "CurrentPartyFr": "Parti lib\u00e9ral du Canada",
    "CurrentConstituencyEn": "Mille Isles",
    "CurrentConstituencyFr": "Mille Isles",
    "ProvinceEn": "Quebec<br>",
    "ProvinceFr": "Qu\u00e9bec<br>",
    "PrimeMinisterEn": "",
    "PrimeMinisterFr": "",
    "CabinetChairEn": "",
    "CabinetChairFr": "",
    "CabinetCommitteeMemberEn": "",
    "CabinetCommitteeMemberFr": "",
    "LeaderOpposition": "",
    "DeputyPrimeMinister": "",
    "SpeakerHouseOfCommons": "",
    "SpeakerSenate": "",
    "SpeakerProTempore": "",
    "DeputySpeaker": "",
    "AssistantDeputySpeakerChairEn": "",
    "AssistantDeputySpeakerChairFr": "",
    "MinisterOfEn": "",
    "MinisterOfFr": "",
    "AssociateMinisterOfEn": "",
    "AssociateMinisterOfFr": "",
    "MinisterOfStateOfEn": "",
    "MinisterOfStateOfFr": "",
    "SecretaryOfStateOfEn": "",
    "SecretaryOfStateOfFr": "",
    "ParliamentarySecretaryOfEn": "",
    "ParliamentarySecretaryOfFr": "",
    "ParliamentaryAssistantOfEn": "",
    "ParliamentaryAssistantOfFr": "",
    "PartyLeaderEn": "",
    "PartyLeaderFr": "",
    "HouseLeaderEn": "",
    "HouseLeaderFr": "",
    "DeputyHouseLeaderEn": "",
    "DeputyHouseLeaderFr": "",
    "WhipEn": "",
    "WhipFr": "",
    "DeputyWhipEn": "",
    "DeputyWhipFr": "",
    "CriticOfEn": "",
    "CriticOfFr": "",
    "AssistantCriticOfEn": "",
    "AssistantCriticOfFr": "",
    "TypeOfParliamentarianEn": "Senator (1994/08/31 - 1996/08/08)<br>",
    "TypeOfParliamentarianFr": "S\u00e9nateur (1994/08/31 - 1996/08/08)<br>",
    "DiedInOffice": false,
    "PremiershipExperienceEn": "",
    "PremiershipExperienceFr": "",
    "ProvincialExperienceEn": "National Assembly of Quebec - Lieutenant Governor (1996/09/12 - 1996/11/05)<br>",
    "ProvincialExperienceFr": "Assembl\u00e9e nationale du Qu\u00e9bec - Lieutenant-gouverneur (1996/09/12 - 1996/11/05)<br>",
    "MunicipalExperienceEn": "",
    "MunicipalExperienceFr": "",
    "MilitaryServiceEn": "Canadian Army (1942 - 1946)<br>",
    "MilitaryServiceFr": "Arm\u00e9e canadienne (1942 - 1946)<br>",
    "MinistryDurationEn": "",
    "MinistryDurationFr": "",
    "ProfessionsEn": ", actor, arts executive, author, stage director, writer",
    "ProfessionsFr": ", acteur, auteur, directeur artistique, \u00e9crivain, metteur en sc\u00e8ne",
    "LanguageEn": "",
    "LanguageFr": "",
    "IsPrimeMinister": false,
    "YearsOfServiceSegments": [
      {
        "TotalDays": 709,
        "Years": 1,
        "Months": 11,
        "Days": 9,
        "Hours": 0,
        "Minutes": 0,
        "Seconds": 0,
        "Milliseconds": 0
      }
    ],
    "IsCurrentlyInOffice": false,
    "IsCurrentlySenator": false,
    "IsCurrentlyMP": false,
    "HasMaidenSpeech": false,
    "_id": "59f8770be413e1389ffd1992",
    "LastUpdatedId": "000000000000000000000000",
    "LastModified": "0001-01-01T00:00:00",
    "ModifiedBy": null
  },
  "FederalExperience": [
    {
      "PersonRoleId": 17845,
      "NameFr": "Membre du parti",
      "StartDate": "1994-08-31T00:00:00Z",
      "StartDateIsApproximate": false,
      "EndDate": "1996-08-08T00:00:00Z",
      "EndDateIsApproximate": false,
      "EndReasonEn": null,
      "EndReasonFr": null,
      "EndReasonTypeEn": null,
      "EndReasonTypeFr": null,
      "SourceOfInformationEn": null,
      "SourceOfInformationFr": null,
      "IsActing": false,
      "ActingTextEn": null,
      "ActingTextFr": null,
      "HasCrossedTheFloor": false,
      "OrganizationId": 4831,
      "OrganizationLongEn": "Liberal Party of Canada",
      "OrganizationLongFr": "Parti lib\u00e9ral du Canada",
      "OrganizationShortEn": "Liberal",
      "OrganizationShortFr": "Lib\u00e9ral",
      "OrganizationAcronymEn": "Lib.",
      "OrganizationAcronymFr": "Lib.",
      "OrganizationTypeId": 4,
      "OrganizationTypeEn": "Party",
      "OrganizationTypeFr": "Parti",
      "OrganizationProvinceEn": null,
      "OrganizationProvinceFr": null,
      "OrganizationHasProfile": true,
      "IsSenatorialDivision": false,
      "ToBeStyledAsEn": "",
      "ToBeStyledAsFr": "",
      "GroupId": 0,
      "Source": null,
      "PortFolioEn": null,
      "PortFolioFr": null,
      "Committee": null,
      "GroupingTitleEn": "Parliamentarian",
      "GroupingTitleFr": "Parlementaire",
      "GroupingOrder": 1,
      "ParliamentStart": "1994-01-17T00:00:00Z",
      "ParliamentEnd": "1997-04-27T00:00:00Z",
      "ParliamentNumber": 35,
      "PartyOrganizationId": 4831,
      "PartyEn": "Liberal Party of Canada",
      "PartyFr": "Parti lib\u00e9ral du Canada",
      "PartyStartDate": "1994-08-31T00:00:00Z",
      "PartyEndDate": "1996-08-08T00:00:00Z",
      "PersonPersonId": 0,
      "PersonLastName": null,
      "PersonUsedFirstName": null,
      "PersonGender": null,
      "MemberOfParliament": null,
      "IsMP": false,
      "IsSenator": false,
      "GovernorGeneral": null,
      "Documents": null,
      "Senator": null,
      "NotesEn": null,
      "NotesFr": null,
      "InternalNotes": null,
      "IsCurrent": "False",
      "RoleId": 722,
      "NameEn": "Party Member",
      "Ordinal": null,
      "Classes": [
        {
          "RoleClassId": 105,
          "RoleClassOrdinal": null,
          "RoleToRoleClassOrdinal": null,
          "RoleClassNameEn": "Parliamentarian",
          "RoleClassNameFr": "Parlementaire"
        }
      ]
    },
    {
      "PersonRoleId": 39169,
      "NameFr": "Membre pour la circonscription",
      "StartDate": "1994-08-31T00:00:00Z",
      "StartDateIsApproximate": false,
      "EndDate": "1996-08-08T00:00:00Z",
      "EndDateIsApproximate": false,
      "EndReasonEn": null,
      "EndReasonFr": null,
      "EndReasonTypeEn": null,
      "EndReasonTypeFr": null,
      "SourceOfInformationEn": null,
      "SourceOfInformationFr": null,
      "IsActing": false,
      "ActingTextEn": null,
      "ActingTextFr": null,
      "HasCrossedTheFloor": false,
      "OrganizationId": 5321,
      "OrganizationLongEn": "Mille Isles",
      "OrganizationLongFr": "Mille Isles",
      "OrganizationShortEn": "",
      "OrganizationShortFr": "",
      "OrganizationAcronymEn": "",
      "OrganizationAcronymFr": "",
      "OrganizationTypeId": 50,
      "OrganizationTypeEn": "Senatorial Riding",
      "OrganizationTypeFr": "Circonscription s\u00e9natoriale",
      "OrganizationProvinceEn": "Quebec",
      "OrganizationProvinceFr": "Qu\u00e9bec",
      "OrganizationHasProfile": true,
      "IsSenatorialDivision": false,
      "ToBeStyledAsEn": "",
      "ToBeStyledAsFr": "",
      "GroupId": 0,
      "Source": null,
      "PortFolioEn": null,
      "PortFolioFr": null,
      "Committee": null,
      "GroupingTitleEn": "Parliamentarian",
      "GroupingTitleFr": "Parlementaire",
      "GroupingOrder": 1,
      "ParliamentStart": "1994-01-17T00:00:00Z",
      "ParliamentEnd": "1997-04-27T00:00:00Z",
      "ParliamentNumber": 35,
      "PartyOrganizationId": 4831,
      "PartyEn": "Liberal Party of Canada",
      "PartyFr": "Parti lib\u00e9ral du Canada",
      "PartyStartDate": "1994-08-31T00:00:00Z",
      "PartyEndDate": "1996-08-08T00:00:00Z",
      "PersonPersonId": 0,
      "PersonLastName": null,
      "PersonUsedFirstName": null,
      "PersonGender": null,
      "MemberOfParliament": {
        "OccupationTypeEn": "Continuous",
        "OccupationTypeFr": "Continue"
      },
      "IsMP": false,
      "IsSenator": true,
      "GovernorGeneral": null,
      "Documents": null,
      "Senator": null,
      "NotesEn": "Resigned",
      "NotesFr": "D\u00e9missionnaire",
      "InternalNotes": null,
      "IsCurrent": "False",
      "RoleId": 719,
      "NameEn": "Constituency Member",
      "Ordinal": 240,
      "Classes": [
        {
          "RoleClassId": 49,
          "RoleClassOrdinal": 2,
          "RoleToRoleClassOrdinal": null,
          "RoleClassNameEn": "Salaries in the House of Commons",
          "RoleClassNameFr": "Salaires \u00e0 la Chambre des Communes"
        },
        {
          "RoleClassId": 105,
          "RoleClassOrdinal": null,
          "RoleToRoleClassOrdinal": null,
          "RoleClassNameEn": "Parliamentarian",
          "RoleClassNameFr": "Parlementaire"
        }
      ]
    },
    {
      "PersonRoleId": 1392,
      "NameFr": "S\u00e9nateur",
      "StartDate": "1994-08-31T00:00:00Z",
      "StartDateIsApproximate": false,
      "EndDate": "1996-08-08T00:00:00Z",
      "EndDateIsApproximate": false,
      "EndReasonEn": "Resigned",
      "EndReasonFr": "D\u00e9missionnaire",
      "EndReasonTypeEn": "Resignation",
      "EndReasonTypeFr": "D\u00e9mission",
      "SourceOfInformationEn": "(PMO Release / Communiqu\u00e9 BPM, 08.08.1996)",
      "SourceOfInformationFr": "(PMO Release / Communiqu\u00e9 BPM, 08.08.1996)",
      "IsActing": false,
      "ActingTextEn": null,
      "ActingTextFr": null,
      "HasCrossedTheFloor": false,
      "OrganizationId": 7803,
      "OrganizationLongEn": "Senate",
      "OrganizationLongFr": "S\u00e9nat",
      "OrganizationShortEn": "Sen",
      "OrganizationShortFr": "S\u00e9n",
      "OrganizationAcronymEn": "",
      "OrganizationAcronymFr": "",
      "OrganizationTypeId": 18,
      "OrganizationTypeEn": "Chamber of Parliament (Fed)",
      "OrganizationTypeFr": "Chambre du Parlement (F\u00e9d)",
      "OrganizationProvinceEn": null,
      "OrganizationProvinceFr": null,
      "OrganizationHasProfile": true,
      "IsSenatorialDivision": true,
      "ToBeStyledAsEn": "",
      "ToBeStyledAsFr": "",
      "GroupId": 0,
      "Source": null,
      "PortFolioEn": null,
      "PortFolioFr": null,
      "Committee": null,
      "GroupingTitleEn": "Parliamentarian",
      "GroupingTitleFr": "Parlementaire",
      "GroupingOrder": 1,
      "ParliamentStart": "1994-01-17T00:00:00Z",
      "ParliamentEnd": "1997-04-27T00:00:00Z",
      "ParliamentNumber": 35,
      "PartyOrganizationId": 4831,
      "PartyEn": "Liberal Party of Canada",
      "PartyFr": "Parti lib\u00e9ral du Canada",
      "PartyStartDate": "1994-08-31T00:00:00Z",
      "PartyEndDate": "1996-08-08T00:00:00Z",
      "PersonPersonId": 0,
      "PersonLastName": null,
      "PersonUsedFirstName": null,
      "PersonGender": null,
      "MemberOfParliament": null,
      "IsMP": false,
      "IsSenator": true,
      "GovernorGeneral": null,
      "Documents": null,
      "Senator": {
        "IsReappointed": false,
        "AppointmentAdvisorPersonId": 306,
        "AppointmentAdvisorName": "Joseph Jacques Jean Chr\u00e9tien",
        "NominationEndDate": "1996-08-08T04:00:00Z",
        "NominationEndDateIsApproximate": false,
        "ProvinceEn": "Quebec",
        "ProvinceFr": "Qu\u00e9bec"
      },
      "NotesEn": null,
      "NotesFr": null,
      "InternalNotes": null,
      "IsCurrent": "False",
      "RoleId": 718,
      "NameEn": "Senator",
      "Ordinal": 390,
      "Classes": [
        {
          "RoleClassId": 50,
          "RoleClassOrdinal": 1,
          "RoleToRoleClassOrdinal": null,
          "RoleClassNameEn": "Salaries in the Senate",
          "RoleClassNameFr": "Salaires au Senate"
        },
        {
          "RoleClassId": 105,
          "RoleClassOrdinal": null,
          "RoleToRoleClassOrdinal": null,
          "RoleClassNameEn": "Parliamentarian",
          "RoleClassNameFr": "Parlementaire"
        }
      ]
    }
  ],
  "FederalExperienceList": [
    {
      "PersonRoleId": 17845,
      "NameFr": "Membre du parti",
      "StartDate": "1994-08-31T00:00:00Z",
      "StartDateIsApproximate": false,
      "EndDate": "1996-08-08T00:00:00Z",
      "EndDateIsApproximate": false,
      "EndReasonEn": null,
      "EndReasonFr": null,
      "EndReasonTypeEn": null,
      "EndReasonTypeFr": null,
      "SourceOfInformationEn": null,
      "SourceOfInformationFr": null,
      "IsActing": false,
      "ActingTextEn": null,
      "ActingTextFr": null,
      "HasCrossedTheFloor": false,
      "OrganizationId": 4831,
      "OrganizationLongEn": "Liberal Party of Canada",
      "OrganizationLongFr": "Parti lib\u00e9ral du Canada",
      "OrganizationShortEn": "Liberal",
      "OrganizationShortFr": "Lib\u00e9ral",
      "OrganizationAcronymEn": "Lib.",
      "OrganizationAcronymFr": "Lib.",
      "OrganizationTypeId": 4,
      "OrganizationTypeEn": "Party",
      "OrganizationTypeFr": "Parti",
      "OrganizationProvinceEn": null,
      "OrganizationProvinceFr": null,
      "OrganizationHasProfile": true,
      "IsSenatorialDivision": false,
      "ToBeStyledAsEn": "",
      "ToBeStyledAsFr": "",
      "GroupId": 0,
      "Source": null,
      "PortFolioEn": null,
      "PortFolioFr": null,
      "Committee": null,
      "GroupingTitleEn": "Parliamentarian",
      "GroupingTitleFr": "Parlementaire",
      "GroupingOrder": 1,
      "ParliamentStart": "1994-01-17T00:00:00Z",
      "ParliamentEnd": "1997-04-27T00:00:00Z",
      "ParliamentNumber": 35,
      "PartyOrganizationId": 4831,
      "PartyEn": "Liberal Party of Canada",
      "PartyFr": "Parti lib\u00e9ral du Canada",
      "PartyStartDate": "1994-08-31T00:00:00Z",
      "PartyEndDate": "1996-08-08T00:00:00Z",
      "PersonPersonId": 0,
      "PersonLastName": null,
      "PersonUsedFirstName": null,
      "PersonGender": null,
      "MemberOfParliament": null,
      "IsMP": false,
      "IsSenator": false,
      "GovernorGeneral": null,
      "Documents": null,
      "Senator": null,
      "NotesEn": null,
      "NotesFr": null,
      "InternalNotes": null,
      "IsCurrent": "False",
      "RoleId": 722,
      "NameEn": "Party Member",
      "Ordinal": null,
      "Classes": [
        {
          "RoleClassId": 105,
          "RoleClassOrdinal": null,
          "RoleToRoleClassOrdinal": null,
          "RoleClassNameEn": "Parliamentarian",
          "RoleClassNameFr": "Parlementaire"
        }
      ]
    },
    {
      "PersonRoleId": 39169,
      "NameFr": "Membre pour la circonscription",
      "StartDate": "1994-08-31T00:00:00Z",
      "StartDateIsApproximate": false,
      "EndDate": "1996-08-08T00:00:00Z",
      "EndDateIsApproximate": false,
      "EndReasonEn": null,
      "EndReasonFr": null,
      "EndReasonTypeEn": null,
      "EndReasonTypeFr": null,
      "SourceOfInformationEn": null,
      "SourceOfInformationFr": null,
      "IsActing": false,
      "ActingTextEn": null,
      "ActingTextFr": null,
      "HasCrossedTheFloor": false,
      "OrganizationId": 5321,
      "OrganizationLongEn": "Mille Isles",
      "OrganizationLongFr": "Mille Isles",
      "OrganizationShortEn": "",
      "OrganizationShortFr": "",
      "OrganizationAcronymEn": "",
      "OrganizationAcronymFr": "",
      "OrganizationTypeId": 50,
      "OrganizationTypeEn": "Senatorial Riding",
      "OrganizationTypeFr": "Circonscription s\u00e9natoriale",
      "OrganizationProvinceEn": "Quebec",
      "OrganizationProvinceFr": "Qu\u00e9bec",
      "OrganizationHasProfile": true,
      "IsSenatorialDivision": false,
      "ToBeStyledAsEn": "",
      "ToBeStyledAsFr": "",
      "GroupId": 0,
      "Source": null,
      "PortFolioEn": null,
      "PortFolioFr": null,
      "Committee": null,
      "GroupingTitleEn": "Parliamentarian",
      "GroupingTitleFr": "Parlementaire",
      "GroupingOrder": 1,
      "ParliamentStart": "1994-01-17T00:00:00Z",
      "ParliamentEnd": "1997-04-27T00:00:00Z",
      "ParliamentNumber": 35,
      "PartyOrganizationId": 4831,
      "PartyEn": "Liberal Party of Canada",
      "PartyFr": "Parti lib\u00e9ral du Canada",
      "PartyStartDate": "1994-08-31T00:00:00Z",
      "PartyEndDate": "1996-08-08T00:00:00Z",
      "PersonPersonId": 0,
      "PersonLastName": null,
      "PersonUsedFirstName": null,
      "PersonGender": null,
      "MemberOfParliament": {
        "OccupationTypeEn": "Continuous",
        "OccupationTypeFr": "Continue"
      },
      "IsMP": false,
      "IsSenator": true,
      "GovernorGeneral": null,
      "Documents": null,
      "Senator": null,
      "NotesEn": "Resigned",
      "NotesFr": "D\u00e9missionnaire",
      "InternalNotes": null,
      "IsCurrent": "False",
      "RoleId": 719,
      "NameEn": "Constituency Member",
      "Ordinal": 240,
      "Classes": [
        {
          "RoleClassId": 49,
          "RoleClassOrdinal": 2,
          "RoleToRoleClassOrdinal": null,
          "RoleClassNameEn": "Salaries in the House of Commons",
          "RoleClassNameFr": "Salaires \u00e0 la Chambre des Communes"
        },
        {
          "RoleClassId": 105,
          "RoleClassOrdinal": null,
          "RoleToRoleClassOrdinal": null,
          "RoleClassNameEn": "Parliamentarian",
          "RoleClassNameFr": "Parlementaire"
        }
      ]
    },
    {
      "PersonRoleId": 1392,
      "NameFr": "S\u00e9nateur",
      "StartDate": "1994-08-31T00:00:00Z",
      "StartDateIsApproximate": false,
      "EndDate": "1996-08-08T00:00:00Z",
      "EndDateIsApproximate": false,
      "EndReasonEn": "Resigned",
      "EndReasonFr": "D\u00e9missionnaire",
      "EndReasonTypeEn": "Resignation",
      "EndReasonTypeFr": "D\u00e9mission",
      "SourceOfInformationEn": "(PMO Release / Communiqu\u00e9 BPM, 08.08.1996)",
      "SourceOfInformationFr": "(PMO Release / Communiqu\u00e9 BPM, 08.08.1996)",
      "IsActing": false,
      "ActingTextEn": null,
      "ActingTextFr": null,
      "HasCrossedTheFloor": false,
      "OrganizationId": 7803,
      "OrganizationLongEn": "Senate",
      "OrganizationLongFr": "S\u00e9nat",
      "OrganizationShortEn": "Sen",
      "OrganizationShortFr": "S\u00e9n",
      "OrganizationAcronymEn": "",
      "OrganizationAcronymFr": "",
      "OrganizationTypeId": 18,
      "OrganizationTypeEn": "Chamber of Parliament (Fed)",
      "OrganizationTypeFr": "Chambre du Parlement (F\u00e9d)",
      "OrganizationProvinceEn": null,
      "OrganizationProvinceFr": null,
      "OrganizationHasProfile": true,
      "IsSenatorialDivision": true,
      "ToBeStyledAsEn": "",
      "ToBeStyledAsFr": "",
      "GroupId": 0,
      "Source": null,
      "PortFolioEn": null,
      "PortFolioFr": null,
      "Committee": null,
      "GroupingTitleEn": "Parliamentarian",
      "GroupingTitleFr": "Parlementaire",
      "GroupingOrder": 1,
      "ParliamentStart": "1994-01-17T00:00:00Z",
      "ParliamentEnd": "1997-04-27T00:00:00Z",
      "ParliamentNumber": 35,
      "PartyOrganizationId": 4831,
      "PartyEn": "Liberal Party of Canada",
      "PartyFr": "Parti lib\u00e9ral du Canada",
      "PartyStartDate": "1994-08-31T00:00:00Z",
      "PartyEndDate": "1996-08-08T00:00:00Z",
      "PersonPersonId": 0,
      "PersonLastName": null,
      "PersonUsedFirstName": null,
      "PersonGender": null,
      "MemberOfParliament": null,
      "IsMP": false,
      "IsSenator": true,
      "GovernorGeneral": null,
      "Documents": null,
      "Senator": {
        "IsReappointed": false,
        "AppointmentAdvisorPersonId": 306,
        "AppointmentAdvisorName": "Joseph Jacques Jean Chr\u00e9tien",
        "NominationEndDate": "1996-08-08T04:00:00Z",
        "NominationEndDateIsApproximate": false,
        "ProvinceEn": "Quebec",
        "ProvinceFr": "Qu\u00e9bec"
      },
      "NotesEn": null,
      "NotesFr": null,
      "InternalNotes": null,
      "IsCurrent": "False",
      "RoleId": 718,
      "NameEn": "Senator",
      "Ordinal": 390,
      "Classes": [
        {
          "RoleClassId": 50,
          "RoleClassOrdinal": 1,
          "RoleToRoleClassOrdinal": null,
          "RoleClassNameEn": "Salaries in the Senate",
          "RoleClassNameFr": "Salaires au Senate"
        },
        {
          "RoleClassId": 105,
          "RoleClassOrdinal": null,
          "RoleToRoleClassOrdinal": null,
          "RoleClassNameEn": "Parliamentarian",
          "RoleClassNameFr": "Parlementaire"
        }
      ]
    }
  ],
  "CommitteeMembership": [
    {
      "NameEn": "Member",
      "NameFr": "Membre",
      "RoleId": 226,
      "OrganizationId": 384,
      "OrganizationLongEn": "Standing Committee on Aboriginal Peoples",
      "OrganizationLongFr": "Comit\u00e9 permanent des peuples autochtones",
      "OrganizationTypeEn": "Committee",
      "OrganizationTypeFr": "Comit\u00e9",
      "OrganizationTypeId": 27,
      "PartyEn": "Liberal Party of Canada",
      "PartyFr": "Parti lib\u00e9ral du Canada",
      "CompositionTypeLongEn": "Senate",
      "CompositionTypeLongFr": "S\u00e9nat",
      "CompositionTypeShortEn": "S",
      "CompositionTypeShortFr": "S",
      "CommitteeTypeEn": "Standing",
      "CommitteeTypeFr": "Permanent",
      "ParliamentNumber": 35,
      "SessionNumber": 2,
      "ShortEn": "2nd",
      "ShortFr": "2e"
    },
    {
      "NameEn": "Co-Chair",
      "NameFr": "Co-pr\u00e9sident(e)",
      "RoleId": 785,
      "OrganizationId": 6108,
      "OrganizationLongEn": "Standing Joint Committee on Official Languages",
      "OrganizationLongFr": "Comit\u00e9 mixte permanent des langues officielles",
      "OrganizationTypeEn": "Committee",
      "OrganizationTypeFr": "Comit\u00e9",
      "OrganizationTypeId": 27,
      "PartyEn": "Liberal Party of Canada",
      "PartyFr": "Parti lib\u00e9ral du Canada",
      "CompositionTypeLongEn": "Joint",
      "CompositionTypeLongFr": "Mixte",
      "CompositionTypeShortEn": "J",
      "CompositionTypeShortFr": "J",
      "CommitteeTypeEn": "Standing",
      "CommitteeTypeFr": "Permanent",
      "ParliamentNumber": 35,
      "SessionNumber": 2,
      "ShortEn": "2nd",
      "ShortFr": "2e"
    },
    {
      "NameEn": "Member",
      "NameFr": "Membre",
      "RoleId": 226,
      "OrganizationId": 9341,
      "OrganizationLongEn": "Standing Committee on Transport and Communications",
      "OrganizationLongFr": "Comit\u00e9 permanent des transports et des communications",
      "OrganizationTypeEn": "Committee",
      "OrganizationTypeFr": "Comit\u00e9",
      "OrganizationTypeId": 27,
      "PartyEn": "Liberal Party of Canada",
      "PartyFr": "Parti lib\u00e9ral du Canada",
      "CompositionTypeLongEn": "Senate",
      "CompositionTypeLongFr": "S\u00e9nat",
      "CompositionTypeShortEn": "S",
      "CompositionTypeShortFr": "S",
      "CommitteeTypeEn": "Standing",
      "CommitteeTypeFr": "Permanent",
      "ParliamentNumber": 35,
      "SessionNumber": 2,
      "ShortEn": "2nd",
      "ShortFr": "2e"
    },
    {
      "NameEn": "Member",
      "NameFr": "Membre",
      "RoleId": 226,
      "OrganizationId": 2100,
      "OrganizationLongEn": "Subcommittee on Communications of the Standing Committee on Transport and Communications",
      "OrganizationLongFr": "Sous-comit\u00e9 des communications du Comit\u00e9 permanent des transports et des communications",
      "OrganizationTypeEn": "Committee",
      "OrganizationTypeFr": "Comit\u00e9",
      "OrganizationTypeId": 27,
      "PartyEn": "Liberal Party of Canada",
      "PartyFr": "Parti lib\u00e9ral du Canada",
      "CompositionTypeLongEn": "Senate",
      "CompositionTypeLongFr": "S\u00e9nat",
      "CompositionTypeShortEn": "S",
      "CompositionTypeShortFr": "S",
      "CommitteeTypeEn": "Subcommittee",
      "CommitteeTypeFr": "Sous-comit\u00e9",
      "ParliamentNumber": 35,
      "SessionNumber": 2,
      "ShortEn": "2nd",
      "ShortFr": "2e"
    },
    {
      "NameEn": "Member",
      "NameFr": "Membre",
      "RoleId": 226,
      "OrganizationId": 6108,
      "OrganizationLongEn": "Standing Joint Committee on Official Languages",
      "OrganizationLongFr": "Comit\u00e9 mixte permanent des langues officielles",
      "OrganizationTypeEn": "Committee",
      "OrganizationTypeFr": "Comit\u00e9",
      "OrganizationTypeId": 27,
      "PartyEn": "Liberal Party of Canada",
      "PartyFr": "Parti lib\u00e9ral du Canada",
      "CompositionTypeLongEn": "Joint",
      "CompositionTypeLongFr": "Mixte",
      "CompositionTypeShortEn": "J",
      "CompositionTypeShortFr": "J",
      "CommitteeTypeEn": "Standing",
      "CommitteeTypeFr": "Permanent",
      "ParliamentNumber": 35,
      "SessionNumber": 1,
      "ShortEn": "1st",
      "ShortFr": "1\u00e8re"
    },
    {
      "NameEn": "Member",
      "NameFr": "Membre",
      "RoleId": 226,
      "OrganizationId": 2100,
      "OrganizationLongEn": "Subcommittee on Communications of the Standing Committee on Transport and Communications",
      "OrganizationLongFr": "Sous-comit\u00e9 des communications du Comit\u00e9 permanent des transports et des communications",
      "OrganizationTypeEn": "Committee",
      "OrganizationTypeFr": "Comit\u00e9",
      "OrganizationTypeId": 27,
      "PartyEn": "Liberal Party of Canada",
      "PartyFr": "Parti lib\u00e9ral du Canada",
      "CompositionTypeLongEn": "Senate",
      "CompositionTypeLongFr": "S\u00e9nat",
      "CompositionTypeShortEn": "S",
      "CompositionTypeShortFr": "S",
      "CommitteeTypeEn": "Subcommittee",
      "CommitteeTypeFr": "Sous-comit\u00e9",
      "ParliamentNumber": 35,
      "SessionNumber": 1,
      "ShortEn": "1st",
      "ShortFr": "1\u00e8re"
    },
    {
      "NameEn": "Member",
      "NameFr": "Membre",
      "RoleId": 226,
      "OrganizationId": 7964,
      "OrganizationLongEn": "Standing Committee on Social Affairs, Science and Technology",
      "OrganizationLongFr": "Comit\u00e9 permanent des affaires sociales, des sciences et de la technologie",
      "OrganizationTypeEn": "Committee",
      "OrganizationTypeFr": "Comit\u00e9",
      "OrganizationTypeId": 27,
      "PartyEn": "Liberal Party of Canada",
      "PartyFr": "Parti lib\u00e9ral du Canada",
      "CompositionTypeLongEn": "Senate",
      "CompositionTypeLongFr": "S\u00e9nat",
      "CompositionTypeShortEn": "S",
      "CompositionTypeShortFr": "S",
      "CommitteeTypeEn": "Standing",
      "CommitteeTypeFr": "Permanent",
      "ParliamentNumber": 35,
      "SessionNumber": 1,
      "ShortEn": "1st",
      "ShortFr": "1\u00e8re"
    }
  ],
  "PublicOfficeExperience": null,
  "ProvincialExperience": [
    {
      "PersonRoleId": 120926,
      "NameFr": "Lieutenant-gouverneur",
      "StartDate": "1996-09-12T00:00:00Z",
      "StartDateIsApproximate": false,
      "EndDate": "1996-11-05T00:00:00Z",
      "EndDateIsApproximate": false,
      "EndReasonEn": null,
      "EndReasonFr": null,
      "EndReasonTypeEn": null,
      "EndReasonTypeFr": null,
      "SourceOfInformationEn": null,
      "SourceOfInformationFr": null,
      "IsActing": false,
      "ActingTextEn": null,
      "ActingTextFr": null,
      "HasCrossedTheFloor": false,
      "OrganizationId": 5625,
      "OrganizationLongEn": "National Assembly of Quebec",
      "OrganizationLongFr": "Assembl\u00e9e nationale du Qu\u00e9bec",
      "OrganizationShortEn": "National Assembly",
      "OrganizationShortFr": "Assembl\u00e9e nationale",
      "OrganizationAcronymEn": "",
      "OrganizationAcronymFr": "",
      "OrganizationTypeId": 6,
      "OrganizationTypeEn": "Chamber Of Parliament (Prov)",
      "OrganizationTypeFr": "Chambre de Parlement (Prov)",
      "OrganizationProvinceEn": null,
      "OrganizationProvinceFr": null,
      "OrganizationHasProfile": true,
      "IsSenatorialDivision": false,
      "ToBeStyledAsEn": "",
      "ToBeStyledAsFr": "",
      "GroupId": 0,
      "Source": null,
      "PortFolioEn": null,
      "PortFolioFr": null,
      "Committee": null,
      "GroupingTitleEn": "Provincial Experience",
      "GroupingTitleFr": "Exp\u00e9rience Provinciale",
      "GroupingOrder": 0,
      "ParliamentStart": null,
      "ParliamentEnd": null,
      "ParliamentNumber": 0,
      "PartyOrganizationId": 0,
      "PartyEn": null,
      "PartyFr": null,
      "PartyStartDate": null,
      "PartyEndDate": null,
      "PersonPersonId": 0,
      "PersonLastName": null,
      "PersonUsedFirstName": null,
      "PersonGender": null,
      "MemberOfParliament": null,
      "IsMP": false,
      "IsSenator": false,
      "GovernorGeneral": null,
      "Documents": null,
      "Senator": null,
      "NotesEn": null,
      "NotesFr": null,
      "InternalNotes": null,
      "IsCurrent": "False",
      "RoleId": 1582,
      "NameEn": "Lieutenant Governor",
      "Ordinal": 0,
      "Classes": [
        {
          "RoleClassId": 12,
          "RoleClassOrdinal": null,
          "RoleToRoleClassOrdinal": 0,
          "RoleClassNameEn": "Minister",
          "RoleClassNameFr": "Ministre"
        },
        {
          "RoleClassId": 15,
          "RoleClassOrdinal": null,
          "RoleToRoleClassOrdinal": 0,
          "RoleClassNameEn": "Parliamentary function",
          "RoleClassNameFr": "Fonction Parlementaire"
        }
      ]
    }
  ],
  "MilitaryExperience": [
    {
      "PersonRoleId": 33235,
      "NameFr": "Militaire",
      "StartDate": "1942-01-01T00:00:00Z",
      "StartDateIsApproximate": true,
      "EndDate": "1946-01-01T00:00:00Z",
      "EndDateIsApproximate": true,
      "EndReasonEn": null,
      "EndReasonFr": null,
      "EndReasonTypeEn": null,
      "EndReasonTypeFr": null,
      "SourceOfInformationEn": null,
      "SourceOfInformationFr": null,
      "IsActing": false,
      "ActingTextEn": null,
      "ActingTextFr": null,
      "HasCrossedTheFloor": false,
      "OrganizationId": 1536,
      "OrganizationLongEn": "Canadian Army",
      "OrganizationLongFr": "Arm\u00e9e canadienne",
      "OrganizationShortEn": "",
      "OrganizationShortFr": "",
      "OrganizationAcronymEn": "",
      "OrganizationAcronymFr": "",
      "OrganizationTypeId": 13,
      "OrganizationTypeEn": "Military",
      "OrganizationTypeFr": "Militaire",
      "OrganizationProvinceEn": null,
      "OrganizationProvinceFr": null,
      "OrganizationHasProfile": true,
      "IsSenatorialDivision": false,
      "ToBeStyledAsEn": "",
      "ToBeStyledAsFr": "",
      "GroupId": 0,
      "Source": null,
      "PortFolioEn": null,
      "PortFolioFr": null,
      "Committee": null,
      "GroupingTitleEn": null,
      "GroupingTitleFr": null,
      "GroupingOrder": 0,
      "ParliamentStart": null,
      "ParliamentEnd": null,
      "ParliamentNumber": 0,
      "PartyOrganizationId": 0,
      "PartyEn": null,
      "PartyFr": null,
      "PartyStartDate": null,
      "PartyEndDate": null,
      "PersonPersonId": 0,
      "PersonLastName": null,
      "PersonUsedFirstName": null,
      "PersonGender": null,
      "MemberOfParliament": null,
      "IsMP": false,
      "IsSenator": false,
      "GovernorGeneral": null,
      "Documents": null,
      "Senator": null,
      "NotesEn": "Military training.",
      "NotesFr": "Entra\u00eenement militaire.",
      "InternalNotes": null,
      "IsCurrent": "False",
      "RoleId": 847,
      "NameEn": "Military",
      "Ordinal": null,
      "Classes": [
        {
          "RoleClassId": 103,
          "RoleClassOrdinal": null,
          "RoleToRoleClassOrdinal": null,
          "RoleClassNameEn": "Military",
          "RoleClassNameFr": "Militaire"
        }
      ]
    }
  ],
  "MunicipalExperience": null,
  "FamilyTiesInParliament": null,
  "Family": null,
  "Education": [
    {
      "SchoolNameLongEn": "Montreal University",
      "SchoolNameLongFr": "Universit\u00e9 de Montr\u00e9al",
      "SchoolCityEn": "Montreal",
      "SchoolCityFr": "Montr\u00e9al",
      "FieldOfStudyEn": "Chemistry",
      "FieldOfStudyFr": "Chimie",
      "DiplomaLongEn": "Certificate",
      "DiplomaLongFr": "Certificat",
      "DiplomaShortEn": "",
      "DiplomaShortFr": "",
      "GraduationYear": 1943
    },
    {
      "SchoolNameLongEn": "Montreal University",
      "SchoolNameLongFr": "Universit\u00e9 de Montr\u00e9al",
      "SchoolCityEn": "Montreal",
      "SchoolCityFr": "Montr\u00e9al",
      "FieldOfStudyEn": "Medicine",
      "FieldOfStudyFr": "M\u00e9decine",
      "DiplomaLongEn": "Unknown",
      "DiplomaLongFr": "Inconnu",
      "DiplomaShortEn": "",
      "DiplomaShortFr": "",
      "GraduationYear": 1946
    },
    {
      "SchoolNameLongEn": "Unknown",
      "SchoolNameLongFr": "Inconnu",
      "SchoolCityEn": "",
      "SchoolCityFr": "",
      "FieldOfStudyEn": "Arts",
      "FieldOfStudyFr": "Arts",
      "DiplomaLongEn": "Post-graduate studies",
      "DiplomaLongFr": "\u00c9tudes sup\u00e9rieures",
      "DiplomaShortEn": "",
      "DiplomaShortFr": "",
      "GraduationYear": 1950
    },
    {
      "SchoolNameLongEn": "Sainte-Marie College",
      "SchoolNameLongFr": "Coll\u00e8ge Sainte-Marie",
      "SchoolCityEn": "Montreal",
      "SchoolCityFr": "Montr\u00e9al",
      "FieldOfStudyEn": "Arts",
      "FieldOfStudyFr": "Arts",
      "DiplomaLongEn": "Bachelor",
      "DiplomaLongFr": "Bachelier",
      "DiplomaShortEn": "B.A",
      "DiplomaShortFr": "B.A.",
      "GraduationYear": 1942
    }
  ],
  "PictureId": 3012,
  "PictureCopyrightEn": "J.M. Carisse",
  "PictureCopyrightFr": "J.M. Carisse",
  "PictureCreditEn": "Senate",
  "PictureCreditFr": "S\u00e9nat",
  "DisplayTitleEn": "The Hon. Jean-Louis Roux, C.Q., C.C., Senator",
  "DisplayTitleFr": "L'hon. Jean-Louis Roux, C.Q., C.C., s\u00e9nateur",
  "PlaceOfBirthEn": "Montreal, Quebec, Canada",
  "PlaceOfBirthFr": "Montr\u00e9al, Qu\u00e9bec, Canada",
  "ProfessionsEn": "stage director, arts executive, author, actor, writer",
  "ProfessionsFr": "metteur en sc\u00e8ne, directeur artistique, auteur, acteur, \u00e9crivain",
  "PreferredLanguageEn": "",
  "PreferredLanguageFr": "",
  "PlaceOfBurialEn": ", , ",
  "PlaceOfBurialFr": ", , "
}