{
  "Person": {
    "PersonId": 10131,
    "HOCPersonId": 0,
    "SenatePersonId": 0,
    "FormalFirstName": null,
    "UsedFirstName": "Douglas Glenn",
    "MiddleName": null,
    "MaidenName": null,
    "LastName": "Fisher",
    "IsDraftProfile": false,
    "DateOfBirth": "1942-11-28T00:00:00Z",
    "DateOfBirthIsApproximate": false,
    "DoNotDiscloseDateOfBirth": false,
    "DoNotDiscloseBirthLocation": false,
    "CityOfBirthEn": "Windsor",
    "CityOfBirthFr": "Windsor",
    "ProvinceOfBirthEn": "Ontario",
    "ProvinceOfBirthFr": "Ontario",
    "CountryOfBirthFr": "Canada",
    "CountryOfBirthEn": "Canada",
    "Gender": "M",
    "EthnicityLongEn": null,
    "EthnicityLongFr": null,
    "IsCanadianOrigin": true,
    "InternalNotes": null,
    "ExternalNotesEn": null,
    "ExternalNotesFr": null,
    "ReligionEn": "The United Church",
    "ReligionFr": "L'\u00c9glise Unie",
    "Professions": [
      {
        "NameEn": "publisher",
        "NameFr": "\u00e9diteur",
        "SearchKeyWordsEn": "",
        "SearchKeyWordsFr": "",
        "ProfessionTypeEn": "Management - Senior managers",
        "ProfessionTypeFr": "Gestion - Cadres sup\u00e9rieurs",
        "Ordinal": null
      },
      {
        "NameEn": "businessman",
        "NameFr": "homme d'affaires",
        "SearchKeyWordsEn": "",
        "SearchKeyWordsFr": "",
        "ProfessionTypeEn": "Management - Senior managers",
        "ProfessionTypeFr": "Gestion - Cadres sup\u00e9rieurs",
        "Ordinal": null
      }
    ],
    "Languages": null,
    "Education": [
      {
        "SchoolNameLongEn": "Windsor University",
        "SchoolNameLongFr": "Universit\u00e9 de Windsor",
        "SchoolCityEn": "",
        "SchoolCityFr": "",
        "FieldOfStudyEn": "Unknown",
        "FieldOfStudyFr": "Inconnu",
        "DiplomaLongEn": "Unknown",
        "DiplomaLongFr": "Inconnu",
        "DiplomaShortEn": "",
        "DiplomaShortFr": "",
        "GraduationYear": null
      },
      {
        "SchoolNameLongEn": "York University",
        "SchoolNameLongFr": "Universit\u00e9 York",
        "SchoolCityEn": "Toronto",
        "SchoolCityFr": "Toronto",
        "FieldOfStudyEn": "Unknown",
        "FieldOfStudyFr": "Inconnu",
        "DiplomaLongEn": "Unknown",
        "DiplomaLongFr": "Inconnu",
        "DiplomaShortEn": "",
        "DiplomaShortFr": "",
        "GraduationYear": null
      }
    ],
    "FamilyRelations": null,
    "Pictures": [
      {
        "PictureId": 275,
        "PictureDate": null,
        "TypeEn": "Photographer",
        "TypeFr": "Photographe",
        "PhotographerEn": "Unknown",
        "PhotographerFr": "Inconnu",
        "CreditsEn": "House of Commons",
        "CreditsFr": "Chambre des communes",
        "CopyRightsEn": "House of Commons 1980",
        "CopyRightsFr": "Chambre des communes 1980",
        "DisplayForWeb": true,
        "InternalNotes": null
      }
    ],
    "Titles": [
      {
        "LongEn": null,
        "LongFr": null,
        "AcronymEn": null,
        "AcronymFr": null,
        "IsHonorific": false,
        "IsScholarity": false,
        "IsSalutation": true,
        "Ordinal": 0
      }
    ],
    "Roles": [
      {
        "PersonRoleId": 104715,
        "NameFr": "Membre du caucus",
        "StartDate": "1980-04-14T00:00:00Z",
        "StartDateIsApproximate": false,
        "EndDate": "1984-07-09T00:00:00Z",
        "EndDateIsApproximate": false,
        "EndReasonEn": null,
        "EndReasonFr": null,
        "EndReasonTypeEn": null,
        "EndReasonTypeFr": null,
        "SourceOfInformationEn": null,
        "SourceOfInformationFr": null,
        "IsActing": false,
        "ActingTextEn": null,
        "ActingTextFr": null,
        "HasCrossedTheFloor": false,
        "OrganizationId": 4831,
        "OrganizationLongEn": "Liberal Party of Canada",
        "OrganizationLongFr": "Parti lib\u00e9ral du Canada",
        "OrganizationShortEn": "Liberal",
        "OrganizationShortFr": "Lib\u00e9ral",
        "OrganizationAcronymEn": "Lib.",
        "OrganizationAcronymFr": "Lib.",
        "OrganizationTypeId": 4,
        "OrganizationTypeEn": "Party",
        "OrganizationTypeFr": "Parti",
        "OrganizationProvinceEn": null,
        "OrganizationProvinceFr": null,
        "OrganizationHasProfile": true,
        "IsSenatorialDivision": false,
        "ToBeStyledAsEn": null,
        "ToBeStyledAsFr": null,
        "GroupId": 0,
        "Source": null,
        "PortFolioEn": null,
        "PortFolioFr": null,
        "Committee": null,
        "GroupingTitleEn": null,
        "GroupingTitleFr": null,
        "GroupingOrder": 0,
        "ParliamentStart": null,
        "ParliamentEnd": null,
        "ParliamentNumber": 0,
        "PartyOrganizationId": 0,
        "PartyEn": null,
        "PartyFr": null,
        "PartyStartDate": null,
        "PartyEndDate": null,
        "PersonPersonId": 0,
        "PersonLastName": null,
        "PersonUsedFirstName": null,
        "PersonGender": null,
        "MemberOfParliament": null,
        "IsMP": false,
        "IsSenator": false,
        "GovernorGeneral": null,
        "Documents": null,
        "Senator": null,
        "NotesEn": null,
        "NotesFr": null,
        "InternalNotes": null,
        "IsCurrent": "False",
        "RoleId": 2998,
        "NameEn": "Caucus Member",
        "Ordinal": null,
        "Classes": null
      },
      {
        "PersonRoleId": 74794,
        "NameFr": "Membre du parti",
        "StartDate": "1980-02-18T00:00:00Z",
        "StartDateIsApproximate": false,
        "EndDate": "1984-09-03T00:00:00Z",
        "EndDateIsApproximate": false,
        "EndReasonEn": null,
        "EndReasonFr": null,
        "EndReasonTypeEn": null,
        "EndReasonTypeFr": null,
        "SourceOfInformationEn": null,
        "SourceOfInformationFr": null,
        "IsActing": false,
        "ActingTextEn": null,
        "ActingTextFr": null,
        "HasCrossedTheFloor": false,
        "OrganizationId": 4831,
        "OrganizationLongEn": "Liberal Party of Canada",
        "OrganizationLongFr": "Parti lib\u00e9ral du Canada",
        "OrganizationShortEn": "Liberal",
        "OrganizationShortFr": "Lib\u00e9ral",
        "OrganizationAcronymEn": "Lib.",
        "OrganizationAcronymFr": "Lib.",
        "OrganizationTypeId": 4,
        "OrganizationTypeEn": "Party",
        "OrganizationTypeFr": "Parti",
        "OrganizationProvinceEn": null,
        "OrganizationProvinceFr": null,
        "OrganizationHasProfile": true,
        "IsSenatorialDivision": false,
        "ToBeStyledAsEn": "",
        "ToBeStyledAsFr": "",
        "GroupId": 0,
        "Source": null,
        "PortFolioEn": null,
        "PortFolioFr": null,
        "Committee": null,
        "GroupingTitleEn": "Parliamentarian",
        "GroupingTitleFr": "Parlementaire",
        "GroupingOrder": 1,
        "ParliamentStart": "1980-04-14T00:00:00Z",
        "ParliamentEnd": "1984-07-09T00:00:00Z",
        "ParliamentNumber": 32,
        "PartyOrganizationId": 4831,
        "PartyEn": "Liberal Party of Canada",
        "PartyFr": "Parti lib\u00e9ral du Canada",
        "PartyStartDate": "1980-02-18T00:00:00Z",
        "PartyEndDate": "1984-09-03T00:00:00Z",
        "PersonPersonId": 0,
        "PersonLastName": null,
        "PersonUsedFirstName": null,
        "PersonGender": null,
        "MemberOfParliament": null,
        "IsMP": false,
        "IsSenator": false,
        "GovernorGeneral": null,
        "Documents": null,
        "Senator": null,
        "NotesEn": null,
        "NotesFr": null,
        "InternalNotes": null,
        "IsCurrent": "False",
        "RoleId": 722,
        "NameEn": "Party Member",
        "Ordinal": null,
        "Classes": [
          {
            "RoleClassId": 105,
            "RoleClassOrdinal": null,
            "RoleToRoleClassOrdinal": null,
            "RoleClassNameEn": "Parliamentarian",
            "RoleClassNameFr": "Parlementaire"
          }
        ]
      },
      {
        "PersonRoleId": 86426,
        "NameFr": "Pr\u00e9sident",
        "StartDate": "1983-12-07T00:00:00Z",
        "StartDateIsApproximate": false,
        "EndDate": "1984-07-09T00:00:00Z",
        "EndDateIsApproximate": false,
        "EndReasonEn": null,
        "EndReasonFr": null,
        "EndReasonTypeEn": null,
        "EndReasonTypeFr": null,
        "SourceOfInformationEn": null,
        "SourceOfInformationFr": null,
        "IsActing": false,
        "ActingTextEn": null,
        "ActingTextFr": null,
        "HasCrossedTheFloor": false,
        "OrganizationId": 9122,
        "OrganizationLongEn": "Subcommittee on the Taxation of Visual and Performing Artists and Writers of the Standing Committee on Communications and Culture",
        "OrganizationLongFr": "Sous-comit\u00e9 sur l'imposition des cr\u00e9ateurs et des interpr\u00e8tes du Comit\u00e9 permanent des communications et de la culture",
        "OrganizationShortEn": "Taxation of Visual and Performing Artists and Writers",
        "OrganizationShortFr": "Imposition des cr\u00e9ateurs et des interpr\u00e8tes",
        "OrganizationAcronymEn": "",
        "OrganizationAcronymFr": "",
        "OrganizationTypeId": 27,
        "OrganizationTypeEn": "Committee",
        "OrganizationTypeFr": "Comit\u00e9",
        "OrganizationProvinceEn": null,
        "OrganizationProvinceFr": null,
        "OrganizationHasProfile": true,
        "IsSenatorialDivision": false,
        "ToBeStyledAsEn": "",
        "ToBeStyledAsFr": "",
        "GroupId": 0,
        "Source": null,
        "PortFolioEn": null,
        "PortFolioFr": null,
        "Committee": {
          "OrganizationId": 0,
          "SenateCommitteeId": 0,
          "CommitteeTypeId": 10,
          "CommitteeTypeEn": "Subcommittee",
          "CommitteeTypeFr": "Sous-comit\u00e9",
          "CompositionTypeId": 3,
          "CompositionTypeLongEn": "House of Commons",
          "CompositionTypeLongFr": "Chambre des communes",
          "CompositionTypeShortEn": "C",
          "CompositionTypeShortFr": "C",
          "Sessions": [
            {
              "SessionId": 0,
              "SessionNumber": 2,
              "ParliamentNumber": 32,
              "StartDate": "1983-12-07T00:00:00Z",
              "EndDate": "1984-07-09T00:00:00Z",
              "ShortEn": "2nd",
              "ShortFr": "2e"
            }
          ],
          "Mandates": null
        },
        "GroupingTitleEn": null,
        "GroupingTitleFr": null,
        "GroupingOrder": 0,
        "ParliamentStart": null,
        "ParliamentEnd": null,
        "ParliamentNumber": 0,
        "PartyOrganizationId": 4831,
        "PartyEn": "Liberal Party of Canada",
        "PartyFr": "Parti lib\u00e9ral du Canada",
        "PartyStartDate": "1980-02-18T00:00:00Z",
        "PartyEndDate": "1984-09-03T00:00:00Z",
        "PersonPersonId": 0,
        "PersonLastName": null,
        "PersonUsedFirstName": null,
        "PersonGender": null,
        "MemberOfParliament": null,
        "IsMP": false,
        "IsSenator": false,
        "GovernorGeneral": null,
        "Documents": null,
        "Senator": null,
        "NotesEn": null,
        "NotesFr": null,
        "InternalNotes": null,
        "IsCurrent": "False",
        "RoleId": 756,
        "NameEn": "Chair",
        "Ordinal": null,
        "Classes": [
          {
            "RoleClassId": 33,
            "RoleClassOrdinal": null,
            "RoleToRoleClassOrdinal": null,
            "RoleClassNameEn": "Committee",
            "RoleClassNameFr": "Comit\u00e9"
          },
          {
            "RoleClassId": 37,
            "RoleClassOrdinal": 350,
            "RoleToRoleClassOrdinal": null,
            "RoleClassNameEn": "Officers of Party Caucuses and Executives",
            "RoleClassNameFr": "Officiers des caucus des partis et cadres"
          },
          {
            "RoleClassId": 113,
            "RoleClassOrdinal": null,
            "RoleToRoleClassOrdinal": null,
            "RoleClassNameEn": "ElectionProcessCloseDissolution",
            "RoleClassNameFr": "ElectionProcessCloseDissolution"
          }
        ]
      },
      {
        "PersonRoleId": 41081,
        "NameFr": "Secr\u00e9taire parlementaire",
        "StartDate": "1982-03-01T00:00:00Z",
        "StartDateIsApproximate": false,
        "EndDate": "1984-02-29T00:00:00Z",
        "EndDateIsApproximate": false,
        "EndReasonEn": null,
        "EndReasonFr": null,
        "EndReasonTypeEn": null,
        "EndReasonTypeFr": null,
        "SourceOfInformationEn": null,
        "SourceOfInformationFr": null,
        "IsActing": false,
        "ActingTextEn": null,
        "ActingTextFr": null,
        "HasCrossedTheFloor": false,
        "OrganizationId": 2985,
        "OrganizationLongEn": "Finance",
        "OrganizationLongFr": "Finances",
        "OrganizationShortEn": null,
        "OrganizationShortFr": null,
        "OrganizationAcronymEn": null,
        "OrganizationAcronymFr": null,
        "OrganizationTypeId": 38,
        "OrganizationTypeEn": "Government",
        "OrganizationTypeFr": "Gouvernement",
        "OrganizationProvinceEn": null,
        "OrganizationProvinceFr": null,
        "OrganizationHasProfile": true,
        "IsSenatorialDivision": false,
        "ToBeStyledAsEn": "Parliamentary Secretary to the Minister of Finance",
        "ToBeStyledAsFr": "Secr\u00e9taire parlementaire du ministre des Finances",
        "GroupId": 0,
        "Source": null,
        "PortFolioEn": "Finance",
        "PortFolioFr": "Finances",
        "Committee": null,
        "GroupingTitleEn": "House of Commons Roles",
        "GroupingTitleFr": "R\u00f4les \u00e0 la chambre des Communes",
        "GroupingOrder": 2,
        "ParliamentStart": "1980-04-14T00:00:00Z",
        "ParliamentEnd": "1984-07-09T00:00:00Z",
        "ParliamentNumber": 32,
        "PartyOrganizationId": 4831,
        "PartyEn": "Liberal Party of Canada",
        "PartyFr": "Parti lib\u00e9ral du Canada",
        "PartyStartDate": "1980-02-18T00:00:00Z",
        "PartyEndDate": "1984-09-03T00:00:00Z",
        "PersonPersonId": 0,
        "PersonLastName": null,
        "PersonUsedFirstName": null,
        "PersonGender": null,
        "MemberOfParliament": null,
        "IsMP": false,
        "IsSenator": false,
        "GovernorGeneral": null,
        "Documents": null,
        "Senator": null,
        "NotesEn": null,
        "NotesFr": null,
        "InternalNotes": null,
        "IsCurrent": "False",
        "RoleId": 427,
        "NameEn": "Parliamentary Secretary",
        "Ordinal": 14,
        "Classes": [
          {
            "RoleClassId": 49,
            "RoleClassOrdinal": 2,
            "RoleToRoleClassOrdinal": null,
            "RoleClassNameEn": "Salaries in the House of Commons",
            "RoleClassNameFr": "Salaires \u00e0 la Chambre des Communes"
          },
          {
            "RoleClassId": 13,
            "RoleClassOrdinal": 70,
            "RoleToRoleClassOrdinal": null,
            "RoleClassNameEn": "Parliamentary Secretaries",
            "RoleClassNameFr": "Secr\u00e9taires parlementaires"
          },
          {
            "RoleClassId": 15,
            "RoleClassOrdinal": null,
            "RoleToRoleClassOrdinal": null,
            "RoleClassNameEn": "Parliamentary function",
            "RoleClassNameFr": "Fonction Parlementaire"
          },
          {
            "RoleClassId": 20,
            "RoleClassOrdinal": 80,
            "RoleToRoleClassOrdinal": null,
            "RoleClassNameEn": "Parliamentary Secretary",
            "RoleClassNameFr": "Secr\u00e9taire parlementaire"
          },
          {
            "RoleClassId": 107,
            "RoleClassOrdinal": null,
            "RoleToRoleClassOrdinal": null,
            "RoleClassNameEn": "House of Commons Roles",
            "RoleClassNameFr": "R\u00f4les \u00e0 la chambre des Communes"
          },
          {
            "RoleClassId": 113,
            "RoleClassOrdinal": null,
            "RoleToRoleClassOrdinal": null,
            "RoleClassNameEn": "ElectionProcessCloseDissolution",
            "RoleClassNameFr": "ElectionProcessCloseDissolution"
          }
        ]
      },
      {
        "PersonRoleId": 26143,
        "NameFr": "Membre pour la circonscription",
        "StartDate": "1980-02-18T00:00:00Z",
        "StartDateIsApproximate": false,
        "EndDate": "1984-09-03T00:00:00Z",
        "EndDateIsApproximate": false,
        "EndReasonEn": null,
        "EndReasonFr": null,
        "EndReasonTypeEn": null,
        "EndReasonTypeFr": null,
        "SourceOfInformationEn": null,
        "SourceOfInformationFr": null,
        "IsActing": false,
        "ActingTextEn": null,
        "ActingTextFr": null,
        "HasCrossedTheFloor": false,
        "OrganizationId": 5383,
        "OrganizationLongEn": "Mississauga North",
        "OrganizationLongFr": "Mississauga-Nord",
        "OrganizationShortEn": "",
        "OrganizationShortFr": "",
        "OrganizationAcronymEn": "",
        "OrganizationAcronymFr": "",
        "OrganizationTypeId": 35,
        "OrganizationTypeEn": "Constituency",
        "OrganizationTypeFr": "Circonscription",
        "OrganizationProvinceEn": "Ontario",
        "OrganizationProvinceFr": "Ontario",
        "OrganizationHasProfile": true,
        "IsSenatorialDivision": false,
        "ToBeStyledAsEn": "",
        "ToBeStyledAsFr": "",
        "GroupId": 0,
        "Source": null,
        "PortFolioEn": null,
        "PortFolioFr": null,
        "Committee": null,
        "GroupingTitleEn": "Parliamentarian",
        "GroupingTitleFr": "Parlementaire",
        "GroupingOrder": 1,
        "ParliamentStart": "1980-04-14T00:00:00Z",
        "ParliamentEnd": "1984-07-09T00:00:00Z",
        "ParliamentNumber": 32,
        "PartyOrganizationId": 4831,
        "PartyEn": "Liberal Party of Canada",
        "PartyFr": "Parti lib\u00e9ral du Canada",
        "PartyStartDate": "1980-02-18T00:00:00Z",
        "PartyEndDate": "1984-09-03T00:00:00Z",
        "PersonPersonId": 0,
        "PersonLastName": null,
        "PersonUsedFirstName": null,
        "PersonGender": null,
        "MemberOfParliament": {
          "OccupationTypeEn": "Continuous",
          "OccupationTypeFr": "Continue"
        },
        "IsMP": true,
        "IsSenator": false,
        "GovernorGeneral": null,
        "Documents": null,
        "Senator": null,
        "NotesEn": null,
        "NotesFr": null,
        "InternalNotes": null,
        "IsCurrent": "False",
        "RoleId": 719,
        "NameEn": "Constituency Member",
        "Ordinal": 240,
        "Classes": [
          {
            "RoleClassId": 49,
            "RoleClassOrdinal": 2,
            "RoleToRoleClassOrdinal": null,
            "RoleClassNameEn": "Salaries in the House of Commons",
            "RoleClassNameFr": "Salaires \u00e0 la Chambre des Communes"
          },
          {
            "RoleClassId": 105,
            "RoleClassOrdinal": null,
            "RoleToRoleClassOrdinal": null,
            "RoleClassNameEn": "Parliamentarian",
            "RoleClassNameFr": "Parlementaire"
          }
        ]
      },
      {
        "PersonRoleId": 127653,
        "NameFr": "Membre",
        "StartDate": "1983-12-07T00:00:00Z",
        "StartDateIsApproximate": false,
        "EndDate": "1984-07-09T00:00:00Z",
        "EndDateIsApproximate": false,
        "EndReasonEn": null,
        "EndReasonFr": null,
        "EndReasonTypeEn": null,
        "EndReasonTypeFr": null,
        "SourceOfInformationEn": null,
        "SourceOfInformationFr": null,
        "IsActing": false,
        "ActingTextEn": null,
        "ActingTextFr": null,
        "HasCrossedTheFloor": false,
        "OrganizationId": 423,
        "OrganizationLongEn": "Standing Committee on Agriculture",
        "OrganizationLongFr": "Comit\u00e9 permanent de l'agriculture",
        "OrganizationShortEn": "Agriculture",
        "OrganizationShortFr": "Agriculture",
        "OrganizationAcronymEn": "",
        "OrganizationAcronymFr": "",
        "OrganizationTypeId": 27,
        "OrganizationTypeEn": "Committee",
        "OrganizationTypeFr": "Comit\u00e9",
        "OrganizationProvinceEn": null,
        "OrganizationProvinceFr": null,
        "OrganizationHasProfile": true,
        "IsSenatorialDivision": false,
        "ToBeStyledAsEn": "",
        "ToBeStyledAsFr": "",
        "GroupId": 0,
        "Source": null,
        "PortFolioEn": null,
        "PortFolioFr": null,
        "Committee": {
          "OrganizationId": 0,
          "SenateCommitteeId": 0,
          "CommitteeTypeId": 5,
          "CommitteeTypeEn": "Standing",
          "CommitteeTypeFr": "Permanent",
          "CompositionTypeId": 3,
          "CompositionTypeLongEn": "House of Commons",
          "CompositionTypeLongFr": "Chambre des communes",
          "CompositionTypeShortEn": "C",
          "CompositionTypeShortFr": "C",
          "Sessions": [
            {
              "SessionId": 0,
              "SessionNumber": 2,
              "ParliamentNumber": 32,
              "StartDate": "1983-12-07T00:00:00Z",
              "EndDate": "1984-07-09T00:00:00Z",
              "ShortEn": "2nd",
              "ShortFr": "2e"
            }
          ],
          "Mandates": null
        },
        "GroupingTitleEn": null,
        "GroupingTitleFr": null,
        "GroupingOrder": 0,
        "ParliamentStart": null,
        "ParliamentEnd": null,
        "ParliamentNumber": 0,
        "PartyOrganizationId": 4831,
        "PartyEn": "Liberal Party of Canada",
        "PartyFr": "Parti lib\u00e9ral du Canada",
        "PartyStartDate": "1980-02-18T00:00:00Z",
        "PartyEndDate": "1984-09-03T00:00:00Z",
        "PersonPersonId": 0,
        "PersonLastName": null,
        "PersonUsedFirstName": null,
        "PersonGender": null,
        "MemberOfParliament": null,
        "IsMP": false,
        "IsSenator": false,
        "GovernorGeneral": null,
        "Documents": null,
        "Senator": null,
        "NotesEn": null,
        "NotesFr": null,
        "InternalNotes": null,
        "IsCurrent": "False",
        "RoleId": 226,
        "NameEn": "Member",
        "Ordinal": 300,
        "Classes": [
          {
            "RoleClassId": 33,
            "RoleClassOrdinal": null,
            "RoleToRoleClassOrdinal": null,
            "RoleClassNameEn": "Committee",
            "RoleClassNameFr": "Comit\u00e9"
          },
          {
            "RoleClassId": 113,
            "RoleClassOrdinal": null,
            "RoleToRoleClassOrdinal": null,
            "RoleClassNameEn": "ElectionProcessCloseDissolution",
            "RoleClassNameFr": "ElectionProcessCloseDissolution"
          }
        ]
      },
      {
        "PersonRoleId": 127684,
        "NameFr": "Membre",
        "StartDate": "1983-12-07T00:00:00Z",
        "StartDateIsApproximate": false,
        "EndDate": "1984-07-09T00:00:00Z",
        "EndDateIsApproximate": false,
        "EndReasonEn": null,
        "EndReasonFr": null,
        "EndReasonTypeEn": null,
        "EndReasonTypeFr": null,
        "SourceOfInformationEn": null,
        "SourceOfInformationFr": null,
        "IsActing": false,
        "ActingTextEn": null,
        "ActingTextFr": null,
        "HasCrossedTheFloor": false,
        "OrganizationId": 2102,
        "OrganizationLongEn": "Standing Committee on Communications and Culture",
        "OrganizationLongFr": "Comit\u00e9 permanent des communications et de la culture",
        "OrganizationShortEn": "Communications and Culture",
        "OrganizationShortFr": "Communications et culture",
        "OrganizationAcronymEn": "",
        "OrganizationAcronymFr": "",
        "OrganizationTypeId": 27,
        "OrganizationTypeEn": "Committee",
        "OrganizationTypeFr": "Comit\u00e9",
        "OrganizationProvinceEn": null,
        "OrganizationProvinceFr": null,
        "OrganizationHasProfile": true,
        "IsSenatorialDivision": false,
        "ToBeStyledAsEn": "",
        "ToBeStyledAsFr": "",
        "GroupId": 0,
        "Source": null,
        "PortFolioEn": null,
        "PortFolioFr": null,
        "Committee": {
          "OrganizationId": 0,
          "SenateCommitteeId": 0,
          "CommitteeTypeId": 5,
          "CommitteeTypeEn": "Standing",
          "CommitteeTypeFr": "Permanent",
          "CompositionTypeId": 3,
          "CompositionTypeLongEn": "House of Commons",
          "CompositionTypeLongFr": "Chambre des communes",
          "CompositionTypeShortEn": "C",
          "CompositionTypeShortFr": "C",
          "Sessions": [
            {
              "SessionId": 0,
              "SessionNumber": 2,
              "ParliamentNumber": 32,
              "StartDate": "1983-12-07T00:00:00Z",
              "EndDate": "1984-07-09T00:00:00Z",
              "ShortEn": "2nd",
              "ShortFr": "2e"
            }
          ],
          "Mandates": null
        },
        "GroupingTitleEn": null,
        "GroupingTitleFr": null,
        "GroupingOrder": 0,
        "ParliamentStart": null,
        "ParliamentEnd": null,
        "ParliamentNumber": 0,
        "PartyOrganizationId": 4831,
        "PartyEn": "Liberal Party of Canada",
        "PartyFr": "Parti lib\u00e9ral du Canada",
        "PartyStartDate": "1980-02-18T00:00:00Z",
        "PartyEndDate": "1984-09-03T00:00:00Z",
        "PersonPersonId": 0,
        "PersonLastName": null,
        "PersonUsedFirstName": null,
        "PersonGender": null,
        "MemberOfParliament": null,
        "IsMP": false,
        "IsSenator": false,
        "GovernorGeneral": null,
        "Documents": null,
        "Senator": null,
        "NotesEn": null,
        "NotesFr": null,
        "InternalNotes": null,
        "IsCurrent": "False",
        "RoleId": 226,
        "NameEn": "Member",
        "Ordinal": 300,
        "Classes": [
          {
            "RoleClassId": 33,
            "RoleClassOrdinal": null,
            "RoleToRoleClassOrdinal": null,
            "RoleClassNameEn": "Committee",
            "RoleClassNameFr": "Comit\u00e9"
          },
          {
            "RoleClassId": 113,
            "RoleClassOrdinal": null,
            "RoleToRoleClassOrdinal": null,
            "RoleClassNameEn": "ElectionProcessCloseDissolution",
            "RoleClassNameFr": "ElectionProcessCloseDissolution"
          }
        ]
      },
      {
        "PersonRoleId": 128567,
        "NameFr": "Membre",
        "StartDate": "1983-12-07T00:00:00Z",
        "StartDateIsApproximate": false,
        "EndDate": "1984-07-09T00:00:00Z",
        "EndDateIsApproximate": false,
        "EndReasonEn": null,
        "EndReasonFr": null,
        "EndReasonTypeEn": null,
        "EndReasonTypeFr": null,
        "SourceOfInformationEn": null,
        "SourceOfInformationFr": null,
        "IsActing": false,
        "ActingTextEn": null,
        "ActingTextFr": null,
        "HasCrossedTheFloor": false,
        "OrganizationId": 6838,
        "OrganizationLongEn": "Standing Committee on Privileges and Elections",
        "OrganizationLongFr": "Comit\u00e9 permanent des privil\u00e8ges et \u00e9lections",
        "OrganizationShortEn": "Privileges and Elections",
        "OrganizationShortFr": "Privil\u00e8ges et \u00e9lections",
        "OrganizationAcronymEn": "",
        "OrganizationAcronymFr": "",
        "OrganizationTypeId": 27,
        "OrganizationTypeEn": "Committee",
        "OrganizationTypeFr": "Comit\u00e9",
        "OrganizationProvinceEn": null,
        "OrganizationProvinceFr": null,
        "OrganizationHasProfile": true,
        "IsSenatorialDivision": false,
        "ToBeStyledAsEn": "",
        "ToBeStyledAsFr": "",
        "GroupId": 0,
        "Source": null,
        "PortFolioEn": null,
        "PortFolioFr": null,
        "Committee": {
          "OrganizationId": 0,
          "SenateCommitteeId": 0,
          "CommitteeTypeId": 5,
          "CommitteeTypeEn": "Standing",
          "CommitteeTypeFr": "Permanent",
          "CompositionTypeId": 3,
          "CompositionTypeLongEn": "House of Commons",
          "CompositionTypeLongFr": "Chambre des communes",
          "CompositionTypeShortEn": "C",
          "CompositionTypeShortFr": "C",
          "Sessions": [
            {
              "SessionId": 0,
              "SessionNumber": 2,
              "ParliamentNumber": 32,
              "StartDate": "1983-12-07T00:00:00Z",
              "EndDate": "1984-07-09T00:00:00Z",
              "ShortEn": "2nd",
              "ShortFr": "2e"
            }
          ],
          "Mandates": null
        },
        "GroupingTitleEn": null,
        "GroupingTitleFr": null,
        "GroupingOrder": 0,
        "ParliamentStart": null,
        "ParliamentEnd": null,
        "ParliamentNumber": 0,
        "PartyOrganizationId": 4831,
        "PartyEn": "Liberal Party of Canada",
        "PartyFr": "Parti lib\u00e9ral du Canada",
        "PartyStartDate": "1980-02-18T00:00:00Z",
        "PartyEndDate": "1984-09-03T00:00:00Z",
        "PersonPersonId": 0,
        "PersonLastName": null,
        "PersonUsedFirstName": null,
        "PersonGender": null,
        "MemberOfParliament": null,
        "IsMP": false,
        "IsSenator": false,
        "GovernorGeneral": null,
        "Documents": null,
        "Senator": null,
        "NotesEn": null,
        "NotesFr": null,
        "InternalNotes": null,
        "IsCurrent": "False",
        "RoleId": 226,
        "NameEn": "Member",
        "Ordinal": 300,
        "Classes": [
          {
            "RoleClassId": 33,
            "RoleClassOrdinal": null,
            "RoleToRoleClassOrdinal": null,
            "RoleClassNameEn": "Committee",
            "RoleClassNameFr": "Comit\u00e9"
          },
          {
            "RoleClassId": 113,
            "RoleClassOrdinal": null,
            "RoleToRoleClassOrdinal": null,
            "RoleClassNameEn": "ElectionProcessCloseDissolution",
            "RoleClassNameFr": "ElectionProcessCloseDissolution"
          }
        ]
      },
      {
        "PersonRoleId": 128616,
        "NameFr": "Membre",
        "StartDate": "1983-12-07T00:00:00Z",
        "StartDateIsApproximate": false,
        "EndDate": "1984-07-09T00:00:00Z",
        "EndDateIsApproximate": false,
        "EndReasonEn": null,
        "EndReasonFr": null,
        "EndReasonTypeEn": null,
        "EndReasonTypeFr": null,
        "SourceOfInformationEn": null,
        "SourceOfInformationFr": null,
        "IsActing": false,
        "ActingTextEn": null,
        "ActingTextFr": null,
        "HasCrossedTheFloor": false,
        "OrganizationId": 6895,
        "OrganizationLongEn": "Standing Committee on Public Accounts",
        "OrganizationLongFr": "Comit\u00e9 permanent des comptes publics",
        "OrganizationShortEn": "Public Accounts",
        "OrganizationShortFr": "Comptes publics",
        "OrganizationAcronymEn": "",
        "OrganizationAcronymFr": "",
        "OrganizationTypeId": 27,
        "OrganizationTypeEn": "Committee",
        "OrganizationTypeFr": "Comit\u00e9",
        "OrganizationProvinceEn": null,
        "OrganizationProvinceFr": null,
        "OrganizationHasProfile": true,
        "IsSenatorialDivision": false,
        "ToBeStyledAsEn": "",
        "ToBeStyledAsFr": "",
        "GroupId": 0,
        "Source": null,
        "PortFolioEn": null,
        "PortFolioFr": null,
        "Committee": {
          "OrganizationId": 0,
          "SenateCommitteeId": 0,
          "CommitteeTypeId": 5,
          "CommitteeTypeEn": "Standing",
          "CommitteeTypeFr": "Permanent",
          "CompositionTypeId": 3,
          "CompositionTypeLongEn": "House of Commons",
          "CompositionTypeLongFr": "Chambre des communes",
          "CompositionTypeShortEn": "C",
          "CompositionTypeShortFr": "C",
          "Sessions": [
            {
              "SessionId": 0,
              "SessionNumber": 2,
              "ParliamentNumber": 32,
              "StartDate": "1983-12-07T00:00:00Z",
              "EndDate": "1984-07-09T00:00:00Z",
              "ShortEn": "2nd",
              "ShortFr": "2e"
            }
          ],
          "Mandates": null
        },
        "GroupingTitleEn": null,
        "GroupingTitleFr": null,
        "GroupingOrder": 0,
        "ParliamentStart": null,
        "ParliamentEnd": null,
        "ParliamentNumber": 0,
        "PartyOrganizationId": 4831,
        "PartyEn": "Liberal Party of Canada",
        "PartyFr": "Parti lib\u00e9ral du Canada",
        "PartyStartDate": "1980-02-18T00:00:00Z",
        "PartyEndDate": "1984-09-03T00:00:00Z",
        "PersonPersonId": 0,
        "PersonLastName": null,
        "PersonUsedFirstName": null,
        "PersonGender": null,
        "MemberOfParliament": null,
        "IsMP": false,
        "IsSenator": false,
        "GovernorGeneral": null,
        "Documents": null,
        "Senator": null,
        "NotesEn": null,
        "NotesFr": null,
        "InternalNotes": null,
        "IsCurrent": "False",
        "RoleId": 226,
        "NameEn": "Member",
        "Ordinal": 300,
        "Classes": [
          {
            "RoleClassId": 33,
            "RoleClassOrdinal": null,
            "RoleToRoleClassOrdinal": null,
            "RoleClassNameEn": "Committee",
            "RoleClassNameFr": "Comit\u00e9"
          },
          {
            "RoleClassId": 113,
            "RoleClassOrdinal": null,
            "RoleToRoleClassOrdinal": null,
            "RoleClassNameEn": "ElectionProcessCloseDissolution",
            "RoleClassNameFr": "ElectionProcessCloseDissolution"
          }
        ]
      },
      {
        "PersonRoleId": 129874,
        "NameFr": "Membre",
        "StartDate": "1980-04-14T00:00:00Z",
        "StartDateIsApproximate": false,
        "EndDate": "1983-11-30T00:00:00Z",
        "EndDateIsApproximate": false,
        "EndReasonEn": null,
        "EndReasonFr": null,
        "EndReasonTypeEn": null,
        "EndReasonTypeFr": null,
        "SourceOfInformationEn": null,
        "SourceOfInformationFr": null,
        "IsActing": false,
        "ActingTextEn": null,
        "ActingTextFr": null,
        "HasCrossedTheFloor": false,
        "OrganizationId": 423,
        "OrganizationLongEn": "Standing Committee on Agriculture",
        "OrganizationLongFr": "Comit\u00e9 permanent de l'agriculture",
        "OrganizationShortEn": "Agriculture",
        "OrganizationShortFr": "Agriculture",
        "OrganizationAcronymEn": "",
        "OrganizationAcronymFr": "",
        "OrganizationTypeId": 27,
        "OrganizationTypeEn": "Committee",
        "OrganizationTypeFr": "Comit\u00e9",
        "OrganizationProvinceEn": null,
        "OrganizationProvinceFr": null,
        "OrganizationHasProfile": true,
        "IsSenatorialDivision": false,
        "ToBeStyledAsEn": "",
        "ToBeStyledAsFr": "",
        "GroupId": 0,
        "Source": null,
        "PortFolioEn": null,
        "PortFolioFr": null,
        "Committee": {
          "OrganizationId": 0,
          "SenateCommitteeId": 0,
          "CommitteeTypeId": 5,
          "CommitteeTypeEn": "Standing",
          "CommitteeTypeFr": "Permanent",
          "CompositionTypeId": 3,
          "CompositionTypeLongEn": "House of Commons",
          "CompositionTypeLongFr": "Chambre des communes",
          "CompositionTypeShortEn": "C",
          "CompositionTypeShortFr": "C",
          "Sessions": [
            {
              "SessionId": 0,
              "SessionNumber": 1,
              "ParliamentNumber": 32,
              "StartDate": "1980-04-14T00:00:00Z",
              "EndDate": "1983-11-30T00:00:00Z",
              "ShortEn": "1st",
              "ShortFr": "1\u00e8re"
            }
          ],
          "Mandates": null
        },
        "GroupingTitleEn": null,
        "GroupingTitleFr": null,
        "GroupingOrder": 0,
        "ParliamentStart": null,
        "ParliamentEnd": null,
        "ParliamentNumber": 0,
        "PartyOrganizationId": 4831,
        "PartyEn": "Liberal Party of Canada",
        "PartyFr": "Parti lib\u00e9ral du Canada",
        "PartyStartDate": "1980-02-18T00:00:00Z",
        "PartyEndDate": "1984-09-03T00:00:00Z",
        "PersonPersonId": 0,
        "PersonLastName": null,
        "PersonUsedFirstName": null,
        "PersonGender": null,
        "MemberOfParliament": null,
        "IsMP": false,
        "IsSenator": false,
        "GovernorGeneral": null,
        "Documents": null,
        "Senator": null,
        "NotesEn": null,
        "NotesFr": null,
        "InternalNotes": null,
        "IsCurrent": "False",
        "RoleId": 226,
        "NameEn": "Member",
        "Ordinal": 300,
        "Classes": [
          {
            "RoleClassId": 33,
            "RoleClassOrdinal": null,
            "RoleToRoleClassOrdinal": null,
            "RoleClassNameEn": "Committee",
            "RoleClassNameFr": "Comit\u00e9"
          },
          {
            "RoleClassId": 113,
            "RoleClassOrdinal": null,
            "RoleToRoleClassOrdinal": null,
            "RoleClassNameEn": "ElectionProcessCloseDissolution",
            "RoleClassNameFr": "ElectionProcessCloseDissolution"
          }
        ]
      },
      {
        "PersonRoleId": 130367,
        "NameFr": "Membre",
        "StartDate": "1980-04-14T00:00:00Z",
        "StartDateIsApproximate": false,
        "EndDate": "1983-11-30T00:00:00Z",
        "EndDateIsApproximate": false,
        "EndReasonEn": null,
        "EndReasonFr": null,
        "EndReasonTypeEn": null,
        "EndReasonTypeFr": null,
        "SourceOfInformationEn": null,
        "SourceOfInformationFr": null,
        "IsActing": false,
        "ActingTextEn": null,
        "ActingTextFr": null,
        "HasCrossedTheFloor": false,
        "OrganizationId": 5364,
        "OrganizationLongEn": "Standing Committee on Miscellaneous Estimates",
        "OrganizationLongFr": "Comit\u00e9 permanent des pr\u00e9visions budg\u00e9taires en g\u00e9n\u00e9ral",
        "OrganizationShortEn": "Miscellaneous Estimates",
        "OrganizationShortFr": "Pr\u00e9visions budg\u00e9taires en g\u00e9n\u00e9ral",
        "OrganizationAcronymEn": "",
        "OrganizationAcronymFr": "",
        "OrganizationTypeId": 27,
        "OrganizationTypeEn": "Committee",
        "OrganizationTypeFr": "Comit\u00e9",
        "OrganizationProvinceEn": null,
        "OrganizationProvinceFr": null,
        "OrganizationHasProfile": true,
        "IsSenatorialDivision": false,
        "ToBeStyledAsEn": "",
        "ToBeStyledAsFr": "",
        "GroupId": 0,
        "Source": null,
        "PortFolioEn": null,
        "PortFolioFr": null,
        "Committee": {
          "OrganizationId": 0,
          "SenateCommitteeId": 0,
          "CommitteeTypeId": 5,
          "CommitteeTypeEn": "Standing",
          "CommitteeTypeFr": "Permanent",
          "CompositionTypeId": 3,
          "CompositionTypeLongEn": "House of Commons",
          "CompositionTypeLongFr": "Chambre des communes",
          "CompositionTypeShortEn": "C",
          "CompositionTypeShortFr": "C",
          "Sessions": [
            {
              "SessionId": 0,
              "SessionNumber": 1,
              "ParliamentNumber": 32,
              "StartDate": "1980-04-14T00:00:00Z",
              "EndDate": "1983-11-30T00:00:00Z",
              "ShortEn": "1st",
              "ShortFr": "1\u00e8re"
            }
          ],
          "Mandates": null
        },
        "GroupingTitleEn": null,
        "GroupingTitleFr": null,
        "GroupingOrder": 0,
        "ParliamentStart": null,
        "ParliamentEnd": null,
        "ParliamentNumber": 0,
        "PartyOrganizationId": 4831,
        "PartyEn": "Liberal Party of Canada",
        "PartyFr": "Parti lib\u00e9ral du Canada",
        "PartyStartDate": "1980-02-18T00:00:00Z",
        "PartyEndDate": "1984-09-03T00:00:00Z",
        "PersonPersonId": 0,
        "PersonLastName": null,
        "PersonUsedFirstName": null,
        "PersonGender": null,
        "MemberOfParliament": null,
        "IsMP": false,
        "IsSenator": false,
        "GovernorGeneral": null,
        "Documents": null,
        "Senator": null,
        "NotesEn": null,
        "NotesFr": null,
        "InternalNotes": null,
        "IsCurrent": "False",
        "RoleId": 226,
        "NameEn": "Member",
        "Ordinal": 300,
        "Classes": [
          {
            "RoleClassId": 33,
            "RoleClassOrdinal": null,
            "RoleToRoleClassOrdinal": null,
            "RoleClassNameEn": "Committee",
            "RoleClassNameFr": "Comit\u00e9"
          },
          {
            "RoleClassId": 113,
            "RoleClassOrdinal": null,
            "RoleToRoleClassOrdinal": null,
            "RoleClassNameEn": "ElectionProcessCloseDissolution",
            "RoleClassNameFr": "ElectionProcessCloseDissolution"
          }
        ]
      },
      {
        "PersonRoleId": 130654,
        "NameFr": "Membre",
        "StartDate": "1980-04-14T00:00:00Z",
        "StartDateIsApproximate": false,
        "EndDate": "1983-11-30T00:00:00Z",
        "EndDateIsApproximate": false,
        "EndReasonEn": null,
        "EndReasonFr": null,
        "EndReasonTypeEn": null,
        "EndReasonTypeFr": null,
        "SourceOfInformationEn": null,
        "SourceOfInformationFr": null,
        "IsActing": false,
        "ActingTextEn": null,
        "ActingTextFr": null,
        "HasCrossedTheFloor": false,
        "OrganizationId": 6838,
        "OrganizationLongEn": "Standing Committee on Privileges and Elections",
        "OrganizationLongFr": "Comit\u00e9 permanent des privil\u00e8ges et \u00e9lections",
        "OrganizationShortEn": "Privileges and Elections",
        "OrganizationShortFr": "Privil\u00e8ges et \u00e9lections",
        "OrganizationAcronymEn": "",
        "OrganizationAcronymFr": "",
        "OrganizationTypeId": 27,
        "OrganizationTypeEn": "Committee",
        "OrganizationTypeFr": "Comit\u00e9",
        "OrganizationProvinceEn": null,
        "OrganizationProvinceFr": null,
        "OrganizationHasProfile": true,
        "IsSenatorialDivision": false,
        "ToBeStyledAsEn": "",
        "ToBeStyledAsFr": "",
        "GroupId": 0,
        "Source": null,
        "PortFolioEn": null,
        "PortFolioFr": null,
        "Committee": {
          "OrganizationId": 0,
          "SenateCommitteeId": 0,
          "CommitteeTypeId": 5,
          "CommitteeTypeEn": "Standing",
          "CommitteeTypeFr": "Permanent",
          "CompositionTypeId": 3,
          "CompositionTypeLongEn": "House of Commons",
          "CompositionTypeLongFr": "Chambre des communes",
          "CompositionTypeShortEn": "C",
          "CompositionTypeShortFr": "C",
          "Sessions": [
            {
              "SessionId": 0,
              "SessionNumber": 1,
              "ParliamentNumber": 32,
              "StartDate": "1980-04-14T00:00:00Z",
              "EndDate": "1983-11-30T00:00:00Z",
              "ShortEn": "1st",
              "ShortFr": "1\u00e8re"
            }
          ],
          "Mandates": null
        },
        "GroupingTitleEn": null,
        "GroupingTitleFr": null,
        "GroupingOrder": 0,
        "ParliamentStart": null,
        "ParliamentEnd": null,
        "ParliamentNumber": 0,
        "PartyOrganizationId": 4831,
        "PartyEn": "Liberal Party of Canada",
        "PartyFr": "Parti lib\u00e9ral du Canada",
        "PartyStartDate": "1980-02-18T00:00:00Z",
        "PartyEndDate": "1984-09-03T00:00:00Z",
        "PersonPersonId": 0,
        "PersonLastName": null,
        "PersonUsedFirstName": null,
        "PersonGender": null,
        "MemberOfParliament": null,
        "IsMP": false,
        "IsSenator": false,
        "GovernorGeneral": null,
        "Documents": null,
        "Senator": null,
        "NotesEn": null,
        "NotesFr": null,
        "InternalNotes": null,
        "IsCurrent": "False",
        "RoleId": 226,
        "NameEn": "Member",
        "Ordinal": 300,
        "Classes": [
          {
            "RoleClassId": 33,
            "RoleClassOrdinal": null,
            "RoleToRoleClassOrdinal": null,
            "RoleClassNameEn": "Committee",
            "RoleClassNameFr": "Comit\u00e9"
          },
          {
            "RoleClassId": 113,
            "RoleClassOrdinal": null,
            "RoleToRoleClassOrdinal": null,
            "RoleClassNameEn": "ElectionProcessCloseDissolution",
            "RoleClassNameFr": "ElectionProcessCloseDissolution"
          }
        ]
      },
      {
        "PersonRoleId": 131338,
        "NameFr": "Membre",
        "StartDate": "1980-04-14T00:00:00Z",
        "StartDateIsApproximate": false,
        "EndDate": "1983-11-30T00:00:00Z",
        "EndDateIsApproximate": false,
        "EndReasonEn": null,
        "EndReasonFr": null,
        "EndReasonTypeEn": null,
        "EndReasonTypeFr": null,
        "SourceOfInformationEn": null,
        "SourceOfInformationFr": null,
        "IsActing": false,
        "ActingTextEn": null,
        "ActingTextFr": null,
        "HasCrossedTheFloor": false,
        "OrganizationId": 6895,
        "OrganizationLongEn": "Standing Committee on Public Accounts",
        "OrganizationLongFr": "Comit\u00e9 permanent des comptes publics",
        "OrganizationShortEn": "Public Accounts",
        "OrganizationShortFr": "Comptes publics",
        "OrganizationAcronymEn": "",
        "OrganizationAcronymFr": "",
        "OrganizationTypeId": 27,
        "OrganizationTypeEn": "Committee",
        "OrganizationTypeFr": "Comit\u00e9",
        "OrganizationProvinceEn": null,
        "OrganizationProvinceFr": null,
        "OrganizationHasProfile": true,
        "IsSenatorialDivision": false,
        "ToBeStyledAsEn": "",
        "ToBeStyledAsFr": "",
        "GroupId": 0,
        "Source": null,
        "PortFolioEn": null,
        "PortFolioFr": null,
        "Committee": {
          "OrganizationId": 0,
          "SenateCommitteeId": 0,
          "CommitteeTypeId": 5,
          "CommitteeTypeEn": "Standing",
          "CommitteeTypeFr": "Permanent",
          "CompositionTypeId": 3,
          "CompositionTypeLongEn": "House of Commons",
          "CompositionTypeLongFr": "Chambre des communes",
          "CompositionTypeShortEn": "C",
          "CompositionTypeShortFr": "C",
          "Sessions": [
            {
              "SessionId": 0,
              "SessionNumber": 1,
              "ParliamentNumber": 32,
              "StartDate": "1980-04-14T00:00:00Z",
              "EndDate": "1983-11-30T00:00:00Z",
              "ShortEn": "1st",
              "ShortFr": "1\u00e8re"
            }
          ],
          "Mandates": null
        },
        "GroupingTitleEn": null,
        "GroupingTitleFr": null,
        "GroupingOrder": 0,
        "ParliamentStart": null,
        "ParliamentEnd": null,
        "ParliamentNumber": 0,
        "PartyOrganizationId": 4831,
        "PartyEn": "Liberal Party of Canada",
        "PartyFr": "Parti lib\u00e9ral du Canada",
        "PartyStartDate": "1980-02-18T00:00:00Z",
        "PartyEndDate": "1984-09-03T00:00:00Z",
        "PersonPersonId": 0,
        "PersonLastName": null,
        "PersonUsedFirstName": null,
        "PersonGender": null,
        "MemberOfParliament": null,
        "IsMP": false,
        "IsSenator": false,
        "GovernorGeneral": null,
        "Documents": null,
        "Senator": null,
        "NotesEn": null,
        "NotesFr": null,
        "InternalNotes": null,
        "IsCurrent": "False",
        "RoleId": 226,
        "NameEn": "Member",
        "Ordinal": 300,
        "Classes": [
          {
            "RoleClassId": 33,
            "RoleClassOrdinal": null,
            "RoleToRoleClassOrdinal": null,
            "RoleClassNameEn": "Committee",
            "RoleClassNameFr": "Comit\u00e9"
          },
          {
            "RoleClassId": 113,
            "RoleClassOrdinal": null,
            "RoleToRoleClassOrdinal": null,
            "RoleClassNameEn": "ElectionProcessCloseDissolution",
            "RoleClassNameFr": "ElectionProcessCloseDissolution"
          }
        ]
      },
      {
        "PersonRoleId": 131418,
        "NameFr": "Membre",
        "StartDate": "1980-04-14T00:00:00Z",
        "StartDateIsApproximate": false,
        "EndDate": "1983-11-30T00:00:00Z",
        "EndDateIsApproximate": false,
        "EndReasonEn": null,
        "EndReasonFr": null,
        "EndReasonTypeEn": null,
        "EndReasonTypeFr": null,
        "SourceOfInformationEn": null,
        "SourceOfInformationFr": null,
        "IsActing": false,
        "ActingTextEn": null,
        "ActingTextFr": null,
        "HasCrossedTheFloor": false,
        "OrganizationId": 9336,
        "OrganizationLongEn": "Standing Committee on Transport",
        "OrganizationLongFr": "Comit\u00e9 permanent des transports",
        "OrganizationShortEn": "Transport",
        "OrganizationShortFr": "Transports",
        "OrganizationAcronymEn": "",
        "OrganizationAcronymFr": "",
        "OrganizationTypeId": 27,
        "OrganizationTypeEn": "Committee",
        "OrganizationTypeFr": "Comit\u00e9",
        "OrganizationProvinceEn": null,
        "OrganizationProvinceFr": null,
        "OrganizationHasProfile": true,
        "IsSenatorialDivision": false,
        "ToBeStyledAsEn": "",
        "ToBeStyledAsFr": "",
        "GroupId": 0,
        "Source": null,
        "PortFolioEn": null,
        "PortFolioFr": null,
        "Committee": {
          "OrganizationId": 0,
          "SenateCommitteeId": 0,
          "CommitteeTypeId": 5,
          "CommitteeTypeEn": "Standing",
          "CommitteeTypeFr": "Permanent",
          "CompositionTypeId": 3,
          "CompositionTypeLongEn": "House of Commons",
          "CompositionTypeLongFr": "Chambre des communes",
          "CompositionTypeShortEn": "C",
          "CompositionTypeShortFr": "C",
          "Sessions": [
            {
              "SessionId": 0,
              "SessionNumber": 1,
              "ParliamentNumber": 32,
              "StartDate": "1980-04-14T00:00:00Z",
              "EndDate": "1983-11-30T00:00:00Z",
              "ShortEn": "1st",
              "ShortFr": "1\u00e8re"
            }
          ],
          "Mandates": null
        },
        "GroupingTitleEn": null,
        "GroupingTitleFr": null,
        "GroupingOrder": 0,
        "ParliamentStart": null,
        "ParliamentEnd": null,
        "ParliamentNumber": 0,
        "PartyOrganizationId": 4831,
        "PartyEn": "Liberal Party of Canada",
        "PartyFr": "Parti lib\u00e9ral du Canada",
        "PartyStartDate": "1980-02-18T00:00:00Z",
        "PartyEndDate": "1984-09-03T00:00:00Z",
        "PersonPersonId": 0,
        "PersonLastName": null,
        "PersonUsedFirstName": null,
        "PersonGender": null,
        "MemberOfParliament": null,
        "IsMP": false,
        "IsSenator": false,
        "GovernorGeneral": null,
        "Documents": null,
        "Senator": null,
        "NotesEn": null,
        "NotesFr": null,
        "InternalNotes": null,
        "IsCurrent": "False",
        "RoleId": 226,
        "NameEn": "Member",
        "Ordinal": 300,
        "Classes": [
          {
            "RoleClassId": 33,
            "RoleClassOrdinal": null,
            "RoleToRoleClassOrdinal": null,
            "RoleClassNameEn": "Committee",
            "RoleClassNameFr": "Comit\u00e9"
          },
          {
            "RoleClassId": 113,
            "RoleClassOrdinal": null,
            "RoleToRoleClassOrdinal": null,
            "RoleClassNameEn": "ElectionProcessCloseDissolution",
            "RoleClassNameFr": "ElectionProcessCloseDissolution"
          }
        ]
      },
      {
        "PersonRoleId": 50408,
        "NameFr": "Membre",
        "StartDate": "1983-12-07T00:00:00Z",
        "StartDateIsApproximate": false,
        "EndDate": "1984-07-09T00:00:00Z",
        "EndDateIsApproximate": false,
        "EndReasonEn": null,
        "EndReasonFr": null,
        "EndReasonTypeEn": null,
        "EndReasonTypeFr": null,
        "SourceOfInformationEn": null,
        "SourceOfInformationFr": null,
        "IsActing": false,
        "ActingTextEn": null,
        "ActingTextFr": null,
        "HasCrossedTheFloor": false,
        "OrganizationId": 2995,
        "OrganizationLongEn": "Standing Committee on Finance, Trade and Economic Affairs",
        "OrganizationLongFr": "Comit\u00e9 permanent des finances, du commerce et des questions \u00e9conomiques",
        "OrganizationShortEn": "Finance, Trade and Economic Affairs",
        "OrganizationShortFr": "Finances, commerce et questions \u00e9conomiques",
        "OrganizationAcronymEn": "",
        "OrganizationAcronymFr": "",
        "OrganizationTypeId": 27,
        "OrganizationTypeEn": "Committee",
        "OrganizationTypeFr": "Comit\u00e9",
        "OrganizationProvinceEn": null,
        "OrganizationProvinceFr": null,
        "OrganizationHasProfile": true,
        "IsSenatorialDivision": false,
        "ToBeStyledAsEn": "",
        "ToBeStyledAsFr": "",
        "GroupId": 0,
        "Source": null,
        "PortFolioEn": null,
        "PortFolioFr": null,
        "Committee": {
          "OrganizationId": 0,
          "SenateCommitteeId": 0,
          "CommitteeTypeId": 5,
          "CommitteeTypeEn": "Standing",
          "CommitteeTypeFr": "Permanent",
          "CompositionTypeId": 3,
          "CompositionTypeLongEn": "House of Commons",
          "CompositionTypeLongFr": "Chambre des communes",
          "CompositionTypeShortEn": "C",
          "CompositionTypeShortFr": "C",
          "Sessions": [
            {
              "SessionId": 0,
              "SessionNumber": 2,
              "ParliamentNumber": 32,
              "StartDate": "1983-12-07T00:00:00Z",
              "EndDate": "1984-07-09T00:00:00Z",
              "ShortEn": "2nd",
              "ShortFr": "2e"
            }
          ],
          "Mandates": null
        },
        "GroupingTitleEn": null,
        "GroupingTitleFr": null,
        "GroupingOrder": 0,
        "ParliamentStart": null,
        "ParliamentEnd": null,
        "ParliamentNumber": 0,
        "PartyOrganizationId": 4831,
        "PartyEn": "Liberal Party of Canada",
        "PartyFr": "Parti lib\u00e9ral du Canada",
        "PartyStartDate": "1980-02-18T00:00:00Z",
        "PartyEndDate": "1984-09-03T00:00:00Z",
        "PersonPersonId": 0,
        "PersonLastName": null,
        "PersonUsedFirstName": null,
        "PersonGender": null,
        "MemberOfParliament": null,
        "IsMP": false,
        "IsSenator": false,
        "GovernorGeneral": null,
        "Documents": null,
        "Senator": null,
        "NotesEn": null,
        "NotesFr": null,
        "InternalNotes": null,
        "IsCurrent": "False",
        "RoleId": 226,
        "NameEn": "Member",
        "Ordinal": 300,
        "Classes": [
          {
            "RoleClassId": 33,
            "RoleClassOrdinal": null,
            "RoleToRoleClassOrdinal": null,
            "RoleClassNameEn": "Committee",
            "RoleClassNameFr": "Comit\u00e9"
          },
          {
            "RoleClassId": 113,
            "RoleClassOrdinal": null,
            "RoleToRoleClassOrdinal": null,
            "RoleClassNameEn": "ElectionProcessCloseDissolution",
            "RoleClassNameFr": "ElectionProcessCloseDissolution"
          }
        ]
      },
      {
        "PersonRoleId": 62199,
        "NameFr": "Membre",
        "StartDate": "1980-04-14T00:00:00Z",
        "StartDateIsApproximate": false,
        "EndDate": "1983-11-30T00:00:00Z",
        "EndDateIsApproximate": false,
        "EndReasonEn": null,
        "EndReasonFr": null,
        "EndReasonTypeEn": null,
        "EndReasonTypeFr": null,
        "SourceOfInformationEn": null,
        "SourceOfInformationFr": null,
        "IsActing": false,
        "ActingTextEn": null,
        "ActingTextFr": null,
        "HasCrossedTheFloor": false,
        "OrganizationId": 2995,
        "OrganizationLongEn": "Standing Committee on Finance, Trade and Economic Affairs",
        "OrganizationLongFr": "Comit\u00e9 permanent des finances, du commerce et des questions \u00e9conomiques",
        "OrganizationShortEn": "Finance, Trade and Economic Affairs",
        "OrganizationShortFr": "Finances, commerce et questions \u00e9conomiques",
        "OrganizationAcronymEn": "",
        "OrganizationAcronymFr": "",
        "OrganizationTypeId": 27,
        "OrganizationTypeEn": "Committee",
        "OrganizationTypeFr": "Comit\u00e9",
        "OrganizationProvinceEn": null,
        "OrganizationProvinceFr": null,
        "OrganizationHasProfile": true,
        "IsSenatorialDivision": false,
        "ToBeStyledAsEn": "",
        "ToBeStyledAsFr": "",
        "GroupId": 0,
        "Source": null,
        "PortFolioEn": null,
        "PortFolioFr": null,
        "Committee": {
          "OrganizationId": 0,
          "SenateCommitteeId": 0,
          "CommitteeTypeId": 5,
          "CommitteeTypeEn": "Standing",
          "CommitteeTypeFr": "Permanent",
          "CompositionTypeId": 3,
          "CompositionTypeLongEn": "House of Commons",
          "CompositionTypeLongFr": "Chambre des communes",
          "CompositionTypeShortEn": "C",
          "CompositionTypeShortFr": "C",
          "Sessions": [
            {
              "SessionId": 0,
              "SessionNumber": 1,
              "ParliamentNumber": 32,
              "StartDate": "1980-04-14T00:00:00Z",
              "EndDate": "1983-11-30T00:00:00Z",
              "ShortEn": "1st",
              "ShortFr": "1\u00e8re"
            }
          ],
          "Mandates": null
        },
        "GroupingTitleEn": null,
        "GroupingTitleFr": null,
        "GroupingOrder": 0,
        "ParliamentStart": null,
        "ParliamentEnd": null,
        "ParliamentNumber": 0,
        "PartyOrganizationId": 4831,
        "PartyEn": "Liberal Party of Canada",
        "PartyFr": "Parti lib\u00e9ral du Canada",
        "PartyStartDate": "1980-02-18T00:00:00Z",
        "PartyEndDate": "1984-09-03T00:00:00Z",
        "PersonPersonId": 0,
        "PersonLastName": null,
        "PersonUsedFirstName": null,
        "PersonGender": null,
        "MemberOfParliament": null,
        "IsMP": false,
        "IsSenator": false,
        "GovernorGeneral": null,
        "Documents": null,
        "Senator": null,
        "NotesEn": null,
        "NotesFr": null,
        "InternalNotes": null,
        "IsCurrent": "False",
        "RoleId": 226,
        "NameEn": "Member",
        "Ordinal": 300,
        "Classes": [
          {
            "RoleClassId": 33,
            "RoleClassOrdinal": null,
            "RoleToRoleClassOrdinal": null,
            "RoleClassNameEn": "Committee",
            "RoleClassNameFr": "Comit\u00e9"
          },
          {
            "RoleClassId": 113,
            "RoleClassOrdinal": null,
            "RoleToRoleClassOrdinal": null,
            "RoleClassNameEn": "ElectionProcessCloseDissolution",
            "RoleClassNameFr": "ElectionProcessCloseDissolution"
          }
        ]
      }
    ],
    "HillAddresses": null,
    "ConstituencyAddresses": null,
    "WebLinks": [
      {
        "TypeEn": "Maiden Speech",
        "TypeFr": "Premier discours",
        "TitleFr": "Premier discours \u00e0 la Chambre des communes",
        "TitleEn": "Maiden speech in the House of Commons",
        "UrlEn": "https://parl.canadiana.ca/view/oop.debates_HOC3201_02/710?r=0&s=1",
        "UrlFr": "https://parl.canadiana.ca/view/oop.debates_CDC3201_02/710?r=0&s=1"
      }
    ],
    "Bibliography": null,
    "ElectionCandidates": [
      {
        "ElectionCandidateId": 2829,
        "ParliamentNumber": 32,
        "ElectionId": 168,
        "ElectionDate": "1980-02-18T00:00:00Z",
        "IsGeneral": true,
        "OrganizationId": 5383,
        "ConstituencyEn": "Mississauga North",
        "ConstituencyFr": "Mississauga-Nord",
        "ProvinceEn": null,
        "ProvinceFr": null,
        "PersonRoleId": null,
        "ElectionCanadaFirstName": "Douglas",
        "ElectionCanadaLastName": "FISHER",
        "ElectionCanadaMiddleName": null,
        "Gender": "M",
        "OccupationEn": "Publisher",
        "OccupationFr": "\u00c9diteur",
        "PartyOrganizationId": 4831,
        "PartyNameEn": "Liberal Party of Canada",
        "PartyNameFr": "Parti lib\u00e9ral du Canada",
        "Votes": 30531,
        "ResultLongEn": "Elected",
        "ResultLongFr": "\u00c9lu",
        "OtherResultLongEn": null,
        "OtherResultLongFr": null,
        "NotesEn": null,
        "NotesFr": null,
        "InternalNotes": null
      },
      {
        "ElectionCandidateId": 2830,
        "ParliamentNumber": 33,
        "ElectionId": 580,
        "ElectionDate": "1984-09-04T00:00:00Z",
        "IsGeneral": true,
        "OrganizationId": 5383,
        "ConstituencyEn": "Mississauga North",
        "ConstituencyFr": "Mississauga-Nord",
        "ProvinceEn": null,
        "ProvinceFr": null,
        "PersonRoleId": null,
        "ElectionCanadaFirstName": "Douglas",
        "ElectionCanadaLastName": "FISHER",
        "ElectionCanadaMiddleName": null,
        "Gender": "M",
        "OccupationEn": "Publisher",
        "OccupationFr": "\u00c9diteur",
        "PartyOrganizationId": 4831,
        "PartyNameEn": "Liberal Party of Canada",
        "PartyNameFr": "Parti lib\u00e9ral du Canada",
        "Votes": 33203,
        "ResultLongEn": "Defeated",
        "ResultLongFr": "D\u00e9fait",
        "OtherResultLongEn": null,
        "OtherResultLongFr": null,
        "NotesEn": null,
        "NotesFr": null,
        "InternalNotes": null
      },
      {
        "ElectionCandidateId": 30018,
        "ParliamentNumber": 34,
        "ElectionId": 523,
        "ElectionDate": "1988-11-21T00:00:00Z",
        "IsGeneral": true,
        "OrganizationId": 5386,
        "ConstituencyEn": "Mississauga West",
        "ConstituencyFr": "Mississauga-Ouest",
        "ProvinceEn": null,
        "ProvinceFr": null,
        "PersonRoleId": null,
        "ElectionCanadaFirstName": "Douglas",
        "ElectionCanadaLastName": "FISHER",
        "ElectionCanadaMiddleName": null,
        "Gender": "M",
        "OccupationEn": "Book publisher",
        "OccupationFr": "\u00c9diteur",
        "PartyOrganizationId": 4831,
        "PartyNameEn": "Liberal Party of Canada",
        "PartyNameFr": "Parti lib\u00e9ral du Canada",
        "Votes": 28444,
        "ResultLongEn": "Defeated",
        "ResultLongFr": "D\u00e9fait",
        "OtherResultLongEn": null,
        "OtherResultLongFr": null,
        "NotesEn": null,
        "NotesFr": null,
        "InternalNotes": null
      }
    ],
    "Death": null,
    "PrimeMinister": null,
    "Parliaments": null,
    "Age": 79,
    "DisplayName": "Fisher, Douglas Glenn",
    "StraightDisplayName": "Douglas Glenn Fisher",
    "PartyEn": "Liberal Party of Canada (1980/02/18 - 1984/09/03)<br>",
    "PartyFr": "Parti lib\u00e9ral du Canada (1980/02/18 - 1984/09/03)<br>",
    "ConstituencyEn": "Mississauga North (1980/02/18 - 1984/09/03)<br>",
    "ConstituencyFr": "Mississauga-Nord (1980/02/18 - 1984/09/03)<br>",
    "CurrentPartyEn": "Liberal Party of Canada",
    "CurrentPartyFr": "Parti lib\u00e9ral du Canada",
    "CurrentConstituencyEn": "Mississauga North",
    "CurrentConstituencyFr": "Mississauga-Nord",
    "ProvinceEn": "Ontario<br>",
    "ProvinceFr": "Ontario<br>",
    "PrimeMinisterEn": "",
    "PrimeMinisterFr": "",
    "CabinetChairEn": "",
    "CabinetChairFr": "",
    "CabinetCommitteeMemberEn": "",
    "CabinetCommitteeMemberFr": "",
    "LeaderOpposition": "",
    "DeputyPrimeMinister": "",
    "SpeakerHouseOfCommons": "",
    "SpeakerSenate": "",
    "SpeakerProTempore": "",
    "DeputySpeaker": "",
    "AssistantDeputySpeakerChairEn": "",
    "AssistantDeputySpeakerChairFr": "",
    "MinisterOfEn": "",
    "MinisterOfFr": "",
    "AssociateMinisterOfEn": "",
    "AssociateMinisterOfFr": "",
    "MinisterOfStateOfEn": "",
    "MinisterOfStateOfFr": "",
    "SecretaryOfStateOfEn": "",
    "SecretaryOfStateOfFr": "",
    "ParliamentarySecretaryOfEn": "Parliamentary Secretary to the Minister of Finance (1982/03/01 - 1984/02/29)<br>",
    "ParliamentarySecretaryOfFr": "Secr\u00e9taire parlementaire du ministre des Finances (1982/03/01 - 1984/02/29)<br>",
    "ParliamentaryAssistantOfEn": "",
    "ParliamentaryAssistantOfFr": "",
    "PartyLeaderEn": "",
    "PartyLeaderFr": "",
    "HouseLeaderEn": "",
    "HouseLeaderFr": "",
    "DeputyHouseLeaderEn": "",
    "DeputyHouseLeaderFr": "",
    "WhipEn": "",
    "WhipFr": "",
    "DeputyWhipEn": "",
    "DeputyWhipFr": "",
    "CriticOfEn": "",
    "CriticOfFr": "",
    "AssistantCriticOfEn": "",
    "AssistantCriticOfFr": "",
    "TypeOfParliamentarianEn": "MP (1980/02/18 - 1984/09/03)<br>",
    "TypeOfParliamentarianFr": "D\u00e9put\u00e9 (1980/02/18 - 1984/09/03)<br>",
    "DiedInOffice": false,
    "PremiershipExperienceEn": "",
    "PremiershipExperienceFr": "",
    "ProvincialExperienceEn": "",
    "ProvincialExperienceFr": "",
    "MunicipalExperienceEn": "",
    "MunicipalExperienceFr": "",
    "MilitaryServiceEn": "",
    "MilitaryServiceFr": "",
    "MinistryDurationEn": "",
    "MinistryDurationFr": "",
    "ProfessionsEn": ", businessman, publisher",
    "ProfessionsFr": ", \u00e9diteur, homme d'affaires",
    "LanguageEn": "",
    "LanguageFr": "",
    "IsPrimeMinister": false,
    "YearsOfServiceSegments": [
      {
        "TotalDays": 1660,
        "Years": 4,
        "Months": 6,
        "Days": 17,
        "Hours": 0,
        "Minutes": 0,
        "Seconds": 0,
        "Milliseconds": 0
      }
    ],
    "IsCurrentlyInOffice": false,
    "IsCurrentlySenator": false,
    "IsCurrentlyMP": false,
    "HasMaidenSpeech": true,
    "_id": "59f8770be413e1389ffd194d",
    "LastUpdatedId": "000000000000000000000000",
    "LastModified": "0001-01-01T00:00:00",
    "ModifiedBy": null
  },
  "FederalExperience": [
    {
      "PersonRoleId": 26143,
      "NameFr": "Membre pour la circonscription",
      "StartDate": "1980-02-18T00:00:00Z",
      "StartDateIsApproximate": false,
      "EndDate": "1984-09-03T00:00:00Z",
      "EndDateIsApproximate": false,
      "EndReasonEn": null,
      "EndReasonFr": null,
      "EndReasonTypeEn": null,
      "EndReasonTypeFr": null,
      "SourceOfInformationEn": null,
      "SourceOfInformationFr": null,
      "IsActing": false,
      "ActingTextEn": null,
      "ActingTextFr": null,
      "HasCrossedTheFloor": false,
      "OrganizationId": 5383,
      "OrganizationLongEn": "Mississauga North",
      "OrganizationLongFr": "Mississauga-Nord",
      "OrganizationShortEn": "",
      "OrganizationShortFr": "",
      "OrganizationAcronymEn": "",
      "OrganizationAcronymFr": "",
      "OrganizationTypeId": 35,
      "OrganizationTypeEn": "Constituency",
      "OrganizationTypeFr": "Circonscription",
      "OrganizationProvinceEn": "Ontario",
      "OrganizationProvinceFr": "Ontario",
      "OrganizationHasProfile": true,
      "IsSenatorialDivision": false,
      "ToBeStyledAsEn": "",
      "ToBeStyledAsFr": "",
      "GroupId": 0,
      "Source": null,
      "PortFolioEn": null,
      "PortFolioFr": null,
      "Committee": null,
      "GroupingTitleEn": "Parliamentarian",
      "GroupingTitleFr": "Parlementaire",
      "GroupingOrder": 1,
      "ParliamentStart": "1980-04-14T00:00:00Z",
      "ParliamentEnd": "1984-07-09T00:00:00Z",
      "ParliamentNumber": 32,
      "PartyOrganizationId": 4831,
      "PartyEn": "Liberal Party of Canada",
      "PartyFr": "Parti lib\u00e9ral du Canada",
      "PartyStartDate": "1980-02-18T00:00:00Z",
      "PartyEndDate": "1984-09-03T00:00:00Z",
      "PersonPersonId": 0,
      "PersonLastName": null,
      "PersonUsedFirstName": null,
      "PersonGender": null,
      "MemberOfParliament": {
        "OccupationTypeEn": "Continuous",
        "OccupationTypeFr": "Continue"
      },
      "IsMP": true,
      "IsSenator": false,
      "GovernorGeneral": null,
      "Documents": null,
      "Senator": null,
      "NotesEn": null,
      "NotesFr": null,
      "InternalNotes": null,
      "IsCurrent": "False",
      "RoleId": 719,
      "NameEn": "Constituency Member",
      "Ordinal": 240,
      "Classes": [
        {
          "RoleClassId": 49,
          "RoleClassOrdinal": 2,
          "RoleToRoleClassOrdinal": null,
          "RoleClassNameEn": "Salaries in the House of Commons",
          "RoleClassNameFr": "Salaires \u00e0 la Chambre des Communes"
        },
        {
          "RoleClassId": 105,
          "RoleClassOrdinal": null,
          "RoleToRoleClassOrdinal": null,
          "RoleClassNameEn": "Parliamentarian",
          "RoleClassNameFr": "Parlementaire"
        }
      ]
    },
    {
      "PersonRoleId": 74794,
      "NameFr": "Membre du parti",
      "StartDate": "1980-02-18T00:00:00Z",
      "StartDateIsApproximate": false,
      "EndDate": "1984-09-03T00:00:00Z",
      "EndDateIsApproximate": false,
      "EndReasonEn": null,
      "EndReasonFr": null,
      "EndReasonTypeEn": null,
      "EndReasonTypeFr": null,
      "SourceOfInformationEn": null,
      "SourceOfInformationFr": null,
      "IsActing": false,
      "ActingTextEn": null,
      "ActingTextFr": null,
      "HasCrossedTheFloor": false,
      "OrganizationId": 4831,
      "OrganizationLongEn": "Liberal Party of Canada",
      "OrganizationLongFr": "Parti lib\u00e9ral du Canada",
      "OrganizationShortEn": "Liberal",
      "OrganizationShortFr": "Lib\u00e9ral",
      "OrganizationAcronymEn": "Lib.",
      "OrganizationAcronymFr": "Lib.",
      "OrganizationTypeId": 4,
      "OrganizationTypeEn": "Party",
      "OrganizationTypeFr": "Parti",
      "OrganizationProvinceEn": null,
      "OrganizationProvinceFr": null,
      "OrganizationHasProfile": true,
      "IsSenatorialDivision": false,
      "ToBeStyledAsEn": "",
      "ToBeStyledAsFr": "",
      "GroupId": 0,
      "Source": null,
      "PortFolioEn": null,
      "PortFolioFr": null,
      "Committee": null,
      "GroupingTitleEn": "Parliamentarian",
      "GroupingTitleFr": "Parlementaire",
      "GroupingOrder": 1,
      "ParliamentStart": "1980-04-14T00:00:00Z",
      "ParliamentEnd": "1984-07-09T00:00:00Z",
      "ParliamentNumber": 32,
      "PartyOrganizationId": 4831,
      "PartyEn": "Liberal Party of Canada",
      "PartyFr": "Parti lib\u00e9ral du Canada",
      "PartyStartDate": "1980-02-18T00:00:00Z",
      "PartyEndDate": "1984-09-03T00:00:00Z",
      "PersonPersonId": 0,
      "PersonLastName": null,
      "PersonUsedFirstName": null,
      "PersonGender": null,
      "MemberOfParliament": null,
      "IsMP": false,
      "IsSenator": false,
      "GovernorGeneral": null,
      "Documents": null,
      "Senator": null,
      "NotesEn": null,
      "NotesFr": null,
      "InternalNotes": null,
      "IsCurrent": "False",
      "RoleId": 722,
      "NameEn": "Party Member",
      "Ordinal": null,
      "Classes": [
        {
          "RoleClassId": 105,
          "RoleClassOrdinal": null,
          "RoleToRoleClassOrdinal": null,
          "RoleClassNameEn": "Parliamentarian",
          "RoleClassNameFr": "Parlementaire"
        }
      ]
    },
    {
      "PersonRoleId": 41081,
      "NameFr": "Secr\u00e9taire parlementaire",
      "StartDate": "1982-03-01T00:00:00Z",
      "StartDateIsApproximate": false,
      "EndDate": "1984-02-29T00:00:00Z",
      "EndDateIsApproximate": false,
      "EndReasonEn": null,
      "EndReasonFr": null,
      "EndReasonTypeEn": null,
      "EndReasonTypeFr": null,
      "SourceOfInformationEn": null,
      "SourceOfInformationFr": null,
      "IsActing": false,
      "ActingTextEn": null,
      "ActingTextFr": null,
      "HasCrossedTheFloor": false,
      "OrganizationId": 2985,
      "OrganizationLongEn": "Finance",
      "OrganizationLongFr": "Finances",
      "OrganizationShortEn": null,
      "OrganizationShortFr": null,
      "OrganizationAcronymEn": null,
      "OrganizationAcronymFr": null,
      "OrganizationTypeId": 38,
      "OrganizationTypeEn": "Government",
      "OrganizationTypeFr": "Gouvernement",
      "OrganizationProvinceEn": null,
      "OrganizationProvinceFr": null,
      "OrganizationHasProfile": true,
      "IsSenatorialDivision": false,
      "ToBeStyledAsEn": "Parliamentary Secretary to the Minister of Finance",
      "ToBeStyledAsFr": "Secr\u00e9taire parlementaire du ministre des Finances",
      "GroupId": 0,
      "Source": null,
      "PortFolioEn": "Finance",
      "PortFolioFr": "Finances",
      "Committee": null,
      "GroupingTitleEn": "House of Commons Roles",
      "GroupingTitleFr": "R\u00f4les \u00e0 la chambre des Communes",
      "GroupingOrder": 2,
      "ParliamentStart": "1980-04-14T00:00:00Z",
      "ParliamentEnd": "1984-07-09T00:00:00Z",
      "ParliamentNumber": 32,
      "PartyOrganizationId": 4831,
      "PartyEn": "Liberal Party of Canada",
      "PartyFr": "Parti lib\u00e9ral du Canada",
      "PartyStartDate": "1980-02-18T00:00:00Z",
      "PartyEndDate": "1984-09-03T00:00:00Z",
      "PersonPersonId": 0,
      "PersonLastName": null,
      "PersonUsedFirstName": null,
      "PersonGender": null,
      "MemberOfParliament": null,
      "IsMP": false,
      "IsSenator": false,
      "GovernorGeneral": null,
      "Documents": null,
      "Senator": null,
      "NotesEn": null,
      "NotesFr": null,
      "InternalNotes": null,
      "IsCurrent": "False",
      "RoleId": 427,
      "NameEn": "Parliamentary Secretary",
      "Ordinal": 14,
      "Classes": [
        {
          "RoleClassId": 49,
          "RoleClassOrdinal": 2,
          "RoleToRoleClassOrdinal": null,
          "RoleClassNameEn": "Salaries in the House of Commons",
          "RoleClassNameFr": "Salaires \u00e0 la Chambre des Communes"
        },
        {
          "RoleClassId": 13,
          "RoleClassOrdinal": 70,
          "RoleToRoleClassOrdinal": null,
          "RoleClassNameEn": "Parliamentary Secretaries",
          "RoleClassNameFr": "Secr\u00e9taires parlementaires"
        },
        {
          "RoleClassId": 15,
          "RoleClassOrdinal": null,
          "RoleToRoleClassOrdinal": null,
          "RoleClassNameEn": "Parliamentary function",
          "RoleClassNameFr": "Fonction Parlementaire"
        },
        {
          "RoleClassId": 20,
          "RoleClassOrdinal": 80,
          "RoleToRoleClassOrdinal": null,
          "RoleClassNameEn": "Parliamentary Secretary",
          "RoleClassNameFr": "Secr\u00e9taire parlementaire"
        },
        {
          "RoleClassId": 107,
          "RoleClassOrdinal": null,
          "RoleToRoleClassOrdinal": null,
          "RoleClassNameEn": "House of Commons Roles",
          "RoleClassNameFr": "R\u00f4les \u00e0 la chambre des Communes"
        },
        {
          "RoleClassId": 113,
          "RoleClassOrdinal": null,
          "RoleToRoleClassOrdinal": null,
          "RoleClassNameEn": "ElectionProcessCloseDissolution",
          "RoleClassNameFr": "ElectionProcessCloseDissolution"
        }
      ]
    }
  ],
  "FederalExperienceList": [
    {
      "PersonRoleId": 74794,
      "NameFr": "Membre du parti",
      "StartDate": "1980-02-18T00:00:00Z",
      "StartDateIsApproximate": false,
      "EndDate": "1984-09-03T00:00:00Z",
      "EndDateIsApproximate": false,
      "EndReasonEn": null,
      "EndReasonFr": null,
      "EndReasonTypeEn": null,
      "EndReasonTypeFr": null,
      "SourceOfInformationEn": null,
      "SourceOfInformationFr": null,
      "IsActing": false,
      "ActingTextEn": null,
      "ActingTextFr": null,
      "HasCrossedTheFloor": false,
      "OrganizationId": 4831,
      "OrganizationLongEn": "Liberal Party of Canada",
      "OrganizationLongFr": "Parti lib\u00e9ral du Canada",
      "OrganizationShortEn": "Liberal",
      "OrganizationShortFr": "Lib\u00e9ral",
      "OrganizationAcronymEn": "Lib.",
      "OrganizationAcronymFr": "Lib.",
      "OrganizationTypeId": 4,
      "OrganizationTypeEn": "Party",
      "OrganizationTypeFr": "Parti",
      "OrganizationProvinceEn": null,
      "OrganizationProvinceFr": null,
      "OrganizationHasProfile": true,
      "IsSenatorialDivision": false,
      "ToBeStyledAsEn": "",
      "ToBeStyledAsFr": "",
      "GroupId": 0,
      "Source": null,
      "PortFolioEn": null,
      "PortFolioFr": null,
      "Committee": null,
      "GroupingTitleEn": "Parliamentarian",
      "GroupingTitleFr": "Parlementaire",
      "GroupingOrder": 1,
      "ParliamentStart": "1980-04-14T00:00:00Z",
      "ParliamentEnd": "1984-07-09T00:00:00Z",
      "ParliamentNumber": 32,
      "PartyOrganizationId": 4831,
      "PartyEn": "Liberal Party of Canada",
      "PartyFr": "Parti lib\u00e9ral du Canada",
      "PartyStartDate": "1980-02-18T00:00:00Z",
      "PartyEndDate": "1984-09-03T00:00:00Z",
      "PersonPersonId": 0,
      "PersonLastName": null,
      "PersonUsedFirstName": null,
      "PersonGender": null,
      "MemberOfParliament": null,
      "IsMP": false,
      "IsSenator": false,
      "GovernorGeneral": null,
      "Documents": null,
      "Senator": null,
      "NotesEn": null,
      "NotesFr": null,
      "InternalNotes": null,
      "IsCurrent": "False",
      "RoleId": 722,
      "NameEn": "Party Member",
      "Ordinal": null,
      "Classes": [
        {
          "RoleClassId": 105,
          "RoleClassOrdinal": null,
          "RoleToRoleClassOrdinal": null,
          "RoleClassNameEn": "Parliamentarian",
          "RoleClassNameFr": "Parlementaire"
        }
      ]
    },
    {
      "PersonRoleId": 26143,
      "NameFr": "Membre pour la circonscription",
      "StartDate": "1980-02-18T00:00:00Z",
      "StartDateIsApproximate": false,
      "EndDate": "1984-09-03T00:00:00Z",
      "EndDateIsApproximate": false,
      "EndReasonEn": null,
      "EndReasonFr": null,
      "EndReasonTypeEn": null,
      "EndReasonTypeFr": null,
      "SourceOfInformationEn": null,
      "SourceOfInformationFr": null,
      "IsActing": false,
      "ActingTextEn": null,
      "ActingTextFr": null,
      "HasCrossedTheFloor": false,
      "OrganizationId": 5383,
      "OrganizationLongEn": "Mississauga North",
      "OrganizationLongFr": "Mississauga-Nord",
      "OrganizationShortEn": "",
      "OrganizationShortFr": "",
      "OrganizationAcronymEn": "",
      "OrganizationAcronymFr": "",
      "OrganizationTypeId": 35,
      "OrganizationTypeEn": "Constituency",
      "OrganizationTypeFr": "Circonscription",
      "OrganizationProvinceEn": "Ontario",
      "OrganizationProvinceFr": "Ontario",
      "OrganizationHasProfile": true,
      "IsSenatorialDivision": false,
      "ToBeStyledAsEn": "",
      "ToBeStyledAsFr": "",
      "GroupId": 0,
      "Source": null,
      "PortFolioEn": null,
      "PortFolioFr": null,
      "Committee": null,
      "GroupingTitleEn": "Parliamentarian",
      "GroupingTitleFr": "Parlementaire",
      "GroupingOrder": 1,
      "ParliamentStart": "1980-04-14T00:00:00Z",
      "ParliamentEnd": "1984-07-09T00:00:00Z",
      "ParliamentNumber": 32,
      "PartyOrganizationId": 4831,
      "PartyEn": "Liberal Party of Canada",
      "PartyFr": "Parti lib\u00e9ral du Canada",
      "PartyStartDate": "1980-02-18T00:00:00Z",
      "PartyEndDate": "1984-09-03T00:00:00Z",
      "PersonPersonId": 0,
      "PersonLastName": null,
      "PersonUsedFirstName": null,
      "PersonGender": null,
      "MemberOfParliament": {
        "OccupationTypeEn": "Continuous",
        "OccupationTypeFr": "Continue"
      },
      "IsMP": true,
      "IsSenator": false,
      "GovernorGeneral": null,
      "Documents": null,
      "Senator": null,
      "NotesEn": null,
      "NotesFr": null,
      "InternalNotes": null,
      "IsCurrent": "False",
      "RoleId": 719,
      "NameEn": "Constituency Member",
      "Ordinal": 240,
      "Classes": [
        {
          "RoleClassId": 49,
          "RoleClassOrdinal": 2,
          "RoleToRoleClassOrdinal": null,
          "RoleClassNameEn": "Salaries in the House of Commons",
          "RoleClassNameFr": "Salaires \u00e0 la Chambre des Communes"
        },
        {
          "RoleClassId": 105,
          "RoleClassOrdinal": null,
          "RoleToRoleClassOrdinal": null,
          "RoleClassNameEn": "Parliamentarian",
          "RoleClassNameFr": "Parlementaire"
        }
      ]
    },
    {
      "PersonRoleId": 41081,
      "NameFr": "Secr\u00e9taire parlementaire",
      "StartDate": "1982-03-01T00:00:00Z",
      "StartDateIsApproximate": false,
      "EndDate": "1984-02-29T00:00:00Z",
      "EndDateIsApproximate": false,
      "EndReasonEn": null,
      "EndReasonFr": null,
      "EndReasonTypeEn": null,
      "EndReasonTypeFr": null,
      "SourceOfInformationEn": null,
      "SourceOfInformationFr": null,
      "IsActing": false,
      "ActingTextEn": null,
      "ActingTextFr": null,
      "HasCrossedTheFloor": false,
      "OrganizationId": 2985,
      "OrganizationLongEn": "Finance",
      "OrganizationLongFr": "Finances",
      "OrganizationShortEn": null,
      "OrganizationShortFr": null,
      "OrganizationAcronymEn": null,
      "OrganizationAcronymFr": null,
      "OrganizationTypeId": 38,
      "OrganizationTypeEn": "Government",
      "OrganizationTypeFr": "Gouvernement",
      "OrganizationProvinceEn": null,
      "OrganizationProvinceFr": null,
      "OrganizationHasProfile": true,
      "IsSenatorialDivision": false,
      "ToBeStyledAsEn": "Parliamentary Secretary to the Minister of Finance",
      "ToBeStyledAsFr": "Secr\u00e9taire parlementaire du ministre des Finances",
      "GroupId": 0,
      "Source": null,
      "PortFolioEn": "Finance",
      "PortFolioFr": "Finances",
      "Committee": null,
      "GroupingTitleEn": "House of Commons Roles",
      "GroupingTitleFr": "R\u00f4les \u00e0 la chambre des Communes",
      "GroupingOrder": 2,
      "ParliamentStart": "1980-04-14T00:00:00Z",
      "ParliamentEnd": "1984-07-09T00:00:00Z",
      "ParliamentNumber": 32,
      "PartyOrganizationId": 4831,
      "PartyEn": "Liberal Party of Canada",
      "PartyFr": "Parti lib\u00e9ral du Canada",
      "PartyStartDate": "1980-02-18T00:00:00Z",
      "PartyEndDate": "1984-09-03T00:00:00Z",
      "PersonPersonId": 0,
      "PersonLastName": null,
      "PersonUsedFirstName": null,
      "PersonGender": null,
      "MemberOfParliament": null,
      "IsMP": false,
      "IsSenator": false,
      "GovernorGeneral": null,
      "Documents": null,
      "Senator": null,
      "NotesEn": null,
      "NotesFr": null,
      "InternalNotes": null,
      "IsCurrent": "False",
      "RoleId": 427,
      "NameEn": "Parliamentary Secretary",
      "Ordinal": 14,
      "Classes": [
        {
          "RoleClassId": 49,
          "RoleClassOrdinal": 2,
          "RoleToRoleClassOrdinal": null,
          "RoleClassNameEn": "Salaries in the House of Commons",
          "RoleClassNameFr": "Salaires \u00e0 la Chambre des Communes"
        },
        {
          "RoleClassId": 13,
          "RoleClassOrdinal": 70,
          "RoleToRoleClassOrdinal": null,
          "RoleClassNameEn": "Parliamentary Secretaries",
          "RoleClassNameFr": "Secr\u00e9taires parlementaires"
        },
        {
          "RoleClassId": 15,
          "RoleClassOrdinal": null,
          "RoleToRoleClassOrdinal": null,
          "RoleClassNameEn": "Parliamentary function",
          "RoleClassNameFr": "Fonction Parlementaire"
        },
        {
          "RoleClassId": 20,
          "RoleClassOrdinal": 80,
          "RoleToRoleClassOrdinal": null,
          "RoleClassNameEn": "Parliamentary Secretary",
          "RoleClassNameFr": "Secr\u00e9taire parlementaire"
        },
        {
          "RoleClassId": 107,
          "RoleClassOrdinal": null,
          "RoleToRoleClassOrdinal": null,
          "RoleClassNameEn": "House of Commons Roles",
          "RoleClassNameFr": "R\u00f4les \u00e0 la chambre des Communes"
        },
        {
          "RoleClassId": 113,
          "RoleClassOrdinal": null,
          "RoleToRoleClassOrdinal": null,
          "RoleClassNameEn": "ElectionProcessCloseDissolution",
          "RoleClassNameFr": "ElectionProcessCloseDissolution"
        }
      ]
    }
  ],
  "CommitteeMembership": [
    {
      "NameEn": "Chair",
      "NameFr": "Pr\u00e9sident",
      "RoleId": 756,
      "OrganizationId": 9122,
      "OrganizationLongEn": "Subcommittee on the Taxation of Visual and Performing Artists and Writers of the Standing Committee on Communications and Culture",
      "OrganizationLongFr": "Sous-comit\u00e9 sur l'imposition des cr\u00e9ateurs et des interpr\u00e8tes du Comit\u00e9 permanent des communications et de la culture",
      "OrganizationTypeEn": "Committee",
      "OrganizationTypeFr": "Comit\u00e9",
      "OrganizationTypeId": 27,
      "PartyEn": "Liberal Party of Canada",
      "PartyFr": "Parti lib\u00e9ral du Canada",
      "CompositionTypeLongEn": "House of Commons",
      "CompositionTypeLongFr": "Chambre des communes",
      "CompositionTypeShortEn": "C",
      "CompositionTypeShortFr": "C",
      "CommitteeTypeEn": "Subcommittee",
      "CommitteeTypeFr": "Sous-comit\u00e9",
      "ParliamentNumber": 32,
      "SessionNumber": 2,
      "ShortEn": "2nd",
      "ShortFr": "2e"
    },
    {
      "NameEn": "Member",
      "NameFr": "Membre",
      "RoleId": 226,
      "OrganizationId": 423,
      "OrganizationLongEn": "Standing Committee on Agriculture",
      "OrganizationLongFr": "Comit\u00e9 permanent de l'agriculture",
      "OrganizationTypeEn": "Committee",
      "OrganizationTypeFr": "Comit\u00e9",
      "OrganizationTypeId": 27,
      "PartyEn": "Liberal Party of Canada",
      "PartyFr": "Parti lib\u00e9ral du Canada",
      "CompositionTypeLongEn": "House of Commons",
      "CompositionTypeLongFr": "Chambre des communes",
      "CompositionTypeShortEn": "C",
      "CompositionTypeShortFr": "C",
      "CommitteeTypeEn": "Standing",
      "CommitteeTypeFr": "Permanent",
      "ParliamentNumber": 32,
      "SessionNumber": 2,
      "ShortEn": "2nd",
      "ShortFr": "2e"
    },
    {
      "NameEn": "Member",
      "NameFr": "Membre",
      "RoleId": 226,
      "OrganizationId": 2102,
      "OrganizationLongEn": "Standing Committee on Communications and Culture",
      "OrganizationLongFr": "Comit\u00e9 permanent des communications et de la culture",
      "OrganizationTypeEn": "Committee",
      "OrganizationTypeFr": "Comit\u00e9",
      "OrganizationTypeId": 27,
      "PartyEn": "Liberal Party of Canada",
      "PartyFr": "Parti lib\u00e9ral du Canada",
      "CompositionTypeLongEn": "House of Commons",
      "CompositionTypeLongFr": "Chambre des communes",
      "CompositionTypeShortEn": "C",
      "CompositionTypeShortFr": "C",
      "CommitteeTypeEn": "Standing",
      "CommitteeTypeFr": "Permanent",
      "ParliamentNumber": 32,
      "SessionNumber": 2,
      "ShortEn": "2nd",
      "ShortFr": "2e"
    },
    {
      "NameEn": "Member",
      "NameFr": "Membre",
      "RoleId": 226,
      "OrganizationId": 6838,
      "OrganizationLongEn": "Standing Committee on Privileges and Elections",
      "OrganizationLongFr": "Comit\u00e9 permanent des privil\u00e8ges et \u00e9lections",
      "OrganizationTypeEn": "Committee",
      "OrganizationTypeFr": "Comit\u00e9",
      "OrganizationTypeId": 27,
      "PartyEn": "Liberal Party of Canada",
      "PartyFr": "Parti lib\u00e9ral du Canada",
      "CompositionTypeLongEn": "House of Commons",
      "CompositionTypeLongFr": "Chambre des communes",
      "CompositionTypeShortEn": "C",
      "CompositionTypeShortFr": "C",
      "CommitteeTypeEn": "Standing",
      "CommitteeTypeFr": "Permanent",
      "ParliamentNumber": 32,
      "SessionNumber": 2,
      "ShortEn": "2nd",
      "ShortFr": "2e"
    },
    {
      "NameEn": "Member",
      "NameFr": "Membre",
      "RoleId": 226,
      "OrganizationId": 6895,
      "OrganizationLongEn": "Standing Committee on Public Accounts",
      "OrganizationLongFr": "Comit\u00e9 permanent des comptes publics",
      "OrganizationTypeEn": "Committee",
      "OrganizationTypeFr": "Comit\u00e9",
      "OrganizationTypeId": 27,
      "PartyEn": "Liberal Party of Canada",
      "PartyFr": "Parti lib\u00e9ral du Canada",
      "CompositionTypeLongEn": "House of Commons",
      "CompositionTypeLongFr": "Chambre des communes",
      "CompositionTypeShortEn": "C",
      "CompositionTypeShortFr": "C",
      "CommitteeTypeEn": "Standing",
      "CommitteeTypeFr": "Permanent",
      "ParliamentNumber": 32,
      "SessionNumber": 2,
      "ShortEn": "2nd",
      "ShortFr": "2e"
    },
    {
      "NameEn": "Member",
      "NameFr": "Membre",
      "RoleId": 226,
      "OrganizationId": 2995,
      "OrganizationLongEn": "Standing Committee on Finance, Trade and Economic Affairs",
      "OrganizationLongFr": "Comit\u00e9 permanent des finances, du commerce et des questions \u00e9conomiques",
      "OrganizationTypeEn": "Committee",
      "OrganizationTypeFr": "Comit\u00e9",
      "OrganizationTypeId": 27,
      "PartyEn": "Liberal Party of Canada",
      "PartyFr": "Parti lib\u00e9ral du Canada",
      "CompositionTypeLongEn": "House of Commons",
      "CompositionTypeLongFr": "Chambre des communes",
      "CompositionTypeShortEn": "C",
      "CompositionTypeShortFr": "C",
      "CommitteeTypeEn": "Standing",
      "CommitteeTypeFr": "Permanent",
      "ParliamentNumber": 32,
      "SessionNumber": 2,
      "ShortEn": "2nd",
      "ShortFr": "2e"
    },
    {
      "NameEn": "Member",
      "NameFr": "Membre",
      "RoleId": 226,
      "OrganizationId": 423,
      "OrganizationLongEn": "Standing Committee on Agriculture",
      "OrganizationLongFr": "Comit\u00e9 permanent de l'agriculture",
      "OrganizationTypeEn": "Committee",
      "OrganizationTypeFr": "Comit\u00e9",
      "OrganizationTypeId": 27,
      "PartyEn": "Liberal Party of Canada",
      "PartyFr": "Parti lib\u00e9ral du Canada",
      "CompositionTypeLongEn": "House of Commons",
      "CompositionTypeLongFr": "Chambre des communes",
      "CompositionTypeShortEn": "C",
      "CompositionTypeShortFr": "C",
      "CommitteeTypeEn": "Standing",
      "CommitteeTypeFr": "Permanent",
      "ParliamentNumber": 32,
      "SessionNumber": 1,
      "ShortEn": "1st",
      "ShortFr": "1\u00e8re"
    },
    {
      "NameEn": "Member",
      "NameFr": "Membre",
      "RoleId": 226,
      "OrganizationId": 5364,
      "OrganizationLongEn": "Standing Committee on Miscellaneous Estimates",
      "OrganizationLongFr": "Comit\u00e9 permanent des pr\u00e9visions budg\u00e9taires en g\u00e9n\u00e9ral",
      "OrganizationTypeEn": "Committee",
      "OrganizationTypeFr": "Comit\u00e9",
      "OrganizationTypeId": 27,
      "PartyEn": "Liberal Party of Canada",
      "PartyFr": "Parti lib\u00e9ral du Canada",
      "CompositionTypeLongEn": "House of Commons",
      "CompositionTypeLongFr": "Chambre des communes",
      "CompositionTypeShortEn": "C",
      "CompositionTypeShortFr": "C",
      "CommitteeTypeEn": "Standing",
      "CommitteeTypeFr": "Permanent",
      "ParliamentNumber": 32,
      "SessionNumber": 1,
      "ShortEn": "1st",
      "ShortFr": "1\u00e8re"
    },
    {
      "NameEn": "Member",
      "NameFr": "Membre",
      "RoleId": 226,
      "OrganizationId": 6838,
      "OrganizationLongEn": "Standing Committee on Privileges and Elections",
      "OrganizationLongFr": "Comit\u00e9 permanent des privil\u00e8ges et \u00e9lections",
      "OrganizationTypeEn": "Committee",
      "OrganizationTypeFr": "Comit\u00e9",
      "OrganizationTypeId": 27,
      "PartyEn": "Liberal Party of Canada",
      "PartyFr": "Parti lib\u00e9ral du Canada",
      "CompositionTypeLongEn": "House of Commons",
      "CompositionTypeLongFr": "Chambre des communes",
      "CompositionTypeShortEn": "C",
      "CompositionTypeShortFr": "C",
      "CommitteeTypeEn": "Standing",
      "CommitteeTypeFr": "Permanent",
      "ParliamentNumber": 32,
      "SessionNumber": 1,
      "ShortEn": "1st",
      "ShortFr": "1\u00e8re"
    },
    {
      "NameEn": "Member",
      "NameFr": "Membre",
      "RoleId": 226,
      "OrganizationId": 6895,
      "OrganizationLongEn": "Standing Committee on Public Accounts",
      "OrganizationLongFr": "Comit\u00e9 permanent des comptes publics",
      "OrganizationTypeEn": "Committee",
      "OrganizationTypeFr": "Comit\u00e9",
      "OrganizationTypeId": 27,
      "PartyEn": "Liberal Party of Canada",
      "PartyFr": "Parti lib\u00e9ral du Canada",
      "CompositionTypeLongEn": "House of Commons",
      "CompositionTypeLongFr": "Chambre des communes",
      "CompositionTypeShortEn": "C",
      "CompositionTypeShortFr": "C",
      "CommitteeTypeEn": "Standing",
      "CommitteeTypeFr": "Permanent",
      "ParliamentNumber": 32,
      "SessionNumber": 1,
      "ShortEn": "1st",
      "ShortFr": "1\u00e8re"
    },
    {
      "NameEn": "Member",
      "NameFr": "Membre",
      "RoleId": 226,
      "OrganizationId": 9336,
      "OrganizationLongEn": "Standing Committee on Transport",
      "OrganizationLongFr": "Comit\u00e9 permanent des transports",
      "OrganizationTypeEn": "Committee",
      "OrganizationTypeFr": "Comit\u00e9",
      "OrganizationTypeId": 27,
      "PartyEn": "Liberal Party of Canada",
      "PartyFr": "Parti lib\u00e9ral du Canada",
      "CompositionTypeLongEn": "House of Commons",
      "CompositionTypeLongFr": "Chambre des communes",
      "CompositionTypeShortEn": "C",
      "CompositionTypeShortFr": "C",
      "CommitteeTypeEn": "Standing",
      "CommitteeTypeFr": "Permanent",
      "ParliamentNumber": 32,
      "SessionNumber": 1,
      "ShortEn": "1st",
      "ShortFr": "1\u00e8re"
    },
    {
      "NameEn": "Member",
      "NameFr": "Membre",
      "RoleId": 226,
      "OrganizationId": 2995,
      "OrganizationLongEn": "Standing Committee on Finance, Trade and Economic Affairs",
      "OrganizationLongFr": "Comit\u00e9 permanent des finances, du commerce et des questions \u00e9conomiques",
      "OrganizationTypeEn": "Committee",
      "OrganizationTypeFr": "Comit\u00e9",
      "OrganizationTypeId": 27,
      "PartyEn": "Liberal Party of Canada",
      "PartyFr": "Parti lib\u00e9ral du Canada",
      "CompositionTypeLongEn": "House of Commons",
      "CompositionTypeLongFr": "Chambre des communes",
      "CompositionTypeShortEn": "C",
      "CompositionTypeShortFr": "C",
      "CommitteeTypeEn": "Standing",
      "CommitteeTypeFr": "Permanent",
      "ParliamentNumber": 32,
      "SessionNumber": 1,
      "ShortEn": "1st",
      "ShortFr": "1\u00e8re"
    }
  ],
  "PublicOfficeExperience": null,
  "ProvincialExperience": null,
  "MilitaryExperience": null,
  "MunicipalExperience": null,
  "FamilyTiesInParliament": null,
  "Family": null,
  "Education": [
    {
      "SchoolNameLongEn": "Windsor University",
      "SchoolNameLongFr": "Universit\u00e9 de Windsor",
      "SchoolCityEn": "",
      "SchoolCityFr": "",
      "FieldOfStudyEn": "Unknown",
      "FieldOfStudyFr": "Inconnu",
      "DiplomaLongEn": "Unknown",
      "DiplomaLongFr": "Inconnu",
      "DiplomaShortEn": "",
      "DiplomaShortFr": "",
      "GraduationYear": null
    },
    {
      "SchoolNameLongEn": "York University",
      "SchoolNameLongFr": "Universit\u00e9 York",
      "SchoolCityEn": "Toronto",
      "SchoolCityFr": "Toronto",
      "FieldOfStudyEn": "Unknown",
      "FieldOfStudyFr": "Inconnu",
      "DiplomaLongEn": "Unknown",
      "DiplomaLongFr": "Inconnu",
      "DiplomaShortEn": "",
      "DiplomaShortFr": "",
      "GraduationYear": null
    }
  ],
  "PictureId": 275,
  "PictureCopyrightEn": "House of Commons 1980",
  "PictureCopyrightFr": "Chambre des communes 1980",
  "PictureCreditEn": "House of Commons",
  "PictureCreditFr": "Chambre des communes",
  "DisplayTitleEn": " Douglas Glenn Fisher",
  "DisplayTitleFr": " Douglas Glenn Fisher",
  "PlaceOfBirthEn": "Windsor, Ontario, Canada",
  "PlaceOfBirthFr": "Windsor, Ontario, Canada",
  "ProfessionsEn": "publisher, businessman",
  "ProfessionsFr": "\u00e9diteur, homme d'affaires",
  "PreferredLanguageEn": "",
  "PreferredLanguageFr": "",
  "PlaceOfBurialEn": "",
  "PlaceOfBurialFr": ""
}