{
  "Person": {
    "PersonId": 10252,
    "HOCPersonId": 0,
    "SenatePersonId": 0,
    "FormalFirstName": null,
    "UsedFirstName": "Bert H.",
    "MiddleName": null,
    "MaidenName": null,
    "LastName": "Soper",
    "IsDraftProfile": false,
    "DateOfBirth": "1884-03-15T00:00:00Z",
    "DateOfBirthIsApproximate": false,
    "DoNotDiscloseDateOfBirth": false,
    "DoNotDiscloseBirthLocation": false,
    "CityOfBirthEn": "Frankville",
    "CityOfBirthFr": "Frankville",
    "ProvinceOfBirthEn": "Ontario",
    "ProvinceOfBirthFr": "Ontario",
    "CountryOfBirthFr": "Canada",
    "CountryOfBirthEn": "Canada",
    "Gender": "M",
    "EthnicityLongEn": null,
    "EthnicityLongFr": null,
    "IsCanadianOrigin": true,
    "InternalNotes": null,
    "ExternalNotesEn": null,
    "ExternalNotesFr": null,
    "ReligionEn": "The United Church",
    "ReligionFr": "L'\u00c9glise Unie",
    "Professions": [
      {
        "NameEn": "merchant",
        "NameFr": "marchand",
        "SearchKeyWordsEn": "",
        "SearchKeyWordsFr": "",
        "ProfessionTypeEn": "Sales and service - Intermediate occupations",
        "ProfessionTypeFr": "Vente et services - Personnel interm\u00e9diaire",
        "Ordinal": null
      }
    ],
    "Languages": null,
    "Education": null,
    "FamilyRelations": null,
    "Pictures": [
      {
        "PictureId": 1276,
        "PictureDate": null,
        "TypeEn": "Photographer",
        "TypeFr": "Photographe",
        "PhotographerEn": "Unknown",
        "PhotographerFr": "Inconnu",
        "CreditsEn": "House of Commons",
        "CreditsFr": "Chambre des communes",
        "CopyRightsEn": "House of Commons 1940",
        "CopyRightsFr": "Chambre des communes 1940",
        "DisplayForWeb": true,
        "InternalNotes": null
      }
    ],
    "Titles": [
      {
        "LongEn": null,
        "LongFr": null,
        "AcronymEn": null,
        "AcronymFr": null,
        "IsHonorific": false,
        "IsScholarity": false,
        "IsSalutation": true,
        "Ordinal": 0
      },
      {
        "LongEn": "Member of Parliament",
        "LongFr": "d\u00e9put\u00e9",
        "AcronymEn": "M.P.",
        "AcronymFr": "d\u00e9put\u00e9",
        "IsHonorific": false,
        "IsScholarity": false,
        "IsSalutation": false,
        "Ordinal": 0
      }
    ],
    "Roles": [
      {
        "PersonRoleId": 41093,
        "NameFr": "Membre du caucus",
        "StartDate": "1940-05-16T00:00:00Z",
        "StartDateIsApproximate": false,
        "EndDate": "1945-04-16T00:00:00Z",
        "EndDateIsApproximate": false,
        "EndReasonEn": null,
        "EndReasonFr": null,
        "EndReasonTypeEn": null,
        "EndReasonTypeFr": null,
        "SourceOfInformationEn": null,
        "SourceOfInformationFr": null,
        "IsActing": false,
        "ActingTextEn": null,
        "ActingTextFr": null,
        "HasCrossedTheFloor": false,
        "OrganizationId": 4831,
        "OrganizationLongEn": "Liberal Party of Canada",
        "OrganizationLongFr": "Parti lib\u00e9ral du Canada",
        "OrganizationShortEn": "Liberal",
        "OrganizationShortFr": "Lib\u00e9ral",
        "OrganizationAcronymEn": "Lib.",
        "OrganizationAcronymFr": "Lib.",
        "OrganizationTypeId": 4,
        "OrganizationTypeEn": "Party",
        "OrganizationTypeFr": "Parti",
        "OrganizationProvinceEn": null,
        "OrganizationProvinceFr": null,
        "OrganizationHasProfile": true,
        "IsSenatorialDivision": false,
        "ToBeStyledAsEn": null,
        "ToBeStyledAsFr": null,
        "GroupId": 0,
        "Source": null,
        "PortFolioEn": null,
        "PortFolioFr": null,
        "Committee": null,
        "GroupingTitleEn": null,
        "GroupingTitleFr": null,
        "GroupingOrder": 0,
        "ParliamentStart": null,
        "ParliamentEnd": null,
        "ParliamentNumber": 0,
        "PartyOrganizationId": 0,
        "PartyEn": null,
        "PartyFr": null,
        "PartyStartDate": null,
        "PartyEndDate": null,
        "PersonPersonId": 0,
        "PersonLastName": null,
        "PersonUsedFirstName": null,
        "MemberOfParliament": null,
        "IsMP": false,
        "IsSenator": false,
        "GovernorGeneral": null,
        "Documents": null,
        "Senator": null,
        "NotesEn": null,
        "NotesFr": null,
        "InternalNotes": null,
        "IsCurrent": "False",
        "RoleId": 2998,
        "NameEn": "Caucus Member",
        "Ordinal": null,
        "Classes": null
      },
      {
        "PersonRoleId": 16028,
        "NameFr": "Membre du parti",
        "StartDate": "1940-03-26T00:00:00Z",
        "StartDateIsApproximate": false,
        "EndDate": "1945-06-10T00:00:00Z",
        "EndDateIsApproximate": false,
        "EndReasonEn": null,
        "EndReasonFr": null,
        "EndReasonTypeEn": null,
        "EndReasonTypeFr": null,
        "SourceOfInformationEn": null,
        "SourceOfInformationFr": null,
        "IsActing": false,
        "ActingTextEn": null,
        "ActingTextFr": null,
        "HasCrossedTheFloor": false,
        "OrganizationId": 4831,
        "OrganizationLongEn": "Liberal Party of Canada",
        "OrganizationLongFr": "Parti lib\u00e9ral du Canada",
        "OrganizationShortEn": "Liberal",
        "OrganizationShortFr": "Lib\u00e9ral",
        "OrganizationAcronymEn": "Lib.",
        "OrganizationAcronymFr": "Lib.",
        "OrganizationTypeId": 4,
        "OrganizationTypeEn": "Party",
        "OrganizationTypeFr": "Parti",
        "OrganizationProvinceEn": null,
        "OrganizationProvinceFr": null,
        "OrganizationHasProfile": true,
        "IsSenatorialDivision": false,
        "ToBeStyledAsEn": "",
        "ToBeStyledAsFr": "",
        "GroupId": 0,
        "Source": null,
        "PortFolioEn": null,
        "PortFolioFr": null,
        "Committee": null,
        "GroupingTitleEn": "Parliamentarian",
        "GroupingTitleFr": "Parlementaire",
        "GroupingOrder": 1,
        "ParliamentStart": "1940-05-16T00:00:00Z",
        "ParliamentEnd": "1945-04-16T00:00:00Z",
        "ParliamentNumber": 19,
        "PartyOrganizationId": 4831,
        "PartyEn": "Liberal Party of Canada",
        "PartyFr": "Parti lib\u00e9ral du Canada",
        "PartyStartDate": "1940-03-26T00:00:00Z",
        "PartyEndDate": "1945-06-10T00:00:00Z",
        "PersonPersonId": 0,
        "PersonLastName": null,
        "PersonUsedFirstName": null,
        "MemberOfParliament": null,
        "IsMP": false,
        "IsSenator": false,
        "GovernorGeneral": null,
        "Documents": null,
        "Senator": null,
        "NotesEn": null,
        "NotesFr": null,
        "InternalNotes": null,
        "IsCurrent": "False",
        "RoleId": 722,
        "NameEn": "Party Member",
        "Ordinal": null,
        "Classes": [
          {
            "RoleClassId": 105,
            "RoleClassOrdinal": null,
            "RoleToRoleClassOrdinal": null,
            "RoleClassNameEn": "Parliamentarian",
            "RoleClassNameFr": "Parlementaire"
          }
        ]
      },
      {
        "PersonRoleId": 95975,
        "NameFr": "Membre pour la circonscription",
        "StartDate": "1940-03-26T00:00:00Z",
        "StartDateIsApproximate": false,
        "EndDate": "1945-06-10T00:00:00Z",
        "EndDateIsApproximate": false,
        "EndReasonEn": null,
        "EndReasonFr": null,
        "EndReasonTypeEn": null,
        "EndReasonTypeFr": null,
        "SourceOfInformationEn": null,
        "SourceOfInformationFr": null,
        "IsActing": false,
        "ActingTextEn": null,
        "ActingTextFr": null,
        "HasCrossedTheFloor": false,
        "OrganizationId": 4431,
        "OrganizationLongEn": "Lanark",
        "OrganizationLongFr": "Lanark",
        "OrganizationShortEn": "",
        "OrganizationShortFr": "",
        "OrganizationAcronymEn": "",
        "OrganizationAcronymFr": "",
        "OrganizationTypeId": 35,
        "OrganizationTypeEn": "Constituency",
        "OrganizationTypeFr": "Circonscription",
        "OrganizationProvinceEn": "Ontario",
        "OrganizationProvinceFr": "Ontario",
        "OrganizationHasProfile": true,
        "IsSenatorialDivision": false,
        "ToBeStyledAsEn": "",
        "ToBeStyledAsFr": "",
        "GroupId": 0,
        "Source": null,
        "PortFolioEn": null,
        "PortFolioFr": null,
        "Committee": null,
        "GroupingTitleEn": "Parliamentarian",
        "GroupingTitleFr": "Parlementaire",
        "GroupingOrder": 1,
        "ParliamentStart": "1940-05-16T00:00:00Z",
        "ParliamentEnd": "1945-04-16T00:00:00Z",
        "ParliamentNumber": 19,
        "PartyOrganizationId": 4831,
        "PartyEn": "Liberal Party of Canada",
        "PartyFr": "Parti lib\u00e9ral du Canada",
        "PartyStartDate": "1940-03-26T00:00:00Z",
        "PartyEndDate": "1945-06-10T00:00:00Z",
        "PersonPersonId": 0,
        "PersonLastName": null,
        "PersonUsedFirstName": null,
        "MemberOfParliament": {
          "OccupationTypeEn": "Continuous",
          "OccupationTypeFr": "Continue"
        },
        "IsMP": true,
        "IsSenator": false,
        "GovernorGeneral": null,
        "Documents": null,
        "Senator": null,
        "NotesEn": null,
        "NotesFr": null,
        "InternalNotes": null,
        "IsCurrent": "False",
        "RoleId": 719,
        "NameEn": "Constituency Member",
        "Ordinal": 240,
        "Classes": [
          {
            "RoleClassId": 49,
            "RoleClassOrdinal": 2,
            "RoleToRoleClassOrdinal": null,
            "RoleClassNameEn": "Salaries in the House of Commons",
            "RoleClassNameFr": "Salaires \u00e0 la Chambre des Communes"
          },
          {
            "RoleClassId": 105,
            "RoleClassOrdinal": null,
            "RoleToRoleClassOrdinal": null,
            "RoleClassNameEn": "Parliamentarian",
            "RoleClassNameFr": "Parlementaire"
          }
        ]
      },
      {
        "PersonRoleId": 185532,
        "NameFr": "Membre",
        "StartDate": "1943-01-28T00:00:00Z",
        "StartDateIsApproximate": false,
        "EndDate": "1944-01-26T00:00:00Z",
        "EndDateIsApproximate": false,
        "EndReasonEn": null,
        "EndReasonFr": null,
        "EndReasonTypeEn": null,
        "EndReasonTypeFr": null,
        "SourceOfInformationEn": null,
        "SourceOfInformationFr": null,
        "IsActing": false,
        "ActingTextEn": null,
        "ActingTextFr": null,
        "HasCrossedTheFloor": false,
        "OrganizationId": 429,
        "OrganizationLongEn": "Standing Committee on Agriculture and Colonization",
        "OrganizationLongFr": "Comit\u00e9 permanent de l'agriculture et de la colonisation",
        "OrganizationShortEn": "Agriculture and Colonization",
        "OrganizationShortFr": "Agriculture et colonisation",
        "OrganizationAcronymEn": "",
        "OrganizationAcronymFr": "",
        "OrganizationTypeId": 27,
        "OrganizationTypeEn": "Committee",
        "OrganizationTypeFr": "Comit\u00e9",
        "OrganizationProvinceEn": null,
        "OrganizationProvinceFr": null,
        "OrganizationHasProfile": true,
        "IsSenatorialDivision": false,
        "ToBeStyledAsEn": "",
        "ToBeStyledAsFr": "",
        "GroupId": 0,
        "Source": null,
        "PortFolioEn": null,
        "PortFolioFr": null,
        "Committee": {
          "OrganizationId": 0,
          "SenateCommitteeId": 0,
          "CommitteeTypeId": 5,
          "CommitteeTypeEn": "Standing",
          "CommitteeTypeFr": "Permanent",
          "CompositionTypeId": 3,
          "CompositionTypeLongEn": "House of Commons",
          "CompositionTypeLongFr": "Chambre des communes",
          "CompositionTypeShortEn": "C",
          "CompositionTypeShortFr": "C",
          "Sessions": [
            {
              "SessionId": 0,
              "SessionNumber": 4,
              "ParliamentNumber": 19,
              "StartDate": "1943-01-28T00:00:00Z",
              "EndDate": "1944-01-26T00:00:00Z",
              "ShortEn": "4th",
              "ShortFr": "4e"
            }
          ],
          "Mandates": null
        },
        "GroupingTitleEn": null,
        "GroupingTitleFr": null,
        "GroupingOrder": 0,
        "ParliamentStart": null,
        "ParliamentEnd": null,
        "ParliamentNumber": 0,
        "PartyOrganizationId": 4831,
        "PartyEn": "Liberal Party of Canada",
        "PartyFr": "Parti lib\u00e9ral du Canada",
        "PartyStartDate": "1940-03-26T00:00:00Z",
        "PartyEndDate": "1945-06-10T00:00:00Z",
        "PersonPersonId": 0,
        "PersonLastName": null,
        "PersonUsedFirstName": null,
        "MemberOfParliament": null,
        "IsMP": false,
        "IsSenator": false,
        "GovernorGeneral": null,
        "Documents": null,
        "Senator": null,
        "NotesEn": null,
        "NotesFr": null,
        "InternalNotes": null,
        "IsCurrent": "False",
        "RoleId": 226,
        "NameEn": "Member",
        "Ordinal": 300,
        "Classes": [
          {
            "RoleClassId": 33,
            "RoleClassOrdinal": null,
            "RoleToRoleClassOrdinal": null,
            "RoleClassNameEn": "Committee",
            "RoleClassNameFr": "Comit\u00e9"
          },
          {
            "RoleClassId": 113,
            "RoleClassOrdinal": null,
            "RoleToRoleClassOrdinal": null,
            "RoleClassNameEn": "ElectionProcessCloseDissolution",
            "RoleClassNameFr": "ElectionProcessCloseDissolution"
          }
        ]
      },
      {
        "PersonRoleId": 185722,
        "NameFr": "Membre",
        "StartDate": "1943-01-28T00:00:00Z",
        "StartDateIsApproximate": false,
        "EndDate": "1944-01-26T00:00:00Z",
        "EndDateIsApproximate": false,
        "EndReasonEn": null,
        "EndReasonFr": null,
        "EndReasonTypeEn": null,
        "EndReasonTypeFr": null,
        "SourceOfInformationEn": null,
        "SourceOfInformationFr": null,
        "IsActing": false,
        "ActingTextEn": null,
        "ActingTextFr": null,
        "HasCrossedTheFloor": false,
        "OrganizationId": 6814,
        "OrganizationLongEn": "Standing Joint Committee on Printing",
        "OrganizationLongFr": "Comit\u00e9 mixte permanent des impressions",
        "OrganizationShortEn": "Printing",
        "OrganizationShortFr": "Impressions",
        "OrganizationAcronymEn": "",
        "OrganizationAcronymFr": "",
        "OrganizationTypeId": 27,
        "OrganizationTypeEn": "Committee",
        "OrganizationTypeFr": "Comit\u00e9",
        "OrganizationProvinceEn": null,
        "OrganizationProvinceFr": null,
        "OrganizationHasProfile": true,
        "IsSenatorialDivision": false,
        "ToBeStyledAsEn": "",
        "ToBeStyledAsFr": "",
        "GroupId": 0,
        "Source": null,
        "PortFolioEn": null,
        "PortFolioFr": null,
        "Committee": {
          "OrganizationId": 0,
          "SenateCommitteeId": 0,
          "CommitteeTypeId": 5,
          "CommitteeTypeEn": "Standing",
          "CommitteeTypeFr": "Permanent",
          "CompositionTypeId": 8,
          "CompositionTypeLongEn": "Joint",
          "CompositionTypeLongFr": "Mixte",
          "CompositionTypeShortEn": "J",
          "CompositionTypeShortFr": "J",
          "Sessions": [
            {
              "SessionId": 0,
              "SessionNumber": 4,
              "ParliamentNumber": 19,
              "StartDate": "1943-01-28T00:00:00Z",
              "EndDate": "1944-01-26T00:00:00Z",
              "ShortEn": "4th",
              "ShortFr": "4e"
            }
          ],
          "Mandates": null
        },
        "GroupingTitleEn": null,
        "GroupingTitleFr": null,
        "GroupingOrder": 0,
        "ParliamentStart": null,
        "ParliamentEnd": null,
        "ParliamentNumber": 0,
        "PartyOrganizationId": 4831,
        "PartyEn": "Liberal Party of Canada",
        "PartyFr": "Parti lib\u00e9ral du Canada",
        "PartyStartDate": "1940-03-26T00:00:00Z",
        "PartyEndDate": "1945-06-10T00:00:00Z",
        "PersonPersonId": 0,
        "PersonLastName": null,
        "PersonUsedFirstName": null,
        "MemberOfParliament": null,
        "IsMP": false,
        "IsSenator": false,
        "GovernorGeneral": null,
        "Documents": null,
        "Senator": null,
        "NotesEn": null,
        "NotesFr": null,
        "InternalNotes": null,
        "IsCurrent": "False",
        "RoleId": 226,
        "NameEn": "Member",
        "Ordinal": 300,
        "Classes": [
          {
            "RoleClassId": 33,
            "RoleClassOrdinal": null,
            "RoleToRoleClassOrdinal": null,
            "RoleClassNameEn": "Committee",
            "RoleClassNameFr": "Comit\u00e9"
          },
          {
            "RoleClassId": 113,
            "RoleClassOrdinal": null,
            "RoleToRoleClassOrdinal": null,
            "RoleClassNameEn": "ElectionProcessCloseDissolution",
            "RoleClassNameFr": "ElectionProcessCloseDissolution"
          }
        ]
      },
      {
        "PersonRoleId": 187357,
        "NameFr": "Membre",
        "StartDate": "1944-01-27T00:00:00Z",
        "StartDateIsApproximate": false,
        "EndDate": "1945-01-31T00:00:00Z",
        "EndDateIsApproximate": false,
        "EndReasonEn": null,
        "EndReasonFr": null,
        "EndReasonTypeEn": null,
        "EndReasonTypeFr": null,
        "SourceOfInformationEn": null,
        "SourceOfInformationFr": null,
        "IsActing": false,
        "ActingTextEn": null,
        "ActingTextFr": null,
        "HasCrossedTheFloor": false,
        "OrganizationId": 429,
        "OrganizationLongEn": "Standing Committee on Agriculture and Colonization",
        "OrganizationLongFr": "Comit\u00e9 permanent de l'agriculture et de la colonisation",
        "OrganizationShortEn": "Agriculture and Colonization",
        "OrganizationShortFr": "Agriculture et colonisation",
        "OrganizationAcronymEn": "",
        "OrganizationAcronymFr": "",
        "OrganizationTypeId": 27,
        "OrganizationTypeEn": "Committee",
        "OrganizationTypeFr": "Comit\u00e9",
        "OrganizationProvinceEn": null,
        "OrganizationProvinceFr": null,
        "OrganizationHasProfile": true,
        "IsSenatorialDivision": false,
        "ToBeStyledAsEn": "",
        "ToBeStyledAsFr": "",
        "GroupId": 0,
        "Source": null,
        "PortFolioEn": null,
        "PortFolioFr": null,
        "Committee": {
          "OrganizationId": 0,
          "SenateCommitteeId": 0,
          "CommitteeTypeId": 5,
          "CommitteeTypeEn": "Standing",
          "CommitteeTypeFr": "Permanent",
          "CompositionTypeId": 3,
          "CompositionTypeLongEn": "House of Commons",
          "CompositionTypeLongFr": "Chambre des communes",
          "CompositionTypeShortEn": "C",
          "CompositionTypeShortFr": "C",
          "Sessions": [
            {
              "SessionId": 0,
              "SessionNumber": 5,
              "ParliamentNumber": 19,
              "StartDate": "1944-01-27T00:00:00Z",
              "EndDate": "1945-01-31T00:00:00Z",
              "ShortEn": "5th",
              "ShortFr": "5e"
            }
          ],
          "Mandates": null
        },
        "GroupingTitleEn": null,
        "GroupingTitleFr": null,
        "GroupingOrder": 0,
        "ParliamentStart": null,
        "ParliamentEnd": null,
        "ParliamentNumber": 0,
        "PartyOrganizationId": 4831,
        "PartyEn": "Liberal Party of Canada",
        "PartyFr": "Parti lib\u00e9ral du Canada",
        "PartyStartDate": "1940-03-26T00:00:00Z",
        "PartyEndDate": "1945-06-10T00:00:00Z",
        "PersonPersonId": 0,
        "PersonLastName": null,
        "PersonUsedFirstName": null,
        "MemberOfParliament": null,
        "IsMP": false,
        "IsSenator": false,
        "GovernorGeneral": null,
        "Documents": null,
        "Senator": null,
        "NotesEn": null,
        "NotesFr": null,
        "InternalNotes": null,
        "IsCurrent": "False",
        "RoleId": 226,
        "NameEn": "Member",
        "Ordinal": 300,
        "Classes": [
          {
            "RoleClassId": 33,
            "RoleClassOrdinal": null,
            "RoleToRoleClassOrdinal": null,
            "RoleClassNameEn": "Committee",
            "RoleClassNameFr": "Comit\u00e9"
          },
          {
            "RoleClassId": 113,
            "RoleClassOrdinal": null,
            "RoleToRoleClassOrdinal": null,
            "RoleClassNameEn": "ElectionProcessCloseDissolution",
            "RoleClassNameFr": "ElectionProcessCloseDissolution"
          }
        ]
      },
      {
        "PersonRoleId": 187511,
        "NameFr": "Membre",
        "StartDate": "1942-01-22T00:00:00Z",
        "StartDateIsApproximate": false,
        "EndDate": "1943-01-27T00:00:00Z",
        "EndDateIsApproximate": false,
        "EndReasonEn": null,
        "EndReasonFr": null,
        "EndReasonTypeEn": null,
        "EndReasonTypeFr": null,
        "SourceOfInformationEn": null,
        "SourceOfInformationFr": null,
        "IsActing": false,
        "ActingTextEn": null,
        "ActingTextFr": null,
        "HasCrossedTheFloor": false,
        "OrganizationId": 429,
        "OrganizationLongEn": "Standing Committee on Agriculture and Colonization",
        "OrganizationLongFr": "Comit\u00e9 permanent de l'agriculture et de la colonisation",
        "OrganizationShortEn": "Agriculture and Colonization",
        "OrganizationShortFr": "Agriculture et colonisation",
        "OrganizationAcronymEn": "",
        "OrganizationAcronymFr": "",
        "OrganizationTypeId": 27,
        "OrganizationTypeEn": "Committee",
        "OrganizationTypeFr": "Comit\u00e9",
        "OrganizationProvinceEn": null,
        "OrganizationProvinceFr": null,
        "OrganizationHasProfile": true,
        "IsSenatorialDivision": false,
        "ToBeStyledAsEn": "",
        "ToBeStyledAsFr": "",
        "GroupId": 0,
        "Source": null,
        "PortFolioEn": null,
        "PortFolioFr": null,
        "Committee": {
          "OrganizationId": 0,
          "SenateCommitteeId": 0,
          "CommitteeTypeId": 5,
          "CommitteeTypeEn": "Standing",
          "CommitteeTypeFr": "Permanent",
          "CompositionTypeId": 3,
          "CompositionTypeLongEn": "House of Commons",
          "CompositionTypeLongFr": "Chambre des communes",
          "CompositionTypeShortEn": "C",
          "CompositionTypeShortFr": "C",
          "Sessions": [
            {
              "SessionId": 0,
              "SessionNumber": 3,
              "ParliamentNumber": 19,
              "StartDate": "1942-01-22T00:00:00Z",
              "EndDate": "1943-01-27T00:00:00Z",
              "ShortEn": "3rd",
              "ShortFr": "3e"
            }
          ],
          "Mandates": null
        },
        "GroupingTitleEn": null,
        "GroupingTitleFr": null,
        "GroupingOrder": 0,
        "ParliamentStart": null,
        "ParliamentEnd": null,
        "ParliamentNumber": 0,
        "PartyOrganizationId": 4831,
        "PartyEn": "Liberal Party of Canada",
        "PartyFr": "Parti lib\u00e9ral du Canada",
        "PartyStartDate": "1940-03-26T00:00:00Z",
        "PartyEndDate": "1945-06-10T00:00:00Z",
        "PersonPersonId": 0,
        "PersonLastName": null,
        "PersonUsedFirstName": null,
        "MemberOfParliament": null,
        "IsMP": false,
        "IsSenator": false,
        "GovernorGeneral": null,
        "Documents": null,
        "Senator": null,
        "NotesEn": null,
        "NotesFr": null,
        "InternalNotes": null,
        "IsCurrent": "False",
        "RoleId": 226,
        "NameEn": "Member",
        "Ordinal": 300,
        "Classes": [
          {
            "RoleClassId": 33,
            "RoleClassOrdinal": null,
            "RoleToRoleClassOrdinal": null,
            "RoleClassNameEn": "Committee",
            "RoleClassNameFr": "Comit\u00e9"
          },
          {
            "RoleClassId": 113,
            "RoleClassOrdinal": null,
            "RoleToRoleClassOrdinal": null,
            "RoleClassNameEn": "ElectionProcessCloseDissolution",
            "RoleClassNameFr": "ElectionProcessCloseDissolution"
          }
        ]
      },
      {
        "PersonRoleId": 187841,
        "NameFr": "Membre",
        "StartDate": "1942-01-22T00:00:00Z",
        "StartDateIsApproximate": false,
        "EndDate": "1943-01-27T00:00:00Z",
        "EndDateIsApproximate": false,
        "EndReasonEn": null,
        "EndReasonFr": null,
        "EndReasonTypeEn": null,
        "EndReasonTypeFr": null,
        "SourceOfInformationEn": null,
        "SourceOfInformationFr": null,
        "IsActing": false,
        "ActingTextEn": null,
        "ActingTextFr": null,
        "HasCrossedTheFloor": false,
        "OrganizationId": 6814,
        "OrganizationLongEn": "Standing Joint Committee on Printing",
        "OrganizationLongFr": "Comit\u00e9 mixte permanent des impressions",
        "OrganizationShortEn": "Printing",
        "OrganizationShortFr": "Impressions",
        "OrganizationAcronymEn": "",
        "OrganizationAcronymFr": "",
        "OrganizationTypeId": 27,
        "OrganizationTypeEn": "Committee",
        "OrganizationTypeFr": "Comit\u00e9",
        "OrganizationProvinceEn": null,
        "OrganizationProvinceFr": null,
        "OrganizationHasProfile": true,
        "IsSenatorialDivision": false,
        "ToBeStyledAsEn": "",
        "ToBeStyledAsFr": "",
        "GroupId": 0,
        "Source": null,
        "PortFolioEn": null,
        "PortFolioFr": null,
        "Committee": {
          "OrganizationId": 0,
          "SenateCommitteeId": 0,
          "CommitteeTypeId": 5,
          "CommitteeTypeEn": "Standing",
          "CommitteeTypeFr": "Permanent",
          "CompositionTypeId": 8,
          "CompositionTypeLongEn": "Joint",
          "CompositionTypeLongFr": "Mixte",
          "CompositionTypeShortEn": "J",
          "CompositionTypeShortFr": "J",
          "Sessions": [
            {
              "SessionId": 0,
              "SessionNumber": 3,
              "ParliamentNumber": 19,
              "StartDate": "1942-01-22T00:00:00Z",
              "EndDate": "1943-01-27T00:00:00Z",
              "ShortEn": "3rd",
              "ShortFr": "3e"
            }
          ],
          "Mandates": null
        },
        "GroupingTitleEn": null,
        "GroupingTitleFr": null,
        "GroupingOrder": 0,
        "ParliamentStart": null,
        "ParliamentEnd": null,
        "ParliamentNumber": 0,
        "PartyOrganizationId": 4831,
        "PartyEn": "Liberal Party of Canada",
        "PartyFr": "Parti lib\u00e9ral du Canada",
        "PartyStartDate": "1940-03-26T00:00:00Z",
        "PartyEndDate": "1945-06-10T00:00:00Z",
        "PersonPersonId": 0,
        "PersonLastName": null,
        "PersonUsedFirstName": null,
        "MemberOfParliament": null,
        "IsMP": false,
        "IsSenator": false,
        "GovernorGeneral": null,
        "Documents": null,
        "Senator": null,
        "NotesEn": null,
        "NotesFr": null,
        "InternalNotes": null,
        "IsCurrent": "False",
        "RoleId": 226,
        "NameEn": "Member",
        "Ordinal": 300,
        "Classes": [
          {
            "RoleClassId": 33,
            "RoleClassOrdinal": null,
            "RoleToRoleClassOrdinal": null,
            "RoleClassNameEn": "Committee",
            "RoleClassNameFr": "Comit\u00e9"
          },
          {
            "RoleClassId": 113,
            "RoleClassOrdinal": null,
            "RoleToRoleClassOrdinal": null,
            "RoleClassNameEn": "ElectionProcessCloseDissolution",
            "RoleClassNameFr": "ElectionProcessCloseDissolution"
          }
        ]
      },
      {
        "PersonRoleId": 187910,
        "NameFr": "Membre",
        "StartDate": "1944-01-27T00:00:00Z",
        "StartDateIsApproximate": false,
        "EndDate": "1945-01-31T00:00:00Z",
        "EndDateIsApproximate": false,
        "EndReasonEn": null,
        "EndReasonFr": null,
        "EndReasonTypeEn": null,
        "EndReasonTypeFr": null,
        "SourceOfInformationEn": null,
        "SourceOfInformationFr": null,
        "IsActing": false,
        "ActingTextEn": null,
        "ActingTextFr": null,
        "HasCrossedTheFloor": false,
        "OrganizationId": 6814,
        "OrganizationLongEn": "Standing Joint Committee on Printing",
        "OrganizationLongFr": "Comit\u00e9 mixte permanent des impressions",
        "OrganizationShortEn": "Printing",
        "OrganizationShortFr": "Impressions",
        "OrganizationAcronymEn": "",
        "OrganizationAcronymFr": "",
        "OrganizationTypeId": 27,
        "OrganizationTypeEn": "Committee",
        "OrganizationTypeFr": "Comit\u00e9",
        "OrganizationProvinceEn": null,
        "OrganizationProvinceFr": null,
        "OrganizationHasProfile": true,
        "IsSenatorialDivision": false,
        "ToBeStyledAsEn": "",
        "ToBeStyledAsFr": "",
        "GroupId": 0,
        "Source": null,
        "PortFolioEn": null,
        "PortFolioFr": null,
        "Committee": {
          "OrganizationId": 0,
          "SenateCommitteeId": 0,
          "CommitteeTypeId": 5,
          "CommitteeTypeEn": "Standing",
          "CommitteeTypeFr": "Permanent",
          "CompositionTypeId": 8,
          "CompositionTypeLongEn": "Joint",
          "CompositionTypeLongFr": "Mixte",
          "CompositionTypeShortEn": "J",
          "CompositionTypeShortFr": "J",
          "Sessions": [
            {
              "SessionId": 0,
              "SessionNumber": 5,
              "ParliamentNumber": 19,
              "StartDate": "1944-01-27T00:00:00Z",
              "EndDate": "1945-01-31T00:00:00Z",
              "ShortEn": "5th",
              "ShortFr": "5e"
            }
          ],
          "Mandates": null
        },
        "GroupingTitleEn": null,
        "GroupingTitleFr": null,
        "GroupingOrder": 0,
        "ParliamentStart": null,
        "ParliamentEnd": null,
        "ParliamentNumber": 0,
        "PartyOrganizationId": 4831,
        "PartyEn": "Liberal Party of Canada",
        "PartyFr": "Parti lib\u00e9ral du Canada",
        "PartyStartDate": "1940-03-26T00:00:00Z",
        "PartyEndDate": "1945-06-10T00:00:00Z",
        "PersonPersonId": 0,
        "PersonLastName": null,
        "PersonUsedFirstName": null,
        "MemberOfParliament": null,
        "IsMP": false,
        "IsSenator": false,
        "GovernorGeneral": null,
        "Documents": null,
        "Senator": null,
        "NotesEn": null,
        "NotesFr": null,
        "InternalNotes": null,
        "IsCurrent": "False",
        "RoleId": 226,
        "NameEn": "Member",
        "Ordinal": 300,
        "Classes": [
          {
            "RoleClassId": 33,
            "RoleClassOrdinal": null,
            "RoleToRoleClassOrdinal": null,
            "RoleClassNameEn": "Committee",
            "RoleClassNameFr": "Comit\u00e9"
          },
          {
            "RoleClassId": 113,
            "RoleClassOrdinal": null,
            "RoleToRoleClassOrdinal": null,
            "RoleClassNameEn": "ElectionProcessCloseDissolution",
            "RoleClassNameFr": "ElectionProcessCloseDissolution"
          }
        ]
      },
      {
        "PersonRoleId": 188445,
        "NameFr": "Membre",
        "StartDate": "1940-05-16T00:00:00Z",
        "StartDateIsApproximate": false,
        "EndDate": "1940-11-05T00:00:00Z",
        "EndDateIsApproximate": false,
        "EndReasonEn": null,
        "EndReasonFr": null,
        "EndReasonTypeEn": null,
        "EndReasonTypeFr": null,
        "SourceOfInformationEn": null,
        "SourceOfInformationFr": null,
        "IsActing": false,
        "ActingTextEn": null,
        "ActingTextFr": null,
        "HasCrossedTheFloor": false,
        "OrganizationId": 429,
        "OrganizationLongEn": "Standing Committee on Agriculture and Colonization",
        "OrganizationLongFr": "Comit\u00e9 permanent de l'agriculture et de la colonisation",
        "OrganizationShortEn": "Agriculture and Colonization",
        "OrganizationShortFr": "Agriculture et colonisation",
        "OrganizationAcronymEn": "",
        "OrganizationAcronymFr": "",
        "OrganizationTypeId": 27,
        "OrganizationTypeEn": "Committee",
        "OrganizationTypeFr": "Comit\u00e9",
        "OrganizationProvinceEn": null,
        "OrganizationProvinceFr": null,
        "OrganizationHasProfile": true,
        "IsSenatorialDivision": false,
        "ToBeStyledAsEn": "",
        "ToBeStyledAsFr": "",
        "GroupId": 0,
        "Source": null,
        "PortFolioEn": null,
        "PortFolioFr": null,
        "Committee": {
          "OrganizationId": 0,
          "SenateCommitteeId": 0,
          "CommitteeTypeId": 5,
          "CommitteeTypeEn": "Standing",
          "CommitteeTypeFr": "Permanent",
          "CompositionTypeId": 3,
          "CompositionTypeLongEn": "House of Commons",
          "CompositionTypeLongFr": "Chambre des communes",
          "CompositionTypeShortEn": "C",
          "CompositionTypeShortFr": "C",
          "Sessions": [
            {
              "SessionId": 0,
              "SessionNumber": 1,
              "ParliamentNumber": 19,
              "StartDate": "1940-05-16T00:00:00Z",
              "EndDate": "1940-11-05T00:00:00Z",
              "ShortEn": "1st",
              "ShortFr": "1\u00e8re"
            }
          ],
          "Mandates": null
        },
        "GroupingTitleEn": null,
        "GroupingTitleFr": null,
        "GroupingOrder": 0,
        "ParliamentStart": null,
        "ParliamentEnd": null,
        "ParliamentNumber": 0,
        "PartyOrganizationId": 4831,
        "PartyEn": "Liberal Party of Canada",
        "PartyFr": "Parti lib\u00e9ral du Canada",
        "PartyStartDate": "1940-03-26T00:00:00Z",
        "PartyEndDate": "1945-06-10T00:00:00Z",
        "PersonPersonId": 0,
        "PersonLastName": null,
        "PersonUsedFirstName": null,
        "MemberOfParliament": null,
        "IsMP": false,
        "IsSenator": false,
        "GovernorGeneral": null,
        "Documents": null,
        "Senator": null,
        "NotesEn": null,
        "NotesFr": null,
        "InternalNotes": null,
        "IsCurrent": "False",
        "RoleId": 226,
        "NameEn": "Member",
        "Ordinal": 300,
        "Classes": [
          {
            "RoleClassId": 33,
            "RoleClassOrdinal": null,
            "RoleToRoleClassOrdinal": null,
            "RoleClassNameEn": "Committee",
            "RoleClassNameFr": "Comit\u00e9"
          },
          {
            "RoleClassId": 113,
            "RoleClassOrdinal": null,
            "RoleToRoleClassOrdinal": null,
            "RoleClassNameEn": "ElectionProcessCloseDissolution",
            "RoleClassNameFr": "ElectionProcessCloseDissolution"
          }
        ]
      },
      {
        "PersonRoleId": 188840,
        "NameFr": "Membre",
        "StartDate": "1940-05-16T00:00:00Z",
        "StartDateIsApproximate": false,
        "EndDate": "1940-11-05T00:00:00Z",
        "EndDateIsApproximate": false,
        "EndReasonEn": null,
        "EndReasonFr": null,
        "EndReasonTypeEn": null,
        "EndReasonTypeFr": null,
        "SourceOfInformationEn": null,
        "SourceOfInformationFr": null,
        "IsActing": false,
        "ActingTextEn": null,
        "ActingTextFr": null,
        "HasCrossedTheFloor": false,
        "OrganizationId": 6814,
        "OrganizationLongEn": "Standing Joint Committee on Printing",
        "OrganizationLongFr": "Comit\u00e9 mixte permanent des impressions",
        "OrganizationShortEn": "Printing",
        "OrganizationShortFr": "Impressions",
        "OrganizationAcronymEn": "",
        "OrganizationAcronymFr": "",
        "OrganizationTypeId": 27,
        "OrganizationTypeEn": "Committee",
        "OrganizationTypeFr": "Comit\u00e9",
        "OrganizationProvinceEn": null,
        "OrganizationProvinceFr": null,
        "OrganizationHasProfile": true,
        "IsSenatorialDivision": false,
        "ToBeStyledAsEn": "",
        "ToBeStyledAsFr": "",
        "GroupId": 0,
        "Source": null,
        "PortFolioEn": null,
        "PortFolioFr": null,
        "Committee": {
          "OrganizationId": 0,
          "SenateCommitteeId": 0,
          "CommitteeTypeId": 5,
          "CommitteeTypeEn": "Standing",
          "CommitteeTypeFr": "Permanent",
          "CompositionTypeId": 8,
          "CompositionTypeLongEn": "Joint",
          "CompositionTypeLongFr": "Mixte",
          "CompositionTypeShortEn": "J",
          "CompositionTypeShortFr": "J",
          "Sessions": [
            {
              "SessionId": 0,
              "SessionNumber": 1,
              "ParliamentNumber": 19,
              "StartDate": "1940-05-16T00:00:00Z",
              "EndDate": "1940-11-05T00:00:00Z",
              "ShortEn": "1st",
              "ShortFr": "1\u00e8re"
            }
          ],
          "Mandates": null
        },
        "GroupingTitleEn": null,
        "GroupingTitleFr": null,
        "GroupingOrder": 0,
        "ParliamentStart": null,
        "ParliamentEnd": null,
        "ParliamentNumber": 0,
        "PartyOrganizationId": 4831,
        "PartyEn": "Liberal Party of Canada",
        "PartyFr": "Parti lib\u00e9ral du Canada",
        "PartyStartDate": "1940-03-26T00:00:00Z",
        "PartyEndDate": "1945-06-10T00:00:00Z",
        "PersonPersonId": 0,
        "PersonLastName": null,
        "PersonUsedFirstName": null,
        "MemberOfParliament": null,
        "IsMP": false,
        "IsSenator": false,
        "GovernorGeneral": null,
        "Documents": null,
        "Senator": null,
        "NotesEn": null,
        "NotesFr": null,
        "InternalNotes": null,
        "IsCurrent": "False",
        "RoleId": 226,
        "NameEn": "Member",
        "Ordinal": 300,
        "Classes": [
          {
            "RoleClassId": 33,
            "RoleClassOrdinal": null,
            "RoleToRoleClassOrdinal": null,
            "RoleClassNameEn": "Committee",
            "RoleClassNameFr": "Comit\u00e9"
          },
          {
            "RoleClassId": 113,
            "RoleClassOrdinal": null,
            "RoleToRoleClassOrdinal": null,
            "RoleClassNameEn": "ElectionProcessCloseDissolution",
            "RoleClassNameFr": "ElectionProcessCloseDissolution"
          }
        ]
      },
      {
        "PersonRoleId": 188979,
        "NameFr": "Membre",
        "StartDate": "1940-11-07T00:00:00Z",
        "StartDateIsApproximate": false,
        "EndDate": "1942-01-21T00:00:00Z",
        "EndDateIsApproximate": false,
        "EndReasonEn": null,
        "EndReasonFr": null,
        "EndReasonTypeEn": null,
        "EndReasonTypeFr": null,
        "SourceOfInformationEn": null,
        "SourceOfInformationFr": null,
        "IsActing": false,
        "ActingTextEn": null,
        "ActingTextFr": null,
        "HasCrossedTheFloor": false,
        "OrganizationId": 429,
        "OrganizationLongEn": "Standing Committee on Agriculture and Colonization",
        "OrganizationLongFr": "Comit\u00e9 permanent de l'agriculture et de la colonisation",
        "OrganizationShortEn": "Agriculture and Colonization",
        "OrganizationShortFr": "Agriculture et colonisation",
        "OrganizationAcronymEn": "",
        "OrganizationAcronymFr": "",
        "OrganizationTypeId": 27,
        "OrganizationTypeEn": "Committee",
        "OrganizationTypeFr": "Comit\u00e9",
        "OrganizationProvinceEn": null,
        "OrganizationProvinceFr": null,
        "OrganizationHasProfile": true,
        "IsSenatorialDivision": false,
        "ToBeStyledAsEn": "",
        "ToBeStyledAsFr": "",
        "GroupId": 0,
        "Source": null,
        "PortFolioEn": null,
        "PortFolioFr": null,
        "Committee": {
          "OrganizationId": 0,
          "SenateCommitteeId": 0,
          "CommitteeTypeId": 5,
          "CommitteeTypeEn": "Standing",
          "CommitteeTypeFr": "Permanent",
          "CompositionTypeId": 3,
          "CompositionTypeLongEn": "House of Commons",
          "CompositionTypeLongFr": "Chambre des communes",
          "CompositionTypeShortEn": "C",
          "CompositionTypeShortFr": "C",
          "Sessions": [
            {
              "SessionId": 0,
              "SessionNumber": 2,
              "ParliamentNumber": 19,
              "StartDate": "1940-11-07T00:00:00Z",
              "EndDate": "1942-01-21T00:00:00Z",
              "ShortEn": "2nd",
              "ShortFr": "2e"
            }
          ],
          "Mandates": null
        },
        "GroupingTitleEn": null,
        "GroupingTitleFr": null,
        "GroupingOrder": 0,
        "ParliamentStart": null,
        "ParliamentEnd": null,
        "ParliamentNumber": 0,
        "PartyOrganizationId": 4831,
        "PartyEn": "Liberal Party of Canada",
        "PartyFr": "Parti lib\u00e9ral du Canada",
        "PartyStartDate": "1940-03-26T00:00:00Z",
        "PartyEndDate": "1945-06-10T00:00:00Z",
        "PersonPersonId": 0,
        "PersonLastName": null,
        "PersonUsedFirstName": null,
        "MemberOfParliament": null,
        "IsMP": false,
        "IsSenator": false,
        "GovernorGeneral": null,
        "Documents": null,
        "Senator": null,
        "NotesEn": null,
        "NotesFr": null,
        "InternalNotes": null,
        "IsCurrent": "False",
        "RoleId": 226,
        "NameEn": "Member",
        "Ordinal": 300,
        "Classes": [
          {
            "RoleClassId": 33,
            "RoleClassOrdinal": null,
            "RoleToRoleClassOrdinal": null,
            "RoleClassNameEn": "Committee",
            "RoleClassNameFr": "Comit\u00e9"
          },
          {
            "RoleClassId": 113,
            "RoleClassOrdinal": null,
            "RoleToRoleClassOrdinal": null,
            "RoleClassNameEn": "ElectionProcessCloseDissolution",
            "RoleClassNameFr": "ElectionProcessCloseDissolution"
          }
        ]
      },
      {
        "PersonRoleId": 189309,
        "NameFr": "Membre",
        "StartDate": "1940-11-07T00:00:00Z",
        "StartDateIsApproximate": false,
        "EndDate": "1942-01-21T00:00:00Z",
        "EndDateIsApproximate": false,
        "EndReasonEn": null,
        "EndReasonFr": null,
        "EndReasonTypeEn": null,
        "EndReasonTypeFr": null,
        "SourceOfInformationEn": null,
        "SourceOfInformationFr": null,
        "IsActing": false,
        "ActingTextEn": null,
        "ActingTextFr": null,
        "HasCrossedTheFloor": false,
        "OrganizationId": 6814,
        "OrganizationLongEn": "Standing Joint Committee on Printing",
        "OrganizationLongFr": "Comit\u00e9 mixte permanent des impressions",
        "OrganizationShortEn": "Printing",
        "OrganizationShortFr": "Impressions",
        "OrganizationAcronymEn": "",
        "OrganizationAcronymFr": "",
        "OrganizationTypeId": 27,
        "OrganizationTypeEn": "Committee",
        "OrganizationTypeFr": "Comit\u00e9",
        "OrganizationProvinceEn": null,
        "OrganizationProvinceFr": null,
        "OrganizationHasProfile": true,
        "IsSenatorialDivision": false,
        "ToBeStyledAsEn": "",
        "ToBeStyledAsFr": "",
        "GroupId": 0,
        "Source": null,
        "PortFolioEn": null,
        "PortFolioFr": null,
        "Committee": {
          "OrganizationId": 0,
          "SenateCommitteeId": 0,
          "CommitteeTypeId": 5,
          "CommitteeTypeEn": "Standing",
          "CommitteeTypeFr": "Permanent",
          "CompositionTypeId": 8,
          "CompositionTypeLongEn": "Joint",
          "CompositionTypeLongFr": "Mixte",
          "CompositionTypeShortEn": "J",
          "CompositionTypeShortFr": "J",
          "Sessions": [
            {
              "SessionId": 0,
              "SessionNumber": 2,
              "ParliamentNumber": 19,
              "StartDate": "1940-11-07T00:00:00Z",
              "EndDate": "1942-01-21T00:00:00Z",
              "ShortEn": "2nd",
              "ShortFr": "2e"
            }
          ],
          "Mandates": null
        },
        "GroupingTitleEn": null,
        "GroupingTitleFr": null,
        "GroupingOrder": 0,
        "ParliamentStart": null,
        "ParliamentEnd": null,
        "ParliamentNumber": 0,
        "PartyOrganizationId": 4831,
        "PartyEn": "Liberal Party of Canada",
        "PartyFr": "Parti lib\u00e9ral du Canada",
        "PartyStartDate": "1940-03-26T00:00:00Z",
        "PartyEndDate": "1945-06-10T00:00:00Z",
        "PersonPersonId": 0,
        "PersonLastName": null,
        "PersonUsedFirstName": null,
        "MemberOfParliament": null,
        "IsMP": false,
        "IsSenator": false,
        "GovernorGeneral": null,
        "Documents": null,
        "Senator": null,
        "NotesEn": null,
        "NotesFr": null,
        "InternalNotes": null,
        "IsCurrent": "False",
        "RoleId": 226,
        "NameEn": "Member",
        "Ordinal": 300,
        "Classes": [
          {
            "RoleClassId": 33,
            "RoleClassOrdinal": null,
            "RoleToRoleClassOrdinal": null,
            "RoleClassNameEn": "Committee",
            "RoleClassNameFr": "Comit\u00e9"
          },
          {
            "RoleClassId": 113,
            "RoleClassOrdinal": null,
            "RoleToRoleClassOrdinal": null,
            "RoleClassNameEn": "ElectionProcessCloseDissolution",
            "RoleClassNameFr": "ElectionProcessCloseDissolution"
          }
        ]
      }
    ],
    "HillAddresses": null,
    "ConstituencyAddresses": null,
    "WebLinks": null,
    "Bibliography": null,
    "ElectionCandidates": [
      {
        "ElectionCandidateId": 19953,
        "ParliamentNumber": 17,
        "ElectionId": 592,
        "ElectionDate": "1930-07-28T00:00:00Z",
        "IsGeneral": true,
        "OrganizationId": 4431,
        "ConstituencyEn": "Lanark",
        "ConstituencyFr": "Lanark",
        "ProvinceEn": null,
        "ProvinceFr": null,
        "PersonRoleId": null,
        "ElectionCanadaFirstName": "Bert H.",
        "ElectionCanadaLastName": "SOPER",
        "ElectionCanadaMiddleName": null,
        "Gender": "M",
        "OccupationEn": "Wholesale manager",
        "OccupationFr": "Grossiste",
        "PartyOrganizationId": 4831,
        "PartyNameEn": "Liberal Party of Canada",
        "PartyNameFr": "Parti lib\u00e9ral du Canada",
        "Votes": 5699,
        "ResultLongEn": "Defeated",
        "ResultLongFr": "D\u00e9fait",
        "OtherResultLongEn": null,
        "OtherResultLongFr": null,
        "NotesEn": null,
        "NotesFr": null,
        "InternalNotes": null
      },
      {
        "ElectionCandidateId": 19954,
        "ParliamentNumber": 18,
        "ElectionId": 230,
        "ElectionDate": "1935-10-14T00:00:00Z",
        "IsGeneral": true,
        "OrganizationId": 4431,
        "ConstituencyEn": "Lanark",
        "ConstituencyFr": "Lanark",
        "ProvinceEn": null,
        "ProvinceFr": null,
        "PersonRoleId": null,
        "ElectionCanadaFirstName": "Bert H.",
        "ElectionCanadaLastName": "SOPER",
        "ElectionCanadaMiddleName": null,
        "Gender": "M",
        "OccupationEn": "Merchant",
        "OccupationFr": "Marchand",
        "PartyOrganizationId": 4831,
        "PartyNameEn": "Liberal Party of Canada",
        "PartyNameFr": "Parti lib\u00e9ral du Canada",
        "Votes": 7381,
        "ResultLongEn": "Defeated",
        "ResultLongFr": "D\u00e9fait",
        "OtherResultLongEn": null,
        "OtherResultLongFr": null,
        "NotesEn": null,
        "NotesFr": null,
        "InternalNotes": null
      },
      {
        "ElectionCandidateId": 19955,
        "ParliamentNumber": 19,
        "ElectionId": 323,
        "ElectionDate": "1940-03-26T00:00:00Z",
        "IsGeneral": true,
        "OrganizationId": 4431,
        "ConstituencyEn": "Lanark",
        "ConstituencyFr": "Lanark",
        "ProvinceEn": null,
        "ProvinceFr": null,
        "PersonRoleId": null,
        "ElectionCanadaFirstName": "Bert H.",
        "ElectionCanadaLastName": "SOPER",
        "ElectionCanadaMiddleName": null,
        "Gender": "M",
        "OccupationEn": "Merchant",
        "OccupationFr": "Marchand",
        "PartyOrganizationId": 4831,
        "PartyNameEn": "Liberal Party of Canada",
        "PartyNameFr": "Parti lib\u00e9ral du Canada",
        "Votes": 8821,
        "ResultLongEn": "Elected",
        "ResultLongFr": "\u00c9lu",
        "OtherResultLongEn": null,
        "OtherResultLongFr": null,
        "NotesEn": null,
        "NotesFr": null,
        "InternalNotes": null
      },
      {
        "ElectionCandidateId": 19956,
        "ParliamentNumber": 20,
        "ElectionId": 663,
        "ElectionDate": "1945-06-11T00:00:00Z",
        "IsGeneral": true,
        "OrganizationId": 4431,
        "ConstituencyEn": "Lanark",
        "ConstituencyFr": "Lanark",
        "ProvinceEn": null,
        "ProvinceFr": null,
        "PersonRoleId": null,
        "ElectionCanadaFirstName": "Bert H.",
        "ElectionCanadaLastName": "SOPER",
        "ElectionCanadaMiddleName": null,
        "Gender": "M",
        "OccupationEn": "Coal merchant",
        "OccupationFr": "Marchand de charbon",
        "PartyOrganizationId": 4831,
        "PartyNameEn": "Liberal Party of Canada",
        "PartyNameFr": "Parti lib\u00e9ral du Canada",
        "Votes": 6053,
        "ResultLongEn": "Defeated",
        "ResultLongFr": "D\u00e9fait",
        "OtherResultLongEn": null,
        "OtherResultLongFr": null,
        "NotesEn": null,
        "NotesFr": null,
        "InternalNotes": null
      }
    ],
    "Death": {
      "DateOfDeath": "1968-07-02T00:00:00Z",
      "DateOfDeathIsApproximate": false,
      "DeceasedOnDuty": false,
      "RecordNotFound": false,
      "CauseOfDeathEn": null,
      "CauseOfDeathFr": null,
      "CemetaryNameEn": null,
      "CemetaryNameFr": null,
      "CemetaryCityEn": null,
      "CemetaryCityFr": null,
      "CemetaryProvinceEn": null,
      "CemetaryProvinceFr": null,
      "CemetaryCountryEn": null,
      "CemetaryCountryFr": null,
      "FuneralDate": null,
      "StateLayFuneralLocationEn": null,
      "StateLayFuneralLocationFr": null,
      "StateLayFuneralStartDate": null,
      "StateLayFuneralEndDate": null,
      "ReferenceOfStateLay": null
    },
    "PrimeMinister": null,
    "Parliaments": null,
    "Age": 84,
    "DisplayName": "Soper, Bert H.",
    "StraightDisplayName": "Bert H. Soper",
    "PartyEn": "Liberal Party of Canada (1940/03/26 - 1945/06/10)<br>",
    "PartyFr": "Parti lib\u00e9ral du Canada (1940/03/26 - 1945/06/10)<br>",
    "ConstituencyEn": "Lanark (1940/03/26 - 1945/06/10)<br>",
    "ConstituencyFr": "Lanark (1940/03/26 - 1945/06/10)<br>",
    "CurrentPartyEn": "Liberal Party of Canada",
    "CurrentPartyFr": "Parti lib\u00e9ral du Canada",
    "CurrentConstituencyEn": "Lanark",
    "CurrentConstituencyFr": "Lanark",
    "ProvinceEn": "Ontario<br>",
    "ProvinceFr": "Ontario<br>",
    "PrimeMinisterEn": "",
    "PrimeMinisterFr": "",
    "CabinetChairEn": "",
    "CabinetChairFr": "",
    "CabinetCommitteeMemberEn": "",
    "CabinetCommitteeMemberFr": "",
    "LeaderOpposition": "",
    "DeputyPrimeMinister": "",
    "SpeakerHouseOfCommons": "",
    "SpeakerSenate": "",
    "SpeakerProTempore": "",
    "DeputySpeaker": "",
    "AssistantDeputySpeakerChairEn": "",
    "AssistantDeputySpeakerChairFr": "",
    "MinisterOfEn": "",
    "MinisterOfFr": "",
    "AssociateMinisterOfEn": "",
    "AssociateMinisterOfFr": "",
    "MinisterOfStateOfEn": "",
    "MinisterOfStateOfFr": "",
    "SecretaryOfStateOfEn": "",
    "SecretaryOfStateOfFr": "",
    "ParliamentarySecretaryOfEn": "",
    "ParliamentarySecretaryOfFr": "",
    "ParliamentaryAssistantOfEn": "",
    "ParliamentaryAssistantOfFr": "",
    "PartyLeaderEn": "",
    "PartyLeaderFr": "",
    "HouseLeaderEn": "",
    "HouseLeaderFr": "",
    "DeputyHouseLeaderEn": "",
    "DeputyHouseLeaderFr": "",
    "WhipEn": "",
    "WhipFr": "",
    "DeputyWhipEn": "",
    "DeputyWhipFr": "",
    "CriticOfEn": "",
    "CriticOfFr": "",
    "AssistantCriticOfEn": "",
    "AssistantCriticOfFr": "",
    "TypeOfParliamentarianEn": "MP (1940/03/26 - 1945/06/10)<br>",
    "TypeOfParliamentarianFr": "D\u00e9put\u00e9 (1940/03/26 - 1945/06/10)<br>",
    "DiedInOffice": false,
    "PremiershipExperienceEn": "",
    "PremiershipExperienceFr": "",
    "ProvincialExperienceEn": "",
    "ProvincialExperienceFr": "",
    "MunicipalExperienceEn": "",
    "MunicipalExperienceFr": "",
    "MilitaryServiceEn": "",
    "MilitaryServiceFr": "",
    "MinistryDurationEn": "",
    "MinistryDurationFr": "",
    "ProfessionsEn": ", merchant",
    "ProfessionsFr": ", marchand",
    "LanguageEn": "",
    "LanguageFr": "",
    "IsPrimeMinister": false,
    "YearsOfServiceSegments": [
      {
        "TotalDays": 1903,
        "Years": 5,
        "Months": 2,
        "Days": 16,
        "Hours": 0,
        "Minutes": 0,
        "Seconds": 0,
        "Milliseconds": 0
      }
    ],
    "IsCurrentlyInOffice": false,
    "IsCurrentlySenator": false,
    "IsCurrentlyMP": false,
    "HasMaidenSpeech": false,
    "_id": "59f8770be413e1389ffd1a07",
    "LastUpdatedId": "000000000000000000000000",
    "LastModified": "0001-01-01T00:00:00",
    "ModifiedBy": null
  },
  "FederalExperience": [
    {
      "PersonRoleId": 95975,
      "NameFr": "Membre pour la circonscription",
      "StartDate": "1940-03-26T00:00:00Z",
      "StartDateIsApproximate": false,
      "EndDate": "1945-06-10T00:00:00Z",
      "EndDateIsApproximate": false,
      "EndReasonEn": null,
      "EndReasonFr": null,
      "EndReasonTypeEn": null,
      "EndReasonTypeFr": null,
      "SourceOfInformationEn": null,
      "SourceOfInformationFr": null,
      "IsActing": false,
      "ActingTextEn": null,
      "ActingTextFr": null,
      "HasCrossedTheFloor": false,
      "OrganizationId": 4431,
      "OrganizationLongEn": "Lanark",
      "OrganizationLongFr": "Lanark",
      "OrganizationShortEn": "",
      "OrganizationShortFr": "",
      "OrganizationAcronymEn": "",
      "OrganizationAcronymFr": "",
      "OrganizationTypeId": 35,
      "OrganizationTypeEn": "Constituency",
      "OrganizationTypeFr": "Circonscription",
      "OrganizationProvinceEn": "Ontario",
      "OrganizationProvinceFr": "Ontario",
      "OrganizationHasProfile": true,
      "IsSenatorialDivision": false,
      "ToBeStyledAsEn": "",
      "ToBeStyledAsFr": "",
      "GroupId": 0,
      "Source": null,
      "PortFolioEn": null,
      "PortFolioFr": null,
      "Committee": null,
      "GroupingTitleEn": "Parliamentarian",
      "GroupingTitleFr": "Parlementaire",
      "GroupingOrder": 1,
      "ParliamentStart": "1940-05-16T00:00:00Z",
      "ParliamentEnd": "1945-04-16T00:00:00Z",
      "ParliamentNumber": 19,
      "PartyOrganizationId": 4831,
      "PartyEn": "Liberal Party of Canada",
      "PartyFr": "Parti lib\u00e9ral du Canada",
      "PartyStartDate": "1940-03-26T00:00:00Z",
      "PartyEndDate": "1945-06-10T00:00:00Z",
      "PersonPersonId": 0,
      "PersonLastName": null,
      "PersonUsedFirstName": null,
      "MemberOfParliament": {
        "OccupationTypeEn": "Continuous",
        "OccupationTypeFr": "Continue"
      },
      "IsMP": true,
      "IsSenator": false,
      "GovernorGeneral": null,
      "Documents": null,
      "Senator": null,
      "NotesEn": null,
      "NotesFr": null,
      "InternalNotes": null,
      "IsCurrent": "False",
      "RoleId": 719,
      "NameEn": "Constituency Member",
      "Ordinal": 240,
      "Classes": [
        {
          "RoleClassId": 49,
          "RoleClassOrdinal": 2,
          "RoleToRoleClassOrdinal": null,
          "RoleClassNameEn": "Salaries in the House of Commons",
          "RoleClassNameFr": "Salaires \u00e0 la Chambre des Communes"
        },
        {
          "RoleClassId": 105,
          "RoleClassOrdinal": null,
          "RoleToRoleClassOrdinal": null,
          "RoleClassNameEn": "Parliamentarian",
          "RoleClassNameFr": "Parlementaire"
        }
      ]
    },
    {
      "PersonRoleId": 16028,
      "NameFr": "Membre du parti",
      "StartDate": "1940-03-26T00:00:00Z",
      "StartDateIsApproximate": false,
      "EndDate": "1945-06-10T00:00:00Z",
      "EndDateIsApproximate": false,
      "EndReasonEn": null,
      "EndReasonFr": null,
      "EndReasonTypeEn": null,
      "EndReasonTypeFr": null,
      "SourceOfInformationEn": null,
      "SourceOfInformationFr": null,
      "IsActing": false,
      "ActingTextEn": null,
      "ActingTextFr": null,
      "HasCrossedTheFloor": false,
      "OrganizationId": 4831,
      "OrganizationLongEn": "Liberal Party of Canada",
      "OrganizationLongFr": "Parti lib\u00e9ral du Canada",
      "OrganizationShortEn": "Liberal",
      "OrganizationShortFr": "Lib\u00e9ral",
      "OrganizationAcronymEn": "Lib.",
      "OrganizationAcronymFr": "Lib.",
      "OrganizationTypeId": 4,
      "OrganizationTypeEn": "Party",
      "OrganizationTypeFr": "Parti",
      "OrganizationProvinceEn": null,
      "OrganizationProvinceFr": null,
      "OrganizationHasProfile": true,
      "IsSenatorialDivision": false,
      "ToBeStyledAsEn": "",
      "ToBeStyledAsFr": "",
      "GroupId": 0,
      "Source": null,
      "PortFolioEn": null,
      "PortFolioFr": null,
      "Committee": null,
      "GroupingTitleEn": "Parliamentarian",
      "GroupingTitleFr": "Parlementaire",
      "GroupingOrder": 1,
      "ParliamentStart": "1940-05-16T00:00:00Z",
      "ParliamentEnd": "1945-04-16T00:00:00Z",
      "ParliamentNumber": 19,
      "PartyOrganizationId": 4831,
      "PartyEn": "Liberal Party of Canada",
      "PartyFr": "Parti lib\u00e9ral du Canada",
      "PartyStartDate": "1940-03-26T00:00:00Z",
      "PartyEndDate": "1945-06-10T00:00:00Z",
      "PersonPersonId": 0,
      "PersonLastName": null,
      "PersonUsedFirstName": null,
      "MemberOfParliament": null,
      "IsMP": false,
      "IsSenator": false,
      "GovernorGeneral": null,
      "Documents": null,
      "Senator": null,
      "NotesEn": null,
      "NotesFr": null,
      "InternalNotes": null,
      "IsCurrent": "False",
      "RoleId": 722,
      "NameEn": "Party Member",
      "Ordinal": null,
      "Classes": [
        {
          "RoleClassId": 105,
          "RoleClassOrdinal": null,
          "RoleToRoleClassOrdinal": null,
          "RoleClassNameEn": "Parliamentarian",
          "RoleClassNameFr": "Parlementaire"
        }
      ]
    }
  ],
  "FederalExperienceList": [
    {
      "PersonRoleId": 16028,
      "NameFr": "Membre du parti",
      "StartDate": "1940-03-26T00:00:00Z",
      "StartDateIsApproximate": false,
      "EndDate": "1945-06-10T00:00:00Z",
      "EndDateIsApproximate": false,
      "EndReasonEn": null,
      "EndReasonFr": null,
      "EndReasonTypeEn": null,
      "EndReasonTypeFr": null,
      "SourceOfInformationEn": null,
      "SourceOfInformationFr": null,
      "IsActing": false,
      "ActingTextEn": null,
      "ActingTextFr": null,
      "HasCrossedTheFloor": false,
      "OrganizationId": 4831,
      "OrganizationLongEn": "Liberal Party of Canada",
      "OrganizationLongFr": "Parti lib\u00e9ral du Canada",
      "OrganizationShortEn": "Liberal",
      "OrganizationShortFr": "Lib\u00e9ral",
      "OrganizationAcronymEn": "Lib.",
      "OrganizationAcronymFr": "Lib.",
      "OrganizationTypeId": 4,
      "OrganizationTypeEn": "Party",
      "OrganizationTypeFr": "Parti",
      "OrganizationProvinceEn": null,
      "OrganizationProvinceFr": null,
      "OrganizationHasProfile": true,
      "IsSenatorialDivision": false,
      "ToBeStyledAsEn": "",
      "ToBeStyledAsFr": "",
      "GroupId": 0,
      "Source": null,
      "PortFolioEn": null,
      "PortFolioFr": null,
      "Committee": null,
      "GroupingTitleEn": "Parliamentarian",
      "GroupingTitleFr": "Parlementaire",
      "GroupingOrder": 1,
      "ParliamentStart": "1940-05-16T00:00:00Z",
      "ParliamentEnd": "1945-04-16T00:00:00Z",
      "ParliamentNumber": 19,
      "PartyOrganizationId": 4831,
      "PartyEn": "Liberal Party of Canada",
      "PartyFr": "Parti lib\u00e9ral du Canada",
      "PartyStartDate": "1940-03-26T00:00:00Z",
      "PartyEndDate": "1945-06-10T00:00:00Z",
      "PersonPersonId": 0,
      "PersonLastName": null,
      "PersonUsedFirstName": null,
      "MemberOfParliament": null,
      "IsMP": false,
      "IsSenator": false,
      "GovernorGeneral": null,
      "Documents": null,
      "Senator": null,
      "NotesEn": null,
      "NotesFr": null,
      "InternalNotes": null,
      "IsCurrent": "False",
      "RoleId": 722,
      "NameEn": "Party Member",
      "Ordinal": null,
      "Classes": [
        {
          "RoleClassId": 105,
          "RoleClassOrdinal": null,
          "RoleToRoleClassOrdinal": null,
          "RoleClassNameEn": "Parliamentarian",
          "RoleClassNameFr": "Parlementaire"
        }
      ]
    },
    {
      "PersonRoleId": 95975,
      "NameFr": "Membre pour la circonscription",
      "StartDate": "1940-03-26T00:00:00Z",
      "StartDateIsApproximate": false,
      "EndDate": "1945-06-10T00:00:00Z",
      "EndDateIsApproximate": false,
      "EndReasonEn": null,
      "EndReasonFr": null,
      "EndReasonTypeEn": null,
      "EndReasonTypeFr": null,
      "SourceOfInformationEn": null,
      "SourceOfInformationFr": null,
      "IsActing": false,
      "ActingTextEn": null,
      "ActingTextFr": null,
      "HasCrossedTheFloor": false,
      "OrganizationId": 4431,
      "OrganizationLongEn": "Lanark",
      "OrganizationLongFr": "Lanark",
      "OrganizationShortEn": "",
      "OrganizationShortFr": "",
      "OrganizationAcronymEn": "",
      "OrganizationAcronymFr": "",
      "OrganizationTypeId": 35,
      "OrganizationTypeEn": "Constituency",
      "OrganizationTypeFr": "Circonscription",
      "OrganizationProvinceEn": "Ontario",
      "OrganizationProvinceFr": "Ontario",
      "OrganizationHasProfile": true,
      "IsSenatorialDivision": false,
      "ToBeStyledAsEn": "",
      "ToBeStyledAsFr": "",
      "GroupId": 0,
      "Source": null,
      "PortFolioEn": null,
      "PortFolioFr": null,
      "Committee": null,
      "GroupingTitleEn": "Parliamentarian",
      "GroupingTitleFr": "Parlementaire",
      "GroupingOrder": 1,
      "ParliamentStart": "1940-05-16T00:00:00Z",
      "ParliamentEnd": "1945-04-16T00:00:00Z",
      "ParliamentNumber": 19,
      "PartyOrganizationId": 4831,
      "PartyEn": "Liberal Party of Canada",
      "PartyFr": "Parti lib\u00e9ral du Canada",
      "PartyStartDate": "1940-03-26T00:00:00Z",
      "PartyEndDate": "1945-06-10T00:00:00Z",
      "PersonPersonId": 0,
      "PersonLastName": null,
      "PersonUsedFirstName": null,
      "MemberOfParliament": {
        "OccupationTypeEn": "Continuous",
        "OccupationTypeFr": "Continue"
      },
      "IsMP": true,
      "IsSenator": false,
      "GovernorGeneral": null,
      "Documents": null,
      "Senator": null,
      "NotesEn": null,
      "NotesFr": null,
      "InternalNotes": null,
      "IsCurrent": "False",
      "RoleId": 719,
      "NameEn": "Constituency Member",
      "Ordinal": 240,
      "Classes": [
        {
          "RoleClassId": 49,
          "RoleClassOrdinal": 2,
          "RoleToRoleClassOrdinal": null,
          "RoleClassNameEn": "Salaries in the House of Commons",
          "RoleClassNameFr": "Salaires \u00e0 la Chambre des Communes"
        },
        {
          "RoleClassId": 105,
          "RoleClassOrdinal": null,
          "RoleToRoleClassOrdinal": null,
          "RoleClassNameEn": "Parliamentarian",
          "RoleClassNameFr": "Parlementaire"
        }
      ]
    }
  ],
  "CommitteeMembership": [
    {
      "NameEn": "Member",
      "NameFr": "Membre",
      "RoleId": 226,
      "OrganizationId": 429,
      "OrganizationLongEn": "Standing Committee on Agriculture and Colonization",
      "OrganizationLongFr": "Comit\u00e9 permanent de l'agriculture et de la colonisation",
      "OrganizationTypeEn": "Committee",
      "OrganizationTypeFr": "Comit\u00e9",
      "OrganizationTypeId": 27,
      "PartyEn": "Liberal Party of Canada",
      "PartyFr": "Parti lib\u00e9ral du Canada",
      "CompositionTypeLongEn": "House of Commons",
      "CompositionTypeLongFr": "Chambre des communes",
      "CompositionTypeShortEn": "C",
      "CompositionTypeShortFr": "C",
      "CommitteeTypeEn": "Standing",
      "CommitteeTypeFr": "Permanent",
      "ParliamentNumber": 19,
      "SessionNumber": 5,
      "ShortEn": "5th",
      "ShortFr": "5e"
    },
    {
      "NameEn": "Member",
      "NameFr": "Membre",
      "RoleId": 226,
      "OrganizationId": 6814,
      "OrganizationLongEn": "Standing Joint Committee on Printing",
      "OrganizationLongFr": "Comit\u00e9 mixte permanent des impressions",
      "OrganizationTypeEn": "Committee",
      "OrganizationTypeFr": "Comit\u00e9",
      "OrganizationTypeId": 27,
      "PartyEn": "Liberal Party of Canada",
      "PartyFr": "Parti lib\u00e9ral du Canada",
      "CompositionTypeLongEn": "Joint",
      "CompositionTypeLongFr": "Mixte",
      "CompositionTypeShortEn": "J",
      "CompositionTypeShortFr": "J",
      "CommitteeTypeEn": "Standing",
      "CommitteeTypeFr": "Permanent",
      "ParliamentNumber": 19,
      "SessionNumber": 5,
      "ShortEn": "5th",
      "ShortFr": "5e"
    },
    {
      "NameEn": "Member",
      "NameFr": "Membre",
      "RoleId": 226,
      "OrganizationId": 429,
      "OrganizationLongEn": "Standing Committee on Agriculture and Colonization",
      "OrganizationLongFr": "Comit\u00e9 permanent de l'agriculture et de la colonisation",
      "OrganizationTypeEn": "Committee",
      "OrganizationTypeFr": "Comit\u00e9",
      "OrganizationTypeId": 27,
      "PartyEn": "Liberal Party of Canada",
      "PartyFr": "Parti lib\u00e9ral du Canada",
      "CompositionTypeLongEn": "House of Commons",
      "CompositionTypeLongFr": "Chambre des communes",
      "CompositionTypeShortEn": "C",
      "CompositionTypeShortFr": "C",
      "CommitteeTypeEn": "Standing",
      "CommitteeTypeFr": "Permanent",
      "ParliamentNumber": 19,
      "SessionNumber": 4,
      "ShortEn": "4th",
      "ShortFr": "4e"
    },
    {
      "NameEn": "Member",
      "NameFr": "Membre",
      "RoleId": 226,
      "OrganizationId": 6814,
      "OrganizationLongEn": "Standing Joint Committee on Printing",
      "OrganizationLongFr": "Comit\u00e9 mixte permanent des impressions",
      "OrganizationTypeEn": "Committee",
      "OrganizationTypeFr": "Comit\u00e9",
      "OrganizationTypeId": 27,
      "PartyEn": "Liberal Party of Canada",
      "PartyFr": "Parti lib\u00e9ral du Canada",
      "CompositionTypeLongEn": "Joint",
      "CompositionTypeLongFr": "Mixte",
      "CompositionTypeShortEn": "J",
      "CompositionTypeShortFr": "J",
      "CommitteeTypeEn": "Standing",
      "CommitteeTypeFr": "Permanent",
      "ParliamentNumber": 19,
      "SessionNumber": 4,
      "ShortEn": "4th",
      "ShortFr": "4e"
    },
    {
      "NameEn": "Member",
      "NameFr": "Membre",
      "RoleId": 226,
      "OrganizationId": 429,
      "OrganizationLongEn": "Standing Committee on Agriculture and Colonization",
      "OrganizationLongFr": "Comit\u00e9 permanent de l'agriculture et de la colonisation",
      "OrganizationTypeEn": "Committee",
      "OrganizationTypeFr": "Comit\u00e9",
      "OrganizationTypeId": 27,
      "PartyEn": "Liberal Party of Canada",
      "PartyFr": "Parti lib\u00e9ral du Canada",
      "CompositionTypeLongEn": "House of Commons",
      "CompositionTypeLongFr": "Chambre des communes",
      "CompositionTypeShortEn": "C",
      "CompositionTypeShortFr": "C",
      "CommitteeTypeEn": "Standing",
      "CommitteeTypeFr": "Permanent",
      "ParliamentNumber": 19,
      "SessionNumber": 3,
      "ShortEn": "3rd",
      "ShortFr": "3e"
    },
    {
      "NameEn": "Member",
      "NameFr": "Membre",
      "RoleId": 226,
      "OrganizationId": 6814,
      "OrganizationLongEn": "Standing Joint Committee on Printing",
      "OrganizationLongFr": "Comit\u00e9 mixte permanent des impressions",
      "OrganizationTypeEn": "Committee",
      "OrganizationTypeFr": "Comit\u00e9",
      "OrganizationTypeId": 27,
      "PartyEn": "Liberal Party of Canada",
      "PartyFr": "Parti lib\u00e9ral du Canada",
      "CompositionTypeLongEn": "Joint",
      "CompositionTypeLongFr": "Mixte",
      "CompositionTypeShortEn": "J",
      "CompositionTypeShortFr": "J",
      "CommitteeTypeEn": "Standing",
      "CommitteeTypeFr": "Permanent",
      "ParliamentNumber": 19,
      "SessionNumber": 3,
      "ShortEn": "3rd",
      "ShortFr": "3e"
    },
    {
      "NameEn": "Member",
      "NameFr": "Membre",
      "RoleId": 226,
      "OrganizationId": 429,
      "OrganizationLongEn": "Standing Committee on Agriculture and Colonization",
      "OrganizationLongFr": "Comit\u00e9 permanent de l'agriculture et de la colonisation",
      "OrganizationTypeEn": "Committee",
      "OrganizationTypeFr": "Comit\u00e9",
      "OrganizationTypeId": 27,
      "PartyEn": "Liberal Party of Canada",
      "PartyFr": "Parti lib\u00e9ral du Canada",
      "CompositionTypeLongEn": "House of Commons",
      "CompositionTypeLongFr": "Chambre des communes",
      "CompositionTypeShortEn": "C",
      "CompositionTypeShortFr": "C",
      "CommitteeTypeEn": "Standing",
      "CommitteeTypeFr": "Permanent",
      "ParliamentNumber": 19,
      "SessionNumber": 2,
      "ShortEn": "2nd",
      "ShortFr": "2e"
    },
    {
      "NameEn": "Member",
      "NameFr": "Membre",
      "RoleId": 226,
      "OrganizationId": 6814,
      "OrganizationLongEn": "Standing Joint Committee on Printing",
      "OrganizationLongFr": "Comit\u00e9 mixte permanent des impressions",
      "OrganizationTypeEn": "Committee",
      "OrganizationTypeFr": "Comit\u00e9",
      "OrganizationTypeId": 27,
      "PartyEn": "Liberal Party of Canada",
      "PartyFr": "Parti lib\u00e9ral du Canada",
      "CompositionTypeLongEn": "Joint",
      "CompositionTypeLongFr": "Mixte",
      "CompositionTypeShortEn": "J",
      "CompositionTypeShortFr": "J",
      "CommitteeTypeEn": "Standing",
      "CommitteeTypeFr": "Permanent",
      "ParliamentNumber": 19,
      "SessionNumber": 2,
      "ShortEn": "2nd",
      "ShortFr": "2e"
    },
    {
      "NameEn": "Member",
      "NameFr": "Membre",
      "RoleId": 226,
      "OrganizationId": 429,
      "OrganizationLongEn": "Standing Committee on Agriculture and Colonization",
      "OrganizationLongFr": "Comit\u00e9 permanent de l'agriculture et de la colonisation",
      "OrganizationTypeEn": "Committee",
      "OrganizationTypeFr": "Comit\u00e9",
      "OrganizationTypeId": 27,
      "PartyEn": "Liberal Party of Canada",
      "PartyFr": "Parti lib\u00e9ral du Canada",
      "CompositionTypeLongEn": "House of Commons",
      "CompositionTypeLongFr": "Chambre des communes",
      "CompositionTypeShortEn": "C",
      "CompositionTypeShortFr": "C",
      "CommitteeTypeEn": "Standing",
      "CommitteeTypeFr": "Permanent",
      "ParliamentNumber": 19,
      "SessionNumber": 1,
      "ShortEn": "1st",
      "ShortFr": "1\u00e8re"
    },
    {
      "NameEn": "Member",
      "NameFr": "Membre",
      "RoleId": 226,
      "OrganizationId": 6814,
      "OrganizationLongEn": "Standing Joint Committee on Printing",
      "OrganizationLongFr": "Comit\u00e9 mixte permanent des impressions",
      "OrganizationTypeEn": "Committee",
      "OrganizationTypeFr": "Comit\u00e9",
      "OrganizationTypeId": 27,
      "PartyEn": "Liberal Party of Canada",
      "PartyFr": "Parti lib\u00e9ral du Canada",
      "CompositionTypeLongEn": "Joint",
      "CompositionTypeLongFr": "Mixte",
      "CompositionTypeShortEn": "J",
      "CompositionTypeShortFr": "J",
      "CommitteeTypeEn": "Standing",
      "CommitteeTypeFr": "Permanent",
      "ParliamentNumber": 19,
      "SessionNumber": 1,
      "ShortEn": "1st",
      "ShortFr": "1\u00e8re"
    }
  ],
  "PublicOfficeExperience": null,
  "ProvincialExperience": null,
  "MilitaryExperience": null,
  "MunicipalExperience": null,
  "FamilyTiesInParliament": null,
  "Family": null,
  "Education": null,
  "PictureId": 1276,
  "PictureCopyrightEn": "House of Commons 1940",
  "PictureCopyrightFr": "Chambre des communes 1940",
  "DisplayTitleEn": " Bert H. Soper, M.P.",
  "DisplayTitleFr": " Bert H. Soper, d\u00e9put\u00e9",
  "PlaceOfBirthEn": "Frankville, Ontario, Canada",
  "PlaceOfBirthFr": "Frankville, Ontario, Canada",
  "ProfessionsEn": "merchant",
  "ProfessionsFr": "marchand",
  "PreferredLanguageEn": "",
  "PreferredLanguageFr": "",
  "PlaceOfBurialEn": ", , ",
  "PlaceOfBurialFr": ", , "
}