{
  "Person": {
    "PersonId": 10275,
    "HOCPersonId": 0,
    "SenatePersonId": 0,
    "FormalFirstName": null,
    "UsedFirstName": "William Pierce",
    "MiddleName": null,
    "MaidenName": null,
    "LastName": "Howland",
    "IsDraftProfile": false,
    "DateOfBirth": "1811-05-29T00:00:00Z",
    "DateOfBirthIsApproximate": false,
    "DoNotDiscloseDateOfBirth": false,
    "DoNotDiscloseBirthLocation": false,
    "CityOfBirthEn": "Paulings",
    "CityOfBirthFr": "Paulings",
    "ProvinceOfBirthEn": "New York",
    "ProvinceOfBirthFr": "New York",
    "CountryOfBirthFr": "\u00c9tats-Unis",
    "CountryOfBirthEn": "United States",
    "Gender": "M",
    "EthnicityLongEn": null,
    "EthnicityLongFr": null,
    "IsCanadianOrigin": false,
    "InternalNotes": null,
    "ExternalNotesEn": "Father of Confederation; attended the London (Dec. 1866) conference.",
    "ExternalNotesFr": "P\u00e8re de la Conf\u00e9d\u00e9ration; a assist\u00e9 \u00e0 la conf\u00e9rence de Londres (d\u00e9c. 1866).",
    "ReligionEn": null,
    "ReligionFr": null,
    "Professions": [
      {
        "NameEn": "grocer",
        "NameFr": "\u00e9picier",
        "SearchKeyWordsEn": "",
        "SearchKeyWordsFr": "",
        "ProfessionTypeEn": "Management - Middle managers and other occupations",
        "ProfessionTypeFr": "Gestion - Cadres interm\u00e9diaires et autre personnel",
        "Ordinal": null
      },
      {
        "NameEn": "businessman",
        "NameFr": "homme d'affaires",
        "SearchKeyWordsEn": "",
        "SearchKeyWordsFr": "",
        "ProfessionTypeEn": "Management - Senior managers",
        "ProfessionTypeFr": "Gestion - Cadres sup\u00e9rieurs",
        "Ordinal": null
      }
    ],
    "Languages": null,
    "Education": null,
    "FamilyRelations": null,
    "Pictures": [
      {
        "PictureId": 3116,
        "PictureDate": null,
        "TypeEn": "Collection",
        "TypeFr": "Collection",
        "PhotographerEn": "Notman & Fraser",
        "PhotographerFr": "Notman & Fraser",
        "CreditsEn": "PA 028629",
        "CreditsFr": "PA 028629",
        "CopyRightsEn": "Public Domain",
        "CopyRightsFr": "Du domaine public",
        "DisplayForWeb": true,
        "InternalNotes": null
      }
    ],
    "Titles": [
      {
        "LongEn": "The Honourable",
        "LongFr": "L'honorable",
        "AcronymEn": "The Hon.",
        "AcronymFr": "L'hon.",
        "IsHonorific": false,
        "IsScholarity": false,
        "IsSalutation": true,
        "Ordinal": 0
      },
      {
        "LongEn": "Member of Parliament",
        "LongFr": "d\u00e9put\u00e9",
        "AcronymEn": "M.P.",
        "AcronymFr": "d\u00e9put\u00e9",
        "IsHonorific": false,
        "IsScholarity": false,
        "IsSalutation": false,
        "Ordinal": 0
      },
      {
        "LongEn": "Privy Councillor",
        "LongFr": "Conseiller priv\u00e9",
        "AcronymEn": "P.C.",
        "AcronymFr": "C.P.",
        "IsHonorific": true,
        "IsScholarity": false,
        "IsSalutation": false,
        "Ordinal": 10
      }
    ],
    "Roles": [
      {
        "PersonRoleId": 57948,
        "NameFr": "P\u00e8re de la Conf\u00e9d\u00e9ration",
        "StartDate": null,
        "StartDateIsApproximate": false,
        "EndDate": null,
        "EndDateIsApproximate": false,
        "EndReasonEn": null,
        "EndReasonFr": null,
        "EndReasonTypeEn": null,
        "EndReasonTypeFr": null,
        "SourceOfInformationEn": null,
        "SourceOfInformationFr": null,
        "IsActing": false,
        "ActingTextEn": null,
        "ActingTextFr": null,
        "HasCrossedTheFloor": false,
        "OrganizationId": 3707,
        "OrganizationLongEn": "House of Commons",
        "OrganizationLongFr": "Chambre des communes",
        "OrganizationShortEn": "HOC",
        "OrganizationShortFr": "CdC",
        "OrganizationAcronymEn": "",
        "OrganizationAcronymFr": "",
        "OrganizationTypeId": 18,
        "OrganizationTypeEn": "Chamber of Parliament (Fed)",
        "OrganizationTypeFr": "Chambre du Parlement (F\u00e9d)",
        "OrganizationProvinceEn": null,
        "OrganizationProvinceFr": null,
        "OrganizationHasProfile": true,
        "IsSenatorialDivision": false,
        "ToBeStyledAsEn": "",
        "ToBeStyledAsFr": "",
        "GroupId": 0,
        "Source": null,
        "PortFolioEn": null,
        "PortFolioFr": null,
        "Committee": null,
        "GroupingTitleEn": null,
        "GroupingTitleFr": null,
        "GroupingOrder": 0,
        "ParliamentStart": null,
        "ParliamentEnd": null,
        "ParliamentNumber": 0,
        "PartyOrganizationId": 0,
        "PartyEn": null,
        "PartyFr": null,
        "PartyStartDate": null,
        "PartyEndDate": null,
        "PersonPersonId": 0,
        "PersonLastName": null,
        "PersonUsedFirstName": null,
        "MemberOfParliament": null,
        "IsMP": false,
        "IsSenator": false,
        "GovernorGeneral": null,
        "Documents": null,
        "Senator": null,
        "NotesEn": null,
        "NotesFr": null,
        "InternalNotes": null,
        "IsCurrent": "True",
        "RoleId": 990,
        "NameEn": "Father of Confederation",
        "Ordinal": null,
        "Classes": null
      },
      {
        "PersonRoleId": 37758,
        "NameFr": "Membre du caucus",
        "StartDate": "1867-09-20T00:00:00Z",
        "StartDateIsApproximate": false,
        "EndDate": "1868-07-14T00:00:00Z",
        "EndDateIsApproximate": false,
        "EndReasonEn": null,
        "EndReasonFr": null,
        "EndReasonTypeEn": null,
        "EndReasonTypeFr": null,
        "SourceOfInformationEn": null,
        "SourceOfInformationFr": null,
        "IsActing": false,
        "ActingTextEn": null,
        "ActingTextFr": null,
        "HasCrossedTheFloor": false,
        "OrganizationId": 4842,
        "OrganizationLongEn": "Liberal-Conservative",
        "OrganizationLongFr": "Lib\u00e9ral-conservateur",
        "OrganizationShortEn": "Liberal-Conservative",
        "OrganizationShortFr": "Lib\u00e9ral-conservateur",
        "OrganizationAcronymEn": "Lib.-Cons.",
        "OrganizationAcronymFr": "Lib.-cons.",
        "OrganizationTypeId": 4,
        "OrganizationTypeEn": "Party",
        "OrganizationTypeFr": "Parti",
        "OrganizationProvinceEn": null,
        "OrganizationProvinceFr": null,
        "OrganizationHasProfile": true,
        "IsSenatorialDivision": false,
        "ToBeStyledAsEn": null,
        "ToBeStyledAsFr": null,
        "GroupId": 0,
        "Source": null,
        "PortFolioEn": null,
        "PortFolioFr": null,
        "Committee": null,
        "GroupingTitleEn": null,
        "GroupingTitleFr": null,
        "GroupingOrder": 0,
        "ParliamentStart": null,
        "ParliamentEnd": null,
        "ParliamentNumber": 0,
        "PartyOrganizationId": 0,
        "PartyEn": null,
        "PartyFr": null,
        "PartyStartDate": null,
        "PartyEndDate": null,
        "PersonPersonId": 0,
        "PersonLastName": null,
        "PersonUsedFirstName": null,
        "MemberOfParliament": null,
        "IsMP": false,
        "IsSenator": false,
        "GovernorGeneral": null,
        "Documents": null,
        "Senator": null,
        "NotesEn": null,
        "NotesFr": null,
        "InternalNotes": null,
        "IsCurrent": "False",
        "RoleId": 2998,
        "NameEn": "Caucus Member",
        "Ordinal": null,
        "Classes": null
      },
      {
        "PersonRoleId": 33175,
        "NameFr": "Membre du parti",
        "StartDate": "1867-09-20T00:00:00Z",
        "StartDateIsApproximate": false,
        "EndDate": "1868-07-14T00:00:00Z",
        "EndDateIsApproximate": false,
        "EndReasonEn": null,
        "EndReasonFr": null,
        "EndReasonTypeEn": null,
        "EndReasonTypeFr": null,
        "SourceOfInformationEn": null,
        "SourceOfInformationFr": null,
        "IsActing": false,
        "ActingTextEn": null,
        "ActingTextFr": null,
        "HasCrossedTheFloor": false,
        "OrganizationId": 4842,
        "OrganizationLongEn": "Liberal-Conservative",
        "OrganizationLongFr": "Lib\u00e9ral-conservateur",
        "OrganizationShortEn": "Liberal-Conservative",
        "OrganizationShortFr": "Lib\u00e9ral-conservateur",
        "OrganizationAcronymEn": "Lib.-Cons.",
        "OrganizationAcronymFr": "Lib.-cons.",
        "OrganizationTypeId": 4,
        "OrganizationTypeEn": "Party",
        "OrganizationTypeFr": "Parti",
        "OrganizationProvinceEn": null,
        "OrganizationProvinceFr": null,
        "OrganizationHasProfile": true,
        "IsSenatorialDivision": false,
        "ToBeStyledAsEn": "",
        "ToBeStyledAsFr": "",
        "GroupId": 0,
        "Source": null,
        "PortFolioEn": null,
        "PortFolioFr": null,
        "Committee": null,
        "GroupingTitleEn": "Parliamentarian",
        "GroupingTitleFr": "Parlementaire",
        "GroupingOrder": 1,
        "ParliamentStart": "1867-11-06T00:00:00Z",
        "ParliamentEnd": "1872-07-08T00:00:00Z",
        "ParliamentNumber": 1,
        "PartyOrganizationId": 4842,
        "PartyEn": "Liberal-Conservative",
        "PartyFr": "Lib\u00e9ral-conservateur",
        "PartyStartDate": "1867-09-20T00:00:00Z",
        "PartyEndDate": "1868-07-14T00:00:00Z",
        "PersonPersonId": 0,
        "PersonLastName": null,
        "PersonUsedFirstName": null,
        "MemberOfParliament": null,
        "IsMP": false,
        "IsSenator": false,
        "GovernorGeneral": null,
        "Documents": null,
        "Senator": null,
        "NotesEn": null,
        "NotesFr": null,
        "InternalNotes": null,
        "IsCurrent": "False",
        "RoleId": 722,
        "NameEn": "Party Member",
        "Ordinal": null,
        "Classes": [
          {
            "RoleClassId": 105,
            "RoleClassOrdinal": null,
            "RoleToRoleClassOrdinal": null,
            "RoleClassNameEn": "Parliamentarian",
            "RoleClassNameFr": "Parlementaire"
          }
        ]
      },
      {
        "PersonRoleId": 13567,
        "NameFr": "Lieutenant-gouverneur",
        "StartDate": "1868-07-15T00:00:00Z",
        "StartDateIsApproximate": false,
        "EndDate": "1873-11-11T00:00:00Z",
        "EndDateIsApproximate": false,
        "EndReasonEn": null,
        "EndReasonFr": null,
        "EndReasonTypeEn": null,
        "EndReasonTypeFr": null,
        "SourceOfInformationEn": null,
        "SourceOfInformationFr": null,
        "IsActing": false,
        "ActingTextEn": null,
        "ActingTextFr": null,
        "HasCrossedTheFloor": false,
        "OrganizationId": 4582,
        "OrganizationLongEn": "Legislative Assembly of Ontario",
        "OrganizationLongFr": "Assembl\u00e9e l\u00e9gislative de l'Ontario",
        "OrganizationShortEn": "Legislative Assembly",
        "OrganizationShortFr": "Assembl\u00e9e l\u00e9gislative",
        "OrganizationAcronymEn": "",
        "OrganizationAcronymFr": "",
        "OrganizationTypeId": 6,
        "OrganizationTypeEn": "Chamber Of Parliament (Prov)",
        "OrganizationTypeFr": "Chambre de Parlement (Prov)",
        "OrganizationProvinceEn": null,
        "OrganizationProvinceFr": null,
        "OrganizationHasProfile": true,
        "IsSenatorialDivision": false,
        "ToBeStyledAsEn": "",
        "ToBeStyledAsFr": "",
        "GroupId": 0,
        "Source": null,
        "PortFolioEn": null,
        "PortFolioFr": null,
        "Committee": null,
        "GroupingTitleEn": "Provincial Experience",
        "GroupingTitleFr": "Exp\u00e9rience Provinciale",
        "GroupingOrder": 0,
        "ParliamentStart": null,
        "ParliamentEnd": null,
        "ParliamentNumber": 0,
        "PartyOrganizationId": 0,
        "PartyEn": null,
        "PartyFr": null,
        "PartyStartDate": null,
        "PartyEndDate": null,
        "PersonPersonId": 0,
        "PersonLastName": null,
        "PersonUsedFirstName": null,
        "MemberOfParliament": null,
        "IsMP": false,
        "IsSenator": false,
        "GovernorGeneral": null,
        "Documents": null,
        "Senator": null,
        "NotesEn": null,
        "NotesFr": null,
        "InternalNotes": null,
        "IsCurrent": "False",
        "RoleId": 1582,
        "NameEn": "Lieutenant Governor",
        "Ordinal": 0,
        "Classes": [
          {
            "RoleClassId": 12,
            "RoleClassOrdinal": null,
            "RoleToRoleClassOrdinal": 0,
            "RoleClassNameEn": "Minister",
            "RoleClassNameFr": "Ministre"
          },
          {
            "RoleClassId": 15,
            "RoleClassOrdinal": null,
            "RoleToRoleClassOrdinal": 0,
            "RoleClassNameEn": "Parliamentary function",
            "RoleClassNameFr": "Fonction Parlementaire"
          }
        ]
      },
      {
        "PersonRoleId": 74522,
        "NameFr": "Membre du Conseil priv\u00e9",
        "StartDate": "1867-07-01T00:00:00Z",
        "StartDateIsApproximate": true,
        "EndDate": "1907-01-01T05:00:00Z",
        "EndDateIsApproximate": false,
        "EndReasonEn": null,
        "EndReasonFr": null,
        "EndReasonTypeEn": null,
        "EndReasonTypeFr": null,
        "SourceOfInformationEn": null,
        "SourceOfInformationFr": null,
        "IsActing": false,
        "ActingTextEn": null,
        "ActingTextFr": null,
        "HasCrossedTheFloor": false,
        "OrganizationId": 6841,
        "OrganizationLongEn": "Privy Council",
        "OrganizationLongFr": "Conseil Priv\u00e9",
        "OrganizationShortEn": "",
        "OrganizationShortFr": "",
        "OrganizationAcronymEn": "",
        "OrganizationAcronymFr": "",
        "OrganizationTypeId": 36,
        "OrganizationTypeEn": "Executive",
        "OrganizationTypeFr": "Ex\u00e9cutif",
        "OrganizationProvinceEn": null,
        "OrganizationProvinceFr": null,
        "OrganizationHasProfile": true,
        "IsSenatorialDivision": false,
        "ToBeStyledAsEn": "",
        "ToBeStyledAsFr": "",
        "GroupId": 0,
        "Source": null,
        "PortFolioEn": null,
        "PortFolioFr": null,
        "Committee": null,
        "GroupingTitleEn": null,
        "GroupingTitleFr": null,
        "GroupingOrder": 0,
        "ParliamentStart": null,
        "ParliamentEnd": null,
        "ParliamentNumber": 0,
        "PartyOrganizationId": 0,
        "PartyEn": null,
        "PartyFr": null,
        "PartyStartDate": null,
        "PartyEndDate": null,
        "PersonPersonId": 0,
        "PersonLastName": null,
        "PersonUsedFirstName": null,
        "MemberOfParliament": null,
        "IsMP": false,
        "IsSenator": false,
        "GovernorGeneral": null,
        "Documents": null,
        "Senator": null,
        "NotesEn": null,
        "NotesFr": null,
        "InternalNotes": null,
        "IsCurrent": "False",
        "RoleId": 6,
        "NameEn": "Privy Council Member",
        "Ordinal": 0,
        "Classes": [
          {
            "RoleClassId": 2,
            "RoleClassOrdinal": null,
            "RoleToRoleClassOrdinal": 999,
            "RoleClassNameEn": "Privy Council",
            "RoleClassNameFr": "Privy Council"
          },
          {
            "RoleClassId": 27,
            "RoleClassOrdinal": null,
            "RoleToRoleClassOrdinal": 999,
            "RoleClassNameEn": "Other",
            "RoleClassNameFr": "Autre"
          }
        ]
      },
      {
        "PersonRoleId": 139262,
        "NameFr": "Ministre",
        "StartDate": "1867-07-01T00:00:00Z",
        "StartDateIsApproximate": false,
        "EndDate": "1868-07-14T00:00:00Z",
        "EndDateIsApproximate": false,
        "EndReasonEn": null,
        "EndReasonFr": null,
        "EndReasonTypeEn": "Resignation",
        "EndReasonTypeFr": "D\u00e9mission",
        "SourceOfInformationEn": "(C.D.P.; D.A.R., 1878)",
        "SourceOfInformationFr": "(C.D.P.; D.A.R., 1878)",
        "IsActing": false,
        "ActingTextEn": null,
        "ActingTextFr": null,
        "HasCrossedTheFloor": false,
        "OrganizationId": 3929,
        "OrganizationLongEn": "Inland Revenue",
        "OrganizationLongFr": "Revenu int\u00e9rieur",
        "OrganizationShortEn": "",
        "OrganizationShortFr": "",
        "OrganizationAcronymEn": "",
        "OrganizationAcronymFr": "",
        "OrganizationTypeId": 38,
        "OrganizationTypeEn": "Government",
        "OrganizationTypeFr": "Gouvernement",
        "OrganizationProvinceEn": null,
        "OrganizationProvinceFr": null,
        "OrganizationHasProfile": true,
        "IsSenatorialDivision": false,
        "ToBeStyledAsEn": "Minister of Inland Revenue",
        "ToBeStyledAsFr": "Ministre du Revenu int\u00e9rieur",
        "GroupId": 0,
        "Source": null,
        "PortFolioEn": " Inland Revenue",
        "PortFolioFr": "Revenu int\u00e9rieur",
        "Committee": null,
        "GroupingTitleEn": "Cabinet",
        "GroupingTitleFr": "Cabinet",
        "GroupingOrder": 4,
        "ParliamentStart": "1867-11-06T00:00:00Z",
        "ParliamentEnd": "1872-07-08T00:00:00Z",
        "ParliamentNumber": 1,
        "PartyOrganizationId": 4842,
        "PartyEn": "Liberal-Conservative",
        "PartyFr": "Lib\u00e9ral-conservateur",
        "PartyStartDate": "1867-09-20T00:00:00Z",
        "PartyEndDate": "1868-07-14T00:00:00Z",
        "PersonPersonId": 0,
        "PersonLastName": null,
        "PersonUsedFirstName": null,
        "MemberOfParliament": null,
        "IsMP": false,
        "IsSenator": false,
        "GovernorGeneral": null,
        "Documents": null,
        "Senator": null,
        "NotesEn": "Resignation. Appointed Lieutenant-Governor of Ontario, July 15, 1868.",
        "NotesFr": "D\u00e9mission. Nomm\u00e9 lieutenant-gouverneur de l'Ontario, le 15 juillet 1868.",
        "InternalNotes": null,
        "IsCurrent": "False",
        "RoleId": 854,
        "NameEn": "Minister",
        "Ordinal": 210,
        "Classes": [
          {
            "RoleClassId": 49,
            "RoleClassOrdinal": 2,
            "RoleToRoleClassOrdinal": null,
            "RoleClassNameEn": "Salaries in the House of Commons",
            "RoleClassNameFr": "Salaires \u00e0 la Chambre des Communes"
          },
          {
            "RoleClassId": 12,
            "RoleClassOrdinal": 50,
            "RoleToRoleClassOrdinal": null,
            "RoleClassNameEn": "Minister",
            "RoleClassNameFr": "Ministre"
          },
          {
            "RoleClassId": 15,
            "RoleClassOrdinal": null,
            "RoleToRoleClassOrdinal": null,
            "RoleClassNameEn": "Parliamentary function",
            "RoleClassNameFr": "Fonction Parlementaire"
          },
          {
            "RoleClassId": 35,
            "RoleClassOrdinal": null,
            "RoleToRoleClassOrdinal": null,
            "RoleClassNameEn": "Minister For Portfolio",
            "RoleClassNameFr": "Ministres pour portfolio"
          },
          {
            "RoleClassId": 106,
            "RoleClassOrdinal": null,
            "RoleToRoleClassOrdinal": null,
            "RoleClassNameEn": "Cabinet",
            "RoleClassNameFr": "Cabinet"
          }
        ]
      },
      {
        "PersonRoleId": 1882,
        "NameFr": "Membre pour la circonscription",
        "StartDate": "1867-09-20T00:00:00Z",
        "StartDateIsApproximate": false,
        "EndDate": "1868-07-14T00:00:00Z",
        "EndDateIsApproximate": false,
        "EndReasonEn": null,
        "EndReasonFr": null,
        "EndReasonTypeEn": null,
        "EndReasonTypeFr": null,
        "SourceOfInformationEn": null,
        "SourceOfInformationFr": null,
        "IsActing": false,
        "ActingTextEn": null,
        "ActingTextFr": null,
        "HasCrossedTheFloor": false,
        "OrganizationId": 10148,
        "OrganizationLongEn": "York West",
        "OrganizationLongFr": "York-Ouest",
        "OrganizationShortEn": "",
        "OrganizationShortFr": "",
        "OrganizationAcronymEn": "",
        "OrganizationAcronymFr": "",
        "OrganizationTypeId": 35,
        "OrganizationTypeEn": "Constituency",
        "OrganizationTypeFr": "Circonscription",
        "OrganizationProvinceEn": "Ontario",
        "OrganizationProvinceFr": "Ontario",
        "OrganizationHasProfile": true,
        "IsSenatorialDivision": false,
        "ToBeStyledAsEn": "",
        "ToBeStyledAsFr": "",
        "GroupId": 0,
        "Source": null,
        "PortFolioEn": null,
        "PortFolioFr": null,
        "Committee": null,
        "GroupingTitleEn": "Parliamentarian",
        "GroupingTitleFr": "Parlementaire",
        "GroupingOrder": 1,
        "ParliamentStart": "1867-11-06T00:00:00Z",
        "ParliamentEnd": "1872-07-08T00:00:00Z",
        "ParliamentNumber": 1,
        "PartyOrganizationId": 4842,
        "PartyEn": "Liberal-Conservative",
        "PartyFr": "Lib\u00e9ral-conservateur",
        "PartyStartDate": "1867-09-20T00:00:00Z",
        "PartyEndDate": "1868-07-14T00:00:00Z",
        "PersonPersonId": 0,
        "PersonLastName": null,
        "PersonUsedFirstName": null,
        "MemberOfParliament": {
          "OccupationTypeEn": "Continuous",
          "OccupationTypeFr": "Continue"
        },
        "IsMP": true,
        "IsSenator": false,
        "GovernorGeneral": null,
        "Documents": null,
        "Senator": null,
        "NotesEn": null,
        "NotesFr": null,
        "InternalNotes": null,
        "IsCurrent": "False",
        "RoleId": 719,
        "NameEn": "Constituency Member",
        "Ordinal": 240,
        "Classes": [
          {
            "RoleClassId": 49,
            "RoleClassOrdinal": 2,
            "RoleToRoleClassOrdinal": null,
            "RoleClassNameEn": "Salaries in the House of Commons",
            "RoleClassNameFr": "Salaires \u00e0 la Chambre des Communes"
          },
          {
            "RoleClassId": 105,
            "RoleClassOrdinal": null,
            "RoleToRoleClassOrdinal": null,
            "RoleClassNameEn": "Parliamentarian",
            "RoleClassNameFr": "Parlementaire"
          }
        ]
      },
      {
        "PersonRoleId": 244954,
        "NameFr": "Membre",
        "StartDate": "1867-11-06T00:00:00Z",
        "StartDateIsApproximate": false,
        "EndDate": "1868-05-22T00:00:00Z",
        "EndDateIsApproximate": false,
        "EndReasonEn": null,
        "EndReasonFr": null,
        "EndReasonTypeEn": null,
        "EndReasonTypeFr": null,
        "SourceOfInformationEn": null,
        "SourceOfInformationFr": null,
        "IsActing": false,
        "ActingTextEn": null,
        "ActingTextFr": null,
        "HasCrossedTheFloor": false,
        "OrganizationId": 7024,
        "OrganizationLongEn": "Standing Committee on Railways, Canals and Telegraph Lines",
        "OrganizationLongFr": "Comit\u00e9 permanent des chemins de fer, canaux et lignes t\u00e9l\u00e9graphiques",
        "OrganizationShortEn": "Railways, Canals and Telegraph Lines",
        "OrganizationShortFr": "Chemins de fer, canaux et lignes t\u00e9l\u00e9graphiques",
        "OrganizationAcronymEn": "",
        "OrganizationAcronymFr": "",
        "OrganizationTypeId": 27,
        "OrganizationTypeEn": "Committee",
        "OrganizationTypeFr": "Comit\u00e9",
        "OrganizationProvinceEn": null,
        "OrganizationProvinceFr": null,
        "OrganizationHasProfile": true,
        "IsSenatorialDivision": false,
        "ToBeStyledAsEn": "",
        "ToBeStyledAsFr": "",
        "GroupId": 0,
        "Source": null,
        "PortFolioEn": null,
        "PortFolioFr": null,
        "Committee": {
          "OrganizationId": 0,
          "SenateCommitteeId": 0,
          "CommitteeTypeId": 5,
          "CommitteeTypeEn": "Standing",
          "CommitteeTypeFr": "Permanent",
          "CompositionTypeId": 3,
          "CompositionTypeLongEn": "House of Commons",
          "CompositionTypeLongFr": "Chambre des communes",
          "CompositionTypeShortEn": "C",
          "CompositionTypeShortFr": "C",
          "Sessions": [
            {
              "SessionId": 0,
              "SessionNumber": 1,
              "ParliamentNumber": 1,
              "StartDate": "1867-11-06T00:00:00Z",
              "EndDate": "1868-05-22T00:00:00Z",
              "ShortEn": "1st",
              "ShortFr": "1\u00e8re"
            }
          ],
          "Mandates": null
        },
        "GroupingTitleEn": null,
        "GroupingTitleFr": null,
        "GroupingOrder": 0,
        "ParliamentStart": null,
        "ParliamentEnd": null,
        "ParliamentNumber": 0,
        "PartyOrganizationId": 4842,
        "PartyEn": "Liberal-Conservative",
        "PartyFr": "Lib\u00e9ral-conservateur",
        "PartyStartDate": "1867-09-20T00:00:00Z",
        "PartyEndDate": "1868-07-14T00:00:00Z",
        "PersonPersonId": 0,
        "PersonLastName": null,
        "PersonUsedFirstName": null,
        "MemberOfParliament": null,
        "IsMP": false,
        "IsSenator": false,
        "GovernorGeneral": null,
        "Documents": null,
        "Senator": null,
        "NotesEn": null,
        "NotesFr": null,
        "InternalNotes": null,
        "IsCurrent": "False",
        "RoleId": 226,
        "NameEn": "Member",
        "Ordinal": 300,
        "Classes": [
          {
            "RoleClassId": 33,
            "RoleClassOrdinal": null,
            "RoleToRoleClassOrdinal": null,
            "RoleClassNameEn": "Committee",
            "RoleClassNameFr": "Comit\u00e9"
          },
          {
            "RoleClassId": 113,
            "RoleClassOrdinal": null,
            "RoleToRoleClassOrdinal": null,
            "RoleClassNameEn": "ElectionProcessCloseDissolution",
            "RoleClassNameFr": "ElectionProcessCloseDissolution"
          }
        ]
      },
      {
        "PersonRoleId": 245045,
        "NameFr": "Membre",
        "StartDate": "1867-11-06T00:00:00Z",
        "StartDateIsApproximate": false,
        "EndDate": "1868-05-22T00:00:00Z",
        "EndDateIsApproximate": false,
        "EndReasonEn": null,
        "EndReasonFr": null,
        "EndReasonTypeEn": null,
        "EndReasonTypeFr": null,
        "SourceOfInformationEn": null,
        "SourceOfInformationFr": null,
        "IsActing": false,
        "ActingTextEn": null,
        "ActingTextFr": null,
        "HasCrossedTheFloor": false,
        "OrganizationId": 6895,
        "OrganizationLongEn": "Standing Committee on Public Accounts",
        "OrganizationLongFr": "Comit\u00e9 permanent des comptes publics",
        "OrganizationShortEn": "Public Accounts",
        "OrganizationShortFr": "Comptes publics",
        "OrganizationAcronymEn": "",
        "OrganizationAcronymFr": "",
        "OrganizationTypeId": 27,
        "OrganizationTypeEn": "Committee",
        "OrganizationTypeFr": "Comit\u00e9",
        "OrganizationProvinceEn": null,
        "OrganizationProvinceFr": null,
        "OrganizationHasProfile": true,
        "IsSenatorialDivision": false,
        "ToBeStyledAsEn": "",
        "ToBeStyledAsFr": "",
        "GroupId": 0,
        "Source": null,
        "PortFolioEn": null,
        "PortFolioFr": null,
        "Committee": {
          "OrganizationId": 0,
          "SenateCommitteeId": 0,
          "CommitteeTypeId": 5,
          "CommitteeTypeEn": "Standing",
          "CommitteeTypeFr": "Permanent",
          "CompositionTypeId": 3,
          "CompositionTypeLongEn": "House of Commons",
          "CompositionTypeLongFr": "Chambre des communes",
          "CompositionTypeShortEn": "C",
          "CompositionTypeShortFr": "C",
          "Sessions": [
            {
              "SessionId": 0,
              "SessionNumber": 1,
              "ParliamentNumber": 1,
              "StartDate": "1867-11-06T00:00:00Z",
              "EndDate": "1868-05-22T00:00:00Z",
              "ShortEn": "1st",
              "ShortFr": "1\u00e8re"
            }
          ],
          "Mandates": null
        },
        "GroupingTitleEn": null,
        "GroupingTitleFr": null,
        "GroupingOrder": 0,
        "ParliamentStart": null,
        "ParliamentEnd": null,
        "ParliamentNumber": 0,
        "PartyOrganizationId": 4842,
        "PartyEn": "Liberal-Conservative",
        "PartyFr": "Lib\u00e9ral-conservateur",
        "PartyStartDate": "1867-09-20T00:00:00Z",
        "PartyEndDate": "1868-07-14T00:00:00Z",
        "PersonPersonId": 0,
        "PersonLastName": null,
        "PersonUsedFirstName": null,
        "MemberOfParliament": null,
        "IsMP": false,
        "IsSenator": false,
        "GovernorGeneral": null,
        "Documents": null,
        "Senator": null,
        "NotesEn": null,
        "NotesFr": null,
        "InternalNotes": null,
        "IsCurrent": "False",
        "RoleId": 226,
        "NameEn": "Member",
        "Ordinal": 300,
        "Classes": [
          {
            "RoleClassId": 33,
            "RoleClassOrdinal": null,
            "RoleToRoleClassOrdinal": null,
            "RoleClassNameEn": "Committee",
            "RoleClassNameFr": "Comit\u00e9"
          },
          {
            "RoleClassId": 113,
            "RoleClassOrdinal": null,
            "RoleToRoleClassOrdinal": null,
            "RoleClassNameEn": "ElectionProcessCloseDissolution",
            "RoleClassNameFr": "ElectionProcessCloseDissolution"
          }
        ]
      },
      {
        "PersonRoleId": 245065,
        "NameFr": "Membre",
        "StartDate": "1867-11-06T00:00:00Z",
        "StartDateIsApproximate": false,
        "EndDate": "1868-05-22T00:00:00Z",
        "EndDateIsApproximate": false,
        "EndReasonEn": null,
        "EndReasonFr": null,
        "EndReasonTypeEn": null,
        "EndReasonTypeFr": null,
        "SourceOfInformationEn": null,
        "SourceOfInformationFr": null,
        "IsActing": false,
        "ActingTextEn": null,
        "ActingTextFr": null,
        "HasCrossedTheFloor": false,
        "OrganizationId": 766,
        "OrganizationLongEn": "Standing Committee on Banking and Commerce",
        "OrganizationLongFr": "Comit\u00e9 permanent des banques et du commerce",
        "OrganizationShortEn": "Banking and Commerce",
        "OrganizationShortFr": "Banques et commerce",
        "OrganizationAcronymEn": "",
        "OrganizationAcronymFr": "",
        "OrganizationTypeId": 27,
        "OrganizationTypeEn": "Committee",
        "OrganizationTypeFr": "Comit\u00e9",
        "OrganizationProvinceEn": null,
        "OrganizationProvinceFr": null,
        "OrganizationHasProfile": true,
        "IsSenatorialDivision": false,
        "ToBeStyledAsEn": "",
        "ToBeStyledAsFr": "",
        "GroupId": 0,
        "Source": null,
        "PortFolioEn": null,
        "PortFolioFr": null,
        "Committee": {
          "OrganizationId": 0,
          "SenateCommitteeId": 0,
          "CommitteeTypeId": 5,
          "CommitteeTypeEn": "Standing",
          "CommitteeTypeFr": "Permanent",
          "CompositionTypeId": 3,
          "CompositionTypeLongEn": "House of Commons",
          "CompositionTypeLongFr": "Chambre des communes",
          "CompositionTypeShortEn": "C",
          "CompositionTypeShortFr": "C",
          "Sessions": [
            {
              "SessionId": 0,
              "SessionNumber": 1,
              "ParliamentNumber": 1,
              "StartDate": "1867-11-06T00:00:00Z",
              "EndDate": "1868-05-22T00:00:00Z",
              "ShortEn": "1st",
              "ShortFr": "1\u00e8re"
            }
          ],
          "Mandates": null
        },
        "GroupingTitleEn": null,
        "GroupingTitleFr": null,
        "GroupingOrder": 0,
        "ParliamentStart": null,
        "ParliamentEnd": null,
        "ParliamentNumber": 0,
        "PartyOrganizationId": 4842,
        "PartyEn": "Liberal-Conservative",
        "PartyFr": "Lib\u00e9ral-conservateur",
        "PartyStartDate": "1867-09-20T00:00:00Z",
        "PartyEndDate": "1868-07-14T00:00:00Z",
        "PersonPersonId": 0,
        "PersonLastName": null,
        "PersonUsedFirstName": null,
        "MemberOfParliament": null,
        "IsMP": false,
        "IsSenator": false,
        "GovernorGeneral": null,
        "Documents": null,
        "Senator": null,
        "NotesEn": null,
        "NotesFr": null,
        "InternalNotes": null,
        "IsCurrent": "False",
        "RoleId": 226,
        "NameEn": "Member",
        "Ordinal": 300,
        "Classes": [
          {
            "RoleClassId": 33,
            "RoleClassOrdinal": null,
            "RoleToRoleClassOrdinal": null,
            "RoleClassNameEn": "Committee",
            "RoleClassNameFr": "Comit\u00e9"
          },
          {
            "RoleClassId": 113,
            "RoleClassOrdinal": null,
            "RoleToRoleClassOrdinal": null,
            "RoleClassNameEn": "ElectionProcessCloseDissolution",
            "RoleClassNameFr": "ElectionProcessCloseDissolution"
          }
        ]
      },
      {
        "PersonRoleId": 245262,
        "NameFr": "Membre",
        "StartDate": "1867-11-06T00:00:00Z",
        "StartDateIsApproximate": false,
        "EndDate": "1868-05-22T00:00:00Z",
        "EndDateIsApproximate": false,
        "EndReasonEn": null,
        "EndReasonFr": null,
        "EndReasonTypeEn": null,
        "EndReasonTypeFr": null,
        "SourceOfInformationEn": null,
        "SourceOfInformationFr": null,
        "IsActing": false,
        "ActingTextEn": null,
        "ActingTextFr": null,
        "HasCrossedTheFloor": false,
        "OrganizationId": 11209,
        "OrganizationLongEn": "Standing Committee on Contingencies",
        "OrganizationLongFr": "Comit\u00e9 permanent des d\u00e9penses contingentes",
        "OrganizationShortEn": "Contingencies",
        "OrganizationShortFr": "D\u00e9penses contingentes",
        "OrganizationAcronymEn": "",
        "OrganizationAcronymFr": "",
        "OrganizationTypeId": 27,
        "OrganizationTypeEn": "Committee",
        "OrganizationTypeFr": "Comit\u00e9",
        "OrganizationProvinceEn": null,
        "OrganizationProvinceFr": null,
        "OrganizationHasProfile": true,
        "IsSenatorialDivision": false,
        "ToBeStyledAsEn": "",
        "ToBeStyledAsFr": "",
        "GroupId": 0,
        "Source": null,
        "PortFolioEn": null,
        "PortFolioFr": null,
        "Committee": {
          "OrganizationId": 0,
          "SenateCommitteeId": 0,
          "CommitteeTypeId": 5,
          "CommitteeTypeEn": "Standing",
          "CommitteeTypeFr": "Permanent",
          "CompositionTypeId": 3,
          "CompositionTypeLongEn": "House of Commons",
          "CompositionTypeLongFr": "Chambre des communes",
          "CompositionTypeShortEn": "C",
          "CompositionTypeShortFr": "C",
          "Sessions": [
            {
              "SessionId": 0,
              "SessionNumber": 1,
              "ParliamentNumber": 1,
              "StartDate": "1867-11-06T00:00:00Z",
              "EndDate": "1868-05-22T00:00:00Z",
              "ShortEn": "1st",
              "ShortFr": "1\u00e8re"
            }
          ],
          "Mandates": null
        },
        "GroupingTitleEn": null,
        "GroupingTitleFr": null,
        "GroupingOrder": 0,
        "ParliamentStart": null,
        "ParliamentEnd": null,
        "ParliamentNumber": 0,
        "PartyOrganizationId": 4842,
        "PartyEn": "Liberal-Conservative",
        "PartyFr": "Lib\u00e9ral-conservateur",
        "PartyStartDate": "1867-09-20T00:00:00Z",
        "PartyEndDate": "1868-07-14T00:00:00Z",
        "PersonPersonId": 0,
        "PersonLastName": null,
        "PersonUsedFirstName": null,
        "MemberOfParliament": null,
        "IsMP": false,
        "IsSenator": false,
        "GovernorGeneral": null,
        "Documents": null,
        "Senator": null,
        "NotesEn": null,
        "NotesFr": null,
        "InternalNotes": null,
        "IsCurrent": "False",
        "RoleId": 226,
        "NameEn": "Member",
        "Ordinal": 300,
        "Classes": [
          {
            "RoleClassId": 33,
            "RoleClassOrdinal": null,
            "RoleToRoleClassOrdinal": null,
            "RoleClassNameEn": "Committee",
            "RoleClassNameFr": "Comit\u00e9"
          },
          {
            "RoleClassId": 113,
            "RoleClassOrdinal": null,
            "RoleToRoleClassOrdinal": null,
            "RoleClassNameEn": "ElectionProcessCloseDissolution",
            "RoleClassNameFr": "ElectionProcessCloseDissolution"
          }
        ]
      },
      {
        "PersonRoleId": 255876,
        "NameFr": "Membre",
        "StartDate": "1867-11-06T00:00:00Z",
        "StartDateIsApproximate": false,
        "EndDate": "1868-05-22T00:00:00Z",
        "EndDateIsApproximate": false,
        "EndReasonEn": null,
        "EndReasonFr": null,
        "EndReasonTypeEn": null,
        "EndReasonTypeFr": null,
        "SourceOfInformationEn": null,
        "SourceOfInformationFr": null,
        "IsActing": false,
        "ActingTextEn": null,
        "ActingTextFr": null,
        "HasCrossedTheFloor": false,
        "OrganizationId": 11274,
        "OrganizationLongEn": "Special Committee to consider the subject of the Banking and Currency of the Dominion",
        "OrganizationLongFr": "Comit\u00e9 sp\u00e9cial d'examiner la question des banques et du syst\u00e8me mon\u00e9taire de la Puissance",
        "OrganizationShortEn": "Banking and Currency of the Dominion",
        "OrganizationShortFr": "Banques et du syst\u00e8me mon\u00e9taire de la Puissance",
        "OrganizationAcronymEn": "",
        "OrganizationAcronymFr": "",
        "OrganizationTypeId": 27,
        "OrganizationTypeEn": "Committee",
        "OrganizationTypeFr": "Comit\u00e9",
        "OrganizationProvinceEn": null,
        "OrganizationProvinceFr": null,
        "OrganizationHasProfile": true,
        "IsSenatorialDivision": false,
        "ToBeStyledAsEn": "",
        "ToBeStyledAsFr": "",
        "GroupId": 0,
        "Source": null,
        "PortFolioEn": null,
        "PortFolioFr": null,
        "Committee": {
          "OrganizationId": 0,
          "SenateCommitteeId": 0,
          "CommitteeTypeId": 4,
          "CommitteeTypeEn": "Special",
          "CommitteeTypeFr": "Sp\u00e9cial",
          "CompositionTypeId": 3,
          "CompositionTypeLongEn": "House of Commons",
          "CompositionTypeLongFr": "Chambre des communes",
          "CompositionTypeShortEn": "C",
          "CompositionTypeShortFr": "C",
          "Sessions": [
            {
              "SessionId": 0,
              "SessionNumber": 1,
              "ParliamentNumber": 1,
              "StartDate": "1867-11-06T00:00:00Z",
              "EndDate": "1868-05-22T00:00:00Z",
              "ShortEn": "1st",
              "ShortFr": "1\u00e8re"
            }
          ],
          "Mandates": null
        },
        "GroupingTitleEn": null,
        "GroupingTitleFr": null,
        "GroupingOrder": 0,
        "ParliamentStart": null,
        "ParliamentEnd": null,
        "ParliamentNumber": 0,
        "PartyOrganizationId": 4842,
        "PartyEn": "Liberal-Conservative",
        "PartyFr": "Lib\u00e9ral-conservateur",
        "PartyStartDate": "1867-09-20T00:00:00Z",
        "PartyEndDate": "1868-07-14T00:00:00Z",
        "PersonPersonId": 0,
        "PersonLastName": null,
        "PersonUsedFirstName": null,
        "MemberOfParliament": null,
        "IsMP": false,
        "IsSenator": false,
        "GovernorGeneral": null,
        "Documents": null,
        "Senator": null,
        "NotesEn": null,
        "NotesFr": null,
        "InternalNotes": null,
        "IsCurrent": "False",
        "RoleId": 226,
        "NameEn": "Member",
        "Ordinal": 300,
        "Classes": [
          {
            "RoleClassId": 33,
            "RoleClassOrdinal": null,
            "RoleToRoleClassOrdinal": null,
            "RoleClassNameEn": "Committee",
            "RoleClassNameFr": "Comit\u00e9"
          },
          {
            "RoleClassId": 113,
            "RoleClassOrdinal": null,
            "RoleToRoleClassOrdinal": null,
            "RoleClassNameEn": "ElectionProcessCloseDissolution",
            "RoleClassNameFr": "ElectionProcessCloseDissolution"
          }
        ]
      },
      {
        "PersonRoleId": 255974,
        "NameFr": "Membre",
        "StartDate": "1867-11-06T00:00:00Z",
        "StartDateIsApproximate": false,
        "EndDate": "1868-05-22T00:00:00Z",
        "EndDateIsApproximate": false,
        "EndReasonEn": null,
        "EndReasonFr": null,
        "EndReasonTypeEn": null,
        "EndReasonTypeFr": null,
        "SourceOfInformationEn": null,
        "SourceOfInformationFr": null,
        "IsActing": false,
        "ActingTextEn": null,
        "ActingTextFr": null,
        "HasCrossedTheFloor": false,
        "OrganizationId": 11281,
        "OrganizationLongEn": "Special Committee to enquire into the desirableness and practicability of Cultivating the Vine, and making Wine in Canada",
        "OrganizationLongFr": "Comit\u00e9 sp\u00e9cial de s'enqu\u00e9rir de l'opportunit\u00e9 et de la possibilit\u00e9 de cultiver la vigne, et de faire du vin en Canada",
        "OrganizationShortEn": "Cultivating the Vine, and making Wine in Canada",
        "OrganizationShortFr": "Cultiver la vigne, et de faire du vin en Canada",
        "OrganizationAcronymEn": "",
        "OrganizationAcronymFr": "",
        "OrganizationTypeId": 27,
        "OrganizationTypeEn": "Committee",
        "OrganizationTypeFr": "Comit\u00e9",
        "OrganizationProvinceEn": null,
        "OrganizationProvinceFr": null,
        "OrganizationHasProfile": true,
        "IsSenatorialDivision": false,
        "ToBeStyledAsEn": "",
        "ToBeStyledAsFr": "",
        "GroupId": 0,
        "Source": null,
        "PortFolioEn": null,
        "PortFolioFr": null,
        "Committee": {
          "OrganizationId": 0,
          "SenateCommitteeId": 0,
          "CommitteeTypeId": 4,
          "CommitteeTypeEn": "Special",
          "CommitteeTypeFr": "Sp\u00e9cial",
          "CompositionTypeId": 3,
          "CompositionTypeLongEn": "House of Commons",
          "CompositionTypeLongFr": "Chambre des communes",
          "CompositionTypeShortEn": "C",
          "CompositionTypeShortFr": "C",
          "Sessions": [
            {
              "SessionId": 0,
              "SessionNumber": 1,
              "ParliamentNumber": 1,
              "StartDate": "1867-11-06T00:00:00Z",
              "EndDate": "1868-05-22T00:00:00Z",
              "ShortEn": "1st",
              "ShortFr": "1\u00e8re"
            }
          ],
          "Mandates": null
        },
        "GroupingTitleEn": null,
        "GroupingTitleFr": null,
        "GroupingOrder": 0,
        "ParliamentStart": null,
        "ParliamentEnd": null,
        "ParliamentNumber": 0,
        "PartyOrganizationId": 4842,
        "PartyEn": "Liberal-Conservative",
        "PartyFr": "Lib\u00e9ral-conservateur",
        "PartyStartDate": "1867-09-20T00:00:00Z",
        "PartyEndDate": "1868-07-14T00:00:00Z",
        "PersonPersonId": 0,
        "PersonLastName": null,
        "PersonUsedFirstName": null,
        "MemberOfParliament": null,
        "IsMP": false,
        "IsSenator": false,
        "GovernorGeneral": null,
        "Documents": null,
        "Senator": null,
        "NotesEn": null,
        "NotesFr": null,
        "InternalNotes": null,
        "IsCurrent": "False",
        "RoleId": 226,
        "NameEn": "Member",
        "Ordinal": 300,
        "Classes": [
          {
            "RoleClassId": 33,
            "RoleClassOrdinal": null,
            "RoleToRoleClassOrdinal": null,
            "RoleClassNameEn": "Committee",
            "RoleClassNameFr": "Comit\u00e9"
          },
          {
            "RoleClassId": 113,
            "RoleClassOrdinal": null,
            "RoleToRoleClassOrdinal": null,
            "RoleClassNameEn": "ElectionProcessCloseDissolution",
            "RoleClassNameFr": "ElectionProcessCloseDissolution"
          }
        ]
      },
      {
        "PersonRoleId": 33106,
        "NameFr": "Membre",
        "StartDate": "1867-07-01T00:00:00Z",
        "StartDateIsApproximate": true,
        "EndDate": "2019-09-11T04:00:00Z",
        "EndDateIsApproximate": false,
        "EndReasonEn": null,
        "EndReasonFr": null,
        "EndReasonTypeEn": null,
        "EndReasonTypeFr": null,
        "SourceOfInformationEn": null,
        "SourceOfInformationFr": null,
        "IsActing": false,
        "ActingTextEn": null,
        "ActingTextFr": null,
        "HasCrossedTheFloor": false,
        "OrganizationId": 9286,
        "OrganizationLongEn": "Toronto's Privy Council",
        "OrganizationLongFr": "Conseil priv\u00e9 de Toronto",
        "OrganizationShortEn": "",
        "OrganizationShortFr": "",
        "OrganizationAcronymEn": "",
        "OrganizationAcronymFr": "",
        "OrganizationTypeId": 36,
        "OrganizationTypeEn": "Executive",
        "OrganizationTypeFr": "Ex\u00e9cutif",
        "OrganizationProvinceEn": null,
        "OrganizationProvinceFr": null,
        "OrganizationHasProfile": true,
        "IsSenatorialDivision": false,
        "ToBeStyledAsEn": "",
        "ToBeStyledAsFr": "",
        "GroupId": 0,
        "Source": null,
        "PortFolioEn": null,
        "PortFolioFr": null,
        "Committee": null,
        "GroupingTitleEn": null,
        "GroupingTitleFr": null,
        "GroupingOrder": 0,
        "ParliamentStart": null,
        "ParliamentEnd": null,
        "ParliamentNumber": 0,
        "PartyOrganizationId": 0,
        "PartyEn": null,
        "PartyFr": null,
        "PartyStartDate": null,
        "PartyEndDate": null,
        "PersonPersonId": 0,
        "PersonLastName": null,
        "PersonUsedFirstName": null,
        "MemberOfParliament": null,
        "IsMP": false,
        "IsSenator": false,
        "GovernorGeneral": null,
        "Documents": null,
        "Senator": null,
        "NotesEn": null,
        "NotesFr": null,
        "InternalNotes": null,
        "IsCurrent": "False",
        "RoleId": 226,
        "NameEn": "Member",
        "Ordinal": 300,
        "Classes": [
          {
            "RoleClassId": 33,
            "RoleClassOrdinal": null,
            "RoleToRoleClassOrdinal": null,
            "RoleClassNameEn": "Committee",
            "RoleClassNameFr": "Comit\u00e9"
          },
          {
            "RoleClassId": 113,
            "RoleClassOrdinal": null,
            "RoleToRoleClassOrdinal": null,
            "RoleClassNameEn": "ElectionProcessCloseDissolution",
            "RoleClassNameFr": "ElectionProcessCloseDissolution"
          }
        ]
      }
    ],
    "HillAddresses": null,
    "ConstituencyAddresses": null,
    "WebLinks": [
      {
        "TypeEn": "Other",
        "TypeFr": "Autre",
        "TitleFr": "Premier discours \u00e0 la Chambre des communes",
        "TitleEn": "Maiden Speech in the House of Commons",
        "UrlEn": "http://parl.canadiana.ca/view/oop.debates_HOC0101_01/153?r=0&s=1",
        "UrlFr": "http://parl.canadiana.ca/view/oop.debates_CDC0101_02/153?r=0&s=1"
      }
    ],
    "Bibliography": null,
    "ElectionCandidates": [
      {
        "ElectionCandidateId": 24539,
        "ParliamentNumber": 1,
        "ElectionId": 254,
        "ElectionDate": "1867-08-07T00:00:00Z",
        "IsGeneral": true,
        "OrganizationId": 10148,
        "ConstituencyEn": "York West",
        "ConstituencyFr": "York-Ouest",
        "ProvinceEn": null,
        "ProvinceFr": null,
        "PersonRoleId": null,
        "ElectionCanadaFirstName": "William Pierce",
        "ElectionCanadaLastName": "HOWLAND",
        "ElectionCanadaMiddleName": null,
        "Gender": "M",
        "OccupationEn": "Businessman",
        "OccupationFr": "Homme d'affaires",
        "PartyOrganizationId": 4842,
        "PartyNameEn": "Liberal-Conservative",
        "PartyNameFr": "Lib\u00e9ral-conservateur",
        "Votes": 810,
        "ResultLongEn": "Elected",
        "ResultLongFr": "\u00c9lu",
        "OtherResultLongEn": null,
        "OtherResultLongFr": null,
        "NotesEn": null,
        "NotesFr": null,
        "InternalNotes": null
      }
    ],
    "Death": {
      "DateOfDeath": "1907-01-01T00:00:00Z",
      "DateOfDeathIsApproximate": false,
      "DeceasedOnDuty": false,
      "RecordNotFound": false,
      "CauseOfDeathEn": null,
      "CauseOfDeathFr": null,
      "CemetaryNameEn": null,
      "CemetaryNameFr": null,
      "CemetaryCityEn": null,
      "CemetaryCityFr": null,
      "CemetaryProvinceEn": null,
      "CemetaryProvinceFr": null,
      "CemetaryCountryEn": null,
      "CemetaryCountryFr": null,
      "FuneralDate": null,
      "StateLayFuneralLocationEn": null,
      "StateLayFuneralLocationFr": null,
      "StateLayFuneralStartDate": null,
      "StateLayFuneralEndDate": null,
      "ReferenceOfStateLay": null
    },
    "PrimeMinister": null,
    "Parliaments": null,
    "Age": 95,
    "DisplayName": "Howland, William Pierce",
    "StraightDisplayName": "William Pierce Howland",
    "PartyEn": "Liberal-Conservative (1867/09/20 - 1868/07/14)<br>",
    "PartyFr": "Lib\u00e9ral-conservateur (1867/09/20 - 1868/07/14)<br>",
    "ConstituencyEn": "York West (1867/09/20 - 1868/07/14)<br>",
    "ConstituencyFr": "York-Ouest (1867/09/20 - 1868/07/14)<br>",
    "CurrentPartyEn": "Liberal-Conservative",
    "CurrentPartyFr": "Lib\u00e9ral-conservateur",
    "CurrentConstituencyEn": "York West",
    "CurrentConstituencyFr": "York-Ouest",
    "ProvinceEn": "Ontario<br>",
    "ProvinceFr": "Ontario<br>",
    "PrimeMinisterEn": "",
    "PrimeMinisterFr": "",
    "CabinetChairEn": "",
    "CabinetChairFr": "",
    "CabinetCommitteeMemberEn": "",
    "CabinetCommitteeMemberFr": "",
    "LeaderOpposition": "",
    "DeputyPrimeMinister": "",
    "SpeakerHouseOfCommons": "",
    "SpeakerSenate": "",
    "SpeakerProTempore": "",
    "DeputySpeaker": "",
    "AssistantDeputySpeakerChairEn": "",
    "AssistantDeputySpeakerChairFr": "",
    "MinisterOfEn": "Minister of Inland Revenue (1867/07/01 - 1868/07/14)<br>",
    "MinisterOfFr": "Ministre du Revenu int\u00e9rieur (1867/07/01 - 1868/07/14)<br>",
    "AssociateMinisterOfEn": "",
    "AssociateMinisterOfFr": "",
    "MinisterOfStateOfEn": "",
    "MinisterOfStateOfFr": "",
    "SecretaryOfStateOfEn": "",
    "SecretaryOfStateOfFr": "",
    "ParliamentarySecretaryOfEn": "",
    "ParliamentarySecretaryOfFr": "",
    "ParliamentaryAssistantOfEn": "",
    "ParliamentaryAssistantOfFr": "",
    "PartyLeaderEn": "",
    "PartyLeaderFr": "",
    "HouseLeaderEn": "",
    "HouseLeaderFr": "",
    "DeputyHouseLeaderEn": "",
    "DeputyHouseLeaderFr": "",
    "WhipEn": "",
    "WhipFr": "",
    "DeputyWhipEn": "",
    "DeputyWhipFr": "",
    "CriticOfEn": "",
    "CriticOfFr": "",
    "AssistantCriticOfEn": "",
    "AssistantCriticOfFr": "",
    "TypeOfParliamentarianEn": "MP (1867/09/20 - 1868/07/14)<br>",
    "TypeOfParliamentarianFr": "D\u00e9put\u00e9 (1867/09/20 - 1868/07/14)<br>",
    "DiedInOffice": false,
    "PremiershipExperienceEn": "",
    "PremiershipExperienceFr": "",
    "ProvincialExperienceEn": "Legislative Assembly of Ontario - Lieutenant Governor (1868/07/15 - 1873/11/11)<br>",
    "ProvincialExperienceFr": "Assembl\u00e9e l\u00e9gislative de l'Ontario - Lieutenant-gouverneur (1868/07/15 - 1873/11/11)<br>",
    "MunicipalExperienceEn": "",
    "MunicipalExperienceFr": "",
    "MilitaryServiceEn": "",
    "MilitaryServiceFr": "",
    "MinistryDurationEn": "",
    "MinistryDurationFr": "",
    "ProfessionsEn": ", businessman, grocer",
    "ProfessionsFr": ", \u00e9picier, homme d'affaires",
    "LanguageEn": "",
    "LanguageFr": "",
    "IsPrimeMinister": false,
    "YearsOfServiceSegments": [
      {
        "TotalDays": 299,
        "Years": 0,
        "Months": 9,
        "Days": 25,
        "Hours": 0,
        "Minutes": 0,
        "Seconds": 0,
        "Milliseconds": 0
      }
    ],
    "IsCurrentlyInOffice": false,
    "IsCurrentlySenator": false,
    "IsCurrentlyMP": false,
    "HasMaidenSpeech": false,
    "_id": "59f8770be413e1389ffd1968",
    "LastUpdatedId": "000000000000000000000000",
    "LastModified": "0001-01-01T00:00:00",
    "ModifiedBy": null
  },
  "FederalExperience": [
    {
      "PersonRoleId": 1882,
      "NameFr": "Membre pour la circonscription",
      "StartDate": "1867-09-20T00:00:00Z",
      "StartDateIsApproximate": false,
      "EndDate": "1868-07-14T00:00:00Z",
      "EndDateIsApproximate": false,
      "EndReasonEn": null,
      "EndReasonFr": null,
      "EndReasonTypeEn": null,
      "EndReasonTypeFr": null,
      "SourceOfInformationEn": null,
      "SourceOfInformationFr": null,
      "IsActing": false,
      "ActingTextEn": null,
      "ActingTextFr": null,
      "HasCrossedTheFloor": false,
      "OrganizationId": 10148,
      "OrganizationLongEn": "York West",
      "OrganizationLongFr": "York-Ouest",
      "OrganizationShortEn": "",
      "OrganizationShortFr": "",
      "OrganizationAcronymEn": "",
      "OrganizationAcronymFr": "",
      "OrganizationTypeId": 35,
      "OrganizationTypeEn": "Constituency",
      "OrganizationTypeFr": "Circonscription",
      "OrganizationProvinceEn": "Ontario",
      "OrganizationProvinceFr": "Ontario",
      "OrganizationHasProfile": true,
      "IsSenatorialDivision": false,
      "ToBeStyledAsEn": "",
      "ToBeStyledAsFr": "",
      "GroupId": 0,
      "Source": null,
      "PortFolioEn": null,
      "PortFolioFr": null,
      "Committee": null,
      "GroupingTitleEn": "Parliamentarian",
      "GroupingTitleFr": "Parlementaire",
      "GroupingOrder": 1,
      "ParliamentStart": "1867-11-06T00:00:00Z",
      "ParliamentEnd": "1872-07-08T00:00:00Z",
      "ParliamentNumber": 1,
      "PartyOrganizationId": 4842,
      "PartyEn": "Liberal-Conservative",
      "PartyFr": "Lib\u00e9ral-conservateur",
      "PartyStartDate": "1867-09-20T00:00:00Z",
      "PartyEndDate": "1868-07-14T00:00:00Z",
      "PersonPersonId": 0,
      "PersonLastName": null,
      "PersonUsedFirstName": null,
      "MemberOfParliament": {
        "OccupationTypeEn": "Continuous",
        "OccupationTypeFr": "Continue"
      },
      "IsMP": true,
      "IsSenator": false,
      "GovernorGeneral": null,
      "Documents": null,
      "Senator": null,
      "NotesEn": null,
      "NotesFr": null,
      "InternalNotes": null,
      "IsCurrent": "False",
      "RoleId": 719,
      "NameEn": "Constituency Member",
      "Ordinal": 240,
      "Classes": [
        {
          "RoleClassId": 49,
          "RoleClassOrdinal": 2,
          "RoleToRoleClassOrdinal": null,
          "RoleClassNameEn": "Salaries in the House of Commons",
          "RoleClassNameFr": "Salaires \u00e0 la Chambre des Communes"
        },
        {
          "RoleClassId": 105,
          "RoleClassOrdinal": null,
          "RoleToRoleClassOrdinal": null,
          "RoleClassNameEn": "Parliamentarian",
          "RoleClassNameFr": "Parlementaire"
        }
      ]
    },
    {
      "PersonRoleId": 33175,
      "NameFr": "Membre du parti",
      "StartDate": "1867-09-20T00:00:00Z",
      "StartDateIsApproximate": false,
      "EndDate": "1868-07-14T00:00:00Z",
      "EndDateIsApproximate": false,
      "EndReasonEn": null,
      "EndReasonFr": null,
      "EndReasonTypeEn": null,
      "EndReasonTypeFr": null,
      "SourceOfInformationEn": null,
      "SourceOfInformationFr": null,
      "IsActing": false,
      "ActingTextEn": null,
      "ActingTextFr": null,
      "HasCrossedTheFloor": false,
      "OrganizationId": 4842,
      "OrganizationLongEn": "Liberal-Conservative",
      "OrganizationLongFr": "Lib\u00e9ral-conservateur",
      "OrganizationShortEn": "Liberal-Conservative",
      "OrganizationShortFr": "Lib\u00e9ral-conservateur",
      "OrganizationAcronymEn": "Lib.-Cons.",
      "OrganizationAcronymFr": "Lib.-cons.",
      "OrganizationTypeId": 4,
      "OrganizationTypeEn": "Party",
      "OrganizationTypeFr": "Parti",
      "OrganizationProvinceEn": null,
      "OrganizationProvinceFr": null,
      "OrganizationHasProfile": true,
      "IsSenatorialDivision": false,
      "ToBeStyledAsEn": "",
      "ToBeStyledAsFr": "",
      "GroupId": 0,
      "Source": null,
      "PortFolioEn": null,
      "PortFolioFr": null,
      "Committee": null,
      "GroupingTitleEn": "Parliamentarian",
      "GroupingTitleFr": "Parlementaire",
      "GroupingOrder": 1,
      "ParliamentStart": "1867-11-06T00:00:00Z",
      "ParliamentEnd": "1872-07-08T00:00:00Z",
      "ParliamentNumber": 1,
      "PartyOrganizationId": 4842,
      "PartyEn": "Liberal-Conservative",
      "PartyFr": "Lib\u00e9ral-conservateur",
      "PartyStartDate": "1867-09-20T00:00:00Z",
      "PartyEndDate": "1868-07-14T00:00:00Z",
      "PersonPersonId": 0,
      "PersonLastName": null,
      "PersonUsedFirstName": null,
      "MemberOfParliament": null,
      "IsMP": false,
      "IsSenator": false,
      "GovernorGeneral": null,
      "Documents": null,
      "Senator": null,
      "NotesEn": null,
      "NotesFr": null,
      "InternalNotes": null,
      "IsCurrent": "False",
      "RoleId": 722,
      "NameEn": "Party Member",
      "Ordinal": null,
      "Classes": [
        {
          "RoleClassId": 105,
          "RoleClassOrdinal": null,
          "RoleToRoleClassOrdinal": null,
          "RoleClassNameEn": "Parliamentarian",
          "RoleClassNameFr": "Parlementaire"
        }
      ]
    },
    {
      "PersonRoleId": 139262,
      "NameFr": "Ministre",
      "StartDate": "1867-07-01T00:00:00Z",
      "StartDateIsApproximate": false,
      "EndDate": "1868-07-14T00:00:00Z",
      "EndDateIsApproximate": false,
      "EndReasonEn": null,
      "EndReasonFr": null,
      "EndReasonTypeEn": "Resignation",
      "EndReasonTypeFr": "D\u00e9mission",
      "SourceOfInformationEn": "(C.D.P.; D.A.R., 1878)",
      "SourceOfInformationFr": "(C.D.P.; D.A.R., 1878)",
      "IsActing": false,
      "ActingTextEn": null,
      "ActingTextFr": null,
      "HasCrossedTheFloor": false,
      "OrganizationId": 3929,
      "OrganizationLongEn": "Inland Revenue",
      "OrganizationLongFr": "Revenu int\u00e9rieur",
      "OrganizationShortEn": "",
      "OrganizationShortFr": "",
      "OrganizationAcronymEn": "",
      "OrganizationAcronymFr": "",
      "OrganizationTypeId": 38,
      "OrganizationTypeEn": "Government",
      "OrganizationTypeFr": "Gouvernement",
      "OrganizationProvinceEn": null,
      "OrganizationProvinceFr": null,
      "OrganizationHasProfile": true,
      "IsSenatorialDivision": false,
      "ToBeStyledAsEn": "Minister of Inland Revenue",
      "ToBeStyledAsFr": "Ministre du Revenu int\u00e9rieur",
      "GroupId": 0,
      "Source": null,
      "PortFolioEn": " Inland Revenue",
      "PortFolioFr": "Revenu int\u00e9rieur",
      "Committee": null,
      "GroupingTitleEn": "Cabinet",
      "GroupingTitleFr": "Cabinet",
      "GroupingOrder": 4,
      "ParliamentStart": "1867-11-06T00:00:00Z",
      "ParliamentEnd": "1872-07-08T00:00:00Z",
      "ParliamentNumber": 1,
      "PartyOrganizationId": 4842,
      "PartyEn": "Liberal-Conservative",
      "PartyFr": "Lib\u00e9ral-conservateur",
      "PartyStartDate": "1867-09-20T00:00:00Z",
      "PartyEndDate": "1868-07-14T00:00:00Z",
      "PersonPersonId": 0,
      "PersonLastName": null,
      "PersonUsedFirstName": null,
      "MemberOfParliament": null,
      "IsMP": false,
      "IsSenator": false,
      "GovernorGeneral": null,
      "Documents": null,
      "Senator": null,
      "NotesEn": "Resignation. Appointed Lieutenant-Governor of Ontario, July 15, 1868.",
      "NotesFr": "D\u00e9mission. Nomm\u00e9 lieutenant-gouverneur de l'Ontario, le 15 juillet 1868.",
      "InternalNotes": null,
      "IsCurrent": "False",
      "RoleId": 854,
      "NameEn": "Minister",
      "Ordinal": 210,
      "Classes": [
        {
          "RoleClassId": 49,
          "RoleClassOrdinal": 2,
          "RoleToRoleClassOrdinal": null,
          "RoleClassNameEn": "Salaries in the House of Commons",
          "RoleClassNameFr": "Salaires \u00e0 la Chambre des Communes"
        },
        {
          "RoleClassId": 12,
          "RoleClassOrdinal": 50,
          "RoleToRoleClassOrdinal": null,
          "RoleClassNameEn": "Minister",
          "RoleClassNameFr": "Ministre"
        },
        {
          "RoleClassId": 15,
          "RoleClassOrdinal": null,
          "RoleToRoleClassOrdinal": null,
          "RoleClassNameEn": "Parliamentary function",
          "RoleClassNameFr": "Fonction Parlementaire"
        },
        {
          "RoleClassId": 35,
          "RoleClassOrdinal": null,
          "RoleToRoleClassOrdinal": null,
          "RoleClassNameEn": "Minister For Portfolio",
          "RoleClassNameFr": "Ministres pour portfolio"
        },
        {
          "RoleClassId": 106,
          "RoleClassOrdinal": null,
          "RoleToRoleClassOrdinal": null,
          "RoleClassNameEn": "Cabinet",
          "RoleClassNameFr": "Cabinet"
        }
      ]
    }
  ],
  "FederalExperienceList": [
    {
      "PersonRoleId": 33175,
      "NameFr": "Membre du parti",
      "StartDate": "1867-09-20T00:00:00Z",
      "StartDateIsApproximate": false,
      "EndDate": "1868-07-14T00:00:00Z",
      "EndDateIsApproximate": false,
      "EndReasonEn": null,
      "EndReasonFr": null,
      "EndReasonTypeEn": null,
      "EndReasonTypeFr": null,
      "SourceOfInformationEn": null,
      "SourceOfInformationFr": null,
      "IsActing": false,
      "ActingTextEn": null,
      "ActingTextFr": null,
      "HasCrossedTheFloor": false,
      "OrganizationId": 4842,
      "OrganizationLongEn": "Liberal-Conservative",
      "OrganizationLongFr": "Lib\u00e9ral-conservateur",
      "OrganizationShortEn": "Liberal-Conservative",
      "OrganizationShortFr": "Lib\u00e9ral-conservateur",
      "OrganizationAcronymEn": "Lib.-Cons.",
      "OrganizationAcronymFr": "Lib.-cons.",
      "OrganizationTypeId": 4,
      "OrganizationTypeEn": "Party",
      "OrganizationTypeFr": "Parti",
      "OrganizationProvinceEn": null,
      "OrganizationProvinceFr": null,
      "OrganizationHasProfile": true,
      "IsSenatorialDivision": false,
      "ToBeStyledAsEn": "",
      "ToBeStyledAsFr": "",
      "GroupId": 0,
      "Source": null,
      "PortFolioEn": null,
      "PortFolioFr": null,
      "Committee": null,
      "GroupingTitleEn": "Parliamentarian",
      "GroupingTitleFr": "Parlementaire",
      "GroupingOrder": 1,
      "ParliamentStart": "1867-11-06T00:00:00Z",
      "ParliamentEnd": "1872-07-08T00:00:00Z",
      "ParliamentNumber": 1,
      "PartyOrganizationId": 4842,
      "PartyEn": "Liberal-Conservative",
      "PartyFr": "Lib\u00e9ral-conservateur",
      "PartyStartDate": "1867-09-20T00:00:00Z",
      "PartyEndDate": "1868-07-14T00:00:00Z",
      "PersonPersonId": 0,
      "PersonLastName": null,
      "PersonUsedFirstName": null,
      "MemberOfParliament": null,
      "IsMP": false,
      "IsSenator": false,
      "GovernorGeneral": null,
      "Documents": null,
      "Senator": null,
      "NotesEn": null,
      "NotesFr": null,
      "InternalNotes": null,
      "IsCurrent": "False",
      "RoleId": 722,
      "NameEn": "Party Member",
      "Ordinal": null,
      "Classes": [
        {
          "RoleClassId": 105,
          "RoleClassOrdinal": null,
          "RoleToRoleClassOrdinal": null,
          "RoleClassNameEn": "Parliamentarian",
          "RoleClassNameFr": "Parlementaire"
        }
      ]
    },
    {
      "PersonRoleId": 1882,
      "NameFr": "Membre pour la circonscription",
      "StartDate": "1867-09-20T00:00:00Z",
      "StartDateIsApproximate": false,
      "EndDate": "1868-07-14T00:00:00Z",
      "EndDateIsApproximate": false,
      "EndReasonEn": null,
      "EndReasonFr": null,
      "EndReasonTypeEn": null,
      "EndReasonTypeFr": null,
      "SourceOfInformationEn": null,
      "SourceOfInformationFr": null,
      "IsActing": false,
      "ActingTextEn": null,
      "ActingTextFr": null,
      "HasCrossedTheFloor": false,
      "OrganizationId": 10148,
      "OrganizationLongEn": "York West",
      "OrganizationLongFr": "York-Ouest",
      "OrganizationShortEn": "",
      "OrganizationShortFr": "",
      "OrganizationAcronymEn": "",
      "OrganizationAcronymFr": "",
      "OrganizationTypeId": 35,
      "OrganizationTypeEn": "Constituency",
      "OrganizationTypeFr": "Circonscription",
      "OrganizationProvinceEn": "Ontario",
      "OrganizationProvinceFr": "Ontario",
      "OrganizationHasProfile": true,
      "IsSenatorialDivision": false,
      "ToBeStyledAsEn": "",
      "ToBeStyledAsFr": "",
      "GroupId": 0,
      "Source": null,
      "PortFolioEn": null,
      "PortFolioFr": null,
      "Committee": null,
      "GroupingTitleEn": "Parliamentarian",
      "GroupingTitleFr": "Parlementaire",
      "GroupingOrder": 1,
      "ParliamentStart": "1867-11-06T00:00:00Z",
      "ParliamentEnd": "1872-07-08T00:00:00Z",
      "ParliamentNumber": 1,
      "PartyOrganizationId": 4842,
      "PartyEn": "Liberal-Conservative",
      "PartyFr": "Lib\u00e9ral-conservateur",
      "PartyStartDate": "1867-09-20T00:00:00Z",
      "PartyEndDate": "1868-07-14T00:00:00Z",
      "PersonPersonId": 0,
      "PersonLastName": null,
      "PersonUsedFirstName": null,
      "MemberOfParliament": {
        "OccupationTypeEn": "Continuous",
        "OccupationTypeFr": "Continue"
      },
      "IsMP": true,
      "IsSenator": false,
      "GovernorGeneral": null,
      "Documents": null,
      "Senator": null,
      "NotesEn": null,
      "NotesFr": null,
      "InternalNotes": null,
      "IsCurrent": "False",
      "RoleId": 719,
      "NameEn": "Constituency Member",
      "Ordinal": 240,
      "Classes": [
        {
          "RoleClassId": 49,
          "RoleClassOrdinal": 2,
          "RoleToRoleClassOrdinal": null,
          "RoleClassNameEn": "Salaries in the House of Commons",
          "RoleClassNameFr": "Salaires \u00e0 la Chambre des Communes"
        },
        {
          "RoleClassId": 105,
          "RoleClassOrdinal": null,
          "RoleToRoleClassOrdinal": null,
          "RoleClassNameEn": "Parliamentarian",
          "RoleClassNameFr": "Parlementaire"
        }
      ]
    },
    {
      "PersonRoleId": 139262,
      "NameFr": "Ministre",
      "StartDate": "1867-07-01T00:00:00Z",
      "StartDateIsApproximate": false,
      "EndDate": "1868-07-14T00:00:00Z",
      "EndDateIsApproximate": false,
      "EndReasonEn": null,
      "EndReasonFr": null,
      "EndReasonTypeEn": "Resignation",
      "EndReasonTypeFr": "D\u00e9mission",
      "SourceOfInformationEn": "(C.D.P.; D.A.R., 1878)",
      "SourceOfInformationFr": "(C.D.P.; D.A.R., 1878)",
      "IsActing": false,
      "ActingTextEn": null,
      "ActingTextFr": null,
      "HasCrossedTheFloor": false,
      "OrganizationId": 3929,
      "OrganizationLongEn": "Inland Revenue",
      "OrganizationLongFr": "Revenu int\u00e9rieur",
      "OrganizationShortEn": "",
      "OrganizationShortFr": "",
      "OrganizationAcronymEn": "",
      "OrganizationAcronymFr": "",
      "OrganizationTypeId": 38,
      "OrganizationTypeEn": "Government",
      "OrganizationTypeFr": "Gouvernement",
      "OrganizationProvinceEn": null,
      "OrganizationProvinceFr": null,
      "OrganizationHasProfile": true,
      "IsSenatorialDivision": false,
      "ToBeStyledAsEn": "Minister of Inland Revenue",
      "ToBeStyledAsFr": "Ministre du Revenu int\u00e9rieur",
      "GroupId": 0,
      "Source": null,
      "PortFolioEn": " Inland Revenue",
      "PortFolioFr": "Revenu int\u00e9rieur",
      "Committee": null,
      "GroupingTitleEn": "Cabinet",
      "GroupingTitleFr": "Cabinet",
      "GroupingOrder": 4,
      "ParliamentStart": "1867-11-06T00:00:00Z",
      "ParliamentEnd": "1872-07-08T00:00:00Z",
      "ParliamentNumber": 1,
      "PartyOrganizationId": 4842,
      "PartyEn": "Liberal-Conservative",
      "PartyFr": "Lib\u00e9ral-conservateur",
      "PartyStartDate": "1867-09-20T00:00:00Z",
      "PartyEndDate": "1868-07-14T00:00:00Z",
      "PersonPersonId": 0,
      "PersonLastName": null,
      "PersonUsedFirstName": null,
      "MemberOfParliament": null,
      "IsMP": false,
      "IsSenator": false,
      "GovernorGeneral": null,
      "Documents": null,
      "Senator": null,
      "NotesEn": "Resignation. Appointed Lieutenant-Governor of Ontario, July 15, 1868.",
      "NotesFr": "D\u00e9mission. Nomm\u00e9 lieutenant-gouverneur de l'Ontario, le 15 juillet 1868.",
      "InternalNotes": null,
      "IsCurrent": "False",
      "RoleId": 854,
      "NameEn": "Minister",
      "Ordinal": 210,
      "Classes": [
        {
          "RoleClassId": 49,
          "RoleClassOrdinal": 2,
          "RoleToRoleClassOrdinal": null,
          "RoleClassNameEn": "Salaries in the House of Commons",
          "RoleClassNameFr": "Salaires \u00e0 la Chambre des Communes"
        },
        {
          "RoleClassId": 12,
          "RoleClassOrdinal": 50,
          "RoleToRoleClassOrdinal": null,
          "RoleClassNameEn": "Minister",
          "RoleClassNameFr": "Ministre"
        },
        {
          "RoleClassId": 15,
          "RoleClassOrdinal": null,
          "RoleToRoleClassOrdinal": null,
          "RoleClassNameEn": "Parliamentary function",
          "RoleClassNameFr": "Fonction Parlementaire"
        },
        {
          "RoleClassId": 35,
          "RoleClassOrdinal": null,
          "RoleToRoleClassOrdinal": null,
          "RoleClassNameEn": "Minister For Portfolio",
          "RoleClassNameFr": "Ministres pour portfolio"
        },
        {
          "RoleClassId": 106,
          "RoleClassOrdinal": null,
          "RoleToRoleClassOrdinal": null,
          "RoleClassNameEn": "Cabinet",
          "RoleClassNameFr": "Cabinet"
        }
      ]
    }
  ],
  "CommitteeMembership": [
    {
      "NameEn": "Member",
      "NameFr": "Membre",
      "RoleId": 226,
      "OrganizationId": 7024,
      "OrganizationLongEn": "Standing Committee on Railways, Canals and Telegraph Lines",
      "OrganizationLongFr": "Comit\u00e9 permanent des chemins de fer, canaux et lignes t\u00e9l\u00e9graphiques",
      "OrganizationTypeEn": "Committee",
      "OrganizationTypeFr": "Comit\u00e9",
      "OrganizationTypeId": 27,
      "PartyEn": "Liberal-Conservative",
      "PartyFr": "Lib\u00e9ral-conservateur",
      "CompositionTypeLongEn": "House of Commons",
      "CompositionTypeLongFr": "Chambre des communes",
      "CompositionTypeShortEn": "C",
      "CompositionTypeShortFr": "C",
      "CommitteeTypeEn": "Standing",
      "CommitteeTypeFr": "Permanent",
      "ParliamentNumber": 1,
      "SessionNumber": 1,
      "ShortEn": "1st",
      "ShortFr": "1\u00e8re"
    },
    {
      "NameEn": "Member",
      "NameFr": "Membre",
      "RoleId": 226,
      "OrganizationId": 6895,
      "OrganizationLongEn": "Standing Committee on Public Accounts",
      "OrganizationLongFr": "Comit\u00e9 permanent des comptes publics",
      "OrganizationTypeEn": "Committee",
      "OrganizationTypeFr": "Comit\u00e9",
      "OrganizationTypeId": 27,
      "PartyEn": "Liberal-Conservative",
      "PartyFr": "Lib\u00e9ral-conservateur",
      "CompositionTypeLongEn": "House of Commons",
      "CompositionTypeLongFr": "Chambre des communes",
      "CompositionTypeShortEn": "C",
      "CompositionTypeShortFr": "C",
      "CommitteeTypeEn": "Standing",
      "CommitteeTypeFr": "Permanent",
      "ParliamentNumber": 1,
      "SessionNumber": 1,
      "ShortEn": "1st",
      "ShortFr": "1\u00e8re"
    },
    {
      "NameEn": "Member",
      "NameFr": "Membre",
      "RoleId": 226,
      "OrganizationId": 766,
      "OrganizationLongEn": "Standing Committee on Banking and Commerce",
      "OrganizationLongFr": "Comit\u00e9 permanent des banques et du commerce",
      "OrganizationTypeEn": "Committee",
      "OrganizationTypeFr": "Comit\u00e9",
      "OrganizationTypeId": 27,
      "PartyEn": "Liberal-Conservative",
      "PartyFr": "Lib\u00e9ral-conservateur",
      "CompositionTypeLongEn": "House of Commons",
      "CompositionTypeLongFr": "Chambre des communes",
      "CompositionTypeShortEn": "C",
      "CompositionTypeShortFr": "C",
      "CommitteeTypeEn": "Standing",
      "CommitteeTypeFr": "Permanent",
      "ParliamentNumber": 1,
      "SessionNumber": 1,
      "ShortEn": "1st",
      "ShortFr": "1\u00e8re"
    },
    {
      "NameEn": "Member",
      "NameFr": "Membre",
      "RoleId": 226,
      "OrganizationId": 11209,
      "OrganizationLongEn": "Standing Committee on Contingencies",
      "OrganizationLongFr": "Comit\u00e9 permanent des d\u00e9penses contingentes",
      "OrganizationTypeEn": "Committee",
      "OrganizationTypeFr": "Comit\u00e9",
      "OrganizationTypeId": 27,
      "PartyEn": "Liberal-Conservative",
      "PartyFr": "Lib\u00e9ral-conservateur",
      "CompositionTypeLongEn": "House of Commons",
      "CompositionTypeLongFr": "Chambre des communes",
      "CompositionTypeShortEn": "C",
      "CompositionTypeShortFr": "C",
      "CommitteeTypeEn": "Standing",
      "CommitteeTypeFr": "Permanent",
      "ParliamentNumber": 1,
      "SessionNumber": 1,
      "ShortEn": "1st",
      "ShortFr": "1\u00e8re"
    },
    {
      "NameEn": "Member",
      "NameFr": "Membre",
      "RoleId": 226,
      "OrganizationId": 11274,
      "OrganizationLongEn": "Special Committee to consider the subject of the Banking and Currency of the Dominion",
      "OrganizationLongFr": "Comit\u00e9 sp\u00e9cial d'examiner la question des banques et du syst\u00e8me mon\u00e9taire de la Puissance",
      "OrganizationTypeEn": "Committee",
      "OrganizationTypeFr": "Comit\u00e9",
      "OrganizationTypeId": 27,
      "PartyEn": "Liberal-Conservative",
      "PartyFr": "Lib\u00e9ral-conservateur",
      "CompositionTypeLongEn": "House of Commons",
      "CompositionTypeLongFr": "Chambre des communes",
      "CompositionTypeShortEn": "C",
      "CompositionTypeShortFr": "C",
      "CommitteeTypeEn": "Special",
      "CommitteeTypeFr": "Sp\u00e9cial",
      "ParliamentNumber": 1,
      "SessionNumber": 1,
      "ShortEn": "1st",
      "ShortFr": "1\u00e8re"
    },
    {
      "NameEn": "Member",
      "NameFr": "Membre",
      "RoleId": 226,
      "OrganizationId": 11281,
      "OrganizationLongEn": "Special Committee to enquire into the desirableness and practicability of Cultivating the Vine, and making Wine in Canada",
      "OrganizationLongFr": "Comit\u00e9 sp\u00e9cial de s'enqu\u00e9rir de l'opportunit\u00e9 et de la possibilit\u00e9 de cultiver la vigne, et de faire du vin en Canada",
      "OrganizationTypeEn": "Committee",
      "OrganizationTypeFr": "Comit\u00e9",
      "OrganizationTypeId": 27,
      "PartyEn": "Liberal-Conservative",
      "PartyFr": "Lib\u00e9ral-conservateur",
      "CompositionTypeLongEn": "House of Commons",
      "CompositionTypeLongFr": "Chambre des communes",
      "CompositionTypeShortEn": "C",
      "CompositionTypeShortFr": "C",
      "CommitteeTypeEn": "Special",
      "CommitteeTypeFr": "Sp\u00e9cial",
      "ParliamentNumber": 1,
      "SessionNumber": 1,
      "ShortEn": "1st",
      "ShortFr": "1\u00e8re"
    }
  ],
  "PublicOfficeExperience": null,
  "ProvincialExperience": [
    {
      "PersonRoleId": 13567,
      "NameFr": "Lieutenant-gouverneur",
      "StartDate": "1868-07-15T00:00:00Z",
      "StartDateIsApproximate": false,
      "EndDate": "1873-11-11T00:00:00Z",
      "EndDateIsApproximate": false,
      "EndReasonEn": null,
      "EndReasonFr": null,
      "EndReasonTypeEn": null,
      "EndReasonTypeFr": null,
      "SourceOfInformationEn": null,
      "SourceOfInformationFr": null,
      "IsActing": false,
      "ActingTextEn": null,
      "ActingTextFr": null,
      "HasCrossedTheFloor": false,
      "OrganizationId": 4582,
      "OrganizationLongEn": "Legislative Assembly of Ontario",
      "OrganizationLongFr": "Assembl\u00e9e l\u00e9gislative de l'Ontario",
      "OrganizationShortEn": "Legislative Assembly",
      "OrganizationShortFr": "Assembl\u00e9e l\u00e9gislative",
      "OrganizationAcronymEn": "",
      "OrganizationAcronymFr": "",
      "OrganizationTypeId": 6,
      "OrganizationTypeEn": "Chamber Of Parliament (Prov)",
      "OrganizationTypeFr": "Chambre de Parlement (Prov)",
      "OrganizationProvinceEn": null,
      "OrganizationProvinceFr": null,
      "OrganizationHasProfile": true,
      "IsSenatorialDivision": false,
      "ToBeStyledAsEn": "",
      "ToBeStyledAsFr": "",
      "GroupId": 0,
      "Source": null,
      "PortFolioEn": null,
      "PortFolioFr": null,
      "Committee": null,
      "GroupingTitleEn": "Provincial Experience",
      "GroupingTitleFr": "Exp\u00e9rience Provinciale",
      "GroupingOrder": 0,
      "ParliamentStart": null,
      "ParliamentEnd": null,
      "ParliamentNumber": 0,
      "PartyOrganizationId": 0,
      "PartyEn": null,
      "PartyFr": null,
      "PartyStartDate": null,
      "PartyEndDate": null,
      "PersonPersonId": 0,
      "PersonLastName": null,
      "PersonUsedFirstName": null,
      "MemberOfParliament": null,
      "IsMP": false,
      "IsSenator": false,
      "GovernorGeneral": null,
      "Documents": null,
      "Senator": null,
      "NotesEn": null,
      "NotesFr": null,
      "InternalNotes": null,
      "IsCurrent": "False",
      "RoleId": 1582,
      "NameEn": "Lieutenant Governor",
      "Ordinal": 0,
      "Classes": [
        {
          "RoleClassId": 12,
          "RoleClassOrdinal": null,
          "RoleToRoleClassOrdinal": 0,
          "RoleClassNameEn": "Minister",
          "RoleClassNameFr": "Ministre"
        },
        {
          "RoleClassId": 15,
          "RoleClassOrdinal": null,
          "RoleToRoleClassOrdinal": 0,
          "RoleClassNameEn": "Parliamentary function",
          "RoleClassNameFr": "Fonction Parlementaire"
        }
      ]
    }
  ],
  "MilitaryExperience": null,
  "MunicipalExperience": null,
  "FamilyTiesInParliament": null,
  "Family": null,
  "Education": null,
  "PictureId": 3116,
  "PictureCopyrightEn": "Public Domain",
  "PictureCopyrightFr": "Du domaine public",
  "DisplayTitleEn": "The Hon. William Pierce Howland, P.C., M.P.",
  "DisplayTitleFr": "L'hon. William Pierce Howland, C.P., d\u00e9put\u00e9",
  "PlaceOfBirthEn": "Paulings, New York, United States",
  "PlaceOfBirthFr": "Paulings, New York, \u00c9tats-Unis",
  "ProfessionsEn": "grocer, businessman",
  "ProfessionsFr": "\u00e9picier, homme d'affaires",
  "PreferredLanguageEn": "",
  "PreferredLanguageFr": "",
  "PlaceOfBurialEn": ", , ",
  "PlaceOfBurialFr": ", , "
}