{
  "Person": {
    "PersonId": 10432,
    "HOCPersonId": 0,
    "SenatePersonId": 0,
    "FormalFirstName": "Paddy",
    "UsedFirstName": "Charles Patrick (Paddy)",
    "MiddleName": null,
    "MaidenName": null,
    "LastName": "Neale",
    "IsDraftProfile": false,
    "DateOfBirth": "1921-01-01T00:00:00Z",
    "DateOfBirthIsApproximate": false,
    "DoNotDiscloseDateOfBirth": false,
    "DoNotDiscloseBirthLocation": false,
    "CityOfBirthEn": "Hamilton",
    "CityOfBirthFr": "Hamilton",
    "ProvinceOfBirthEn": "Ontario",
    "ProvinceOfBirthFr": "Ontario",
    "CountryOfBirthFr": "Canada",
    "CountryOfBirthEn": "Canada",
    "Gender": "M",
    "EthnicityLongEn": null,
    "EthnicityLongFr": null,
    "IsCanadianOrigin": true,
    "InternalNotes": null,
    "ExternalNotesEn": null,
    "ExternalNotesFr": null,
    "ReligionEn": null,
    "ReligionFr": null,
    "Professions": [
      {
        "NameEn": "secretary-treasurer",
        "NameFr": "secr\u00e9taire-tr\u00e9sorier",
        "SearchKeyWordsEn": "",
        "SearchKeyWordsFr": "",
        "ProfessionTypeEn": "Administration and business -  Skilled occupations",
        "ProfessionTypeFr": "Administration et travail de bureau - Personnel sp\u00e9cialis\u00e9",
        "Ordinal": null
      }
    ],
    "Languages": null,
    "Education": null,
    "FamilyRelations": null,
    "Pictures": [
      {
        "PictureId": 2801,
        "PictureDate": null,
        "TypeEn": "Photographer",
        "TypeFr": "Photographe",
        "PhotographerEn": "Unknown",
        "PhotographerFr": "Inconnu",
        "CreditsEn": "House of Commons",
        "CreditsFr": "Chambre des communes",
        "CopyRightsEn": "House of Commons 1973",
        "CopyRightsFr": "Chambre des communes 1973",
        "DisplayForWeb": true,
        "InternalNotes": null
      }
    ],
    "Titles": [
      {
        "LongEn": null,
        "LongFr": null,
        "AcronymEn": null,
        "AcronymFr": null,
        "IsHonorific": false,
        "IsScholarity": false,
        "IsSalutation": true,
        "Ordinal": 0
      },
      {
        "LongEn": "Member of Parliament",
        "LongFr": "d\u00e9put\u00e9",
        "AcronymEn": "M.P.",
        "AcronymFr": "d\u00e9put\u00e9",
        "IsHonorific": false,
        "IsScholarity": false,
        "IsSalutation": false,
        "Ordinal": 0
      }
    ],
    "Roles": [
      {
        "PersonRoleId": 78488,
        "NameFr": "Participant",
        "StartDate": null,
        "StartDateIsApproximate": false,
        "EndDate": null,
        "EndDateIsApproximate": false,
        "EndReasonEn": null,
        "EndReasonFr": null,
        "EndReasonTypeEn": null,
        "EndReasonTypeFr": null,
        "SourceOfInformationEn": null,
        "SourceOfInformationFr": null,
        "IsActing": false,
        "ActingTextEn": null,
        "ActingTextFr": null,
        "HasCrossedTheFloor": false,
        "OrganizationId": 10070,
        "OrganizationLongEn": "World War II, 1939-1945",
        "OrganizationLongFr": "Deuxi\u00e8me Guerre mondiale , 1939-1945",
        "OrganizationShortEn": "",
        "OrganizationShortFr": "",
        "OrganizationAcronymEn": "1939-1945",
        "OrganizationAcronymFr": "",
        "OrganizationTypeId": 24,
        "OrganizationTypeEn": "War",
        "OrganizationTypeFr": "Guerre",
        "OrganizationProvinceEn": null,
        "OrganizationProvinceFr": null,
        "OrganizationHasProfile": true,
        "IsSenatorialDivision": false,
        "ToBeStyledAsEn": "",
        "ToBeStyledAsFr": "",
        "GroupId": 0,
        "Source": null,
        "PortFolioEn": null,
        "PortFolioFr": null,
        "Committee": null,
        "GroupingTitleEn": null,
        "GroupingTitleFr": null,
        "GroupingOrder": 0,
        "ParliamentStart": null,
        "ParliamentEnd": null,
        "ParliamentNumber": 0,
        "PartyOrganizationId": 0,
        "PartyEn": null,
        "PartyFr": null,
        "PartyStartDate": null,
        "PartyEndDate": null,
        "PersonPersonId": 0,
        "PersonLastName": null,
        "PersonUsedFirstName": null,
        "MemberOfParliament": null,
        "IsMP": false,
        "IsSenator": false,
        "GovernorGeneral": null,
        "Documents": null,
        "Senator": null,
        "NotesEn": null,
        "NotesFr": null,
        "InternalNotes": null,
        "IsCurrent": "True",
        "RoleId": 482,
        "NameEn": "Participant",
        "Ordinal": null,
        "Classes": [
          {
            "RoleClassId": 103,
            "RoleClassOrdinal": null,
            "RoleToRoleClassOrdinal": null,
            "RoleClassNameEn": "Military",
            "RoleClassNameFr": "Militaire"
          }
        ]
      },
      {
        "PersonRoleId": 114757,
        "NameFr": "Militaire",
        "StartDate": null,
        "StartDateIsApproximate": false,
        "EndDate": null,
        "EndDateIsApproximate": false,
        "EndReasonEn": null,
        "EndReasonFr": null,
        "EndReasonTypeEn": null,
        "EndReasonTypeFr": null,
        "SourceOfInformationEn": null,
        "SourceOfInformationFr": null,
        "IsActing": false,
        "ActingTextEn": null,
        "ActingTextFr": null,
        "HasCrossedTheFloor": false,
        "OrganizationId": 7381,
        "OrganizationLongEn": "Royal Canadian Air Force",
        "OrganizationLongFr": "Aviation royale du Canada",
        "OrganizationShortEn": "",
        "OrganizationShortFr": "",
        "OrganizationAcronymEn": "R.C.A.F.",
        "OrganizationAcronymFr": "",
        "OrganizationTypeId": 13,
        "OrganizationTypeEn": "Military",
        "OrganizationTypeFr": "Militaire",
        "OrganizationProvinceEn": null,
        "OrganizationProvinceFr": null,
        "OrganizationHasProfile": true,
        "IsSenatorialDivision": false,
        "ToBeStyledAsEn": "",
        "ToBeStyledAsFr": "",
        "GroupId": 0,
        "Source": null,
        "PortFolioEn": null,
        "PortFolioFr": null,
        "Committee": null,
        "GroupingTitleEn": null,
        "GroupingTitleFr": null,
        "GroupingOrder": 0,
        "ParliamentStart": null,
        "ParliamentEnd": null,
        "ParliamentNumber": 0,
        "PartyOrganizationId": 0,
        "PartyEn": null,
        "PartyFr": null,
        "PartyStartDate": null,
        "PartyEndDate": null,
        "PersonPersonId": 0,
        "PersonLastName": null,
        "PersonUsedFirstName": null,
        "MemberOfParliament": null,
        "IsMP": false,
        "IsSenator": false,
        "GovernorGeneral": null,
        "Documents": null,
        "Senator": null,
        "NotesEn": "Served three and a half years overseas.",
        "NotesFr": "A servi trois ans et demi outre-mer.",
        "InternalNotes": null,
        "IsCurrent": "True",
        "RoleId": 847,
        "NameEn": "Military",
        "Ordinal": null,
        "Classes": [
          {
            "RoleClassId": 103,
            "RoleClassOrdinal": null,
            "RoleToRoleClassOrdinal": null,
            "RoleClassNameEn": "Military",
            "RoleClassNameFr": "Militaire"
          }
        ]
      },
      {
        "PersonRoleId": 54620,
        "NameFr": "Membre du caucus",
        "StartDate": "1973-01-04T00:00:00Z",
        "StartDateIsApproximate": false,
        "EndDate": "1974-05-09T00:00:00Z",
        "EndDateIsApproximate": false,
        "EndReasonEn": null,
        "EndReasonFr": null,
        "EndReasonTypeEn": null,
        "EndReasonTypeFr": null,
        "SourceOfInformationEn": null,
        "SourceOfInformationFr": null,
        "IsActing": false,
        "ActingTextEn": null,
        "ActingTextFr": null,
        "HasCrossedTheFloor": false,
        "OrganizationId": 5774,
        "OrganizationLongEn": "New Democratic Party",
        "OrganizationLongFr": "Nouveau Parti d\u00e9mocratique",
        "OrganizationShortEn": "New Democratic Party",
        "OrganizationShortFr": "Nouveau parti d\u00e9mocratique",
        "OrganizationAcronymEn": "N.D.P.",
        "OrganizationAcronymFr": "N.P.D.",
        "OrganizationTypeId": 4,
        "OrganizationTypeEn": "Party",
        "OrganizationTypeFr": "Parti",
        "OrganizationProvinceEn": null,
        "OrganizationProvinceFr": null,
        "OrganizationHasProfile": true,
        "IsSenatorialDivision": false,
        "ToBeStyledAsEn": null,
        "ToBeStyledAsFr": null,
        "GroupId": 0,
        "Source": null,
        "PortFolioEn": null,
        "PortFolioFr": null,
        "Committee": null,
        "GroupingTitleEn": null,
        "GroupingTitleFr": null,
        "GroupingOrder": 0,
        "ParliamentStart": null,
        "ParliamentEnd": null,
        "ParliamentNumber": 0,
        "PartyOrganizationId": 0,
        "PartyEn": null,
        "PartyFr": null,
        "PartyStartDate": null,
        "PartyEndDate": null,
        "PersonPersonId": 0,
        "PersonLastName": null,
        "PersonUsedFirstName": null,
        "MemberOfParliament": null,
        "IsMP": false,
        "IsSenator": false,
        "GovernorGeneral": null,
        "Documents": null,
        "Senator": null,
        "NotesEn": null,
        "NotesFr": null,
        "InternalNotes": null,
        "IsCurrent": "False",
        "RoleId": 2998,
        "NameEn": "Caucus Member",
        "Ordinal": null,
        "Classes": null
      },
      {
        "PersonRoleId": 101002,
        "NameFr": "Membre du parti",
        "StartDate": "1972-10-30T00:00:00Z",
        "StartDateIsApproximate": false,
        "EndDate": "1974-07-07T00:00:00Z",
        "EndDateIsApproximate": false,
        "EndReasonEn": null,
        "EndReasonFr": null,
        "EndReasonTypeEn": null,
        "EndReasonTypeFr": null,
        "SourceOfInformationEn": null,
        "SourceOfInformationFr": null,
        "IsActing": false,
        "ActingTextEn": null,
        "ActingTextFr": null,
        "HasCrossedTheFloor": false,
        "OrganizationId": 5774,
        "OrganizationLongEn": "New Democratic Party",
        "OrganizationLongFr": "Nouveau Parti d\u00e9mocratique",
        "OrganizationShortEn": "New Democratic Party",
        "OrganizationShortFr": "Nouveau parti d\u00e9mocratique",
        "OrganizationAcronymEn": "N.D.P.",
        "OrganizationAcronymFr": "N.P.D.",
        "OrganizationTypeId": 4,
        "OrganizationTypeEn": "Party",
        "OrganizationTypeFr": "Parti",
        "OrganizationProvinceEn": null,
        "OrganizationProvinceFr": null,
        "OrganizationHasProfile": true,
        "IsSenatorialDivision": false,
        "ToBeStyledAsEn": "",
        "ToBeStyledAsFr": "",
        "GroupId": 0,
        "Source": null,
        "PortFolioEn": null,
        "PortFolioFr": null,
        "Committee": null,
        "GroupingTitleEn": "Parliamentarian",
        "GroupingTitleFr": "Parlementaire",
        "GroupingOrder": 1,
        "ParliamentStart": "1973-01-04T00:00:00Z",
        "ParliamentEnd": "1974-05-09T00:00:00Z",
        "ParliamentNumber": 29,
        "PartyOrganizationId": 5774,
        "PartyEn": "New Democratic Party",
        "PartyFr": "Nouveau Parti d\u00e9mocratique",
        "PartyStartDate": "1972-10-30T00:00:00Z",
        "PartyEndDate": "1974-07-07T00:00:00Z",
        "PersonPersonId": 0,
        "PersonLastName": null,
        "PersonUsedFirstName": null,
        "MemberOfParliament": null,
        "IsMP": false,
        "IsSenator": false,
        "GovernorGeneral": null,
        "Documents": null,
        "Senator": null,
        "NotesEn": null,
        "NotesFr": null,
        "InternalNotes": null,
        "IsCurrent": "False",
        "RoleId": 722,
        "NameEn": "Party Member",
        "Ordinal": null,
        "Classes": [
          {
            "RoleClassId": 105,
            "RoleClassOrdinal": null,
            "RoleToRoleClassOrdinal": null,
            "RoleClassNameEn": "Parliamentarian",
            "RoleClassNameFr": "Parlementaire"
          }
        ]
      },
      {
        "PersonRoleId": 110126,
        "NameFr": "Membre pour la circonscription",
        "StartDate": "1972-10-30T00:00:00Z",
        "StartDateIsApproximate": false,
        "EndDate": "1974-07-07T00:00:00Z",
        "EndDateIsApproximate": false,
        "EndReasonEn": null,
        "EndReasonFr": null,
        "EndReasonTypeEn": null,
        "EndReasonTypeFr": null,
        "SourceOfInformationEn": null,
        "SourceOfInformationFr": null,
        "IsActing": false,
        "ActingTextEn": null,
        "ActingTextFr": null,
        "HasCrossedTheFloor": false,
        "OrganizationId": 9524,
        "OrganizationLongEn": "Vancouver East",
        "OrganizationLongFr": "Vancouver-Est",
        "OrganizationShortEn": "",
        "OrganizationShortFr": "",
        "OrganizationAcronymEn": "",
        "OrganizationAcronymFr": "",
        "OrganizationTypeId": 35,
        "OrganizationTypeEn": "Constituency",
        "OrganizationTypeFr": "Circonscription",
        "OrganizationProvinceEn": "British Columbia",
        "OrganizationProvinceFr": "Colombie-Britannique",
        "OrganizationHasProfile": true,
        "IsSenatorialDivision": false,
        "ToBeStyledAsEn": "",
        "ToBeStyledAsFr": "",
        "GroupId": 0,
        "Source": null,
        "PortFolioEn": null,
        "PortFolioFr": null,
        "Committee": null,
        "GroupingTitleEn": "Parliamentarian",
        "GroupingTitleFr": "Parlementaire",
        "GroupingOrder": 1,
        "ParliamentStart": "1973-01-04T00:00:00Z",
        "ParliamentEnd": "1974-05-09T00:00:00Z",
        "ParliamentNumber": 29,
        "PartyOrganizationId": 5774,
        "PartyEn": "New Democratic Party",
        "PartyFr": "Nouveau Parti d\u00e9mocratique",
        "PartyStartDate": "1972-10-30T00:00:00Z",
        "PartyEndDate": "1974-07-07T00:00:00Z",
        "PersonPersonId": 0,
        "PersonLastName": null,
        "PersonUsedFirstName": null,
        "MemberOfParliament": {
          "OccupationTypeEn": "Continuous",
          "OccupationTypeFr": "Continue"
        },
        "IsMP": true,
        "IsSenator": false,
        "GovernorGeneral": null,
        "Documents": null,
        "Senator": null,
        "NotesEn": null,
        "NotesFr": null,
        "InternalNotes": null,
        "IsCurrent": "False",
        "RoleId": 719,
        "NameEn": "Constituency Member",
        "Ordinal": 240,
        "Classes": [
          {
            "RoleClassId": 49,
            "RoleClassOrdinal": 2,
            "RoleToRoleClassOrdinal": null,
            "RoleClassNameEn": "Salaries in the House of Commons",
            "RoleClassNameFr": "Salaires \u00e0 la Chambre des Communes"
          },
          {
            "RoleClassId": 105,
            "RoleClassOrdinal": null,
            "RoleToRoleClassOrdinal": null,
            "RoleClassNameEn": "Parliamentarian",
            "RoleClassNameFr": "Parlementaire"
          }
        ]
      },
      {
        "PersonRoleId": 126068,
        "NameFr": "Membre",
        "StartDate": "1974-02-27T00:00:00Z",
        "StartDateIsApproximate": false,
        "EndDate": "1974-05-09T00:00:00Z",
        "EndDateIsApproximate": false,
        "EndReasonEn": null,
        "EndReasonFr": null,
        "EndReasonTypeEn": null,
        "EndReasonTypeFr": null,
        "SourceOfInformationEn": null,
        "SourceOfInformationFr": null,
        "IsActing": false,
        "ActingTextEn": null,
        "ActingTextFr": null,
        "HasCrossedTheFloor": false,
        "OrganizationId": 10299,
        "OrganizationLongEn": "Standing Committee on Transport and Communications",
        "OrganizationLongFr": "Comit\u00e9 permanent des transports et des communications",
        "OrganizationShortEn": "Transport and Communications",
        "OrganizationShortFr": "Transports et communications",
        "OrganizationAcronymEn": "",
        "OrganizationAcronymFr": "",
        "OrganizationTypeId": 27,
        "OrganizationTypeEn": "Committee",
        "OrganizationTypeFr": "Comit\u00e9",
        "OrganizationProvinceEn": null,
        "OrganizationProvinceFr": null,
        "OrganizationHasProfile": true,
        "IsSenatorialDivision": false,
        "ToBeStyledAsEn": "",
        "ToBeStyledAsFr": "",
        "GroupId": 0,
        "Source": null,
        "PortFolioEn": null,
        "PortFolioFr": null,
        "Committee": {
          "OrganizationId": 0,
          "SenateCommitteeId": 0,
          "CommitteeTypeId": 5,
          "CommitteeTypeEn": "Standing",
          "CommitteeTypeFr": "Permanent",
          "CompositionTypeId": 3,
          "CompositionTypeLongEn": "House of Commons",
          "CompositionTypeLongFr": "Chambre des communes",
          "CompositionTypeShortEn": "C",
          "CompositionTypeShortFr": "C",
          "Sessions": [
            {
              "SessionId": 0,
              "SessionNumber": 2,
              "ParliamentNumber": 29,
              "StartDate": "1974-02-27T00:00:00Z",
              "EndDate": "1974-05-09T00:00:00Z",
              "ShortEn": "2nd",
              "ShortFr": "2e"
            }
          ],
          "Mandates": null
        },
        "GroupingTitleEn": null,
        "GroupingTitleFr": null,
        "GroupingOrder": 0,
        "ParliamentStart": null,
        "ParliamentEnd": null,
        "ParliamentNumber": 0,
        "PartyOrganizationId": 5774,
        "PartyEn": "New Democratic Party",
        "PartyFr": "Nouveau Parti d\u00e9mocratique",
        "PartyStartDate": "1972-10-30T00:00:00Z",
        "PartyEndDate": "1974-07-07T00:00:00Z",
        "PersonPersonId": 0,
        "PersonLastName": null,
        "PersonUsedFirstName": null,
        "MemberOfParliament": null,
        "IsMP": false,
        "IsSenator": false,
        "GovernorGeneral": null,
        "Documents": null,
        "Senator": null,
        "NotesEn": null,
        "NotesFr": null,
        "InternalNotes": null,
        "IsCurrent": "False",
        "RoleId": 226,
        "NameEn": "Member",
        "Ordinal": 300,
        "Classes": [
          {
            "RoleClassId": 33,
            "RoleClassOrdinal": null,
            "RoleToRoleClassOrdinal": null,
            "RoleClassNameEn": "Committee",
            "RoleClassNameFr": "Comit\u00e9"
          },
          {
            "RoleClassId": 113,
            "RoleClassOrdinal": null,
            "RoleToRoleClassOrdinal": null,
            "RoleClassNameEn": "ElectionProcessCloseDissolution",
            "RoleClassNameFr": "ElectionProcessCloseDissolution"
          }
        ]
      },
      {
        "PersonRoleId": 26796,
        "NameFr": "Membre",
        "StartDate": "1973-01-04T00:00:00Z",
        "StartDateIsApproximate": false,
        "EndDate": "1974-02-26T00:00:00Z",
        "EndDateIsApproximate": false,
        "EndReasonEn": null,
        "EndReasonFr": null,
        "EndReasonTypeEn": null,
        "EndReasonTypeFr": null,
        "SourceOfInformationEn": null,
        "SourceOfInformationFr": null,
        "IsActing": false,
        "ActingTextEn": null,
        "ActingTextFr": null,
        "HasCrossedTheFloor": false,
        "OrganizationId": 2995,
        "OrganizationLongEn": "Standing Committee on Finance, Trade and Economic Affairs",
        "OrganizationLongFr": "Comit\u00e9 permanent des finances, du commerce et des questions \u00e9conomiques",
        "OrganizationShortEn": "Finance, Trade and Economic Affairs",
        "OrganizationShortFr": "Finances, commerce et questions \u00e9conomiques",
        "OrganizationAcronymEn": "",
        "OrganizationAcronymFr": "",
        "OrganizationTypeId": 27,
        "OrganizationTypeEn": "Committee",
        "OrganizationTypeFr": "Comit\u00e9",
        "OrganizationProvinceEn": null,
        "OrganizationProvinceFr": null,
        "OrganizationHasProfile": true,
        "IsSenatorialDivision": false,
        "ToBeStyledAsEn": "",
        "ToBeStyledAsFr": "",
        "GroupId": 0,
        "Source": null,
        "PortFolioEn": null,
        "PortFolioFr": null,
        "Committee": {
          "OrganizationId": 0,
          "SenateCommitteeId": 0,
          "CommitteeTypeId": 5,
          "CommitteeTypeEn": "Standing",
          "CommitteeTypeFr": "Permanent",
          "CompositionTypeId": 3,
          "CompositionTypeLongEn": "House of Commons",
          "CompositionTypeLongFr": "Chambre des communes",
          "CompositionTypeShortEn": "C",
          "CompositionTypeShortFr": "C",
          "Sessions": [
            {
              "SessionId": 0,
              "SessionNumber": 1,
              "ParliamentNumber": 29,
              "StartDate": "1973-01-04T00:00:00Z",
              "EndDate": "1974-02-26T00:00:00Z",
              "ShortEn": "1st",
              "ShortFr": "1\u00e8re"
            }
          ],
          "Mandates": null
        },
        "GroupingTitleEn": null,
        "GroupingTitleFr": null,
        "GroupingOrder": 0,
        "ParliamentStart": null,
        "ParliamentEnd": null,
        "ParliamentNumber": 0,
        "PartyOrganizationId": 5774,
        "PartyEn": "New Democratic Party",
        "PartyFr": "Nouveau Parti d\u00e9mocratique",
        "PartyStartDate": "1972-10-30T00:00:00Z",
        "PartyEndDate": "1974-07-07T00:00:00Z",
        "PersonPersonId": 0,
        "PersonLastName": null,
        "PersonUsedFirstName": null,
        "MemberOfParliament": null,
        "IsMP": false,
        "IsSenator": false,
        "GovernorGeneral": null,
        "Documents": null,
        "Senator": null,
        "NotesEn": null,
        "NotesFr": null,
        "InternalNotes": null,
        "IsCurrent": "False",
        "RoleId": 226,
        "NameEn": "Member",
        "Ordinal": 300,
        "Classes": [
          {
            "RoleClassId": 33,
            "RoleClassOrdinal": null,
            "RoleToRoleClassOrdinal": null,
            "RoleClassNameEn": "Committee",
            "RoleClassNameFr": "Comit\u00e9"
          },
          {
            "RoleClassId": 113,
            "RoleClassOrdinal": null,
            "RoleToRoleClassOrdinal": null,
            "RoleClassNameEn": "ElectionProcessCloseDissolution",
            "RoleClassNameFr": "ElectionProcessCloseDissolution"
          }
        ]
      },
      {
        "PersonRoleId": 3240,
        "NameFr": "Membre",
        "StartDate": "1974-02-27T00:00:00Z",
        "StartDateIsApproximate": false,
        "EndDate": "1974-05-09T00:00:00Z",
        "EndDateIsApproximate": false,
        "EndReasonEn": null,
        "EndReasonFr": null,
        "EndReasonTypeEn": null,
        "EndReasonTypeFr": null,
        "SourceOfInformationEn": null,
        "SourceOfInformationFr": null,
        "IsActing": false,
        "ActingTextEn": null,
        "ActingTextFr": null,
        "HasCrossedTheFloor": false,
        "OrganizationId": 5364,
        "OrganizationLongEn": "Standing Committee on Miscellaneous Estimates",
        "OrganizationLongFr": "Comit\u00e9 permanent des pr\u00e9visions budg\u00e9taires en g\u00e9n\u00e9ral",
        "OrganizationShortEn": "Miscellaneous Estimates",
        "OrganizationShortFr": "Pr\u00e9visions budg\u00e9taires en g\u00e9n\u00e9ral",
        "OrganizationAcronymEn": "",
        "OrganizationAcronymFr": "",
        "OrganizationTypeId": 27,
        "OrganizationTypeEn": "Committee",
        "OrganizationTypeFr": "Comit\u00e9",
        "OrganizationProvinceEn": null,
        "OrganizationProvinceFr": null,
        "OrganizationHasProfile": true,
        "IsSenatorialDivision": false,
        "ToBeStyledAsEn": "",
        "ToBeStyledAsFr": "",
        "GroupId": 0,
        "Source": null,
        "PortFolioEn": null,
        "PortFolioFr": null,
        "Committee": {
          "OrganizationId": 0,
          "SenateCommitteeId": 0,
          "CommitteeTypeId": 5,
          "CommitteeTypeEn": "Standing",
          "CommitteeTypeFr": "Permanent",
          "CompositionTypeId": 3,
          "CompositionTypeLongEn": "House of Commons",
          "CompositionTypeLongFr": "Chambre des communes",
          "CompositionTypeShortEn": "C",
          "CompositionTypeShortFr": "C",
          "Sessions": [
            {
              "SessionId": 0,
              "SessionNumber": 2,
              "ParliamentNumber": 29,
              "StartDate": "1974-02-27T00:00:00Z",
              "EndDate": "1974-05-09T00:00:00Z",
              "ShortEn": "2nd",
              "ShortFr": "2e"
            }
          ],
          "Mandates": null
        },
        "GroupingTitleEn": null,
        "GroupingTitleFr": null,
        "GroupingOrder": 0,
        "ParliamentStart": null,
        "ParliamentEnd": null,
        "ParliamentNumber": 0,
        "PartyOrganizationId": 5774,
        "PartyEn": "New Democratic Party",
        "PartyFr": "Nouveau Parti d\u00e9mocratique",
        "PartyStartDate": "1972-10-30T00:00:00Z",
        "PartyEndDate": "1974-07-07T00:00:00Z",
        "PersonPersonId": 0,
        "PersonLastName": null,
        "PersonUsedFirstName": null,
        "MemberOfParliament": null,
        "IsMP": false,
        "IsSenator": false,
        "GovernorGeneral": null,
        "Documents": null,
        "Senator": null,
        "NotesEn": null,
        "NotesFr": null,
        "InternalNotes": null,
        "IsCurrent": "False",
        "RoleId": 226,
        "NameEn": "Member",
        "Ordinal": 300,
        "Classes": [
          {
            "RoleClassId": 33,
            "RoleClassOrdinal": null,
            "RoleToRoleClassOrdinal": null,
            "RoleClassNameEn": "Committee",
            "RoleClassNameFr": "Comit\u00e9"
          },
          {
            "RoleClassId": 113,
            "RoleClassOrdinal": null,
            "RoleToRoleClassOrdinal": null,
            "RoleClassNameEn": "ElectionProcessCloseDissolution",
            "RoleClassNameFr": "ElectionProcessCloseDissolution"
          }
        ]
      },
      {
        "PersonRoleId": 61499,
        "NameFr": "Membre",
        "StartDate": "1974-02-27T00:00:00Z",
        "StartDateIsApproximate": false,
        "EndDate": "1974-05-09T00:00:00Z",
        "EndDateIsApproximate": false,
        "EndReasonEn": null,
        "EndReasonFr": null,
        "EndReasonTypeEn": null,
        "EndReasonTypeFr": null,
        "SourceOfInformationEn": null,
        "SourceOfInformationFr": null,
        "IsActing": false,
        "ActingTextEn": null,
        "ActingTextFr": null,
        "HasCrossedTheFloor": false,
        "OrganizationId": 4350,
        "OrganizationLongEn": "Standing Committee on Labour, Manpower and Immigration",
        "OrganizationLongFr": "Comit\u00e9 permanent du travail, de la main-d\u2019\u0153uvre et de l'immigration",
        "OrganizationShortEn": "Labour, Manpower and Immigration",
        "OrganizationShortFr": "Travail, main-d'oeuvre et immigration",
        "OrganizationAcronymEn": "",
        "OrganizationAcronymFr": "",
        "OrganizationTypeId": 27,
        "OrganizationTypeEn": "Committee",
        "OrganizationTypeFr": "Comit\u00e9",
        "OrganizationProvinceEn": null,
        "OrganizationProvinceFr": null,
        "OrganizationHasProfile": true,
        "IsSenatorialDivision": false,
        "ToBeStyledAsEn": "",
        "ToBeStyledAsFr": "",
        "GroupId": 0,
        "Source": null,
        "PortFolioEn": null,
        "PortFolioFr": null,
        "Committee": {
          "OrganizationId": 0,
          "SenateCommitteeId": 0,
          "CommitteeTypeId": 5,
          "CommitteeTypeEn": "Standing",
          "CommitteeTypeFr": "Permanent",
          "CompositionTypeId": 3,
          "CompositionTypeLongEn": "House of Commons",
          "CompositionTypeLongFr": "Chambre des communes",
          "CompositionTypeShortEn": "C",
          "CompositionTypeShortFr": "C",
          "Sessions": [
            {
              "SessionId": 0,
              "SessionNumber": 2,
              "ParliamentNumber": 29,
              "StartDate": "1974-02-27T00:00:00Z",
              "EndDate": "1974-05-09T00:00:00Z",
              "ShortEn": "2nd",
              "ShortFr": "2e"
            }
          ],
          "Mandates": null
        },
        "GroupingTitleEn": null,
        "GroupingTitleFr": null,
        "GroupingOrder": 0,
        "ParliamentStart": null,
        "ParliamentEnd": null,
        "ParliamentNumber": 0,
        "PartyOrganizationId": 5774,
        "PartyEn": "New Democratic Party",
        "PartyFr": "Nouveau Parti d\u00e9mocratique",
        "PartyStartDate": "1972-10-30T00:00:00Z",
        "PartyEndDate": "1974-07-07T00:00:00Z",
        "PersonPersonId": 0,
        "PersonLastName": null,
        "PersonUsedFirstName": null,
        "MemberOfParliament": null,
        "IsMP": false,
        "IsSenator": false,
        "GovernorGeneral": null,
        "Documents": null,
        "Senator": null,
        "NotesEn": null,
        "NotesFr": null,
        "InternalNotes": null,
        "IsCurrent": "False",
        "RoleId": 226,
        "NameEn": "Member",
        "Ordinal": 300,
        "Classes": [
          {
            "RoleClassId": 33,
            "RoleClassOrdinal": null,
            "RoleToRoleClassOrdinal": null,
            "RoleClassNameEn": "Committee",
            "RoleClassNameFr": "Comit\u00e9"
          },
          {
            "RoleClassId": 113,
            "RoleClassOrdinal": null,
            "RoleToRoleClassOrdinal": null,
            "RoleClassNameEn": "ElectionProcessCloseDissolution",
            "RoleClassNameFr": "ElectionProcessCloseDissolution"
          }
        ]
      }
    ],
    "HillAddresses": null,
    "ConstituencyAddresses": null,
    "WebLinks": [
      {
        "TypeEn": "Maiden Speech",
        "TypeFr": "Premier discours",
        "TitleFr": "Premier discours \u00e0 la Chambre des communes",
        "TitleEn": "Maiden Speech in the House of Commons",
        "UrlEn": "http://parl.canadiana.ca/view/oop.debates_HOC2901_02/413?r=0&s=1",
        "UrlFr": "http://parl.canadiana.ca/view/oop.debates_CDC2901_02/413?r=0&s=1"
      }
    ],
    "Bibliography": null,
    "ElectionCandidates": [
      {
        "ElectionCandidateId": 5943,
        "ParliamentNumber": 29,
        "ElectionId": 217,
        "ElectionDate": "1972-10-30T00:00:00Z",
        "IsGeneral": true,
        "OrganizationId": 9524,
        "ConstituencyEn": "Vancouver East",
        "ConstituencyFr": "Vancouver-Est",
        "ProvinceEn": null,
        "ProvinceFr": null,
        "PersonRoleId": null,
        "ElectionCanadaFirstName": "Charles Patrick (Paddy)",
        "ElectionCanadaLastName": "NEALE",
        "ElectionCanadaMiddleName": null,
        "Gender": "M",
        "OccupationEn": "Secretary treasurer",
        "OccupationFr": "Secr\u00e9taire, tr\u00e9sorier",
        "PartyOrganizationId": 5774,
        "PartyNameEn": "New Democratic Party",
        "PartyNameFr": "Nouveau Parti d\u00e9mocratique",
        "Votes": 13525,
        "ResultLongEn": "Elected",
        "ResultLongFr": "\u00c9lu",
        "OtherResultLongEn": null,
        "OtherResultLongFr": null,
        "NotesEn": null,
        "NotesFr": null,
        "InternalNotes": null
      },
      {
        "ElectionCandidateId": 5944,
        "ParliamentNumber": 30,
        "ElectionId": 146,
        "ElectionDate": "1974-07-08T00:00:00Z",
        "IsGeneral": true,
        "OrganizationId": 9524,
        "ConstituencyEn": "Vancouver East",
        "ConstituencyFr": "Vancouver-Est",
        "ProvinceEn": null,
        "ProvinceFr": null,
        "PersonRoleId": null,
        "ElectionCanadaFirstName": "Charles Patrick (Paddy)",
        "ElectionCanadaLastName": "NEALE",
        "ElectionCanadaMiddleName": null,
        "Gender": "M",
        "OccupationEn": "Secretary treasurer",
        "OccupationFr": "Secr\u00e9taire, tr\u00e9sorier",
        "PartyOrganizationId": 5774,
        "PartyNameEn": "New Democratic Party",
        "PartyNameFr": "Nouveau Parti d\u00e9mocratique",
        "Votes": 9614,
        "ResultLongEn": "Defeated",
        "ResultLongFr": "D\u00e9fait",
        "OtherResultLongEn": null,
        "OtherResultLongFr": null,
        "NotesEn": null,
        "NotesFr": null,
        "InternalNotes": null
      }
    ],
    "Death": {
      "DateOfDeath": "1990-02-09T00:00:00Z",
      "DateOfDeathIsApproximate": false,
      "DeceasedOnDuty": false,
      "RecordNotFound": false,
      "CauseOfDeathEn": null,
      "CauseOfDeathFr": null,
      "CemetaryNameEn": null,
      "CemetaryNameFr": null,
      "CemetaryCityEn": null,
      "CemetaryCityFr": null,
      "CemetaryProvinceEn": null,
      "CemetaryProvinceFr": null,
      "CemetaryCountryEn": null,
      "CemetaryCountryFr": null,
      "FuneralDate": null,
      "StateLayFuneralLocationEn": null,
      "StateLayFuneralLocationFr": null,
      "StateLayFuneralStartDate": null,
      "StateLayFuneralEndDate": null,
      "ReferenceOfStateLay": null
    },
    "PrimeMinister": null,
    "Parliaments": null,
    "Age": 69,
    "DisplayName": "Neale, Charles Patrick (Paddy)",
    "StraightDisplayName": "Charles Patrick (Paddy) Neale",
    "PartyEn": "New Democratic Party (1972/10/30 - 1974/07/07)<br>",
    "PartyFr": "Nouveau Parti d\u00e9mocratique (1972/10/30 - 1974/07/07)<br>",
    "ConstituencyEn": "Vancouver East (1972/10/30 - 1974/07/07)<br>",
    "ConstituencyFr": "Vancouver-Est (1972/10/30 - 1974/07/07)<br>",
    "CurrentPartyEn": "New Democratic Party",
    "CurrentPartyFr": "Nouveau Parti d\u00e9mocratique",
    "CurrentConstituencyEn": "Vancouver East",
    "CurrentConstituencyFr": "Vancouver-Est",
    "ProvinceEn": "British Columbia<br>",
    "ProvinceFr": "Colombie-Britannique<br>",
    "PrimeMinisterEn": "",
    "PrimeMinisterFr": "",
    "CabinetChairEn": "",
    "CabinetChairFr": "",
    "CabinetCommitteeMemberEn": "",
    "CabinetCommitteeMemberFr": "",
    "LeaderOpposition": "",
    "DeputyPrimeMinister": "",
    "SpeakerHouseOfCommons": "",
    "SpeakerSenate": "",
    "SpeakerProTempore": "",
    "DeputySpeaker": "",
    "AssistantDeputySpeakerChairEn": "",
    "AssistantDeputySpeakerChairFr": "",
    "MinisterOfEn": "",
    "MinisterOfFr": "",
    "AssociateMinisterOfEn": "",
    "AssociateMinisterOfFr": "",
    "MinisterOfStateOfEn": "",
    "MinisterOfStateOfFr": "",
    "SecretaryOfStateOfEn": "",
    "SecretaryOfStateOfFr": "",
    "ParliamentarySecretaryOfEn": "",
    "ParliamentarySecretaryOfFr": "",
    "ParliamentaryAssistantOfEn": "",
    "ParliamentaryAssistantOfFr": "",
    "PartyLeaderEn": "",
    "PartyLeaderFr": "",
    "HouseLeaderEn": "",
    "HouseLeaderFr": "",
    "DeputyHouseLeaderEn": "",
    "DeputyHouseLeaderFr": "",
    "WhipEn": "",
    "WhipFr": "",
    "DeputyWhipEn": "",
    "DeputyWhipFr": "",
    "CriticOfEn": "",
    "CriticOfFr": "",
    "AssistantCriticOfEn": "",
    "AssistantCriticOfFr": "",
    "TypeOfParliamentarianEn": "MP (1972/10/30 - 1974/07/07)<br>",
    "TypeOfParliamentarianFr": "D\u00e9put\u00e9 (1972/10/30 - 1974/07/07)<br>",
    "DiedInOffice": false,
    "PremiershipExperienceEn": "",
    "PremiershipExperienceFr": "",
    "ProvincialExperienceEn": "",
    "ProvincialExperienceFr": "",
    "MunicipalExperienceEn": "",
    "MunicipalExperienceFr": "",
    "MilitaryServiceEn": "World War II, 1939-1945 ( - )<br>Royal Canadian Air Force ( - )<br>",
    "MilitaryServiceFr": "Deuxi\u00e8me Guerre mondiale , 1939-1945 ( - )<br>Aviation royale du Canada ( - )<br>",
    "MinistryDurationEn": "",
    "MinistryDurationFr": "",
    "ProfessionsEn": ", secretary-treasurer",
    "ProfessionsFr": ", secr\u00e9taire-tr\u00e9sorier",
    "LanguageEn": "",
    "LanguageFr": "",
    "IsPrimeMinister": false,
    "YearsOfServiceSegments": [
      {
        "TotalDays": 616,
        "Years": 1,
        "Months": 8,
        "Days": 8,
        "Hours": 0,
        "Minutes": 0,
        "Seconds": 0,
        "Milliseconds": 0
      }
    ],
    "IsCurrentlyInOffice": false,
    "IsCurrentlySenator": false,
    "IsCurrentlyMP": false,
    "HasMaidenSpeech": true,
    "_id": "59f8770be413e1389ffd1a72",
    "LastUpdatedId": "000000000000000000000000",
    "LastModified": "0001-01-01T00:00:00",
    "ModifiedBy": null
  },
  "FederalExperience": [
    {
      "PersonRoleId": 110126,
      "NameFr": "Membre pour la circonscription",
      "StartDate": "1972-10-30T00:00:00Z",
      "StartDateIsApproximate": false,
      "EndDate": "1974-07-07T00:00:00Z",
      "EndDateIsApproximate": false,
      "EndReasonEn": null,
      "EndReasonFr": null,
      "EndReasonTypeEn": null,
      "EndReasonTypeFr": null,
      "SourceOfInformationEn": null,
      "SourceOfInformationFr": null,
      "IsActing": false,
      "ActingTextEn": null,
      "ActingTextFr": null,
      "HasCrossedTheFloor": false,
      "OrganizationId": 9524,
      "OrganizationLongEn": "Vancouver East",
      "OrganizationLongFr": "Vancouver-Est",
      "OrganizationShortEn": "",
      "OrganizationShortFr": "",
      "OrganizationAcronymEn": "",
      "OrganizationAcronymFr": "",
      "OrganizationTypeId": 35,
      "OrganizationTypeEn": "Constituency",
      "OrganizationTypeFr": "Circonscription",
      "OrganizationProvinceEn": "British Columbia",
      "OrganizationProvinceFr": "Colombie-Britannique",
      "OrganizationHasProfile": true,
      "IsSenatorialDivision": false,
      "ToBeStyledAsEn": "",
      "ToBeStyledAsFr": "",
      "GroupId": 0,
      "Source": null,
      "PortFolioEn": null,
      "PortFolioFr": null,
      "Committee": null,
      "GroupingTitleEn": "Parliamentarian",
      "GroupingTitleFr": "Parlementaire",
      "GroupingOrder": 1,
      "ParliamentStart": "1973-01-04T00:00:00Z",
      "ParliamentEnd": "1974-05-09T00:00:00Z",
      "ParliamentNumber": 29,
      "PartyOrganizationId": 5774,
      "PartyEn": "New Democratic Party",
      "PartyFr": "Nouveau Parti d\u00e9mocratique",
      "PartyStartDate": "1972-10-30T00:00:00Z",
      "PartyEndDate": "1974-07-07T00:00:00Z",
      "PersonPersonId": 0,
      "PersonLastName": null,
      "PersonUsedFirstName": null,
      "MemberOfParliament": {
        "OccupationTypeEn": "Continuous",
        "OccupationTypeFr": "Continue"
      },
      "IsMP": true,
      "IsSenator": false,
      "GovernorGeneral": null,
      "Documents": null,
      "Senator": null,
      "NotesEn": null,
      "NotesFr": null,
      "InternalNotes": null,
      "IsCurrent": "False",
      "RoleId": 719,
      "NameEn": "Constituency Member",
      "Ordinal": 240,
      "Classes": [
        {
          "RoleClassId": 49,
          "RoleClassOrdinal": 2,
          "RoleToRoleClassOrdinal": null,
          "RoleClassNameEn": "Salaries in the House of Commons",
          "RoleClassNameFr": "Salaires \u00e0 la Chambre des Communes"
        },
        {
          "RoleClassId": 105,
          "RoleClassOrdinal": null,
          "RoleToRoleClassOrdinal": null,
          "RoleClassNameEn": "Parliamentarian",
          "RoleClassNameFr": "Parlementaire"
        }
      ]
    },
    {
      "PersonRoleId": 101002,
      "NameFr": "Membre du parti",
      "StartDate": "1972-10-30T00:00:00Z",
      "StartDateIsApproximate": false,
      "EndDate": "1974-07-07T00:00:00Z",
      "EndDateIsApproximate": false,
      "EndReasonEn": null,
      "EndReasonFr": null,
      "EndReasonTypeEn": null,
      "EndReasonTypeFr": null,
      "SourceOfInformationEn": null,
      "SourceOfInformationFr": null,
      "IsActing": false,
      "ActingTextEn": null,
      "ActingTextFr": null,
      "HasCrossedTheFloor": false,
      "OrganizationId": 5774,
      "OrganizationLongEn": "New Democratic Party",
      "OrganizationLongFr": "Nouveau Parti d\u00e9mocratique",
      "OrganizationShortEn": "New Democratic Party",
      "OrganizationShortFr": "Nouveau parti d\u00e9mocratique",
      "OrganizationAcronymEn": "N.D.P.",
      "OrganizationAcronymFr": "N.P.D.",
      "OrganizationTypeId": 4,
      "OrganizationTypeEn": "Party",
      "OrganizationTypeFr": "Parti",
      "OrganizationProvinceEn": null,
      "OrganizationProvinceFr": null,
      "OrganizationHasProfile": true,
      "IsSenatorialDivision": false,
      "ToBeStyledAsEn": "",
      "ToBeStyledAsFr": "",
      "GroupId": 0,
      "Source": null,
      "PortFolioEn": null,
      "PortFolioFr": null,
      "Committee": null,
      "GroupingTitleEn": "Parliamentarian",
      "GroupingTitleFr": "Parlementaire",
      "GroupingOrder": 1,
      "ParliamentStart": "1973-01-04T00:00:00Z",
      "ParliamentEnd": "1974-05-09T00:00:00Z",
      "ParliamentNumber": 29,
      "PartyOrganizationId": 5774,
      "PartyEn": "New Democratic Party",
      "PartyFr": "Nouveau Parti d\u00e9mocratique",
      "PartyStartDate": "1972-10-30T00:00:00Z",
      "PartyEndDate": "1974-07-07T00:00:00Z",
      "PersonPersonId": 0,
      "PersonLastName": null,
      "PersonUsedFirstName": null,
      "MemberOfParliament": null,
      "IsMP": false,
      "IsSenator": false,
      "GovernorGeneral": null,
      "Documents": null,
      "Senator": null,
      "NotesEn": null,
      "NotesFr": null,
      "InternalNotes": null,
      "IsCurrent": "False",
      "RoleId": 722,
      "NameEn": "Party Member",
      "Ordinal": null,
      "Classes": [
        {
          "RoleClassId": 105,
          "RoleClassOrdinal": null,
          "RoleToRoleClassOrdinal": null,
          "RoleClassNameEn": "Parliamentarian",
          "RoleClassNameFr": "Parlementaire"
        }
      ]
    }
  ],
  "FederalExperienceList": [
    {
      "PersonRoleId": 101002,
      "NameFr": "Membre du parti",
      "StartDate": "1972-10-30T00:00:00Z",
      "StartDateIsApproximate": false,
      "EndDate": "1974-07-07T00:00:00Z",
      "EndDateIsApproximate": false,
      "EndReasonEn": null,
      "EndReasonFr": null,
      "EndReasonTypeEn": null,
      "EndReasonTypeFr": null,
      "SourceOfInformationEn": null,
      "SourceOfInformationFr": null,
      "IsActing": false,
      "ActingTextEn": null,
      "ActingTextFr": null,
      "HasCrossedTheFloor": false,
      "OrganizationId": 5774,
      "OrganizationLongEn": "New Democratic Party",
      "OrganizationLongFr": "Nouveau Parti d\u00e9mocratique",
      "OrganizationShortEn": "New Democratic Party",
      "OrganizationShortFr": "Nouveau parti d\u00e9mocratique",
      "OrganizationAcronymEn": "N.D.P.",
      "OrganizationAcronymFr": "N.P.D.",
      "OrganizationTypeId": 4,
      "OrganizationTypeEn": "Party",
      "OrganizationTypeFr": "Parti",
      "OrganizationProvinceEn": null,
      "OrganizationProvinceFr": null,
      "OrganizationHasProfile": true,
      "IsSenatorialDivision": false,
      "ToBeStyledAsEn": "",
      "ToBeStyledAsFr": "",
      "GroupId": 0,
      "Source": null,
      "PortFolioEn": null,
      "PortFolioFr": null,
      "Committee": null,
      "GroupingTitleEn": "Parliamentarian",
      "GroupingTitleFr": "Parlementaire",
      "GroupingOrder": 1,
      "ParliamentStart": "1973-01-04T00:00:00Z",
      "ParliamentEnd": "1974-05-09T00:00:00Z",
      "ParliamentNumber": 29,
      "PartyOrganizationId": 5774,
      "PartyEn": "New Democratic Party",
      "PartyFr": "Nouveau Parti d\u00e9mocratique",
      "PartyStartDate": "1972-10-30T00:00:00Z",
      "PartyEndDate": "1974-07-07T00:00:00Z",
      "PersonPersonId": 0,
      "PersonLastName": null,
      "PersonUsedFirstName": null,
      "MemberOfParliament": null,
      "IsMP": false,
      "IsSenator": false,
      "GovernorGeneral": null,
      "Documents": null,
      "Senator": null,
      "NotesEn": null,
      "NotesFr": null,
      "InternalNotes": null,
      "IsCurrent": "False",
      "RoleId": 722,
      "NameEn": "Party Member",
      "Ordinal": null,
      "Classes": [
        {
          "RoleClassId": 105,
          "RoleClassOrdinal": null,
          "RoleToRoleClassOrdinal": null,
          "RoleClassNameEn": "Parliamentarian",
          "RoleClassNameFr": "Parlementaire"
        }
      ]
    },
    {
      "PersonRoleId": 110126,
      "NameFr": "Membre pour la circonscription",
      "StartDate": "1972-10-30T00:00:00Z",
      "StartDateIsApproximate": false,
      "EndDate": "1974-07-07T00:00:00Z",
      "EndDateIsApproximate": false,
      "EndReasonEn": null,
      "EndReasonFr": null,
      "EndReasonTypeEn": null,
      "EndReasonTypeFr": null,
      "SourceOfInformationEn": null,
      "SourceOfInformationFr": null,
      "IsActing": false,
      "ActingTextEn": null,
      "ActingTextFr": null,
      "HasCrossedTheFloor": false,
      "OrganizationId": 9524,
      "OrganizationLongEn": "Vancouver East",
      "OrganizationLongFr": "Vancouver-Est",
      "OrganizationShortEn": "",
      "OrganizationShortFr": "",
      "OrganizationAcronymEn": "",
      "OrganizationAcronymFr": "",
      "OrganizationTypeId": 35,
      "OrganizationTypeEn": "Constituency",
      "OrganizationTypeFr": "Circonscription",
      "OrganizationProvinceEn": "British Columbia",
      "OrganizationProvinceFr": "Colombie-Britannique",
      "OrganizationHasProfile": true,
      "IsSenatorialDivision": false,
      "ToBeStyledAsEn": "",
      "ToBeStyledAsFr": "",
      "GroupId": 0,
      "Source": null,
      "PortFolioEn": null,
      "PortFolioFr": null,
      "Committee": null,
      "GroupingTitleEn": "Parliamentarian",
      "GroupingTitleFr": "Parlementaire",
      "GroupingOrder": 1,
      "ParliamentStart": "1973-01-04T00:00:00Z",
      "ParliamentEnd": "1974-05-09T00:00:00Z",
      "ParliamentNumber": 29,
      "PartyOrganizationId": 5774,
      "PartyEn": "New Democratic Party",
      "PartyFr": "Nouveau Parti d\u00e9mocratique",
      "PartyStartDate": "1972-10-30T00:00:00Z",
      "PartyEndDate": "1974-07-07T00:00:00Z",
      "PersonPersonId": 0,
      "PersonLastName": null,
      "PersonUsedFirstName": null,
      "MemberOfParliament": {
        "OccupationTypeEn": "Continuous",
        "OccupationTypeFr": "Continue"
      },
      "IsMP": true,
      "IsSenator": false,
      "GovernorGeneral": null,
      "Documents": null,
      "Senator": null,
      "NotesEn": null,
      "NotesFr": null,
      "InternalNotes": null,
      "IsCurrent": "False",
      "RoleId": 719,
      "NameEn": "Constituency Member",
      "Ordinal": 240,
      "Classes": [
        {
          "RoleClassId": 49,
          "RoleClassOrdinal": 2,
          "RoleToRoleClassOrdinal": null,
          "RoleClassNameEn": "Salaries in the House of Commons",
          "RoleClassNameFr": "Salaires \u00e0 la Chambre des Communes"
        },
        {
          "RoleClassId": 105,
          "RoleClassOrdinal": null,
          "RoleToRoleClassOrdinal": null,
          "RoleClassNameEn": "Parliamentarian",
          "RoleClassNameFr": "Parlementaire"
        }
      ]
    }
  ],
  "CommitteeMembership": [
    {
      "NameEn": "Member",
      "NameFr": "Membre",
      "RoleId": 226,
      "OrganizationId": 10299,
      "OrganizationLongEn": "Standing Committee on Transport and Communications",
      "OrganizationLongFr": "Comit\u00e9 permanent des transports et des communications",
      "OrganizationTypeEn": "Committee",
      "OrganizationTypeFr": "Comit\u00e9",
      "OrganizationTypeId": 27,
      "PartyEn": "New Democratic Party",
      "PartyFr": "Nouveau Parti d\u00e9mocratique",
      "CompositionTypeLongEn": "House of Commons",
      "CompositionTypeLongFr": "Chambre des communes",
      "CompositionTypeShortEn": "C",
      "CompositionTypeShortFr": "C",
      "CommitteeTypeEn": "Standing",
      "CommitteeTypeFr": "Permanent",
      "ParliamentNumber": 29,
      "SessionNumber": 2,
      "ShortEn": "2nd",
      "ShortFr": "2e"
    },
    {
      "NameEn": "Member",
      "NameFr": "Membre",
      "RoleId": 226,
      "OrganizationId": 5364,
      "OrganizationLongEn": "Standing Committee on Miscellaneous Estimates",
      "OrganizationLongFr": "Comit\u00e9 permanent des pr\u00e9visions budg\u00e9taires en g\u00e9n\u00e9ral",
      "OrganizationTypeEn": "Committee",
      "OrganizationTypeFr": "Comit\u00e9",
      "OrganizationTypeId": 27,
      "PartyEn": "New Democratic Party",
      "PartyFr": "Nouveau Parti d\u00e9mocratique",
      "CompositionTypeLongEn": "House of Commons",
      "CompositionTypeLongFr": "Chambre des communes",
      "CompositionTypeShortEn": "C",
      "CompositionTypeShortFr": "C",
      "CommitteeTypeEn": "Standing",
      "CommitteeTypeFr": "Permanent",
      "ParliamentNumber": 29,
      "SessionNumber": 2,
      "ShortEn": "2nd",
      "ShortFr": "2e"
    },
    {
      "NameEn": "Member",
      "NameFr": "Membre",
      "RoleId": 226,
      "OrganizationId": 4350,
      "OrganizationLongEn": "Standing Committee on Labour, Manpower and Immigration",
      "OrganizationLongFr": "Comit\u00e9 permanent du travail, de la main-d\u2019\u0153uvre et de l'immigration",
      "OrganizationTypeEn": "Committee",
      "OrganizationTypeFr": "Comit\u00e9",
      "OrganizationTypeId": 27,
      "PartyEn": "New Democratic Party",
      "PartyFr": "Nouveau Parti d\u00e9mocratique",
      "CompositionTypeLongEn": "House of Commons",
      "CompositionTypeLongFr": "Chambre des communes",
      "CompositionTypeShortEn": "C",
      "CompositionTypeShortFr": "C",
      "CommitteeTypeEn": "Standing",
      "CommitteeTypeFr": "Permanent",
      "ParliamentNumber": 29,
      "SessionNumber": 2,
      "ShortEn": "2nd",
      "ShortFr": "2e"
    },
    {
      "NameEn": "Member",
      "NameFr": "Membre",
      "RoleId": 226,
      "OrganizationId": 2995,
      "OrganizationLongEn": "Standing Committee on Finance, Trade and Economic Affairs",
      "OrganizationLongFr": "Comit\u00e9 permanent des finances, du commerce et des questions \u00e9conomiques",
      "OrganizationTypeEn": "Committee",
      "OrganizationTypeFr": "Comit\u00e9",
      "OrganizationTypeId": 27,
      "PartyEn": "New Democratic Party",
      "PartyFr": "Nouveau Parti d\u00e9mocratique",
      "CompositionTypeLongEn": "House of Commons",
      "CompositionTypeLongFr": "Chambre des communes",
      "CompositionTypeShortEn": "C",
      "CompositionTypeShortFr": "C",
      "CommitteeTypeEn": "Standing",
      "CommitteeTypeFr": "Permanent",
      "ParliamentNumber": 29,
      "SessionNumber": 1,
      "ShortEn": "1st",
      "ShortFr": "1\u00e8re"
    }
  ],
  "PublicOfficeExperience": null,
  "ProvincialExperience": null,
  "MilitaryExperience": [
    {
      "PersonRoleId": 78488,
      "NameFr": "Participant",
      "StartDate": null,
      "StartDateIsApproximate": false,
      "EndDate": null,
      "EndDateIsApproximate": false,
      "EndReasonEn": null,
      "EndReasonFr": null,
      "EndReasonTypeEn": null,
      "EndReasonTypeFr": null,
      "SourceOfInformationEn": null,
      "SourceOfInformationFr": null,
      "IsActing": false,
      "ActingTextEn": null,
      "ActingTextFr": null,
      "HasCrossedTheFloor": false,
      "OrganizationId": 10070,
      "OrganizationLongEn": "World War II, 1939-1945",
      "OrganizationLongFr": "Deuxi\u00e8me Guerre mondiale , 1939-1945",
      "OrganizationShortEn": "",
      "OrganizationShortFr": "",
      "OrganizationAcronymEn": "1939-1945",
      "OrganizationAcronymFr": "",
      "OrganizationTypeId": 24,
      "OrganizationTypeEn": "War",
      "OrganizationTypeFr": "Guerre",
      "OrganizationProvinceEn": null,
      "OrganizationProvinceFr": null,
      "OrganizationHasProfile": true,
      "IsSenatorialDivision": false,
      "ToBeStyledAsEn": "",
      "ToBeStyledAsFr": "",
      "GroupId": 0,
      "Source": null,
      "PortFolioEn": null,
      "PortFolioFr": null,
      "Committee": null,
      "GroupingTitleEn": null,
      "GroupingTitleFr": null,
      "GroupingOrder": 0,
      "ParliamentStart": null,
      "ParliamentEnd": null,
      "ParliamentNumber": 0,
      "PartyOrganizationId": 0,
      "PartyEn": null,
      "PartyFr": null,
      "PartyStartDate": null,
      "PartyEndDate": null,
      "PersonPersonId": 0,
      "PersonLastName": null,
      "PersonUsedFirstName": null,
      "MemberOfParliament": null,
      "IsMP": false,
      "IsSenator": false,
      "GovernorGeneral": null,
      "Documents": null,
      "Senator": null,
      "NotesEn": null,
      "NotesFr": null,
      "InternalNotes": null,
      "IsCurrent": "True",
      "RoleId": 482,
      "NameEn": "Participant",
      "Ordinal": null,
      "Classes": [
        {
          "RoleClassId": 103,
          "RoleClassOrdinal": null,
          "RoleToRoleClassOrdinal": null,
          "RoleClassNameEn": "Military",
          "RoleClassNameFr": "Militaire"
        }
      ]
    },
    {
      "PersonRoleId": 114757,
      "NameFr": "Militaire",
      "StartDate": null,
      "StartDateIsApproximate": false,
      "EndDate": null,
      "EndDateIsApproximate": false,
      "EndReasonEn": null,
      "EndReasonFr": null,
      "EndReasonTypeEn": null,
      "EndReasonTypeFr": null,
      "SourceOfInformationEn": null,
      "SourceOfInformationFr": null,
      "IsActing": false,
      "ActingTextEn": null,
      "ActingTextFr": null,
      "HasCrossedTheFloor": false,
      "OrganizationId": 7381,
      "OrganizationLongEn": "Royal Canadian Air Force",
      "OrganizationLongFr": "Aviation royale du Canada",
      "OrganizationShortEn": "",
      "OrganizationShortFr": "",
      "OrganizationAcronymEn": "R.C.A.F.",
      "OrganizationAcronymFr": "",
      "OrganizationTypeId": 13,
      "OrganizationTypeEn": "Military",
      "OrganizationTypeFr": "Militaire",
      "OrganizationProvinceEn": null,
      "OrganizationProvinceFr": null,
      "OrganizationHasProfile": true,
      "IsSenatorialDivision": false,
      "ToBeStyledAsEn": "",
      "ToBeStyledAsFr": "",
      "GroupId": 0,
      "Source": null,
      "PortFolioEn": null,
      "PortFolioFr": null,
      "Committee": null,
      "GroupingTitleEn": null,
      "GroupingTitleFr": null,
      "GroupingOrder": 0,
      "ParliamentStart": null,
      "ParliamentEnd": null,
      "ParliamentNumber": 0,
      "PartyOrganizationId": 0,
      "PartyEn": null,
      "PartyFr": null,
      "PartyStartDate": null,
      "PartyEndDate": null,
      "PersonPersonId": 0,
      "PersonLastName": null,
      "PersonUsedFirstName": null,
      "MemberOfParliament": null,
      "IsMP": false,
      "IsSenator": false,
      "GovernorGeneral": null,
      "Documents": null,
      "Senator": null,
      "NotesEn": "Served three and a half years overseas.",
      "NotesFr": "A servi trois ans et demi outre-mer.",
      "InternalNotes": null,
      "IsCurrent": "True",
      "RoleId": 847,
      "NameEn": "Military",
      "Ordinal": null,
      "Classes": [
        {
          "RoleClassId": 103,
          "RoleClassOrdinal": null,
          "RoleToRoleClassOrdinal": null,
          "RoleClassNameEn": "Military",
          "RoleClassNameFr": "Militaire"
        }
      ]
    }
  ],
  "MunicipalExperience": null,
  "FamilyTiesInParliament": null,
  "Family": null,
  "PictureId": 2801,
  "PictureCopyrightEn": "House of Commons 1973",
  "PictureCopyrightFr": "Chambre des communes 1973",
  "DisplayTitleEn": " Charles Patrick (Paddy) Neale, M.P.",
  "DisplayTitleFr": " Charles Patrick (Paddy) Neale, d\u00e9put\u00e9",
  "PlaceOfBirthEn": "Hamilton, Ontario, Canada",
  "PlaceOfBirthFr": "Hamilton, Ontario, Canada",
  "ProfessionsEn": "secretary-treasurer",
  "ProfessionsFr": "secr\u00e9taire-tr\u00e9sorier",
  "PreferredLanguageEn": "",
  "PreferredLanguageFr": "",
  "PlaceOfBurialEn": ", , ",
  "PlaceOfBurialFr": ", , "
}