{
  "Person": {
    "PersonId": 10523,
    "HOCPersonId": 0,
    "SenatePersonId": 0,
    "FormalFirstName": null,
    "UsedFirstName": "Angus Ronald",
    "MiddleName": null,
    "MaidenName": null,
    "LastName": "Macdonald",
    "IsDraftProfile": false,
    "DateOfBirth": "1901-01-01T00:00:00Z",
    "DateOfBirthIsApproximate": true,
    "DoNotDiscloseDateOfBirth": false,
    "DoNotDiscloseBirthLocation": false,
    "CityOfBirthEn": "Frasers Mills",
    "CityOfBirthFr": "Frasers Mills",
    "ProvinceOfBirthEn": "Nova Scotia",
    "ProvinceOfBirthFr": "Nouvelle-\u00c9cosse",
    "CountryOfBirthFr": "Canada",
    "CountryOfBirthEn": "Canada",
    "Gender": "M",
    "EthnicityLongEn": null,
    "EthnicityLongFr": null,
    "IsCanadianOrigin": true,
    "InternalNotes": null,
    "ExternalNotesEn": null,
    "ExternalNotesFr": null,
    "ReligionEn": null,
    "ReligionFr": null,
    "Professions": [
      {
        "NameEn": "retail merchant",
        "NameFr": "marchand",
        "SearchKeyWordsEn": "",
        "SearchKeyWordsFr": "",
        "ProfessionTypeEn": "Management - Middle managers and other occupations",
        "ProfessionTypeFr": "Gestion - Cadres interm\u00e9diaires et autre personnel",
        "Ordinal": null
      }
    ],
    "Languages": null,
    "Education": [
      {
        "SchoolNameLongEn": "St. Francis Xavier University",
        "SchoolNameLongFr": "Universit\u00e9 St. Francis Xavier",
        "SchoolCityEn": "Antigonish",
        "SchoolCityFr": "Antigonish",
        "FieldOfStudyEn": "Unknown",
        "FieldOfStudyFr": "Inconnu",
        "DiplomaLongEn": "Unknown",
        "DiplomaLongFr": "Inconnu",
        "DiplomaShortEn": "",
        "DiplomaShortFr": "",
        "GraduationYear": null
      }
    ],
    "FamilyRelations": null,
    "Pictures": [
      {
        "PictureId": 2291,
        "PictureDate": null,
        "TypeEn": "Photographer",
        "TypeFr": "Photographe",
        "PhotographerEn": "Unknown",
        "PhotographerFr": "Inconnu",
        "CreditsEn": "House of Commons",
        "CreditsFr": "Chambre des communes",
        "CopyRightsEn": "House of Commons 1957",
        "CopyRightsFr": "Chambre des communes 1957",
        "DisplayForWeb": true,
        "InternalNotes": null
      }
    ],
    "Titles": [
      {
        "LongEn": null,
        "LongFr": null,
        "AcronymEn": null,
        "AcronymFr": null,
        "IsHonorific": false,
        "IsScholarity": false,
        "IsSalutation": true,
        "Ordinal": 0
      },
      {
        "LongEn": "Member of Parliament",
        "LongFr": "d\u00e9put\u00e9",
        "AcronymEn": "M.P.",
        "AcronymFr": "d\u00e9put\u00e9",
        "IsHonorific": false,
        "IsScholarity": false,
        "IsSalutation": false,
        "Ordinal": 0
      }
    ],
    "Roles": [
      {
        "PersonRoleId": 108494,
        "NameFr": "Maire adjoint",
        "StartDate": null,
        "StartDateIsApproximate": false,
        "EndDate": null,
        "EndDateIsApproximate": false,
        "EndReasonEn": null,
        "EndReasonFr": null,
        "EndReasonTypeEn": null,
        "EndReasonTypeFr": null,
        "SourceOfInformationEn": null,
        "SourceOfInformationFr": null,
        "IsActing": false,
        "ActingTextEn": null,
        "ActingTextFr": null,
        "HasCrossedTheFloor": false,
        "OrganizationId": 576,
        "OrganizationLongEn": "Antigonish",
        "OrganizationLongFr": "Antigonish",
        "OrganizationShortEn": "",
        "OrganizationShortFr": "",
        "OrganizationAcronymEn": "",
        "OrganizationAcronymFr": "",
        "OrganizationTypeId": 11,
        "OrganizationTypeEn": "Municipal Government",
        "OrganizationTypeFr": "Gouvernement municipal",
        "OrganizationProvinceEn": null,
        "OrganizationProvinceFr": null,
        "OrganizationHasProfile": true,
        "IsSenatorialDivision": false,
        "ToBeStyledAsEn": "",
        "ToBeStyledAsFr": "",
        "GroupId": 0,
        "Source": null,
        "PortFolioEn": null,
        "PortFolioFr": null,
        "Committee": null,
        "GroupingTitleEn": null,
        "GroupingTitleFr": null,
        "GroupingOrder": 0,
        "ParliamentStart": null,
        "ParliamentEnd": null,
        "ParliamentNumber": 0,
        "PartyOrganizationId": 0,
        "PartyEn": null,
        "PartyFr": null,
        "PartyStartDate": null,
        "PartyEndDate": null,
        "PersonPersonId": 0,
        "PersonLastName": null,
        "PersonUsedFirstName": null,
        "PersonGender": null,
        "MemberOfParliament": null,
        "IsMP": false,
        "IsSenator": false,
        "GovernorGeneral": null,
        "Documents": null,
        "Senator": null,
        "NotesEn": null,
        "NotesFr": null,
        "InternalNotes": null,
        "IsCurrent": "True",
        "RoleId": 1639,
        "NameEn": "Deputy Mayor",
        "Ordinal": null,
        "Classes": [
          {
            "RoleClassId": 115,
            "RoleClassOrdinal": null,
            "RoleToRoleClassOrdinal": null,
            "RoleClassNameEn": "Municipal",
            "RoleClassNameFr": "Municipal"
          }
        ]
      },
      {
        "PersonRoleId": 42447,
        "NameFr": "Adjoint parlementaire",
        "StartDate": "1957-08-07T00:00:00Z",
        "StartDateIsApproximate": false,
        "EndDate": "1958-02-01T00:00:00Z",
        "EndDateIsApproximate": false,
        "EndReasonEn": null,
        "EndReasonFr": null,
        "EndReasonTypeEn": null,
        "EndReasonTypeFr": null,
        "SourceOfInformationEn": null,
        "SourceOfInformationFr": null,
        "IsActing": false,
        "ActingTextEn": null,
        "ActingTextFr": null,
        "HasCrossedTheFloor": false,
        "OrganizationId": 9335,
        "OrganizationLongEn": "Transport",
        "OrganizationLongFr": "Transports",
        "OrganizationShortEn": null,
        "OrganizationShortFr": null,
        "OrganizationAcronymEn": null,
        "OrganizationAcronymFr": null,
        "OrganizationTypeId": 38,
        "OrganizationTypeEn": "Government",
        "OrganizationTypeFr": "Gouvernement",
        "OrganizationProvinceEn": null,
        "OrganizationProvinceFr": null,
        "OrganizationHasProfile": true,
        "IsSenatorialDivision": false,
        "ToBeStyledAsEn": "Parliamentary Assistant to the Minister of Transport",
        "ToBeStyledAsFr": "Adjoint parlementaire du ministre des Transports",
        "GroupId": 0,
        "Source": null,
        "PortFolioEn": "Transport",
        "PortFolioFr": "Transports",
        "Committee": null,
        "GroupingTitleEn": "House of Commons Roles",
        "GroupingTitleFr": "R\u00f4les \u00e0 la chambre des Communes",
        "GroupingOrder": 2,
        "ParliamentStart": "1957-10-14T00:00:00Z",
        "ParliamentEnd": "1958-02-01T00:00:00Z",
        "ParliamentNumber": 23,
        "PartyOrganizationId": 6876,
        "PartyEn": "Progressive Conservative Party",
        "PartyFr": "Parti progressiste-conservateur",
        "PartyStartDate": "1957-06-10T00:00:00Z",
        "PartyEndDate": "1958-03-30T00:00:00Z",
        "PersonPersonId": 0,
        "PersonLastName": null,
        "PersonUsedFirstName": null,
        "PersonGender": null,
        "MemberOfParliament": null,
        "IsMP": false,
        "IsSenator": false,
        "GovernorGeneral": null,
        "Documents": null,
        "Senator": null,
        "NotesEn": null,
        "NotesFr": null,
        "InternalNotes": null,
        "IsCurrent": "False",
        "RoleId": 1544,
        "NameEn": "Parliamentary Assistant",
        "Ordinal": null,
        "Classes": [
          {
            "RoleClassId": 15,
            "RoleClassOrdinal": null,
            "RoleToRoleClassOrdinal": null,
            "RoleClassNameEn": "Parliamentary function",
            "RoleClassNameFr": "Fonction Parlementaire"
          },
          {
            "RoleClassId": 20,
            "RoleClassOrdinal": 80,
            "RoleToRoleClassOrdinal": null,
            "RoleClassNameEn": "Parliamentary Secretary",
            "RoleClassNameFr": "Secr\u00e9taire parlementaire"
          },
          {
            "RoleClassId": 107,
            "RoleClassOrdinal": null,
            "RoleToRoleClassOrdinal": null,
            "RoleClassNameEn": "House of Commons Roles",
            "RoleClassNameFr": "R\u00f4les \u00e0 la chambre des Communes"
          }
        ]
      },
      {
        "PersonRoleId": 66584,
        "NameFr": "Membre du caucus",
        "StartDate": "1957-10-14T00:00:00Z",
        "StartDateIsApproximate": false,
        "EndDate": "1958-02-01T00:00:00Z",
        "EndDateIsApproximate": false,
        "EndReasonEn": null,
        "EndReasonFr": null,
        "EndReasonTypeEn": null,
        "EndReasonTypeFr": null,
        "SourceOfInformationEn": null,
        "SourceOfInformationFr": null,
        "IsActing": false,
        "ActingTextEn": null,
        "ActingTextFr": null,
        "HasCrossedTheFloor": false,
        "OrganizationId": 6876,
        "OrganizationLongEn": "Progressive Conservative Party",
        "OrganizationLongFr": "Parti progressiste-conservateur",
        "OrganizationShortEn": "Progressive Conservative",
        "OrganizationShortFr": "Progressiste-conservateur",
        "OrganizationAcronymEn": "P.C.",
        "OrganizationAcronymFr": "P.-C.",
        "OrganizationTypeId": 4,
        "OrganizationTypeEn": "Party",
        "OrganizationTypeFr": "Parti",
        "OrganizationProvinceEn": null,
        "OrganizationProvinceFr": null,
        "OrganizationHasProfile": true,
        "IsSenatorialDivision": false,
        "ToBeStyledAsEn": null,
        "ToBeStyledAsFr": null,
        "GroupId": 0,
        "Source": null,
        "PortFolioEn": null,
        "PortFolioFr": null,
        "Committee": null,
        "GroupingTitleEn": null,
        "GroupingTitleFr": null,
        "GroupingOrder": 0,
        "ParliamentStart": null,
        "ParliamentEnd": null,
        "ParliamentNumber": 0,
        "PartyOrganizationId": 0,
        "PartyEn": null,
        "PartyFr": null,
        "PartyStartDate": null,
        "PartyEndDate": null,
        "PersonPersonId": 0,
        "PersonLastName": null,
        "PersonUsedFirstName": null,
        "PersonGender": null,
        "MemberOfParliament": null,
        "IsMP": false,
        "IsSenator": false,
        "GovernorGeneral": null,
        "Documents": null,
        "Senator": null,
        "NotesEn": null,
        "NotesFr": null,
        "InternalNotes": null,
        "IsCurrent": "False",
        "RoleId": 2998,
        "NameEn": "Caucus Member",
        "Ordinal": null,
        "Classes": null
      },
      {
        "PersonRoleId": 27281,
        "NameFr": "Membre du parti",
        "StartDate": "1957-06-10T00:00:00Z",
        "StartDateIsApproximate": false,
        "EndDate": "1958-03-30T00:00:00Z",
        "EndDateIsApproximate": false,
        "EndReasonEn": null,
        "EndReasonFr": null,
        "EndReasonTypeEn": null,
        "EndReasonTypeFr": null,
        "SourceOfInformationEn": null,
        "SourceOfInformationFr": null,
        "IsActing": false,
        "ActingTextEn": null,
        "ActingTextFr": null,
        "HasCrossedTheFloor": false,
        "OrganizationId": 6876,
        "OrganizationLongEn": "Progressive Conservative Party",
        "OrganizationLongFr": "Parti progressiste-conservateur",
        "OrganizationShortEn": "Progressive Conservative",
        "OrganizationShortFr": "Progressiste-conservateur",
        "OrganizationAcronymEn": "P.C.",
        "OrganizationAcronymFr": "P.-C.",
        "OrganizationTypeId": 4,
        "OrganizationTypeEn": "Party",
        "OrganizationTypeFr": "Parti",
        "OrganizationProvinceEn": null,
        "OrganizationProvinceFr": null,
        "OrganizationHasProfile": true,
        "IsSenatorialDivision": false,
        "ToBeStyledAsEn": "",
        "ToBeStyledAsFr": "",
        "GroupId": 0,
        "Source": null,
        "PortFolioEn": null,
        "PortFolioFr": null,
        "Committee": null,
        "GroupingTitleEn": "Parliamentarian",
        "GroupingTitleFr": "Parlementaire",
        "GroupingOrder": 1,
        "ParliamentStart": "1957-10-14T00:00:00Z",
        "ParliamentEnd": "1958-02-01T00:00:00Z",
        "ParliamentNumber": 23,
        "PartyOrganizationId": 6876,
        "PartyEn": "Progressive Conservative Party",
        "PartyFr": "Parti progressiste-conservateur",
        "PartyStartDate": "1957-06-10T00:00:00Z",
        "PartyEndDate": "1958-03-30T00:00:00Z",
        "PersonPersonId": 0,
        "PersonLastName": null,
        "PersonUsedFirstName": null,
        "PersonGender": null,
        "MemberOfParliament": null,
        "IsMP": false,
        "IsSenator": false,
        "GovernorGeneral": null,
        "Documents": null,
        "Senator": null,
        "NotesEn": null,
        "NotesFr": null,
        "InternalNotes": null,
        "IsCurrent": "False",
        "RoleId": 722,
        "NameEn": "Party Member",
        "Ordinal": null,
        "Classes": [
          {
            "RoleClassId": 105,
            "RoleClassOrdinal": null,
            "RoleToRoleClassOrdinal": null,
            "RoleClassNameEn": "Parliamentarian",
            "RoleClassNameFr": "Parlementaire"
          }
        ]
      },
      {
        "PersonRoleId": 101641,
        "NameFr": "Membre pour la circonscription",
        "StartDate": "1957-06-10T00:00:00Z",
        "StartDateIsApproximate": false,
        "EndDate": "1958-03-30T00:00:00Z",
        "EndDateIsApproximate": false,
        "EndReasonEn": null,
        "EndReasonFr": null,
        "EndReasonTypeEn": null,
        "EndReasonTypeFr": null,
        "SourceOfInformationEn": null,
        "SourceOfInformationFr": null,
        "IsActing": false,
        "ActingTextEn": null,
        "ActingTextFr": null,
        "HasCrossedTheFloor": false,
        "OrganizationId": 577,
        "OrganizationLongEn": "Antigonish--Guysborough",
        "OrganizationLongFr": "Antigonish--Guysborough",
        "OrganizationShortEn": "",
        "OrganizationShortFr": "",
        "OrganizationAcronymEn": "",
        "OrganizationAcronymFr": "",
        "OrganizationTypeId": 35,
        "OrganizationTypeEn": "Constituency",
        "OrganizationTypeFr": "Circonscription",
        "OrganizationProvinceEn": "Nova Scotia",
        "OrganizationProvinceFr": "Nouvelle-\u00c9cosse",
        "OrganizationHasProfile": true,
        "IsSenatorialDivision": false,
        "ToBeStyledAsEn": "",
        "ToBeStyledAsFr": "",
        "GroupId": 0,
        "Source": null,
        "PortFolioEn": null,
        "PortFolioFr": null,
        "Committee": null,
        "GroupingTitleEn": "Parliamentarian",
        "GroupingTitleFr": "Parlementaire",
        "GroupingOrder": 1,
        "ParliamentStart": "1957-10-14T00:00:00Z",
        "ParliamentEnd": "1958-02-01T00:00:00Z",
        "ParliamentNumber": 23,
        "PartyOrganizationId": 6876,
        "PartyEn": "Progressive Conservative Party",
        "PartyFr": "Parti progressiste-conservateur",
        "PartyStartDate": "1957-06-10T00:00:00Z",
        "PartyEndDate": "1958-03-30T00:00:00Z",
        "PersonPersonId": 0,
        "PersonLastName": null,
        "PersonUsedFirstName": null,
        "PersonGender": null,
        "MemberOfParliament": {
          "OccupationTypeEn": "Continuous",
          "OccupationTypeFr": "Continue"
        },
        "IsMP": true,
        "IsSenator": false,
        "GovernorGeneral": null,
        "Documents": null,
        "Senator": null,
        "NotesEn": null,
        "NotesFr": null,
        "InternalNotes": null,
        "IsCurrent": "False",
        "RoleId": 719,
        "NameEn": "Constituency Member",
        "Ordinal": 240,
        "Classes": [
          {
            "RoleClassId": 49,
            "RoleClassOrdinal": 2,
            "RoleToRoleClassOrdinal": null,
            "RoleClassNameEn": "Salaries in the House of Commons",
            "RoleClassNameFr": "Salaires \u00e0 la Chambre des Communes"
          },
          {
            "RoleClassId": 105,
            "RoleClassOrdinal": null,
            "RoleToRoleClassOrdinal": null,
            "RoleClassNameEn": "Parliamentarian",
            "RoleClassNameFr": "Parlementaire"
          }
        ]
      },
      {
        "PersonRoleId": 156186,
        "NameFr": "Membre",
        "StartDate": "1957-10-14T00:00:00Z",
        "StartDateIsApproximate": false,
        "EndDate": "1958-02-01T00:00:00Z",
        "EndDateIsApproximate": false,
        "EndReasonEn": null,
        "EndReasonFr": null,
        "EndReasonTypeEn": null,
        "EndReasonTypeFr": null,
        "SourceOfInformationEn": null,
        "SourceOfInformationFr": null,
        "IsActing": false,
        "ActingTextEn": null,
        "ActingTextFr": null,
        "HasCrossedTheFloor": false,
        "OrganizationId": 7024,
        "OrganizationLongEn": "Standing Committee on Railways, Canals and Telegraph Lines",
        "OrganizationLongFr": "Comit\u00e9 permanent des chemins de fer, canaux et lignes t\u00e9l\u00e9graphiques",
        "OrganizationShortEn": "Railways, Canals and Telegraph Lines",
        "OrganizationShortFr": "Chemins de fer, canaux et lignes t\u00e9l\u00e9graphiques",
        "OrganizationAcronymEn": "",
        "OrganizationAcronymFr": "",
        "OrganizationTypeId": 27,
        "OrganizationTypeEn": "Committee",
        "OrganizationTypeFr": "Comit\u00e9",
        "OrganizationProvinceEn": null,
        "OrganizationProvinceFr": null,
        "OrganizationHasProfile": true,
        "IsSenatorialDivision": false,
        "ToBeStyledAsEn": "",
        "ToBeStyledAsFr": "",
        "GroupId": 0,
        "Source": null,
        "PortFolioEn": null,
        "PortFolioFr": null,
        "Committee": {
          "OrganizationId": 0,
          "SenateCommitteeId": 0,
          "CommitteeTypeId": 5,
          "CommitteeTypeEn": "Standing",
          "CommitteeTypeFr": "Permanent",
          "CompositionTypeId": 3,
          "CompositionTypeLongEn": "House of Commons",
          "CompositionTypeLongFr": "Chambre des communes",
          "CompositionTypeShortEn": "C",
          "CompositionTypeShortFr": "C",
          "Sessions": [
            {
              "SessionId": 0,
              "SessionNumber": 1,
              "ParliamentNumber": 23,
              "StartDate": "1957-10-14T00:00:00Z",
              "EndDate": "1958-02-01T00:00:00Z",
              "ShortEn": "1st",
              "ShortFr": "1\u00e8re"
            }
          ],
          "Mandates": null
        },
        "GroupingTitleEn": null,
        "GroupingTitleFr": null,
        "GroupingOrder": 0,
        "ParliamentStart": null,
        "ParliamentEnd": null,
        "ParliamentNumber": 0,
        "PartyOrganizationId": 6876,
        "PartyEn": "Progressive Conservative Party",
        "PartyFr": "Parti progressiste-conservateur",
        "PartyStartDate": "1957-06-10T00:00:00Z",
        "PartyEndDate": "1958-03-30T00:00:00Z",
        "PersonPersonId": 0,
        "PersonLastName": null,
        "PersonUsedFirstName": null,
        "PersonGender": null,
        "MemberOfParliament": null,
        "IsMP": false,
        "IsSenator": false,
        "GovernorGeneral": null,
        "Documents": null,
        "Senator": null,
        "NotesEn": null,
        "NotesFr": null,
        "InternalNotes": null,
        "IsCurrent": "False",
        "RoleId": 226,
        "NameEn": "Member",
        "Ordinal": 300,
        "Classes": [
          {
            "RoleClassId": 33,
            "RoleClassOrdinal": null,
            "RoleToRoleClassOrdinal": null,
            "RoleClassNameEn": "Committee",
            "RoleClassNameFr": "Comit\u00e9"
          },
          {
            "RoleClassId": 113,
            "RoleClassOrdinal": null,
            "RoleToRoleClassOrdinal": null,
            "RoleClassNameEn": "ElectionProcessCloseDissolution",
            "RoleClassNameFr": "ElectionProcessCloseDissolution"
          }
        ]
      },
      {
        "PersonRoleId": 156435,
        "NameFr": "Membre",
        "StartDate": "1957-10-14T00:00:00Z",
        "StartDateIsApproximate": false,
        "EndDate": "1958-02-01T00:00:00Z",
        "EndDateIsApproximate": false,
        "EndReasonEn": null,
        "EndReasonFr": null,
        "EndReasonTypeEn": null,
        "EndReasonTypeFr": null,
        "SourceOfInformationEn": null,
        "SourceOfInformationFr": null,
        "IsActing": false,
        "ActingTextEn": null,
        "ActingTextFr": null,
        "HasCrossedTheFloor": false,
        "OrganizationId": 5130,
        "OrganizationLongEn": "Standing Committee on Marine and Fisheries",
        "OrganizationLongFr": "Comit\u00e9 permanent de la marine et p\u00eacheries",
        "OrganizationShortEn": "Marine and Fisheries",
        "OrganizationShortFr": "Marine et p\u00eacheries",
        "OrganizationAcronymEn": "",
        "OrganizationAcronymFr": "",
        "OrganizationTypeId": 27,
        "OrganizationTypeEn": "Committee",
        "OrganizationTypeFr": "Comit\u00e9",
        "OrganizationProvinceEn": null,
        "OrganizationProvinceFr": null,
        "OrganizationHasProfile": true,
        "IsSenatorialDivision": false,
        "ToBeStyledAsEn": "",
        "ToBeStyledAsFr": "",
        "GroupId": 0,
        "Source": null,
        "PortFolioEn": null,
        "PortFolioFr": null,
        "Committee": {
          "OrganizationId": 0,
          "SenateCommitteeId": 0,
          "CommitteeTypeId": 5,
          "CommitteeTypeEn": "Standing",
          "CommitteeTypeFr": "Permanent",
          "CompositionTypeId": 3,
          "CompositionTypeLongEn": "House of Commons",
          "CompositionTypeLongFr": "Chambre des communes",
          "CompositionTypeShortEn": "C",
          "CompositionTypeShortFr": "C",
          "Sessions": [
            {
              "SessionId": 0,
              "SessionNumber": 1,
              "ParliamentNumber": 23,
              "StartDate": "1957-10-14T00:00:00Z",
              "EndDate": "1958-02-01T00:00:00Z",
              "ShortEn": "1st",
              "ShortFr": "1\u00e8re"
            }
          ],
          "Mandates": null
        },
        "GroupingTitleEn": null,
        "GroupingTitleFr": null,
        "GroupingOrder": 0,
        "ParliamentStart": null,
        "ParliamentEnd": null,
        "ParliamentNumber": 0,
        "PartyOrganizationId": 6876,
        "PartyEn": "Progressive Conservative Party",
        "PartyFr": "Parti progressiste-conservateur",
        "PartyStartDate": "1957-06-10T00:00:00Z",
        "PartyEndDate": "1958-03-30T00:00:00Z",
        "PersonPersonId": 0,
        "PersonLastName": null,
        "PersonUsedFirstName": null,
        "PersonGender": null,
        "MemberOfParliament": null,
        "IsMP": false,
        "IsSenator": false,
        "GovernorGeneral": null,
        "Documents": null,
        "Senator": null,
        "NotesEn": null,
        "NotesFr": null,
        "InternalNotes": null,
        "IsCurrent": "False",
        "RoleId": 226,
        "NameEn": "Member",
        "Ordinal": 300,
        "Classes": [
          {
            "RoleClassId": 33,
            "RoleClassOrdinal": null,
            "RoleToRoleClassOrdinal": null,
            "RoleClassNameEn": "Committee",
            "RoleClassNameFr": "Comit\u00e9"
          },
          {
            "RoleClassId": 113,
            "RoleClassOrdinal": null,
            "RoleToRoleClassOrdinal": null,
            "RoleClassNameEn": "ElectionProcessCloseDissolution",
            "RoleClassNameFr": "ElectionProcessCloseDissolution"
          }
        ]
      }
    ],
    "HillAddresses": null,
    "ConstituencyAddresses": null,
    "WebLinks": null,
    "Bibliography": null,
    "ElectionCandidates": [
      {
        "ElectionCandidateId": 16636,
        "ParliamentNumber": 23,
        "ElectionId": 657,
        "ElectionDate": "1957-06-10T00:00:00Z",
        "IsGeneral": true,
        "OrganizationId": 577,
        "ConstituencyEn": "Antigonish--Guysborough",
        "ConstituencyFr": "Antigonish--Guysborough",
        "ProvinceEn": null,
        "ProvinceFr": null,
        "PersonRoleId": null,
        "ElectionCanadaFirstName": "Angus Ronald",
        "ElectionCanadaLastName": "MACDONALD",
        "ElectionCanadaMiddleName": null,
        "Gender": "M",
        "OccupationEn": "Merchant",
        "OccupationFr": "Marchand",
        "PartyOrganizationId": 6876,
        "PartyNameEn": "Progressive Conservative Party",
        "PartyNameFr": "Parti progressiste-conservateur",
        "Votes": 6053,
        "ResultLongEn": "Elected",
        "ResultLongFr": "\u00c9lu",
        "OtherResultLongEn": null,
        "OtherResultLongFr": null,
        "NotesEn": null,
        "NotesFr": null,
        "InternalNotes": null
      }
    ],
    "Death": {
      "DateOfDeath": "1970-05-02T00:00:00Z",
      "DateOfDeathIsApproximate": false,
      "DeceasedOnDuty": false,
      "RecordNotFound": false,
      "CauseOfDeathEn": null,
      "CauseOfDeathFr": null,
      "CemetaryNameEn": null,
      "CemetaryNameFr": null,
      "CemetaryCityEn": null,
      "CemetaryCityFr": null,
      "CemetaryProvinceEn": null,
      "CemetaryProvinceFr": null,
      "CemetaryCountryEn": null,
      "CemetaryCountryFr": null,
      "FuneralDate": null,
      "StateLayFuneralLocationEn": null,
      "StateLayFuneralLocationFr": null,
      "StateLayFuneralStartDate": null,
      "StateLayFuneralEndDate": null,
      "ReferenceOfStateLay": null
    },
    "PrimeMinister": null,
    "Parliaments": null,
    "Age": 69,
    "DisplayName": "Macdonald, Angus Ronald",
    "StraightDisplayName": "Angus Ronald Macdonald",
    "PartyEn": "Progressive Conservative Party (1957/06/10 - 1958/03/30)<br>",
    "PartyFr": "Parti progressiste-conservateur (1957/06/10 - 1958/03/30)<br>",
    "ConstituencyEn": "Antigonish--Guysborough (1957/06/10 - 1958/03/30)<br>",
    "ConstituencyFr": "Antigonish--Guysborough (1957/06/10 - 1958/03/30)<br>",
    "CurrentPartyEn": "Progressive Conservative Party",
    "CurrentPartyFr": "Parti progressiste-conservateur",
    "CurrentConstituencyEn": "Antigonish--Guysborough",
    "CurrentConstituencyFr": "Antigonish--Guysborough",
    "ProvinceEn": "Nova Scotia<br>",
    "ProvinceFr": "Nouvelle-\u00c9cosse<br>",
    "PrimeMinisterEn": "",
    "PrimeMinisterFr": "",
    "CabinetChairEn": "",
    "CabinetChairFr": "",
    "CabinetCommitteeMemberEn": "",
    "CabinetCommitteeMemberFr": "",
    "LeaderOpposition": "",
    "DeputyPrimeMinister": "",
    "SpeakerHouseOfCommons": "",
    "SpeakerSenate": "",
    "SpeakerProTempore": "",
    "DeputySpeaker": "",
    "AssistantDeputySpeakerChairEn": "",
    "AssistantDeputySpeakerChairFr": "",
    "MinisterOfEn": "",
    "MinisterOfFr": "",
    "AssociateMinisterOfEn": "",
    "AssociateMinisterOfFr": "",
    "MinisterOfStateOfEn": "",
    "MinisterOfStateOfFr": "",
    "SecretaryOfStateOfEn": "",
    "SecretaryOfStateOfFr": "",
    "ParliamentarySecretaryOfEn": "",
    "ParliamentarySecretaryOfFr": "",
    "ParliamentaryAssistantOfEn": "Parliamentary Assistant to the Minister of Transport (1957/08/07 - 1958/02/01)<br>",
    "ParliamentaryAssistantOfFr": "Adjoint parlementaire du ministre des Transports (1957/08/07 - 1958/02/01)<br>",
    "PartyLeaderEn": "",
    "PartyLeaderFr": "",
    "HouseLeaderEn": "",
    "HouseLeaderFr": "",
    "DeputyHouseLeaderEn": "",
    "DeputyHouseLeaderFr": "",
    "WhipEn": "",
    "WhipFr": "",
    "DeputyWhipEn": "",
    "DeputyWhipFr": "",
    "CriticOfEn": "",
    "CriticOfFr": "",
    "AssistantCriticOfEn": "",
    "AssistantCriticOfFr": "",
    "TypeOfParliamentarianEn": "MP (1957/06/10 - 1958/03/30)<br>",
    "TypeOfParliamentarianFr": "D\u00e9put\u00e9 (1957/06/10 - 1958/03/30)<br>",
    "DiedInOffice": false,
    "PremiershipExperienceEn": "",
    "PremiershipExperienceFr": "",
    "ProvincialExperienceEn": "",
    "ProvincialExperienceFr": "",
    "MunicipalExperienceEn": "Antigonish - Deputy Mayor ( - )<br>",
    "MunicipalExperienceFr": "Antigonish - Maire adjoint ( - )<br>",
    "MilitaryServiceEn": "",
    "MilitaryServiceFr": "",
    "MinistryDurationEn": "",
    "MinistryDurationFr": "",
    "ProfessionsEn": ", retail merchant",
    "ProfessionsFr": ", marchand",
    "LanguageEn": "",
    "LanguageFr": "",
    "IsPrimeMinister": false,
    "YearsOfServiceSegments": [
      {
        "TotalDays": 294,
        "Years": 0,
        "Months": 9,
        "Days": 21,
        "Hours": 0,
        "Minutes": 0,
        "Seconds": 0,
        "Milliseconds": 0
      }
    ],
    "IsCurrentlyInOffice": false,
    "IsCurrentlySenator": false,
    "IsCurrentlyMP": false,
    "HasMaidenSpeech": false,
    "_id": "59f8770be413e1389ffd1a76",
    "LastUpdatedId": "000000000000000000000000",
    "LastModified": "0001-01-01T00:00:00",
    "ModifiedBy": null
  },
  "FederalExperience": [
    {
      "PersonRoleId": 101641,
      "NameFr": "Membre pour la circonscription",
      "StartDate": "1957-06-10T00:00:00Z",
      "StartDateIsApproximate": false,
      "EndDate": "1958-03-30T00:00:00Z",
      "EndDateIsApproximate": false,
      "EndReasonEn": null,
      "EndReasonFr": null,
      "EndReasonTypeEn": null,
      "EndReasonTypeFr": null,
      "SourceOfInformationEn": null,
      "SourceOfInformationFr": null,
      "IsActing": false,
      "ActingTextEn": null,
      "ActingTextFr": null,
      "HasCrossedTheFloor": false,
      "OrganizationId": 577,
      "OrganizationLongEn": "Antigonish--Guysborough",
      "OrganizationLongFr": "Antigonish--Guysborough",
      "OrganizationShortEn": "",
      "OrganizationShortFr": "",
      "OrganizationAcronymEn": "",
      "OrganizationAcronymFr": "",
      "OrganizationTypeId": 35,
      "OrganizationTypeEn": "Constituency",
      "OrganizationTypeFr": "Circonscription",
      "OrganizationProvinceEn": "Nova Scotia",
      "OrganizationProvinceFr": "Nouvelle-\u00c9cosse",
      "OrganizationHasProfile": true,
      "IsSenatorialDivision": false,
      "ToBeStyledAsEn": "",
      "ToBeStyledAsFr": "",
      "GroupId": 0,
      "Source": null,
      "PortFolioEn": null,
      "PortFolioFr": null,
      "Committee": null,
      "GroupingTitleEn": "Parliamentarian",
      "GroupingTitleFr": "Parlementaire",
      "GroupingOrder": 1,
      "ParliamentStart": "1957-10-14T00:00:00Z",
      "ParliamentEnd": "1958-02-01T00:00:00Z",
      "ParliamentNumber": 23,
      "PartyOrganizationId": 6876,
      "PartyEn": "Progressive Conservative Party",
      "PartyFr": "Parti progressiste-conservateur",
      "PartyStartDate": "1957-06-10T00:00:00Z",
      "PartyEndDate": "1958-03-30T00:00:00Z",
      "PersonPersonId": 0,
      "PersonLastName": null,
      "PersonUsedFirstName": null,
      "PersonGender": null,
      "MemberOfParliament": {
        "OccupationTypeEn": "Continuous",
        "OccupationTypeFr": "Continue"
      },
      "IsMP": true,
      "IsSenator": false,
      "GovernorGeneral": null,
      "Documents": null,
      "Senator": null,
      "NotesEn": null,
      "NotesFr": null,
      "InternalNotes": null,
      "IsCurrent": "False",
      "RoleId": 719,
      "NameEn": "Constituency Member",
      "Ordinal": 240,
      "Classes": [
        {
          "RoleClassId": 49,
          "RoleClassOrdinal": 2,
          "RoleToRoleClassOrdinal": null,
          "RoleClassNameEn": "Salaries in the House of Commons",
          "RoleClassNameFr": "Salaires \u00e0 la Chambre des Communes"
        },
        {
          "RoleClassId": 105,
          "RoleClassOrdinal": null,
          "RoleToRoleClassOrdinal": null,
          "RoleClassNameEn": "Parliamentarian",
          "RoleClassNameFr": "Parlementaire"
        }
      ]
    },
    {
      "PersonRoleId": 27281,
      "NameFr": "Membre du parti",
      "StartDate": "1957-06-10T00:00:00Z",
      "StartDateIsApproximate": false,
      "EndDate": "1958-03-30T00:00:00Z",
      "EndDateIsApproximate": false,
      "EndReasonEn": null,
      "EndReasonFr": null,
      "EndReasonTypeEn": null,
      "EndReasonTypeFr": null,
      "SourceOfInformationEn": null,
      "SourceOfInformationFr": null,
      "IsActing": false,
      "ActingTextEn": null,
      "ActingTextFr": null,
      "HasCrossedTheFloor": false,
      "OrganizationId": 6876,
      "OrganizationLongEn": "Progressive Conservative Party",
      "OrganizationLongFr": "Parti progressiste-conservateur",
      "OrganizationShortEn": "Progressive Conservative",
      "OrganizationShortFr": "Progressiste-conservateur",
      "OrganizationAcronymEn": "P.C.",
      "OrganizationAcronymFr": "P.-C.",
      "OrganizationTypeId": 4,
      "OrganizationTypeEn": "Party",
      "OrganizationTypeFr": "Parti",
      "OrganizationProvinceEn": null,
      "OrganizationProvinceFr": null,
      "OrganizationHasProfile": true,
      "IsSenatorialDivision": false,
      "ToBeStyledAsEn": "",
      "ToBeStyledAsFr": "",
      "GroupId": 0,
      "Source": null,
      "PortFolioEn": null,
      "PortFolioFr": null,
      "Committee": null,
      "GroupingTitleEn": "Parliamentarian",
      "GroupingTitleFr": "Parlementaire",
      "GroupingOrder": 1,
      "ParliamentStart": "1957-10-14T00:00:00Z",
      "ParliamentEnd": "1958-02-01T00:00:00Z",
      "ParliamentNumber": 23,
      "PartyOrganizationId": 6876,
      "PartyEn": "Progressive Conservative Party",
      "PartyFr": "Parti progressiste-conservateur",
      "PartyStartDate": "1957-06-10T00:00:00Z",
      "PartyEndDate": "1958-03-30T00:00:00Z",
      "PersonPersonId": 0,
      "PersonLastName": null,
      "PersonUsedFirstName": null,
      "PersonGender": null,
      "MemberOfParliament": null,
      "IsMP": false,
      "IsSenator": false,
      "GovernorGeneral": null,
      "Documents": null,
      "Senator": null,
      "NotesEn": null,
      "NotesFr": null,
      "InternalNotes": null,
      "IsCurrent": "False",
      "RoleId": 722,
      "NameEn": "Party Member",
      "Ordinal": null,
      "Classes": [
        {
          "RoleClassId": 105,
          "RoleClassOrdinal": null,
          "RoleToRoleClassOrdinal": null,
          "RoleClassNameEn": "Parliamentarian",
          "RoleClassNameFr": "Parlementaire"
        }
      ]
    },
    {
      "PersonRoleId": 42447,
      "NameFr": "Adjoint parlementaire",
      "StartDate": "1957-08-07T00:00:00Z",
      "StartDateIsApproximate": false,
      "EndDate": "1958-02-01T00:00:00Z",
      "EndDateIsApproximate": false,
      "EndReasonEn": null,
      "EndReasonFr": null,
      "EndReasonTypeEn": null,
      "EndReasonTypeFr": null,
      "SourceOfInformationEn": null,
      "SourceOfInformationFr": null,
      "IsActing": false,
      "ActingTextEn": null,
      "ActingTextFr": null,
      "HasCrossedTheFloor": false,
      "OrganizationId": 9335,
      "OrganizationLongEn": "Transport",
      "OrganizationLongFr": "Transports",
      "OrganizationShortEn": null,
      "OrganizationShortFr": null,
      "OrganizationAcronymEn": null,
      "OrganizationAcronymFr": null,
      "OrganizationTypeId": 38,
      "OrganizationTypeEn": "Government",
      "OrganizationTypeFr": "Gouvernement",
      "OrganizationProvinceEn": null,
      "OrganizationProvinceFr": null,
      "OrganizationHasProfile": true,
      "IsSenatorialDivision": false,
      "ToBeStyledAsEn": "Parliamentary Assistant to the Minister of Transport",
      "ToBeStyledAsFr": "Adjoint parlementaire du ministre des Transports",
      "GroupId": 0,
      "Source": null,
      "PortFolioEn": "Transport",
      "PortFolioFr": "Transports",
      "Committee": null,
      "GroupingTitleEn": "House of Commons Roles",
      "GroupingTitleFr": "R\u00f4les \u00e0 la chambre des Communes",
      "GroupingOrder": 2,
      "ParliamentStart": "1957-10-14T00:00:00Z",
      "ParliamentEnd": "1958-02-01T00:00:00Z",
      "ParliamentNumber": 23,
      "PartyOrganizationId": 6876,
      "PartyEn": "Progressive Conservative Party",
      "PartyFr": "Parti progressiste-conservateur",
      "PartyStartDate": "1957-06-10T00:00:00Z",
      "PartyEndDate": "1958-03-30T00:00:00Z",
      "PersonPersonId": 0,
      "PersonLastName": null,
      "PersonUsedFirstName": null,
      "PersonGender": null,
      "MemberOfParliament": null,
      "IsMP": false,
      "IsSenator": false,
      "GovernorGeneral": null,
      "Documents": null,
      "Senator": null,
      "NotesEn": null,
      "NotesFr": null,
      "InternalNotes": null,
      "IsCurrent": "False",
      "RoleId": 1544,
      "NameEn": "Parliamentary Assistant",
      "Ordinal": null,
      "Classes": [
        {
          "RoleClassId": 15,
          "RoleClassOrdinal": null,
          "RoleToRoleClassOrdinal": null,
          "RoleClassNameEn": "Parliamentary function",
          "RoleClassNameFr": "Fonction Parlementaire"
        },
        {
          "RoleClassId": 20,
          "RoleClassOrdinal": 80,
          "RoleToRoleClassOrdinal": null,
          "RoleClassNameEn": "Parliamentary Secretary",
          "RoleClassNameFr": "Secr\u00e9taire parlementaire"
        },
        {
          "RoleClassId": 107,
          "RoleClassOrdinal": null,
          "RoleToRoleClassOrdinal": null,
          "RoleClassNameEn": "House of Commons Roles",
          "RoleClassNameFr": "R\u00f4les \u00e0 la chambre des Communes"
        }
      ]
    }
  ],
  "FederalExperienceList": [
    {
      "PersonRoleId": 27281,
      "NameFr": "Membre du parti",
      "StartDate": "1957-06-10T00:00:00Z",
      "StartDateIsApproximate": false,
      "EndDate": "1958-03-30T00:00:00Z",
      "EndDateIsApproximate": false,
      "EndReasonEn": null,
      "EndReasonFr": null,
      "EndReasonTypeEn": null,
      "EndReasonTypeFr": null,
      "SourceOfInformationEn": null,
      "SourceOfInformationFr": null,
      "IsActing": false,
      "ActingTextEn": null,
      "ActingTextFr": null,
      "HasCrossedTheFloor": false,
      "OrganizationId": 6876,
      "OrganizationLongEn": "Progressive Conservative Party",
      "OrganizationLongFr": "Parti progressiste-conservateur",
      "OrganizationShortEn": "Progressive Conservative",
      "OrganizationShortFr": "Progressiste-conservateur",
      "OrganizationAcronymEn": "P.C.",
      "OrganizationAcronymFr": "P.-C.",
      "OrganizationTypeId": 4,
      "OrganizationTypeEn": "Party",
      "OrganizationTypeFr": "Parti",
      "OrganizationProvinceEn": null,
      "OrganizationProvinceFr": null,
      "OrganizationHasProfile": true,
      "IsSenatorialDivision": false,
      "ToBeStyledAsEn": "",
      "ToBeStyledAsFr": "",
      "GroupId": 0,
      "Source": null,
      "PortFolioEn": null,
      "PortFolioFr": null,
      "Committee": null,
      "GroupingTitleEn": "Parliamentarian",
      "GroupingTitleFr": "Parlementaire",
      "GroupingOrder": 1,
      "ParliamentStart": "1957-10-14T00:00:00Z",
      "ParliamentEnd": "1958-02-01T00:00:00Z",
      "ParliamentNumber": 23,
      "PartyOrganizationId": 6876,
      "PartyEn": "Progressive Conservative Party",
      "PartyFr": "Parti progressiste-conservateur",
      "PartyStartDate": "1957-06-10T00:00:00Z",
      "PartyEndDate": "1958-03-30T00:00:00Z",
      "PersonPersonId": 0,
      "PersonLastName": null,
      "PersonUsedFirstName": null,
      "PersonGender": null,
      "MemberOfParliament": null,
      "IsMP": false,
      "IsSenator": false,
      "GovernorGeneral": null,
      "Documents": null,
      "Senator": null,
      "NotesEn": null,
      "NotesFr": null,
      "InternalNotes": null,
      "IsCurrent": "False",
      "RoleId": 722,
      "NameEn": "Party Member",
      "Ordinal": null,
      "Classes": [
        {
          "RoleClassId": 105,
          "RoleClassOrdinal": null,
          "RoleToRoleClassOrdinal": null,
          "RoleClassNameEn": "Parliamentarian",
          "RoleClassNameFr": "Parlementaire"
        }
      ]
    },
    {
      "PersonRoleId": 101641,
      "NameFr": "Membre pour la circonscription",
      "StartDate": "1957-06-10T00:00:00Z",
      "StartDateIsApproximate": false,
      "EndDate": "1958-03-30T00:00:00Z",
      "EndDateIsApproximate": false,
      "EndReasonEn": null,
      "EndReasonFr": null,
      "EndReasonTypeEn": null,
      "EndReasonTypeFr": null,
      "SourceOfInformationEn": null,
      "SourceOfInformationFr": null,
      "IsActing": false,
      "ActingTextEn": null,
      "ActingTextFr": null,
      "HasCrossedTheFloor": false,
      "OrganizationId": 577,
      "OrganizationLongEn": "Antigonish--Guysborough",
      "OrganizationLongFr": "Antigonish--Guysborough",
      "OrganizationShortEn": "",
      "OrganizationShortFr": "",
      "OrganizationAcronymEn": "",
      "OrganizationAcronymFr": "",
      "OrganizationTypeId": 35,
      "OrganizationTypeEn": "Constituency",
      "OrganizationTypeFr": "Circonscription",
      "OrganizationProvinceEn": "Nova Scotia",
      "OrganizationProvinceFr": "Nouvelle-\u00c9cosse",
      "OrganizationHasProfile": true,
      "IsSenatorialDivision": false,
      "ToBeStyledAsEn": "",
      "ToBeStyledAsFr": "",
      "GroupId": 0,
      "Source": null,
      "PortFolioEn": null,
      "PortFolioFr": null,
      "Committee": null,
      "GroupingTitleEn": "Parliamentarian",
      "GroupingTitleFr": "Parlementaire",
      "GroupingOrder": 1,
      "ParliamentStart": "1957-10-14T00:00:00Z",
      "ParliamentEnd": "1958-02-01T00:00:00Z",
      "ParliamentNumber": 23,
      "PartyOrganizationId": 6876,
      "PartyEn": "Progressive Conservative Party",
      "PartyFr": "Parti progressiste-conservateur",
      "PartyStartDate": "1957-06-10T00:00:00Z",
      "PartyEndDate": "1958-03-30T00:00:00Z",
      "PersonPersonId": 0,
      "PersonLastName": null,
      "PersonUsedFirstName": null,
      "PersonGender": null,
      "MemberOfParliament": {
        "OccupationTypeEn": "Continuous",
        "OccupationTypeFr": "Continue"
      },
      "IsMP": true,
      "IsSenator": false,
      "GovernorGeneral": null,
      "Documents": null,
      "Senator": null,
      "NotesEn": null,
      "NotesFr": null,
      "InternalNotes": null,
      "IsCurrent": "False",
      "RoleId": 719,
      "NameEn": "Constituency Member",
      "Ordinal": 240,
      "Classes": [
        {
          "RoleClassId": 49,
          "RoleClassOrdinal": 2,
          "RoleToRoleClassOrdinal": null,
          "RoleClassNameEn": "Salaries in the House of Commons",
          "RoleClassNameFr": "Salaires \u00e0 la Chambre des Communes"
        },
        {
          "RoleClassId": 105,
          "RoleClassOrdinal": null,
          "RoleToRoleClassOrdinal": null,
          "RoleClassNameEn": "Parliamentarian",
          "RoleClassNameFr": "Parlementaire"
        }
      ]
    },
    {
      "PersonRoleId": 42447,
      "NameFr": "Adjoint parlementaire",
      "StartDate": "1957-08-07T00:00:00Z",
      "StartDateIsApproximate": false,
      "EndDate": "1958-02-01T00:00:00Z",
      "EndDateIsApproximate": false,
      "EndReasonEn": null,
      "EndReasonFr": null,
      "EndReasonTypeEn": null,
      "EndReasonTypeFr": null,
      "SourceOfInformationEn": null,
      "SourceOfInformationFr": null,
      "IsActing": false,
      "ActingTextEn": null,
      "ActingTextFr": null,
      "HasCrossedTheFloor": false,
      "OrganizationId": 9335,
      "OrganizationLongEn": "Transport",
      "OrganizationLongFr": "Transports",
      "OrganizationShortEn": null,
      "OrganizationShortFr": null,
      "OrganizationAcronymEn": null,
      "OrganizationAcronymFr": null,
      "OrganizationTypeId": 38,
      "OrganizationTypeEn": "Government",
      "OrganizationTypeFr": "Gouvernement",
      "OrganizationProvinceEn": null,
      "OrganizationProvinceFr": null,
      "OrganizationHasProfile": true,
      "IsSenatorialDivision": false,
      "ToBeStyledAsEn": "Parliamentary Assistant to the Minister of Transport",
      "ToBeStyledAsFr": "Adjoint parlementaire du ministre des Transports",
      "GroupId": 0,
      "Source": null,
      "PortFolioEn": "Transport",
      "PortFolioFr": "Transports",
      "Committee": null,
      "GroupingTitleEn": "House of Commons Roles",
      "GroupingTitleFr": "R\u00f4les \u00e0 la chambre des Communes",
      "GroupingOrder": 2,
      "ParliamentStart": "1957-10-14T00:00:00Z",
      "ParliamentEnd": "1958-02-01T00:00:00Z",
      "ParliamentNumber": 23,
      "PartyOrganizationId": 6876,
      "PartyEn": "Progressive Conservative Party",
      "PartyFr": "Parti progressiste-conservateur",
      "PartyStartDate": "1957-06-10T00:00:00Z",
      "PartyEndDate": "1958-03-30T00:00:00Z",
      "PersonPersonId": 0,
      "PersonLastName": null,
      "PersonUsedFirstName": null,
      "PersonGender": null,
      "MemberOfParliament": null,
      "IsMP": false,
      "IsSenator": false,
      "GovernorGeneral": null,
      "Documents": null,
      "Senator": null,
      "NotesEn": null,
      "NotesFr": null,
      "InternalNotes": null,
      "IsCurrent": "False",
      "RoleId": 1544,
      "NameEn": "Parliamentary Assistant",
      "Ordinal": null,
      "Classes": [
        {
          "RoleClassId": 15,
          "RoleClassOrdinal": null,
          "RoleToRoleClassOrdinal": null,
          "RoleClassNameEn": "Parliamentary function",
          "RoleClassNameFr": "Fonction Parlementaire"
        },
        {
          "RoleClassId": 20,
          "RoleClassOrdinal": 80,
          "RoleToRoleClassOrdinal": null,
          "RoleClassNameEn": "Parliamentary Secretary",
          "RoleClassNameFr": "Secr\u00e9taire parlementaire"
        },
        {
          "RoleClassId": 107,
          "RoleClassOrdinal": null,
          "RoleToRoleClassOrdinal": null,
          "RoleClassNameEn": "House of Commons Roles",
          "RoleClassNameFr": "R\u00f4les \u00e0 la chambre des Communes"
        }
      ]
    }
  ],
  "CommitteeMembership": [
    {
      "NameEn": "Member",
      "NameFr": "Membre",
      "RoleId": 226,
      "OrganizationId": 7024,
      "OrganizationLongEn": "Standing Committee on Railways, Canals and Telegraph Lines",
      "OrganizationLongFr": "Comit\u00e9 permanent des chemins de fer, canaux et lignes t\u00e9l\u00e9graphiques",
      "OrganizationTypeEn": "Committee",
      "OrganizationTypeFr": "Comit\u00e9",
      "OrganizationTypeId": 27,
      "PartyEn": "Progressive Conservative Party",
      "PartyFr": "Parti progressiste-conservateur",
      "CompositionTypeLongEn": "House of Commons",
      "CompositionTypeLongFr": "Chambre des communes",
      "CompositionTypeShortEn": "C",
      "CompositionTypeShortFr": "C",
      "CommitteeTypeEn": "Standing",
      "CommitteeTypeFr": "Permanent",
      "ParliamentNumber": 23,
      "SessionNumber": 1,
      "ShortEn": "1st",
      "ShortFr": "1\u00e8re"
    },
    {
      "NameEn": "Member",
      "NameFr": "Membre",
      "RoleId": 226,
      "OrganizationId": 5130,
      "OrganizationLongEn": "Standing Committee on Marine and Fisheries",
      "OrganizationLongFr": "Comit\u00e9 permanent de la marine et p\u00eacheries",
      "OrganizationTypeEn": "Committee",
      "OrganizationTypeFr": "Comit\u00e9",
      "OrganizationTypeId": 27,
      "PartyEn": "Progressive Conservative Party",
      "PartyFr": "Parti progressiste-conservateur",
      "CompositionTypeLongEn": "House of Commons",
      "CompositionTypeLongFr": "Chambre des communes",
      "CompositionTypeShortEn": "C",
      "CompositionTypeShortFr": "C",
      "CommitteeTypeEn": "Standing",
      "CommitteeTypeFr": "Permanent",
      "ParliamentNumber": 23,
      "SessionNumber": 1,
      "ShortEn": "1st",
      "ShortFr": "1\u00e8re"
    }
  ],
  "PublicOfficeExperience": null,
  "ProvincialExperience": null,
  "MilitaryExperience": null,
  "MunicipalExperience": [
    {
      "PersonRoleId": 108494,
      "NameFr": "Maire adjoint",
      "StartDate": null,
      "StartDateIsApproximate": false,
      "EndDate": null,
      "EndDateIsApproximate": false,
      "EndReasonEn": null,
      "EndReasonFr": null,
      "EndReasonTypeEn": null,
      "EndReasonTypeFr": null,
      "SourceOfInformationEn": null,
      "SourceOfInformationFr": null,
      "IsActing": false,
      "ActingTextEn": null,
      "ActingTextFr": null,
      "HasCrossedTheFloor": false,
      "OrganizationId": 576,
      "OrganizationLongEn": "Antigonish",
      "OrganizationLongFr": "Antigonish",
      "OrganizationShortEn": "",
      "OrganizationShortFr": "",
      "OrganizationAcronymEn": "",
      "OrganizationAcronymFr": "",
      "OrganizationTypeId": 11,
      "OrganizationTypeEn": "Municipal Government",
      "OrganizationTypeFr": "Gouvernement municipal",
      "OrganizationProvinceEn": null,
      "OrganizationProvinceFr": null,
      "OrganizationHasProfile": true,
      "IsSenatorialDivision": false,
      "ToBeStyledAsEn": "",
      "ToBeStyledAsFr": "",
      "GroupId": 0,
      "Source": null,
      "PortFolioEn": null,
      "PortFolioFr": null,
      "Committee": null,
      "GroupingTitleEn": null,
      "GroupingTitleFr": null,
      "GroupingOrder": 0,
      "ParliamentStart": null,
      "ParliamentEnd": null,
      "ParliamentNumber": 0,
      "PartyOrganizationId": 0,
      "PartyEn": null,
      "PartyFr": null,
      "PartyStartDate": null,
      "PartyEndDate": null,
      "PersonPersonId": 0,
      "PersonLastName": null,
      "PersonUsedFirstName": null,
      "PersonGender": null,
      "MemberOfParliament": null,
      "IsMP": false,
      "IsSenator": false,
      "GovernorGeneral": null,
      "Documents": null,
      "Senator": null,
      "NotesEn": null,
      "NotesFr": null,
      "InternalNotes": null,
      "IsCurrent": "True",
      "RoleId": 1639,
      "NameEn": "Deputy Mayor",
      "Ordinal": null,
      "Classes": [
        {
          "RoleClassId": 115,
          "RoleClassOrdinal": null,
          "RoleToRoleClassOrdinal": null,
          "RoleClassNameEn": "Municipal",
          "RoleClassNameFr": "Municipal"
        }
      ]
    }
  ],
  "FamilyTiesInParliament": null,
  "Family": null,
  "Education": [
    {
      "SchoolNameLongEn": "St. Francis Xavier University",
      "SchoolNameLongFr": "Universit\u00e9 St. Francis Xavier",
      "SchoolCityEn": "Antigonish",
      "SchoolCityFr": "Antigonish",
      "FieldOfStudyEn": "Unknown",
      "FieldOfStudyFr": "Inconnu",
      "DiplomaLongEn": "Unknown",
      "DiplomaLongFr": "Inconnu",
      "DiplomaShortEn": "",
      "DiplomaShortFr": "",
      "GraduationYear": null
    }
  ],
  "PictureId": 2291,
  "PictureCopyrightEn": "House of Commons 1957",
  "PictureCopyrightFr": "Chambre des communes 1957",
  "PictureCreditEn": "House of Commons",
  "PictureCreditFr": "Chambre des communes",
  "DisplayTitleEn": " Angus Ronald Macdonald, M.P.",
  "DisplayTitleFr": " Angus Ronald Macdonald, d\u00e9put\u00e9",
  "PlaceOfBirthEn": "Frasers Mills, Nova Scotia, Canada",
  "PlaceOfBirthFr": "Frasers Mills, Nouvelle-\u00c9cosse, Canada",
  "ProfessionsEn": "retail merchant",
  "ProfessionsFr": "marchand",
  "PreferredLanguageEn": "",
  "PreferredLanguageFr": "",
  "PlaceOfBurialEn": ", , ",
  "PlaceOfBurialFr": ", , "
}