{
  "Person": {
    "PersonId": 10520,
    "HOCPersonId": 0,
    "SenatePersonId": 0,
    "FormalFirstName": null,
    "UsedFirstName": "Frederick Eustace",
    "MiddleName": null,
    "MaidenName": null,
    "LastName": "Barker",
    "IsDraftProfile": false,
    "DateOfBirth": "1838-12-27T00:00:00Z",
    "DateOfBirthIsApproximate": false,
    "DoNotDiscloseDateOfBirth": false,
    "DoNotDiscloseBirthLocation": false,
    "CityOfBirthEn": "Sheffield",
    "CityOfBirthFr": "Sheffield",
    "ProvinceOfBirthEn": "New Brunswick",
    "ProvinceOfBirthFr": "Nouveau-Brunswick",
    "CountryOfBirthFr": "Canada",
    "CountryOfBirthEn": "Canada",
    "Gender": "M",
    "EthnicityLongEn": null,
    "EthnicityLongFr": null,
    "IsCanadianOrigin": true,
    "InternalNotes": null,
    "ExternalNotesEn": null,
    "ExternalNotesFr": null,
    "ReligionEn": "Anglican",
    "ReligionFr": "Anglicane",
    "Professions": [
      {
        "NameEn": "lawyer",
        "NameFr": "avocat",
        "SearchKeyWordsEn": "",
        "SearchKeyWordsFr": "",
        "ProfessionTypeEn": "Law, social science, education, government services and religion - Professional occupations",
        "ProfessionTypeFr": "Droit, sciences sociales, enseignement, administration publique et religion - Personnel professionnel",
        "Ordinal": null
      }
    ],
    "Languages": null,
    "Education": [
      {
        "SchoolNameLongEn": "University of New Brunswick",
        "SchoolNameLongFr": "Universit\u00e9 du Nouveau-Brunswick",
        "SchoolCityEn": "Fredericton",
        "SchoolCityFr": "Fredericton",
        "FieldOfStudyEn": "Arts",
        "FieldOfStudyFr": "Arts",
        "DiplomaLongEn": "Bachelor",
        "DiplomaLongFr": "Bachelier",
        "DiplomaShortEn": "B.A",
        "DiplomaShortFr": "B.A.",
        "GraduationYear": 1856
      },
      {
        "SchoolNameLongEn": "University of New Brunswick",
        "SchoolNameLongFr": "Universit\u00e9 du Nouveau-Brunswick",
        "SchoolCityEn": "Fredericton",
        "SchoolCityFr": "Fredericton",
        "FieldOfStudyEn": "Civil Law",
        "FieldOfStudyFr": "Droit civil",
        "DiplomaLongEn": "Doctorate",
        "DiplomaLongFr": "Doctorat",
        "DiplomaShortEn": "Dr",
        "DiplomaShortFr": "Dr",
        "GraduationYear": 1866
      },
      {
        "SchoolNameLongEn": "University of New Brunswick",
        "SchoolNameLongFr": "Universit\u00e9 du Nouveau-Brunswick",
        "SchoolCityEn": "Fredericton",
        "SchoolCityFr": "Fredericton",
        "FieldOfStudyEn": "Arts",
        "FieldOfStudyFr": "Arts",
        "DiplomaLongEn": "Master",
        "DiplomaLongFr": "Ma\u00eetrise",
        "DiplomaShortEn": "M.A.",
        "DiplomaShortFr": "M.A.",
        "GraduationYear": 1858
      },
      {
        "SchoolNameLongEn": "University of New Brunswick",
        "SchoolNameLongFr": "Universit\u00e9 du Nouveau-Brunswick",
        "SchoolCityEn": "Fredericton",
        "SchoolCityFr": "Fredericton",
        "FieldOfStudyEn": "Civil Law",
        "FieldOfStudyFr": "Droit civil",
        "DiplomaLongEn": "Bachelor",
        "DiplomaLongFr": "Bachelier",
        "DiplomaShortEn": "B.A",
        "DiplomaShortFr": "B.A.",
        "GraduationYear": 1861
      }
    ],
    "FamilyRelations": null,
    "Pictures": [
      {
        "PictureId": 8132,
        "PictureDate": null,
        "TypeEn": "Collection",
        "TypeFr": "Collection",
        "PhotographerEn": null,
        "PhotographerFr": null,
        "CreditsEn": "The Canadian album : men of Canada.  Brantford : Bradley, Garretson, 1891-96, vol. 3.",
        "CreditsFr": "The Canadian album : men of Canada.  Brantford : Bradley, Garretson, 1891-96, vol. 3.",
        "CopyRightsEn": null,
        "CopyRightsFr": null,
        "DisplayForWeb": true,
        "InternalNotes": null
      }
    ],
    "Titles": [
      {
        "LongEn": "Sir",
        "LongFr": "Sir",
        "AcronymEn": "Sir",
        "AcronymFr": "Sir",
        "IsHonorific": false,
        "IsScholarity": false,
        "IsSalutation": true,
        "Ordinal": 0
      },
      {
        "LongEn": "Member of Parliament",
        "LongFr": "d\u00e9put\u00e9",
        "AcronymEn": "M.P.",
        "AcronymFr": "d\u00e9put\u00e9",
        "IsHonorific": false,
        "IsScholarity": false,
        "IsSalutation": false,
        "Ordinal": 0
      },
      {
        "LongEn": "Queen's Counsel (K.C. when king reigning)",
        "LongFr": "conseil de la reine",
        "AcronymEn": "Q.C.",
        "AcronymFr": "c.r.",
        "IsHonorific": true,
        "IsScholarity": false,
        "IsSalutation": false,
        "Ordinal": 10
      }
    ],
    "Roles": [
      {
        "PersonRoleId": 10416,
        "NameFr": "Major",
        "StartDate": "1864-01-01T00:00:00Z",
        "StartDateIsApproximate": true,
        "EndDate": "1868-01-01T00:00:00Z",
        "EndDateIsApproximate": true,
        "EndReasonEn": null,
        "EndReasonFr": null,
        "EndReasonTypeEn": null,
        "EndReasonTypeFr": null,
        "SourceOfInformationEn": null,
        "SourceOfInformationFr": null,
        "IsActing": false,
        "ActingTextEn": null,
        "ActingTextFr": null,
        "HasCrossedTheFloor": false,
        "OrganizationId": 7561,
        "OrganizationLongEn": "Saint-John Light Infantry",
        "OrganizationLongFr": "Infanterie l\u00e9g\u00e8re de Saint-John",
        "OrganizationShortEn": "",
        "OrganizationShortFr": "",
        "OrganizationAcronymEn": "",
        "OrganizationAcronymFr": "",
        "OrganizationTypeId": 13,
        "OrganizationTypeEn": "Military",
        "OrganizationTypeFr": "Militaire",
        "OrganizationProvinceEn": null,
        "OrganizationProvinceFr": null,
        "OrganizationHasProfile": true,
        "IsSenatorialDivision": false,
        "ToBeStyledAsEn": "",
        "ToBeStyledAsFr": "",
        "GroupId": 0,
        "Source": null,
        "PortFolioEn": null,
        "PortFolioFr": null,
        "Committee": null,
        "GroupingTitleEn": null,
        "GroupingTitleFr": null,
        "GroupingOrder": 0,
        "ParliamentStart": null,
        "ParliamentEnd": null,
        "ParliamentNumber": 0,
        "PartyOrganizationId": 0,
        "PartyEn": null,
        "PartyFr": null,
        "PartyStartDate": null,
        "PartyEndDate": null,
        "PersonPersonId": 0,
        "PersonLastName": null,
        "PersonUsedFirstName": null,
        "PersonGender": null,
        "MemberOfParliament": null,
        "IsMP": false,
        "IsSenator": false,
        "GovernorGeneral": null,
        "Documents": null,
        "Senator": null,
        "NotesEn": null,
        "NotesFr": null,
        "InternalNotes": null,
        "IsCurrent": "False",
        "RoleId": 213,
        "NameEn": "Major",
        "Ordinal": null,
        "Classes": [
          {
            "RoleClassId": 103,
            "RoleClassOrdinal": null,
            "RoleToRoleClassOrdinal": null,
            "RoleClassNameEn": "Military",
            "RoleClassNameFr": "Militaire"
          }
        ]
      },
      {
        "PersonRoleId": 95859,
        "NameFr": "Membre du caucus",
        "StartDate": "1885-11-24T00:00:00Z",
        "StartDateIsApproximate": false,
        "EndDate": "1887-01-15T00:00:00Z",
        "EndDateIsApproximate": false,
        "EndReasonEn": null,
        "EndReasonFr": null,
        "EndReasonTypeEn": null,
        "EndReasonTypeFr": null,
        "SourceOfInformationEn": null,
        "SourceOfInformationFr": null,
        "IsActing": false,
        "ActingTextEn": null,
        "ActingTextFr": null,
        "HasCrossedTheFloor": false,
        "OrganizationId": 2158,
        "OrganizationLongEn": "Conservative (1867-1942)",
        "OrganizationLongFr": "Conservateur (1867-1942)",
        "OrganizationShortEn": "Conservative (1867-1942)",
        "OrganizationShortFr": "Conservateur (1867-1942)",
        "OrganizationAcronymEn": "Cons.",
        "OrganizationAcronymFr": "Cons.",
        "OrganizationTypeId": 4,
        "OrganizationTypeEn": "Party",
        "OrganizationTypeFr": "Parti",
        "OrganizationProvinceEn": null,
        "OrganizationProvinceFr": null,
        "OrganizationHasProfile": true,
        "IsSenatorialDivision": false,
        "ToBeStyledAsEn": null,
        "ToBeStyledAsFr": null,
        "GroupId": 0,
        "Source": null,
        "PortFolioEn": null,
        "PortFolioFr": null,
        "Committee": null,
        "GroupingTitleEn": null,
        "GroupingTitleFr": null,
        "GroupingOrder": 0,
        "ParliamentStart": null,
        "ParliamentEnd": null,
        "ParliamentNumber": 0,
        "PartyOrganizationId": 0,
        "PartyEn": null,
        "PartyFr": null,
        "PartyStartDate": null,
        "PartyEndDate": null,
        "PersonPersonId": 0,
        "PersonLastName": null,
        "PersonUsedFirstName": null,
        "PersonGender": null,
        "MemberOfParliament": null,
        "IsMP": false,
        "IsSenator": false,
        "GovernorGeneral": null,
        "Documents": null,
        "Senator": null,
        "NotesEn": null,
        "NotesFr": null,
        "InternalNotes": null,
        "IsCurrent": "False",
        "RoleId": 2998,
        "NameEn": "Caucus Member",
        "Ordinal": null,
        "Classes": null
      },
      {
        "PersonRoleId": 10222,
        "NameFr": "Membre du parti",
        "StartDate": "1885-11-24T00:00:00Z",
        "StartDateIsApproximate": false,
        "EndDate": "1887-02-21T00:00:00Z",
        "EndDateIsApproximate": false,
        "EndReasonEn": null,
        "EndReasonFr": null,
        "EndReasonTypeEn": null,
        "EndReasonTypeFr": null,
        "SourceOfInformationEn": null,
        "SourceOfInformationFr": null,
        "IsActing": false,
        "ActingTextEn": null,
        "ActingTextFr": null,
        "HasCrossedTheFloor": false,
        "OrganizationId": 2158,
        "OrganizationLongEn": "Conservative (1867-1942)",
        "OrganizationLongFr": "Conservateur (1867-1942)",
        "OrganizationShortEn": "Conservative (1867-1942)",
        "OrganizationShortFr": "Conservateur (1867-1942)",
        "OrganizationAcronymEn": "Cons.",
        "OrganizationAcronymFr": "Cons.",
        "OrganizationTypeId": 4,
        "OrganizationTypeEn": "Party",
        "OrganizationTypeFr": "Parti",
        "OrganizationProvinceEn": null,
        "OrganizationProvinceFr": null,
        "OrganizationHasProfile": true,
        "IsSenatorialDivision": false,
        "ToBeStyledAsEn": "",
        "ToBeStyledAsFr": "",
        "GroupId": 0,
        "Source": null,
        "PortFolioEn": null,
        "PortFolioFr": null,
        "Committee": null,
        "GroupingTitleEn": "Parliamentarian",
        "GroupingTitleFr": "Parlementaire",
        "GroupingOrder": 1,
        "ParliamentStart": "1883-02-08T00:00:00Z",
        "ParliamentEnd": "1887-01-15T00:00:00Z",
        "ParliamentNumber": 5,
        "PartyOrganizationId": 2158,
        "PartyEn": "Conservative (1867-1942)",
        "PartyFr": "Conservateur (1867-1942)",
        "PartyStartDate": "1885-11-24T00:00:00Z",
        "PartyEndDate": "1887-02-21T00:00:00Z",
        "PersonPersonId": 0,
        "PersonLastName": null,
        "PersonUsedFirstName": null,
        "PersonGender": null,
        "MemberOfParliament": null,
        "IsMP": false,
        "IsSenator": false,
        "GovernorGeneral": null,
        "Documents": null,
        "Senator": null,
        "NotesEn": null,
        "NotesFr": null,
        "InternalNotes": null,
        "IsCurrent": "False",
        "RoleId": 722,
        "NameEn": "Party Member",
        "Ordinal": null,
        "Classes": [
          {
            "RoleClassId": 105,
            "RoleClassOrdinal": null,
            "RoleToRoleClassOrdinal": null,
            "RoleClassNameEn": "Parliamentarian",
            "RoleClassNameFr": "Parlementaire"
          }
        ]
      },
      {
        "PersonRoleId": 115556,
        "NameFr": "Membre pour la circonscription",
        "StartDate": "1885-11-24T00:00:00Z",
        "StartDateIsApproximate": false,
        "EndDate": "1887-02-21T00:00:00Z",
        "EndDateIsApproximate": false,
        "EndReasonEn": null,
        "EndReasonFr": null,
        "EndReasonTypeEn": null,
        "EndReasonTypeFr": null,
        "SourceOfInformationEn": null,
        "SourceOfInformationFr": null,
        "IsActing": false,
        "ActingTextEn": null,
        "ActingTextFr": null,
        "HasCrossedTheFloor": false,
        "OrganizationId": 1963,
        "OrganizationLongEn": "St. John (City of )",
        "OrganizationLongFr": "Saint-Jean (Cit\u00e9 de)",
        "OrganizationShortEn": "",
        "OrganizationShortFr": "",
        "OrganizationAcronymEn": "",
        "OrganizationAcronymFr": "",
        "OrganizationTypeId": 35,
        "OrganizationTypeEn": "Constituency",
        "OrganizationTypeFr": "Circonscription",
        "OrganizationProvinceEn": "New Brunswick",
        "OrganizationProvinceFr": "Nouveau-Brunswick",
        "OrganizationHasProfile": true,
        "IsSenatorialDivision": false,
        "ToBeStyledAsEn": "",
        "ToBeStyledAsFr": "",
        "GroupId": 0,
        "Source": null,
        "PortFolioEn": null,
        "PortFolioFr": null,
        "Committee": null,
        "GroupingTitleEn": "Parliamentarian",
        "GroupingTitleFr": "Parlementaire",
        "GroupingOrder": 1,
        "ParliamentStart": "1883-02-08T00:00:00Z",
        "ParliamentEnd": "1887-01-15T00:00:00Z",
        "ParliamentNumber": 5,
        "PartyOrganizationId": 2158,
        "PartyEn": "Conservative (1867-1942)",
        "PartyFr": "Conservateur (1867-1942)",
        "PartyStartDate": "1885-11-24T00:00:00Z",
        "PartyEndDate": "1887-02-21T00:00:00Z",
        "PersonPersonId": 0,
        "PersonLastName": null,
        "PersonUsedFirstName": null,
        "PersonGender": null,
        "MemberOfParliament": {
          "OccupationTypeEn": "Continuous",
          "OccupationTypeFr": "Continue"
        },
        "IsMP": true,
        "IsSenator": false,
        "GovernorGeneral": null,
        "Documents": null,
        "Senator": null,
        "NotesEn": null,
        "NotesFr": null,
        "InternalNotes": null,
        "IsCurrent": "False",
        "RoleId": 719,
        "NameEn": "Constituency Member",
        "Ordinal": 240,
        "Classes": [
          {
            "RoleClassId": 49,
            "RoleClassOrdinal": 2,
            "RoleToRoleClassOrdinal": null,
            "RoleClassNameEn": "Salaries in the House of Commons",
            "RoleClassNameFr": "Salaires \u00e0 la Chambre des Communes"
          },
          {
            "RoleClassId": 105,
            "RoleClassOrdinal": null,
            "RoleToRoleClassOrdinal": null,
            "RoleClassNameEn": "Parliamentarian",
            "RoleClassNameFr": "Parlementaire"
          }
        ]
      },
      {
        "PersonRoleId": 237812,
        "NameFr": "Membre",
        "StartDate": "1886-02-25T00:00:00Z",
        "StartDateIsApproximate": false,
        "EndDate": "1886-06-02T00:00:00Z",
        "EndDateIsApproximate": false,
        "EndReasonEn": null,
        "EndReasonFr": null,
        "EndReasonTypeEn": null,
        "EndReasonTypeFr": null,
        "SourceOfInformationEn": null,
        "SourceOfInformationFr": null,
        "IsActing": false,
        "ActingTextEn": null,
        "ActingTextFr": null,
        "HasCrossedTheFloor": false,
        "OrganizationId": 6838,
        "OrganizationLongEn": "Standing Committee on Privileges and Elections",
        "OrganizationLongFr": "Comit\u00e9 permanent des privil\u00e8ges et \u00e9lections",
        "OrganizationShortEn": "Privileges and Elections",
        "OrganizationShortFr": "Privil\u00e8ges et \u00e9lections",
        "OrganizationAcronymEn": "",
        "OrganizationAcronymFr": "",
        "OrganizationTypeId": 27,
        "OrganizationTypeEn": "Committee",
        "OrganizationTypeFr": "Comit\u00e9",
        "OrganizationProvinceEn": null,
        "OrganizationProvinceFr": null,
        "OrganizationHasProfile": true,
        "IsSenatorialDivision": false,
        "ToBeStyledAsEn": "",
        "ToBeStyledAsFr": "",
        "GroupId": 0,
        "Source": null,
        "PortFolioEn": null,
        "PortFolioFr": null,
        "Committee": {
          "OrganizationId": 0,
          "SenateCommitteeId": 0,
          "CommitteeTypeId": 5,
          "CommitteeTypeEn": "Standing",
          "CommitteeTypeFr": "Permanent",
          "CompositionTypeId": 3,
          "CompositionTypeLongEn": "House of Commons",
          "CompositionTypeLongFr": "Chambre des communes",
          "CompositionTypeShortEn": "C",
          "CompositionTypeShortFr": "C",
          "Sessions": [
            {
              "SessionId": 0,
              "SessionNumber": 4,
              "ParliamentNumber": 5,
              "StartDate": "1886-02-25T00:00:00Z",
              "EndDate": "1886-06-02T00:00:00Z",
              "ShortEn": "4th",
              "ShortFr": "4e"
            }
          ],
          "Mandates": null
        },
        "GroupingTitleEn": null,
        "GroupingTitleFr": null,
        "GroupingOrder": 0,
        "ParliamentStart": null,
        "ParliamentEnd": null,
        "ParliamentNumber": 0,
        "PartyOrganizationId": 2158,
        "PartyEn": "Conservative (1867-1942)",
        "PartyFr": "Conservateur (1867-1942)",
        "PartyStartDate": "1885-11-24T00:00:00Z",
        "PartyEndDate": "1887-02-21T00:00:00Z",
        "PersonPersonId": 0,
        "PersonLastName": null,
        "PersonUsedFirstName": null,
        "PersonGender": null,
        "MemberOfParliament": null,
        "IsMP": false,
        "IsSenator": false,
        "GovernorGeneral": null,
        "Documents": null,
        "Senator": null,
        "NotesEn": null,
        "NotesFr": null,
        "InternalNotes": null,
        "IsCurrent": "False",
        "RoleId": 226,
        "NameEn": "Member",
        "Ordinal": 300,
        "Classes": [
          {
            "RoleClassId": 33,
            "RoleClassOrdinal": null,
            "RoleToRoleClassOrdinal": null,
            "RoleClassNameEn": "Committee",
            "RoleClassNameFr": "Comit\u00e9"
          },
          {
            "RoleClassId": 113,
            "RoleClassOrdinal": null,
            "RoleToRoleClassOrdinal": null,
            "RoleClassNameEn": "ElectionProcessCloseDissolution",
            "RoleClassNameFr": "ElectionProcessCloseDissolution"
          }
        ]
      },
      {
        "PersonRoleId": 237884,
        "NameFr": "Membre",
        "StartDate": "1886-02-25T00:00:00Z",
        "StartDateIsApproximate": false,
        "EndDate": "1886-06-02T00:00:00Z",
        "EndDateIsApproximate": false,
        "EndReasonEn": null,
        "EndReasonFr": null,
        "EndReasonTypeEn": null,
        "EndReasonTypeFr": null,
        "SourceOfInformationEn": null,
        "SourceOfInformationFr": null,
        "IsActing": false,
        "ActingTextEn": null,
        "ActingTextFr": null,
        "HasCrossedTheFloor": false,
        "OrganizationId": 7024,
        "OrganizationLongEn": "Standing Committee on Railways, Canals and Telegraph Lines",
        "OrganizationLongFr": "Comit\u00e9 permanent des chemins de fer, canaux et lignes t\u00e9l\u00e9graphiques",
        "OrganizationShortEn": "Railways, Canals and Telegraph Lines",
        "OrganizationShortFr": "Chemins de fer, canaux et lignes t\u00e9l\u00e9graphiques",
        "OrganizationAcronymEn": "",
        "OrganizationAcronymFr": "",
        "OrganizationTypeId": 27,
        "OrganizationTypeEn": "Committee",
        "OrganizationTypeFr": "Comit\u00e9",
        "OrganizationProvinceEn": null,
        "OrganizationProvinceFr": null,
        "OrganizationHasProfile": true,
        "IsSenatorialDivision": false,
        "ToBeStyledAsEn": "",
        "ToBeStyledAsFr": "",
        "GroupId": 0,
        "Source": null,
        "PortFolioEn": null,
        "PortFolioFr": null,
        "Committee": {
          "OrganizationId": 0,
          "SenateCommitteeId": 0,
          "CommitteeTypeId": 5,
          "CommitteeTypeEn": "Standing",
          "CommitteeTypeFr": "Permanent",
          "CompositionTypeId": 3,
          "CompositionTypeLongEn": "House of Commons",
          "CompositionTypeLongFr": "Chambre des communes",
          "CompositionTypeShortEn": "C",
          "CompositionTypeShortFr": "C",
          "Sessions": [
            {
              "SessionId": 0,
              "SessionNumber": 4,
              "ParliamentNumber": 5,
              "StartDate": "1886-02-25T00:00:00Z",
              "EndDate": "1886-06-02T00:00:00Z",
              "ShortEn": "4th",
              "ShortFr": "4e"
            }
          ],
          "Mandates": null
        },
        "GroupingTitleEn": null,
        "GroupingTitleFr": null,
        "GroupingOrder": 0,
        "ParliamentStart": null,
        "ParliamentEnd": null,
        "ParliamentNumber": 0,
        "PartyOrganizationId": 2158,
        "PartyEn": "Conservative (1867-1942)",
        "PartyFr": "Conservateur (1867-1942)",
        "PartyStartDate": "1885-11-24T00:00:00Z",
        "PartyEndDate": "1887-02-21T00:00:00Z",
        "PersonPersonId": 0,
        "PersonLastName": null,
        "PersonUsedFirstName": null,
        "PersonGender": null,
        "MemberOfParliament": null,
        "IsMP": false,
        "IsSenator": false,
        "GovernorGeneral": null,
        "Documents": null,
        "Senator": null,
        "NotesEn": null,
        "NotesFr": null,
        "InternalNotes": null,
        "IsCurrent": "False",
        "RoleId": 226,
        "NameEn": "Member",
        "Ordinal": 300,
        "Classes": [
          {
            "RoleClassId": 33,
            "RoleClassOrdinal": null,
            "RoleToRoleClassOrdinal": null,
            "RoleClassNameEn": "Committee",
            "RoleClassNameFr": "Comit\u00e9"
          },
          {
            "RoleClassId": 113,
            "RoleClassOrdinal": null,
            "RoleToRoleClassOrdinal": null,
            "RoleClassNameEn": "ElectionProcessCloseDissolution",
            "RoleClassNameFr": "ElectionProcessCloseDissolution"
          }
        ]
      }
    ],
    "HillAddresses": null,
    "ConstituencyAddresses": null,
    "WebLinks": [
      {
        "TypeEn": "Maiden Speech",
        "TypeFr": "Premier discours",
        "TitleFr": "Premier discours \u00e0 la Chambre des communes",
        "TitleEn": "Maiden speech in the House of Commons",
        "UrlEn": "https://parl.canadiana.ca/view/oop.debates_HOC0504_01/565?r=0&s=2",
        "UrlFr": "https://parl.canadiana.ca/view/oop.debates_CDC0504_01/577?r=0&s=2"
      }
    ],
    "Bibliography": null,
    "ElectionCandidates": [
      {
        "ElectionCandidateId": 10341,
        "ParliamentNumber": 5,
        "ElectionId": 413,
        "ElectionDate": "1885-11-24T00:00:00Z",
        "IsGeneral": false,
        "OrganizationId": 1963,
        "ConstituencyEn": "St. John (City of )",
        "ConstituencyFr": "Saint-Jean (Cit\u00e9 de)",
        "ProvinceEn": null,
        "ProvinceFr": null,
        "PersonRoleId": null,
        "ElectionCanadaFirstName": "Frederick Eustace",
        "ElectionCanadaLastName": "BARKER",
        "ElectionCanadaMiddleName": null,
        "Gender": "M",
        "OccupationEn": "Lawyer",
        "OccupationFr": "Avocat",
        "PartyOrganizationId": 2158,
        "PartyNameEn": "Conservative (1867-1942)",
        "PartyNameFr": "Conservateur (1867-1942)",
        "Votes": 0,
        "ResultLongEn": "Elected",
        "ResultLongFr": "\u00c9lu",
        "OtherResultLongEn": "Acclamation",
        "OtherResultLongFr": "Acclamation",
        "NotesEn": "On Mr. Tilley being appointed Lieutenant-Governor of New Brunswick, 1885/11/12",
        "NotesFr": "Nomination de M. Tilley au poste de lieutenant-gouverneur du Nouveau-Brunswick, 12-11-1885",
        "InternalNotes": null
      },
      {
        "ElectionCandidateId": 22661,
        "ParliamentNumber": 6,
        "ElectionId": 225,
        "ElectionDate": "1887-02-22T00:00:00Z",
        "IsGeneral": true,
        "OrganizationId": 1963,
        "ConstituencyEn": "St. John (City of )",
        "ConstituencyFr": "Saint-Jean (Cit\u00e9 de)",
        "ProvinceEn": null,
        "ProvinceFr": null,
        "PersonRoleId": null,
        "ElectionCanadaFirstName": "Frederick Eustace",
        "ElectionCanadaLastName": "BARKER",
        "ElectionCanadaMiddleName": null,
        "Gender": "M",
        "OccupationEn": "Lawyer",
        "OccupationFr": "Avocat",
        "PartyOrganizationId": 2158,
        "PartyNameEn": "Conservative (1867-1942)",
        "PartyNameFr": "Conservateur (1867-1942)",
        "Votes": 2162,
        "ResultLongEn": "Defeated",
        "ResultLongFr": "D\u00e9fait",
        "OtherResultLongEn": null,
        "OtherResultLongFr": null,
        "NotesEn": null,
        "NotesFr": null,
        "InternalNotes": null
      }
    ],
    "Death": {
      "DateOfDeath": "1915-12-15T00:00:00Z",
      "DateOfDeathIsApproximate": false,
      "DeceasedOnDuty": false,
      "RecordNotFound": false,
      "CauseOfDeathEn": null,
      "CauseOfDeathFr": null,
      "CemetaryNameEn": null,
      "CemetaryNameFr": null,
      "CemetaryCityEn": null,
      "CemetaryCityFr": null,
      "CemetaryProvinceEn": null,
      "CemetaryProvinceFr": null,
      "CemetaryCountryEn": null,
      "CemetaryCountryFr": null,
      "FuneralDate": null,
      "StateLayFuneralLocationEn": null,
      "StateLayFuneralLocationFr": null,
      "StateLayFuneralStartDate": null,
      "StateLayFuneralEndDate": null,
      "ReferenceOfStateLay": null
    },
    "PrimeMinister": null,
    "Parliaments": null,
    "Age": 76,
    "DisplayName": "Barker, Frederick Eustace",
    "StraightDisplayName": "Frederick Eustace Barker",
    "PartyEn": "Conservative (1867-1942) (1885/11/24 - 1887/02/21)<br>",
    "PartyFr": "Conservateur (1867-1942) (1885/11/24 - 1887/02/21)<br>",
    "ConstituencyEn": "St. John (City of ) (1885/11/24 - 1887/02/21)<br>",
    "ConstituencyFr": "Saint-Jean (Cit\u00e9 de) (1885/11/24 - 1887/02/21)<br>",
    "CurrentPartyEn": "Conservative (1867-1942)",
    "CurrentPartyFr": "Conservateur (1867-1942)",
    "CurrentConstituencyEn": "St. John (City of )",
    "CurrentConstituencyFr": "Saint-Jean (Cit\u00e9 de)",
    "ProvinceEn": "New Brunswick<br>",
    "ProvinceFr": "Nouveau-Brunswick<br>",
    "PrimeMinisterEn": "",
    "PrimeMinisterFr": "",
    "CabinetChairEn": "",
    "CabinetChairFr": "",
    "CabinetCommitteeMemberEn": "",
    "CabinetCommitteeMemberFr": "",
    "LeaderOpposition": "",
    "DeputyPrimeMinister": "",
    "SpeakerHouseOfCommons": "",
    "SpeakerSenate": "",
    "SpeakerProTempore": "",
    "DeputySpeaker": "",
    "AssistantDeputySpeakerChairEn": "",
    "AssistantDeputySpeakerChairFr": "",
    "MinisterOfEn": "",
    "MinisterOfFr": "",
    "AssociateMinisterOfEn": "",
    "AssociateMinisterOfFr": "",
    "MinisterOfStateOfEn": "",
    "MinisterOfStateOfFr": "",
    "SecretaryOfStateOfEn": "",
    "SecretaryOfStateOfFr": "",
    "ParliamentarySecretaryOfEn": "",
    "ParliamentarySecretaryOfFr": "",
    "ParliamentaryAssistantOfEn": "",
    "ParliamentaryAssistantOfFr": "",
    "PartyLeaderEn": "",
    "PartyLeaderFr": "",
    "HouseLeaderEn": "",
    "HouseLeaderFr": "",
    "DeputyHouseLeaderEn": "",
    "DeputyHouseLeaderFr": "",
    "WhipEn": "",
    "WhipFr": "",
    "DeputyWhipEn": "",
    "DeputyWhipFr": "",
    "CriticOfEn": "",
    "CriticOfFr": "",
    "AssistantCriticOfEn": "",
    "AssistantCriticOfFr": "",
    "TypeOfParliamentarianEn": "MP (1885/11/24 - 1887/02/21)<br>",
    "TypeOfParliamentarianFr": "D\u00e9put\u00e9 (1885/11/24 - 1887/02/21)<br>",
    "DiedInOffice": false,
    "PremiershipExperienceEn": "",
    "PremiershipExperienceFr": "",
    "ProvincialExperienceEn": "",
    "ProvincialExperienceFr": "",
    "MunicipalExperienceEn": "",
    "MunicipalExperienceFr": "",
    "MilitaryServiceEn": "Saint-John Light Infantry (1864 - 1868)<br>",
    "MilitaryServiceFr": "Infanterie l\u00e9g\u00e8re de Saint-John (1864 - 1868)<br>",
    "MinistryDurationEn": "",
    "MinistryDurationFr": "",
    "ProfessionsEn": ", lawyer",
    "ProfessionsFr": ", avocat",
    "LanguageEn": "",
    "LanguageFr": "",
    "IsPrimeMinister": false,
    "YearsOfServiceSegments": [
      {
        "TotalDays": 455,
        "Years": 1,
        "Months": 2,
        "Days": 29,
        "Hours": 0,
        "Minutes": 0,
        "Seconds": 0,
        "Milliseconds": 0
      }
    ],
    "IsCurrentlyInOffice": false,
    "IsCurrentlySenator": false,
    "IsCurrentlyMP": false,
    "HasMaidenSpeech": true,
    "_id": "59f8770be413e1389ffd1983",
    "LastUpdatedId": "000000000000000000000000",
    "LastModified": "0001-01-01T00:00:00",
    "ModifiedBy": null
  },
  "FederalExperience": [
    {
      "PersonRoleId": 115556,
      "NameFr": "Membre pour la circonscription",
      "StartDate": "1885-11-24T00:00:00Z",
      "StartDateIsApproximate": false,
      "EndDate": "1887-02-21T00:00:00Z",
      "EndDateIsApproximate": false,
      "EndReasonEn": null,
      "EndReasonFr": null,
      "EndReasonTypeEn": null,
      "EndReasonTypeFr": null,
      "SourceOfInformationEn": null,
      "SourceOfInformationFr": null,
      "IsActing": false,
      "ActingTextEn": null,
      "ActingTextFr": null,
      "HasCrossedTheFloor": false,
      "OrganizationId": 1963,
      "OrganizationLongEn": "St. John (City of )",
      "OrganizationLongFr": "Saint-Jean (Cit\u00e9 de)",
      "OrganizationShortEn": "",
      "OrganizationShortFr": "",
      "OrganizationAcronymEn": "",
      "OrganizationAcronymFr": "",
      "OrganizationTypeId": 35,
      "OrganizationTypeEn": "Constituency",
      "OrganizationTypeFr": "Circonscription",
      "OrganizationProvinceEn": "New Brunswick",
      "OrganizationProvinceFr": "Nouveau-Brunswick",
      "OrganizationHasProfile": true,
      "IsSenatorialDivision": false,
      "ToBeStyledAsEn": "",
      "ToBeStyledAsFr": "",
      "GroupId": 0,
      "Source": null,
      "PortFolioEn": null,
      "PortFolioFr": null,
      "Committee": null,
      "GroupingTitleEn": "Parliamentarian",
      "GroupingTitleFr": "Parlementaire",
      "GroupingOrder": 1,
      "ParliamentStart": "1883-02-08T00:00:00Z",
      "ParliamentEnd": "1887-01-15T00:00:00Z",
      "ParliamentNumber": 5,
      "PartyOrganizationId": 2158,
      "PartyEn": "Conservative (1867-1942)",
      "PartyFr": "Conservateur (1867-1942)",
      "PartyStartDate": "1885-11-24T00:00:00Z",
      "PartyEndDate": "1887-02-21T00:00:00Z",
      "PersonPersonId": 0,
      "PersonLastName": null,
      "PersonUsedFirstName": null,
      "PersonGender": null,
      "MemberOfParliament": {
        "OccupationTypeEn": "Continuous",
        "OccupationTypeFr": "Continue"
      },
      "IsMP": true,
      "IsSenator": false,
      "GovernorGeneral": null,
      "Documents": null,
      "Senator": null,
      "NotesEn": null,
      "NotesFr": null,
      "InternalNotes": null,
      "IsCurrent": "False",
      "RoleId": 719,
      "NameEn": "Constituency Member",
      "Ordinal": 240,
      "Classes": [
        {
          "RoleClassId": 49,
          "RoleClassOrdinal": 2,
          "RoleToRoleClassOrdinal": null,
          "RoleClassNameEn": "Salaries in the House of Commons",
          "RoleClassNameFr": "Salaires \u00e0 la Chambre des Communes"
        },
        {
          "RoleClassId": 105,
          "RoleClassOrdinal": null,
          "RoleToRoleClassOrdinal": null,
          "RoleClassNameEn": "Parliamentarian",
          "RoleClassNameFr": "Parlementaire"
        }
      ]
    },
    {
      "PersonRoleId": 10222,
      "NameFr": "Membre du parti",
      "StartDate": "1885-11-24T00:00:00Z",
      "StartDateIsApproximate": false,
      "EndDate": "1887-02-21T00:00:00Z",
      "EndDateIsApproximate": false,
      "EndReasonEn": null,
      "EndReasonFr": null,
      "EndReasonTypeEn": null,
      "EndReasonTypeFr": null,
      "SourceOfInformationEn": null,
      "SourceOfInformationFr": null,
      "IsActing": false,
      "ActingTextEn": null,
      "ActingTextFr": null,
      "HasCrossedTheFloor": false,
      "OrganizationId": 2158,
      "OrganizationLongEn": "Conservative (1867-1942)",
      "OrganizationLongFr": "Conservateur (1867-1942)",
      "OrganizationShortEn": "Conservative (1867-1942)",
      "OrganizationShortFr": "Conservateur (1867-1942)",
      "OrganizationAcronymEn": "Cons.",
      "OrganizationAcronymFr": "Cons.",
      "OrganizationTypeId": 4,
      "OrganizationTypeEn": "Party",
      "OrganizationTypeFr": "Parti",
      "OrganizationProvinceEn": null,
      "OrganizationProvinceFr": null,
      "OrganizationHasProfile": true,
      "IsSenatorialDivision": false,
      "ToBeStyledAsEn": "",
      "ToBeStyledAsFr": "",
      "GroupId": 0,
      "Source": null,
      "PortFolioEn": null,
      "PortFolioFr": null,
      "Committee": null,
      "GroupingTitleEn": "Parliamentarian",
      "GroupingTitleFr": "Parlementaire",
      "GroupingOrder": 1,
      "ParliamentStart": "1883-02-08T00:00:00Z",
      "ParliamentEnd": "1887-01-15T00:00:00Z",
      "ParliamentNumber": 5,
      "PartyOrganizationId": 2158,
      "PartyEn": "Conservative (1867-1942)",
      "PartyFr": "Conservateur (1867-1942)",
      "PartyStartDate": "1885-11-24T00:00:00Z",
      "PartyEndDate": "1887-02-21T00:00:00Z",
      "PersonPersonId": 0,
      "PersonLastName": null,
      "PersonUsedFirstName": null,
      "PersonGender": null,
      "MemberOfParliament": null,
      "IsMP": false,
      "IsSenator": false,
      "GovernorGeneral": null,
      "Documents": null,
      "Senator": null,
      "NotesEn": null,
      "NotesFr": null,
      "InternalNotes": null,
      "IsCurrent": "False",
      "RoleId": 722,
      "NameEn": "Party Member",
      "Ordinal": null,
      "Classes": [
        {
          "RoleClassId": 105,
          "RoleClassOrdinal": null,
          "RoleToRoleClassOrdinal": null,
          "RoleClassNameEn": "Parliamentarian",
          "RoleClassNameFr": "Parlementaire"
        }
      ]
    }
  ],
  "FederalExperienceList": [
    {
      "PersonRoleId": 10222,
      "NameFr": "Membre du parti",
      "StartDate": "1885-11-24T00:00:00Z",
      "StartDateIsApproximate": false,
      "EndDate": "1887-02-21T00:00:00Z",
      "EndDateIsApproximate": false,
      "EndReasonEn": null,
      "EndReasonFr": null,
      "EndReasonTypeEn": null,
      "EndReasonTypeFr": null,
      "SourceOfInformationEn": null,
      "SourceOfInformationFr": null,
      "IsActing": false,
      "ActingTextEn": null,
      "ActingTextFr": null,
      "HasCrossedTheFloor": false,
      "OrganizationId": 2158,
      "OrganizationLongEn": "Conservative (1867-1942)",
      "OrganizationLongFr": "Conservateur (1867-1942)",
      "OrganizationShortEn": "Conservative (1867-1942)",
      "OrganizationShortFr": "Conservateur (1867-1942)",
      "OrganizationAcronymEn": "Cons.",
      "OrganizationAcronymFr": "Cons.",
      "OrganizationTypeId": 4,
      "OrganizationTypeEn": "Party",
      "OrganizationTypeFr": "Parti",
      "OrganizationProvinceEn": null,
      "OrganizationProvinceFr": null,
      "OrganizationHasProfile": true,
      "IsSenatorialDivision": false,
      "ToBeStyledAsEn": "",
      "ToBeStyledAsFr": "",
      "GroupId": 0,
      "Source": null,
      "PortFolioEn": null,
      "PortFolioFr": null,
      "Committee": null,
      "GroupingTitleEn": "Parliamentarian",
      "GroupingTitleFr": "Parlementaire",
      "GroupingOrder": 1,
      "ParliamentStart": "1883-02-08T00:00:00Z",
      "ParliamentEnd": "1887-01-15T00:00:00Z",
      "ParliamentNumber": 5,
      "PartyOrganizationId": 2158,
      "PartyEn": "Conservative (1867-1942)",
      "PartyFr": "Conservateur (1867-1942)",
      "PartyStartDate": "1885-11-24T00:00:00Z",
      "PartyEndDate": "1887-02-21T00:00:00Z",
      "PersonPersonId": 0,
      "PersonLastName": null,
      "PersonUsedFirstName": null,
      "PersonGender": null,
      "MemberOfParliament": null,
      "IsMP": false,
      "IsSenator": false,
      "GovernorGeneral": null,
      "Documents": null,
      "Senator": null,
      "NotesEn": null,
      "NotesFr": null,
      "InternalNotes": null,
      "IsCurrent": "False",
      "RoleId": 722,
      "NameEn": "Party Member",
      "Ordinal": null,
      "Classes": [
        {
          "RoleClassId": 105,
          "RoleClassOrdinal": null,
          "RoleToRoleClassOrdinal": null,
          "RoleClassNameEn": "Parliamentarian",
          "RoleClassNameFr": "Parlementaire"
        }
      ]
    },
    {
      "PersonRoleId": 115556,
      "NameFr": "Membre pour la circonscription",
      "StartDate": "1885-11-24T00:00:00Z",
      "StartDateIsApproximate": false,
      "EndDate": "1887-02-21T00:00:00Z",
      "EndDateIsApproximate": false,
      "EndReasonEn": null,
      "EndReasonFr": null,
      "EndReasonTypeEn": null,
      "EndReasonTypeFr": null,
      "SourceOfInformationEn": null,
      "SourceOfInformationFr": null,
      "IsActing": false,
      "ActingTextEn": null,
      "ActingTextFr": null,
      "HasCrossedTheFloor": false,
      "OrganizationId": 1963,
      "OrganizationLongEn": "St. John (City of )",
      "OrganizationLongFr": "Saint-Jean (Cit\u00e9 de)",
      "OrganizationShortEn": "",
      "OrganizationShortFr": "",
      "OrganizationAcronymEn": "",
      "OrganizationAcronymFr": "",
      "OrganizationTypeId": 35,
      "OrganizationTypeEn": "Constituency",
      "OrganizationTypeFr": "Circonscription",
      "OrganizationProvinceEn": "New Brunswick",
      "OrganizationProvinceFr": "Nouveau-Brunswick",
      "OrganizationHasProfile": true,
      "IsSenatorialDivision": false,
      "ToBeStyledAsEn": "",
      "ToBeStyledAsFr": "",
      "GroupId": 0,
      "Source": null,
      "PortFolioEn": null,
      "PortFolioFr": null,
      "Committee": null,
      "GroupingTitleEn": "Parliamentarian",
      "GroupingTitleFr": "Parlementaire",
      "GroupingOrder": 1,
      "ParliamentStart": "1883-02-08T00:00:00Z",
      "ParliamentEnd": "1887-01-15T00:00:00Z",
      "ParliamentNumber": 5,
      "PartyOrganizationId": 2158,
      "PartyEn": "Conservative (1867-1942)",
      "PartyFr": "Conservateur (1867-1942)",
      "PartyStartDate": "1885-11-24T00:00:00Z",
      "PartyEndDate": "1887-02-21T00:00:00Z",
      "PersonPersonId": 0,
      "PersonLastName": null,
      "PersonUsedFirstName": null,
      "PersonGender": null,
      "MemberOfParliament": {
        "OccupationTypeEn": "Continuous",
        "OccupationTypeFr": "Continue"
      },
      "IsMP": true,
      "IsSenator": false,
      "GovernorGeneral": null,
      "Documents": null,
      "Senator": null,
      "NotesEn": null,
      "NotesFr": null,
      "InternalNotes": null,
      "IsCurrent": "False",
      "RoleId": 719,
      "NameEn": "Constituency Member",
      "Ordinal": 240,
      "Classes": [
        {
          "RoleClassId": 49,
          "RoleClassOrdinal": 2,
          "RoleToRoleClassOrdinal": null,
          "RoleClassNameEn": "Salaries in the House of Commons",
          "RoleClassNameFr": "Salaires \u00e0 la Chambre des Communes"
        },
        {
          "RoleClassId": 105,
          "RoleClassOrdinal": null,
          "RoleToRoleClassOrdinal": null,
          "RoleClassNameEn": "Parliamentarian",
          "RoleClassNameFr": "Parlementaire"
        }
      ]
    }
  ],
  "CommitteeMembership": [
    {
      "NameEn": "Member",
      "NameFr": "Membre",
      "RoleId": 226,
      "OrganizationId": 6838,
      "OrganizationLongEn": "Standing Committee on Privileges and Elections",
      "OrganizationLongFr": "Comit\u00e9 permanent des privil\u00e8ges et \u00e9lections",
      "OrganizationTypeEn": "Committee",
      "OrganizationTypeFr": "Comit\u00e9",
      "OrganizationTypeId": 27,
      "PartyEn": "Conservative (1867-1942)",
      "PartyFr": "Conservateur (1867-1942)",
      "CompositionTypeLongEn": "House of Commons",
      "CompositionTypeLongFr": "Chambre des communes",
      "CompositionTypeShortEn": "C",
      "CompositionTypeShortFr": "C",
      "CommitteeTypeEn": "Standing",
      "CommitteeTypeFr": "Permanent",
      "ParliamentNumber": 5,
      "SessionNumber": 4,
      "ShortEn": "4th",
      "ShortFr": "4e"
    },
    {
      "NameEn": "Member",
      "NameFr": "Membre",
      "RoleId": 226,
      "OrganizationId": 7024,
      "OrganizationLongEn": "Standing Committee on Railways, Canals and Telegraph Lines",
      "OrganizationLongFr": "Comit\u00e9 permanent des chemins de fer, canaux et lignes t\u00e9l\u00e9graphiques",
      "OrganizationTypeEn": "Committee",
      "OrganizationTypeFr": "Comit\u00e9",
      "OrganizationTypeId": 27,
      "PartyEn": "Conservative (1867-1942)",
      "PartyFr": "Conservateur (1867-1942)",
      "CompositionTypeLongEn": "House of Commons",
      "CompositionTypeLongFr": "Chambre des communes",
      "CompositionTypeShortEn": "C",
      "CompositionTypeShortFr": "C",
      "CommitteeTypeEn": "Standing",
      "CommitteeTypeFr": "Permanent",
      "ParliamentNumber": 5,
      "SessionNumber": 4,
      "ShortEn": "4th",
      "ShortFr": "4e"
    }
  ],
  "PublicOfficeExperience": null,
  "ProvincialExperience": null,
  "MilitaryExperience": [
    {
      "PersonRoleId": 10416,
      "NameFr": "Major",
      "StartDate": "1864-01-01T00:00:00Z",
      "StartDateIsApproximate": true,
      "EndDate": "1868-01-01T00:00:00Z",
      "EndDateIsApproximate": true,
      "EndReasonEn": null,
      "EndReasonFr": null,
      "EndReasonTypeEn": null,
      "EndReasonTypeFr": null,
      "SourceOfInformationEn": null,
      "SourceOfInformationFr": null,
      "IsActing": false,
      "ActingTextEn": null,
      "ActingTextFr": null,
      "HasCrossedTheFloor": false,
      "OrganizationId": 7561,
      "OrganizationLongEn": "Saint-John Light Infantry",
      "OrganizationLongFr": "Infanterie l\u00e9g\u00e8re de Saint-John",
      "OrganizationShortEn": "",
      "OrganizationShortFr": "",
      "OrganizationAcronymEn": "",
      "OrganizationAcronymFr": "",
      "OrganizationTypeId": 13,
      "OrganizationTypeEn": "Military",
      "OrganizationTypeFr": "Militaire",
      "OrganizationProvinceEn": null,
      "OrganizationProvinceFr": null,
      "OrganizationHasProfile": true,
      "IsSenatorialDivision": false,
      "ToBeStyledAsEn": "",
      "ToBeStyledAsFr": "",
      "GroupId": 0,
      "Source": null,
      "PortFolioEn": null,
      "PortFolioFr": null,
      "Committee": null,
      "GroupingTitleEn": null,
      "GroupingTitleFr": null,
      "GroupingOrder": 0,
      "ParliamentStart": null,
      "ParliamentEnd": null,
      "ParliamentNumber": 0,
      "PartyOrganizationId": 0,
      "PartyEn": null,
      "PartyFr": null,
      "PartyStartDate": null,
      "PartyEndDate": null,
      "PersonPersonId": 0,
      "PersonLastName": null,
      "PersonUsedFirstName": null,
      "PersonGender": null,
      "MemberOfParliament": null,
      "IsMP": false,
      "IsSenator": false,
      "GovernorGeneral": null,
      "Documents": null,
      "Senator": null,
      "NotesEn": null,
      "NotesFr": null,
      "InternalNotes": null,
      "IsCurrent": "False",
      "RoleId": 213,
      "NameEn": "Major",
      "Ordinal": null,
      "Classes": [
        {
          "RoleClassId": 103,
          "RoleClassOrdinal": null,
          "RoleToRoleClassOrdinal": null,
          "RoleClassNameEn": "Military",
          "RoleClassNameFr": "Militaire"
        }
      ]
    }
  ],
  "MunicipalExperience": null,
  "FamilyTiesInParliament": null,
  "Family": null,
  "Education": [
    {
      "SchoolNameLongEn": "University of New Brunswick",
      "SchoolNameLongFr": "Universit\u00e9 du Nouveau-Brunswick",
      "SchoolCityEn": "Fredericton",
      "SchoolCityFr": "Fredericton",
      "FieldOfStudyEn": "Arts",
      "FieldOfStudyFr": "Arts",
      "DiplomaLongEn": "Bachelor",
      "DiplomaLongFr": "Bachelier",
      "DiplomaShortEn": "B.A",
      "DiplomaShortFr": "B.A.",
      "GraduationYear": 1856
    },
    {
      "SchoolNameLongEn": "University of New Brunswick",
      "SchoolNameLongFr": "Universit\u00e9 du Nouveau-Brunswick",
      "SchoolCityEn": "Fredericton",
      "SchoolCityFr": "Fredericton",
      "FieldOfStudyEn": "Civil Law",
      "FieldOfStudyFr": "Droit civil",
      "DiplomaLongEn": "Doctorate",
      "DiplomaLongFr": "Doctorat",
      "DiplomaShortEn": "Dr",
      "DiplomaShortFr": "Dr",
      "GraduationYear": 1866
    },
    {
      "SchoolNameLongEn": "University of New Brunswick",
      "SchoolNameLongFr": "Universit\u00e9 du Nouveau-Brunswick",
      "SchoolCityEn": "Fredericton",
      "SchoolCityFr": "Fredericton",
      "FieldOfStudyEn": "Arts",
      "FieldOfStudyFr": "Arts",
      "DiplomaLongEn": "Master",
      "DiplomaLongFr": "Ma\u00eetrise",
      "DiplomaShortEn": "M.A.",
      "DiplomaShortFr": "M.A.",
      "GraduationYear": 1858
    },
    {
      "SchoolNameLongEn": "University of New Brunswick",
      "SchoolNameLongFr": "Universit\u00e9 du Nouveau-Brunswick",
      "SchoolCityEn": "Fredericton",
      "SchoolCityFr": "Fredericton",
      "FieldOfStudyEn": "Civil Law",
      "FieldOfStudyFr": "Droit civil",
      "DiplomaLongEn": "Bachelor",
      "DiplomaLongFr": "Bachelier",
      "DiplomaShortEn": "B.A",
      "DiplomaShortFr": "B.A.",
      "GraduationYear": 1861
    }
  ],
  "PictureId": 8132,
  "PictureCopyrightEn": null,
  "PictureCopyrightFr": null,
  "PictureCreditEn": "The Canadian album : men of Canada.  Brantford : Bradley, Garretson, 1891-96, vol. 3.",
  "PictureCreditFr": "The Canadian album : men of Canada.  Brantford : Bradley, Garretson, 1891-96, vol. 3.",
  "DisplayTitleEn": "Sir Frederick Eustace Barker, Q.C., M.P.",
  "DisplayTitleFr": "Sir Frederick Eustace Barker, c.r., d\u00e9put\u00e9",
  "PlaceOfBirthEn": "Sheffield, New Brunswick, Canada",
  "PlaceOfBirthFr": "Sheffield, Nouveau-Brunswick, Canada",
  "ProfessionsEn": "lawyer",
  "ProfessionsFr": "avocat",
  "PreferredLanguageEn": "",
  "PreferredLanguageFr": "",
  "PlaceOfBurialEn": ", , ",
  "PlaceOfBurialFr": ", , "
}