{
  "Person": {
    "PersonId": 10573,
    "HOCPersonId": 0,
    "SenatePersonId": 0,
    "FormalFirstName": null,
    "UsedFirstName": "Albert",
    "MiddleName": null,
    "MaidenName": null,
    "LastName": "Fish",
    "IsDraftProfile": false,
    "DateOfBirth": "1922-01-01T00:00:00Z",
    "DateOfBirthIsApproximate": true,
    "DoNotDiscloseDateOfBirth": false,
    "DoNotDiscloseBirthLocation": false,
    "CityOfBirthEn": "Preston",
    "CityOfBirthFr": "Preston",
    "ProvinceOfBirthEn": null,
    "ProvinceOfBirthFr": null,
    "CountryOfBirthFr": "Angleterre",
    "CountryOfBirthEn": "England",
    "Gender": "M",
    "EthnicityLongEn": null,
    "EthnicityLongFr": null,
    "IsCanadianOrigin": false,
    "InternalNotes": null,
    "ExternalNotesEn": null,
    "ExternalNotesFr": null,
    "ReligionEn": null,
    "ReligionFr": null,
    "Professions": [
      {
        "NameEn": "real estate appraiser",
        "NameFr": "\u00e9valuateur de biens immobiliers",
        "SearchKeyWordsEn": "",
        "SearchKeyWordsFr": "",
        "ProfessionTypeEn": "Administration and business -  Skilled occupations",
        "ProfessionTypeFr": "Administration et travail de bureau - Personnel sp\u00e9cialis\u00e9",
        "Ordinal": null
      }
    ],
    "Languages": [],
    "Education": [],
    "FamilyRelations": [],
    "Pictures": [
      {
        "PictureId": 3283,
        "PictureDate": null,
        "TypeEn": "Photographer",
        "TypeFr": "Photographe",
        "PhotographerEn": "Unknown",
        "PhotographerFr": "Inconnu",
        "CreditsEn": "House of Commons",
        "CreditsFr": "Chambre des communes",
        "CopyRightsEn": "House of Commons 1979",
        "CopyRightsFr": "Chambre des communes 1979",
        "DisplayForWeb": true,
        "InternalNotes": null
      }
    ],
    "Titles": [],
    "Roles": [
      {
        "PersonRoleId": 130847,
        "NameFr": "Participant",
        "StartDate": null,
        "StartDateIsApproximate": false,
        "EndDate": null,
        "EndDateIsApproximate": false,
        "EndReasonEn": null,
        "EndReasonFr": null,
        "EndReasonTypeEn": null,
        "EndReasonTypeFr": null,
        "SourceOfInformationEn": null,
        "SourceOfInformationFr": null,
        "IsActing": false,
        "ActingTextEn": null,
        "ActingTextFr": null,
        "HasCrossedTheFloor": false,
        "OrganizationId": 10070,
        "OrganizationLongEn": "World War II, 1939-1945",
        "OrganizationLongFr": "Deuxi\u00e8me Guerre mondiale , 1939-1945",
        "OrganizationShortEn": "",
        "OrganizationShortFr": "",
        "OrganizationAcronymEn": "1939-1945",
        "OrganizationAcronymFr": "",
        "OrganizationTypeId": 24,
        "OrganizationTypeEn": "War",
        "OrganizationTypeFr": "Guerre",
        "OrganizationProvinceEn": null,
        "OrganizationProvinceFr": null,
        "OrganizationHasProfile": true,
        "IsSenatorialDivision": false,
        "ToBeStyledAsEn": "",
        "ToBeStyledAsFr": "",
        "GroupId": 0,
        "Source": null,
        "PortFolioEn": null,
        "PortFolioFr": null,
        "Committee": null,
        "GroupingTitleEn": null,
        "GroupingTitleFr": null,
        "GroupingOrder": 0,
        "ParliamentStart": null,
        "ParliamentEnd": null,
        "ParliamentNumber": 0,
        "PartyOrganizationId": 0,
        "PartyEn": null,
        "PartyFr": null,
        "PartyStartDate": null,
        "PartyEndDate": null,
        "PersonPersonId": 0,
        "PersonLastName": null,
        "PersonUsedFirstName": null,
        "MemberOfParliament": null,
        "IsMP": false,
        "IsSenator": false,
        "GovernorGeneral": null,
        "Documents": null,
        "Senator": null,
        "NotesEn": null,
        "NotesFr": null,
        "InternalNotes": null,
        "IsCurrent": "True",
        "RoleId": 482,
        "NameEn": "Participant",
        "Ordinal": null,
        "Classes": [
          {
            "RoleClassId": 103,
            "RoleClassOrdinal": null,
            "RoleToRoleClassOrdinal": null,
            "RoleClassNameEn": "Military",
            "RoleClassNameFr": "Militaire"
          }
        ]
      },
      {
        "PersonRoleId": 130846,
        "NameFr": "Militaire",
        "StartDate": null,
        "StartDateIsApproximate": false,
        "EndDate": null,
        "EndDateIsApproximate": false,
        "EndReasonEn": null,
        "EndReasonFr": null,
        "EndReasonTypeEn": null,
        "EndReasonTypeFr": null,
        "SourceOfInformationEn": null,
        "SourceOfInformationFr": null,
        "IsActing": false,
        "ActingTextEn": null,
        "ActingTextFr": null,
        "HasCrossedTheFloor": false,
        "OrganizationId": 1204,
        "OrganizationLongEn": "British Army",
        "OrganizationLongFr": "Arm\u00e9e britannique",
        "OrganizationShortEn": "",
        "OrganizationShortFr": "",
        "OrganizationAcronymEn": "",
        "OrganizationAcronymFr": "",
        "OrganizationTypeId": 13,
        "OrganizationTypeEn": "Military",
        "OrganizationTypeFr": "Militaire",
        "OrganizationProvinceEn": null,
        "OrganizationProvinceFr": null,
        "OrganizationHasProfile": true,
        "IsSenatorialDivision": false,
        "ToBeStyledAsEn": "",
        "ToBeStyledAsFr": "",
        "GroupId": 0,
        "Source": null,
        "PortFolioEn": null,
        "PortFolioFr": null,
        "Committee": null,
        "GroupingTitleEn": null,
        "GroupingTitleFr": null,
        "GroupingOrder": 0,
        "ParliamentStart": null,
        "ParliamentEnd": null,
        "ParliamentNumber": 0,
        "PartyOrganizationId": 0,
        "PartyEn": null,
        "PartyFr": null,
        "PartyStartDate": null,
        "PartyEndDate": null,
        "PersonPersonId": 0,
        "PersonLastName": null,
        "PersonUsedFirstName": null,
        "MemberOfParliament": null,
        "IsMP": false,
        "IsSenator": false,
        "GovernorGeneral": null,
        "Documents": null,
        "Senator": null,
        "NotesEn": "Served in the Royal Air Force during World War II.",
        "NotesFr": "A servi dans la Royal Air Force pendant la Deuxi\u00e8me Guerre mondiale.",
        "InternalNotes": null,
        "IsCurrent": "True",
        "RoleId": 847,
        "NameEn": "Military",
        "Ordinal": null,
        "Classes": [
          {
            "RoleClassId": 103,
            "RoleClassOrdinal": null,
            "RoleToRoleClassOrdinal": null,
            "RoleClassNameEn": "Military",
            "RoleClassNameFr": "Militaire"
          }
        ]
      },
      {
        "PersonRoleId": 81208,
        "NameFr": "Membre du caucus",
        "StartDate": "1979-10-09T00:00:00Z",
        "StartDateIsApproximate": false,
        "EndDate": "1979-12-14T00:00:00Z",
        "EndDateIsApproximate": false,
        "EndReasonEn": null,
        "EndReasonFr": null,
        "EndReasonTypeEn": null,
        "EndReasonTypeFr": null,
        "SourceOfInformationEn": null,
        "SourceOfInformationFr": null,
        "IsActing": false,
        "ActingTextEn": null,
        "ActingTextFr": null,
        "HasCrossedTheFloor": false,
        "OrganizationId": 6876,
        "OrganizationLongEn": "Progressive Conservative Party",
        "OrganizationLongFr": "Parti progressiste-conservateur",
        "OrganizationShortEn": "Progressive Conservative",
        "OrganizationShortFr": "Progressiste-conservateur",
        "OrganizationAcronymEn": "P.C.",
        "OrganizationAcronymFr": "P.-C.",
        "OrganizationTypeId": 4,
        "OrganizationTypeEn": "Party",
        "OrganizationTypeFr": "Parti",
        "OrganizationProvinceEn": null,
        "OrganizationProvinceFr": null,
        "OrganizationHasProfile": true,
        "IsSenatorialDivision": false,
        "ToBeStyledAsEn": null,
        "ToBeStyledAsFr": null,
        "GroupId": 0,
        "Source": null,
        "PortFolioEn": null,
        "PortFolioFr": null,
        "Committee": null,
        "GroupingTitleEn": null,
        "GroupingTitleFr": null,
        "GroupingOrder": 0,
        "ParliamentStart": null,
        "ParliamentEnd": null,
        "ParliamentNumber": 0,
        "PartyOrganizationId": 0,
        "PartyEn": null,
        "PartyFr": null,
        "PartyStartDate": null,
        "PartyEndDate": null,
        "PersonPersonId": 0,
        "PersonLastName": null,
        "PersonUsedFirstName": null,
        "MemberOfParliament": null,
        "IsMP": false,
        "IsSenator": false,
        "GovernorGeneral": null,
        "Documents": null,
        "Senator": null,
        "NotesEn": null,
        "NotesFr": null,
        "InternalNotes": null,
        "IsCurrent": "False",
        "RoleId": 2998,
        "NameEn": "Caucus Member",
        "Ordinal": null,
        "Classes": []
      },
      {
        "PersonRoleId": 34238,
        "NameFr": "Membre du parti",
        "StartDate": "1979-05-22T00:00:00Z",
        "StartDateIsApproximate": false,
        "EndDate": "1980-02-17T00:00:00Z",
        "EndDateIsApproximate": false,
        "EndReasonEn": null,
        "EndReasonFr": null,
        "EndReasonTypeEn": null,
        "EndReasonTypeFr": null,
        "SourceOfInformationEn": null,
        "SourceOfInformationFr": null,
        "IsActing": false,
        "ActingTextEn": null,
        "ActingTextFr": null,
        "HasCrossedTheFloor": false,
        "OrganizationId": 6876,
        "OrganizationLongEn": "Progressive Conservative Party",
        "OrganizationLongFr": "Parti progressiste-conservateur",
        "OrganizationShortEn": "Progressive Conservative",
        "OrganizationShortFr": "Progressiste-conservateur",
        "OrganizationAcronymEn": "P.C.",
        "OrganizationAcronymFr": "P.-C.",
        "OrganizationTypeId": 4,
        "OrganizationTypeEn": "Party",
        "OrganizationTypeFr": "Parti",
        "OrganizationProvinceEn": null,
        "OrganizationProvinceFr": null,
        "OrganizationHasProfile": true,
        "IsSenatorialDivision": false,
        "ToBeStyledAsEn": "",
        "ToBeStyledAsFr": "",
        "GroupId": 0,
        "Source": null,
        "PortFolioEn": null,
        "PortFolioFr": null,
        "Committee": null,
        "GroupingTitleEn": "Parliamentarian",
        "GroupingTitleFr": "Parlementaire",
        "GroupingOrder": 1,
        "ParliamentStart": "1979-10-09T00:00:00Z",
        "ParliamentEnd": "1979-12-14T00:00:00Z",
        "ParliamentNumber": 31,
        "PartyOrganizationId": 6876,
        "PartyEn": "Progressive Conservative Party",
        "PartyFr": "Parti progressiste-conservateur",
        "PartyStartDate": "1979-05-22T00:00:00Z",
        "PartyEndDate": "1980-02-17T00:00:00Z",
        "PersonPersonId": 0,
        "PersonLastName": null,
        "PersonUsedFirstName": null,
        "MemberOfParliament": null,
        "IsMP": false,
        "IsSenator": false,
        "GovernorGeneral": null,
        "Documents": null,
        "Senator": null,
        "NotesEn": null,
        "NotesFr": null,
        "InternalNotes": null,
        "IsCurrent": "False",
        "RoleId": 722,
        "NameEn": "Party Member",
        "Ordinal": null,
        "Classes": [
          {
            "RoleClassId": 105,
            "RoleClassOrdinal": null,
            "RoleToRoleClassOrdinal": null,
            "RoleClassNameEn": "Parliamentarian",
            "RoleClassNameFr": "Parlementaire"
          }
        ]
      },
      {
        "PersonRoleId": 5332,
        "NameFr": "Membre pour la circonscription",
        "StartDate": "1979-05-22T00:00:00Z",
        "StartDateIsApproximate": false,
        "EndDate": "1980-02-17T00:00:00Z",
        "EndDateIsApproximate": false,
        "EndReasonEn": null,
        "EndReasonFr": null,
        "EndReasonTypeEn": null,
        "EndReasonTypeFr": null,
        "SourceOfInformationEn": null,
        "SourceOfInformationFr": null,
        "IsActing": false,
        "ActingTextEn": null,
        "ActingTextFr": null,
        "HasCrossedTheFloor": false,
        "OrganizationId": 3435,
        "OrganizationLongEn": "Guelph",
        "OrganizationLongFr": "Guelph",
        "OrganizationShortEn": "",
        "OrganizationShortFr": "",
        "OrganizationAcronymEn": "",
        "OrganizationAcronymFr": "",
        "OrganizationTypeId": 35,
        "OrganizationTypeEn": "Constituency",
        "OrganizationTypeFr": "Circonscription",
        "OrganizationProvinceEn": "Ontario",
        "OrganizationProvinceFr": "Ontario",
        "OrganizationHasProfile": true,
        "IsSenatorialDivision": false,
        "ToBeStyledAsEn": "",
        "ToBeStyledAsFr": "",
        "GroupId": 0,
        "Source": null,
        "PortFolioEn": null,
        "PortFolioFr": null,
        "Committee": null,
        "GroupingTitleEn": "Parliamentarian",
        "GroupingTitleFr": "Parlementaire",
        "GroupingOrder": 1,
        "ParliamentStart": "1979-10-09T00:00:00Z",
        "ParliamentEnd": "1979-12-14T00:00:00Z",
        "ParliamentNumber": 31,
        "PartyOrganizationId": 6876,
        "PartyEn": "Progressive Conservative Party",
        "PartyFr": "Parti progressiste-conservateur",
        "PartyStartDate": "1979-05-22T00:00:00Z",
        "PartyEndDate": "1980-02-17T00:00:00Z",
        "PersonPersonId": 0,
        "PersonLastName": null,
        "PersonUsedFirstName": null,
        "MemberOfParliament": {
          "OccupationTypeEn": "Continuous",
          "OccupationTypeFr": "Continue"
        },
        "IsMP": true,
        "IsSenator": false,
        "GovernorGeneral": null,
        "Documents": null,
        "Senator": null,
        "NotesEn": null,
        "NotesFr": null,
        "InternalNotes": null,
        "IsCurrent": "False",
        "RoleId": 719,
        "NameEn": "Constituency Member",
        "Ordinal": 240,
        "Classes": [
          {
            "RoleClassId": 49,
            "RoleClassOrdinal": 2,
            "RoleToRoleClassOrdinal": null,
            "RoleClassNameEn": "Salaries in the House of Commons",
            "RoleClassNameFr": "Salaires \u00e0 la Chambre des Communes"
          },
          {
            "RoleClassId": 105,
            "RoleClassOrdinal": null,
            "RoleToRoleClassOrdinal": null,
            "RoleClassNameEn": "Parliamentarian",
            "RoleClassNameFr": "Parlementaire"
          }
        ]
      },
      {
        "PersonRoleId": 110558,
        "NameFr": "Membre",
        "StartDate": "1979-10-09T00:00:00Z",
        "StartDateIsApproximate": false,
        "EndDate": "1979-12-14T00:00:00Z",
        "EndDateIsApproximate": false,
        "EndReasonEn": null,
        "EndReasonFr": null,
        "EndReasonTypeEn": null,
        "EndReasonTypeFr": null,
        "SourceOfInformationEn": null,
        "SourceOfInformationFr": null,
        "IsActing": false,
        "ActingTextEn": null,
        "ActingTextFr": null,
        "HasCrossedTheFloor": false,
        "OrganizationId": 8609,
        "OrganizationLongEn": "Standing Committee on Health, Welfare and Social Affairs",
        "OrganizationLongFr": "Comit\u00e9 permanent de la sant\u00e9, du bien-\u00eatre et des affaires sociales",
        "OrganizationShortEn": "Health, Welfare and Social Affairs",
        "OrganizationShortFr": "Sant\u00e9, bien-\u00eatre et affaires sociales",
        "OrganizationAcronymEn": "",
        "OrganizationAcronymFr": "",
        "OrganizationTypeId": 27,
        "OrganizationTypeEn": "Committee",
        "OrganizationTypeFr": "Comit\u00e9",
        "OrganizationProvinceEn": null,
        "OrganizationProvinceFr": null,
        "OrganizationHasProfile": true,
        "IsSenatorialDivision": false,
        "ToBeStyledAsEn": "",
        "ToBeStyledAsFr": "",
        "GroupId": 0,
        "Source": null,
        "PortFolioEn": null,
        "PortFolioFr": null,
        "Committee": {
          "OrganizationId": 0,
          "SenateCommitteeId": 0,
          "CommitteeTypeId": 5,
          "CommitteeTypeEn": "Standing",
          "CommitteeTypeFr": "Permanent",
          "CompositionTypeId": 3,
          "CompositionTypeLongEn": "House of Commons",
          "CompositionTypeLongFr": "Chambre des communes",
          "CompositionTypeShortEn": "C",
          "CompositionTypeShortFr": "C",
          "Sessions": [
            {
              "SessionId": 0,
              "SessionNumber": 1,
              "ParliamentNumber": 31,
              "StartDate": "1979-10-09T00:00:00Z",
              "EndDate": "1979-12-14T00:00:00Z",
              "ShortEn": "1st",
              "ShortFr": "1\u00e8re"
            }
          ],
          "Mandates": null
        },
        "GroupingTitleEn": null,
        "GroupingTitleFr": null,
        "GroupingOrder": 0,
        "ParliamentStart": null,
        "ParliamentEnd": null,
        "ParliamentNumber": 0,
        "PartyOrganizationId": 6876,
        "PartyEn": "Progressive Conservative Party",
        "PartyFr": "Parti progressiste-conservateur",
        "PartyStartDate": "1979-05-22T00:00:00Z",
        "PartyEndDate": "1980-02-17T00:00:00Z",
        "PersonPersonId": 0,
        "PersonLastName": null,
        "PersonUsedFirstName": null,
        "MemberOfParliament": null,
        "IsMP": false,
        "IsSenator": false,
        "GovernorGeneral": null,
        "Documents": null,
        "Senator": null,
        "NotesEn": null,
        "NotesFr": null,
        "InternalNotes": null,
        "IsCurrent": "False",
        "RoleId": 226,
        "NameEn": "Member",
        "Ordinal": 300,
        "Classes": [
          {
            "RoleClassId": 33,
            "RoleClassOrdinal": null,
            "RoleToRoleClassOrdinal": null,
            "RoleClassNameEn": "Committee",
            "RoleClassNameFr": "Comit\u00e9"
          },
          {
            "RoleClassId": 113,
            "RoleClassOrdinal": null,
            "RoleToRoleClassOrdinal": null,
            "RoleClassNameEn": "ElectionProcessCloseDissolution",
            "RoleClassNameFr": "ElectionProcessCloseDissolution"
          }
        ]
      },
      {
        "PersonRoleId": 130890,
        "NameFr": "Membre",
        "StartDate": "1979-10-09T00:00:00Z",
        "StartDateIsApproximate": false,
        "EndDate": "1979-12-14T00:00:00Z",
        "EndDateIsApproximate": false,
        "EndReasonEn": null,
        "EndReasonFr": null,
        "EndReasonTypeEn": null,
        "EndReasonTypeFr": null,
        "SourceOfInformationEn": null,
        "SourceOfInformationFr": null,
        "IsActing": false,
        "ActingTextEn": null,
        "ActingTextFr": null,
        "HasCrossedTheFloor": false,
        "OrganizationId": 2927,
        "OrganizationLongEn": "Standing Committee on External Affairs and National Defence",
        "OrganizationLongFr": "Comit\u00e9 permanent des affaires ext\u00e9rieures et de la d\u00e9fense nationale",
        "OrganizationShortEn": "External Affairs and National Defence",
        "OrganizationShortFr": "Affaires ext\u00e9rieures et d\u00e9fense nationale",
        "OrganizationAcronymEn": "",
        "OrganizationAcronymFr": "",
        "OrganizationTypeId": 27,
        "OrganizationTypeEn": "Committee",
        "OrganizationTypeFr": "Comit\u00e9",
        "OrganizationProvinceEn": null,
        "OrganizationProvinceFr": null,
        "OrganizationHasProfile": true,
        "IsSenatorialDivision": false,
        "ToBeStyledAsEn": "",
        "ToBeStyledAsFr": "",
        "GroupId": 0,
        "Source": null,
        "PortFolioEn": null,
        "PortFolioFr": null,
        "Committee": {
          "OrganizationId": 0,
          "SenateCommitteeId": 0,
          "CommitteeTypeId": 5,
          "CommitteeTypeEn": "Standing",
          "CommitteeTypeFr": "Permanent",
          "CompositionTypeId": 3,
          "CompositionTypeLongEn": "House of Commons",
          "CompositionTypeLongFr": "Chambre des communes",
          "CompositionTypeShortEn": "C",
          "CompositionTypeShortFr": "C",
          "Sessions": [
            {
              "SessionId": 0,
              "SessionNumber": 1,
              "ParliamentNumber": 31,
              "StartDate": "1979-10-09T00:00:00Z",
              "EndDate": "1979-12-14T00:00:00Z",
              "ShortEn": "1st",
              "ShortFr": "1\u00e8re"
            }
          ],
          "Mandates": null
        },
        "GroupingTitleEn": null,
        "GroupingTitleFr": null,
        "GroupingOrder": 0,
        "ParliamentStart": null,
        "ParliamentEnd": null,
        "ParliamentNumber": 0,
        "PartyOrganizationId": 6876,
        "PartyEn": "Progressive Conservative Party",
        "PartyFr": "Parti progressiste-conservateur",
        "PartyStartDate": "1979-05-22T00:00:00Z",
        "PartyEndDate": "1980-02-17T00:00:00Z",
        "PersonPersonId": 0,
        "PersonLastName": null,
        "PersonUsedFirstName": null,
        "MemberOfParliament": null,
        "IsMP": false,
        "IsSenator": false,
        "GovernorGeneral": null,
        "Documents": null,
        "Senator": null,
        "NotesEn": null,
        "NotesFr": null,
        "InternalNotes": null,
        "IsCurrent": "False",
        "RoleId": 226,
        "NameEn": "Member",
        "Ordinal": 300,
        "Classes": [
          {
            "RoleClassId": 33,
            "RoleClassOrdinal": null,
            "RoleToRoleClassOrdinal": null,
            "RoleClassNameEn": "Committee",
            "RoleClassNameFr": "Comit\u00e9"
          },
          {
            "RoleClassId": 113,
            "RoleClassOrdinal": null,
            "RoleToRoleClassOrdinal": null,
            "RoleClassNameEn": "ElectionProcessCloseDissolution",
            "RoleClassNameFr": "ElectionProcessCloseDissolution"
          }
        ]
      },
      {
        "PersonRoleId": 131062,
        "NameFr": "Membre",
        "StartDate": "1979-10-09T00:00:00Z",
        "StartDateIsApproximate": false,
        "EndDate": "1979-12-14T00:00:00Z",
        "EndDateIsApproximate": false,
        "EndReasonEn": null,
        "EndReasonFr": null,
        "EndReasonTypeEn": null,
        "EndReasonTypeFr": null,
        "SourceOfInformationEn": null,
        "SourceOfInformationFr": null,
        "IsActing": false,
        "ActingTextEn": null,
        "ActingTextFr": null,
        "HasCrossedTheFloor": false,
        "OrganizationId": 4846,
        "OrganizationLongEn": "Standing Joint Committee on the Library of Parliament",
        "OrganizationLongFr": "Comit\u00e9 mixte permanent de la Biblioth\u00e8que du Parlement",
        "OrganizationShortEn": "Library of Parliament",
        "OrganizationShortFr": "Biblioth\u00e8que du Parlement",
        "OrganizationAcronymEn": "BILI",
        "OrganizationAcronymFr": "BILI",
        "OrganizationTypeId": 27,
        "OrganizationTypeEn": "Committee",
        "OrganizationTypeFr": "Comit\u00e9",
        "OrganizationProvinceEn": null,
        "OrganizationProvinceFr": null,
        "OrganizationHasProfile": true,
        "IsSenatorialDivision": false,
        "ToBeStyledAsEn": "",
        "ToBeStyledAsFr": "",
        "GroupId": 0,
        "Source": null,
        "PortFolioEn": null,
        "PortFolioFr": null,
        "Committee": {
          "OrganizationId": 0,
          "SenateCommitteeId": 0,
          "CommitteeTypeId": 5,
          "CommitteeTypeEn": "Standing",
          "CommitteeTypeFr": "Permanent",
          "CompositionTypeId": 8,
          "CompositionTypeLongEn": "Joint",
          "CompositionTypeLongFr": "Mixte",
          "CompositionTypeShortEn": "J",
          "CompositionTypeShortFr": "J",
          "Sessions": [
            {
              "SessionId": 0,
              "SessionNumber": 1,
              "ParliamentNumber": 31,
              "StartDate": "1979-10-09T00:00:00Z",
              "EndDate": "1979-12-14T00:00:00Z",
              "ShortEn": "1st",
              "ShortFr": "1\u00e8re"
            }
          ],
          "Mandates": null
        },
        "GroupingTitleEn": null,
        "GroupingTitleFr": null,
        "GroupingOrder": 0,
        "ParliamentStart": null,
        "ParliamentEnd": null,
        "ParliamentNumber": 0,
        "PartyOrganizationId": 6876,
        "PartyEn": "Progressive Conservative Party",
        "PartyFr": "Parti progressiste-conservateur",
        "PartyStartDate": "1979-05-22T00:00:00Z",
        "PartyEndDate": "1980-02-17T00:00:00Z",
        "PersonPersonId": 0,
        "PersonLastName": null,
        "PersonUsedFirstName": null,
        "MemberOfParliament": null,
        "IsMP": false,
        "IsSenator": false,
        "GovernorGeneral": null,
        "Documents": null,
        "Senator": null,
        "NotesEn": null,
        "NotesFr": null,
        "InternalNotes": null,
        "IsCurrent": "False",
        "RoleId": 226,
        "NameEn": "Member",
        "Ordinal": 300,
        "Classes": [
          {
            "RoleClassId": 33,
            "RoleClassOrdinal": null,
            "RoleToRoleClassOrdinal": null,
            "RoleClassNameEn": "Committee",
            "RoleClassNameFr": "Comit\u00e9"
          },
          {
            "RoleClassId": 113,
            "RoleClassOrdinal": null,
            "RoleToRoleClassOrdinal": null,
            "RoleClassNameEn": "ElectionProcessCloseDissolution",
            "RoleClassNameFr": "ElectionProcessCloseDissolution"
          }
        ]
      }
    ],
    "HillAddresses": null,
    "ConstituencyAddresses": null,
    "WebLinks": [],
    "Bibliography": null,
    "ElectionCandidates": [
      {
        "ElectionCandidateId": 2825,
        "ParliamentNumber": 31,
        "ElectionId": 204,
        "ElectionDate": "1979-05-22T00:00:00Z",
        "IsGeneral": true,
        "OrganizationId": 3435,
        "ConstituencyEn": "Guelph",
        "ConstituencyFr": "Guelph",
        "ProvinceEn": null,
        "ProvinceFr": null,
        "PersonRoleId": null,
        "ElectionCanadaFirstName": "Albert",
        "ElectionCanadaLastName": "FISH",
        "ElectionCanadaMiddleName": null,
        "Gender": "M",
        "OccupationEn": "Real estate appraiser",
        "OccupationFr": "Estimateur de valeurs immobili\u00e8res",
        "PartyOrganizationId": 6876,
        "PartyNameEn": "Progressive Conservative Party",
        "PartyNameFr": "Parti progressiste-conservateur",
        "Votes": 18149,
        "ResultLongEn": "Elected",
        "ResultLongFr": "\u00c9lu",
        "OtherResultLongEn": null,
        "OtherResultLongFr": null,
        "NotesEn": null,
        "NotesFr": null,
        "InternalNotes": null
      },
      {
        "ElectionCandidateId": 2826,
        "ParliamentNumber": 32,
        "ElectionId": 168,
        "ElectionDate": "1980-02-18T00:00:00Z",
        "IsGeneral": true,
        "OrganizationId": 3435,
        "ConstituencyEn": "Guelph",
        "ConstituencyFr": "Guelph",
        "ProvinceEn": null,
        "ProvinceFr": null,
        "PersonRoleId": null,
        "ElectionCanadaFirstName": "Albert",
        "ElectionCanadaLastName": "FISH",
        "ElectionCanadaMiddleName": null,
        "Gender": "M",
        "OccupationEn": "Appraiser",
        "OccupationFr": "Estimateur",
        "PartyOrganizationId": 6876,
        "PartyNameEn": "Progressive Conservative Party",
        "PartyNameFr": "Parti progressiste-conservateur",
        "Votes": 16539,
        "ResultLongEn": "Defeated",
        "ResultLongFr": "D\u00e9fait",
        "OtherResultLongEn": null,
        "OtherResultLongFr": null,
        "NotesEn": null,
        "NotesFr": null,
        "InternalNotes": null
      }
    ],
    "Death": {
      "DateOfDeath": "2006-04-05T00:00:00Z",
      "DateOfDeathIsApproximate": false,
      "DeceasedOnDuty": false,
      "RecordNotFound": false,
      "CauseOfDeathEn": null,
      "CauseOfDeathFr": null,
      "CemetaryNameEn": null,
      "CemetaryNameFr": null,
      "CemetaryCityEn": null,
      "CemetaryCityFr": null,
      "CemetaryProvinceEn": null,
      "CemetaryProvinceFr": null,
      "CemetaryCountryEn": null,
      "CemetaryCountryFr": null,
      "FuneralDate": null,
      "StateLayFuneralLocationEn": null,
      "StateLayFuneralLocationFr": null,
      "StateLayFuneralStartDate": null,
      "StateLayFuneralEndDate": null,
      "ReferenceOfStateLay": null
    },
    "PrimeMinister": null,
    "Parliaments": null,
    "Age": 84,
    "DisplayName": "Fish, Albert",
    "StraightDisplayName": "Albert Fish",
    "PartyEn": "Progressive Conservative Party (1979/05/22 - 1980/02/17)<br>",
    "PartyFr": "Parti progressiste-conservateur (1979/05/22 - 1980/02/17)<br>",
    "ConstituencyEn": "Guelph (1979/05/22 - 1980/02/17)<br>",
    "ConstituencyFr": "Guelph (1979/05/22 - 1980/02/17)<br>",
    "CurrentPartyEn": "Progressive Conservative Party",
    "CurrentPartyFr": "Parti progressiste-conservateur",
    "CurrentConstituencyEn": "Guelph",
    "CurrentConstituencyFr": "Guelph",
    "ProvinceEn": "Ontario<br>",
    "ProvinceFr": "Ontario<br>",
    "PrimeMinisterEn": "",
    "PrimeMinisterFr": "",
    "CabinetChairEn": "",
    "CabinetChairFr": "",
    "CabinetCommitteeMemberEn": "",
    "CabinetCommitteeMemberFr": "",
    "LeaderOpposition": "",
    "DeputyPrimeMinister": "",
    "SpeakerHouseOfCommons": "",
    "SpeakerSenate": "",
    "SpeakerProTempore": "",
    "DeputySpeaker": "",
    "AssistantDeputySpeakerChairEn": "",
    "AssistantDeputySpeakerChairFr": "",
    "MinisterOfEn": "",
    "MinisterOfFr": "",
    "AssociateMinisterOfEn": "",
    "AssociateMinisterOfFr": "",
    "MinisterOfStateOfEn": "",
    "MinisterOfStateOfFr": "",
    "SecretaryOfStateOfEn": "",
    "SecretaryOfStateOfFr": "",
    "ParliamentarySecretaryOfEn": "",
    "ParliamentarySecretaryOfFr": "",
    "ParliamentaryAssistantOfEn": "",
    "ParliamentaryAssistantOfFr": "",
    "PartyLeaderEn": "",
    "PartyLeaderFr": "",
    "HouseLeaderEn": "",
    "HouseLeaderFr": "",
    "DeputyHouseLeaderEn": "",
    "DeputyHouseLeaderFr": "",
    "WhipEn": "",
    "WhipFr": "",
    "DeputyWhipEn": "",
    "DeputyWhipFr": "",
    "CriticOfEn": "",
    "CriticOfFr": "",
    "AssistantCriticOfEn": "",
    "AssistantCriticOfFr": "",
    "TypeOfParliamentarianEn": "MP (1979/05/22 - 1980/02/17)<br>",
    "TypeOfParliamentarianFr": "D\u00e9put\u00e9 (1979/05/22 - 1980/02/17)<br>",
    "DiedInOffice": false,
    "PremiershipExperienceEn": "",
    "PremiershipExperienceFr": "",
    "ProvincialExperienceEn": "",
    "ProvincialExperienceFr": "",
    "MunicipalExperienceEn": "",
    "MunicipalExperienceFr": "",
    "MilitaryServiceEn": "World War II, 1939-1945 ( - )<br>British Army ( - )<br>",
    "MilitaryServiceFr": "Deuxi\u00e8me Guerre mondiale , 1939-1945 ( - )<br>Arm\u00e9e britannique ( - )<br>",
    "MinistryDurationEn": "",
    "MinistryDurationFr": "",
    "ProfessionsEn": ", real estate appraiser",
    "ProfessionsFr": ", \u00e9valuateur de biens immobiliers",
    "LanguageEn": "",
    "LanguageFr": "",
    "IsPrimeMinister": false,
    "YearsOfServiceSegments": [
      {
        "TotalDays": 272,
        "Years": 0,
        "Months": 8,
        "Days": 27,
        "Hours": 0,
        "Minutes": 0,
        "Seconds": 0,
        "Milliseconds": 0
      }
    ],
    "IsCurrentlyInOffice": false,
    "IsCurrentlySenator": false,
    "IsCurrentlyMP": false,
    "HasMaidenSpeech": false,
    "_id": "59f8770be413e1389ffd1a39",
    "LastUpdatedId": "000000000000000000000000",
    "LastModified": "0001-01-01T00:00:00",
    "ModifiedBy": null
  },
  "FederalExperience": [
    {
      "PersonRoleId": 5332,
      "NameFr": "Membre pour la circonscription",
      "StartDate": "1979-05-22T00:00:00Z",
      "StartDateIsApproximate": false,
      "EndDate": "1980-02-17T00:00:00Z",
      "EndDateIsApproximate": false,
      "EndReasonEn": null,
      "EndReasonFr": null,
      "EndReasonTypeEn": null,
      "EndReasonTypeFr": null,
      "SourceOfInformationEn": null,
      "SourceOfInformationFr": null,
      "IsActing": false,
      "ActingTextEn": null,
      "ActingTextFr": null,
      "HasCrossedTheFloor": false,
      "OrganizationId": 3435,
      "OrganizationLongEn": "Guelph",
      "OrganizationLongFr": "Guelph",
      "OrganizationShortEn": "",
      "OrganizationShortFr": "",
      "OrganizationAcronymEn": "",
      "OrganizationAcronymFr": "",
      "OrganizationTypeId": 35,
      "OrganizationTypeEn": "Constituency",
      "OrganizationTypeFr": "Circonscription",
      "OrganizationProvinceEn": "Ontario",
      "OrganizationProvinceFr": "Ontario",
      "OrganizationHasProfile": true,
      "IsSenatorialDivision": false,
      "ToBeStyledAsEn": "",
      "ToBeStyledAsFr": "",
      "GroupId": 0,
      "Source": null,
      "PortFolioEn": null,
      "PortFolioFr": null,
      "Committee": null,
      "GroupingTitleEn": "Parliamentarian",
      "GroupingTitleFr": "Parlementaire",
      "GroupingOrder": 1,
      "ParliamentStart": "1979-10-09T00:00:00Z",
      "ParliamentEnd": "1979-12-14T00:00:00Z",
      "ParliamentNumber": 31,
      "PartyOrganizationId": 6876,
      "PartyEn": "Progressive Conservative Party",
      "PartyFr": "Parti progressiste-conservateur",
      "PartyStartDate": "1979-05-22T00:00:00Z",
      "PartyEndDate": "1980-02-17T00:00:00Z",
      "PersonPersonId": 0,
      "PersonLastName": null,
      "PersonUsedFirstName": null,
      "MemberOfParliament": {
        "OccupationTypeEn": "Continuous",
        "OccupationTypeFr": "Continue"
      },
      "IsMP": true,
      "IsSenator": false,
      "GovernorGeneral": null,
      "Documents": null,
      "Senator": null,
      "NotesEn": null,
      "NotesFr": null,
      "InternalNotes": null,
      "IsCurrent": "False",
      "RoleId": 719,
      "NameEn": "Constituency Member",
      "Ordinal": 240,
      "Classes": [
        {
          "RoleClassId": 49,
          "RoleClassOrdinal": 2,
          "RoleToRoleClassOrdinal": null,
          "RoleClassNameEn": "Salaries in the House of Commons",
          "RoleClassNameFr": "Salaires \u00e0 la Chambre des Communes"
        },
        {
          "RoleClassId": 105,
          "RoleClassOrdinal": null,
          "RoleToRoleClassOrdinal": null,
          "RoleClassNameEn": "Parliamentarian",
          "RoleClassNameFr": "Parlementaire"
        }
      ]
    },
    {
      "PersonRoleId": 34238,
      "NameFr": "Membre du parti",
      "StartDate": "1979-05-22T00:00:00Z",
      "StartDateIsApproximate": false,
      "EndDate": "1980-02-17T00:00:00Z",
      "EndDateIsApproximate": false,
      "EndReasonEn": null,
      "EndReasonFr": null,
      "EndReasonTypeEn": null,
      "EndReasonTypeFr": null,
      "SourceOfInformationEn": null,
      "SourceOfInformationFr": null,
      "IsActing": false,
      "ActingTextEn": null,
      "ActingTextFr": null,
      "HasCrossedTheFloor": false,
      "OrganizationId": 6876,
      "OrganizationLongEn": "Progressive Conservative Party",
      "OrganizationLongFr": "Parti progressiste-conservateur",
      "OrganizationShortEn": "Progressive Conservative",
      "OrganizationShortFr": "Progressiste-conservateur",
      "OrganizationAcronymEn": "P.C.",
      "OrganizationAcronymFr": "P.-C.",
      "OrganizationTypeId": 4,
      "OrganizationTypeEn": "Party",
      "OrganizationTypeFr": "Parti",
      "OrganizationProvinceEn": null,
      "OrganizationProvinceFr": null,
      "OrganizationHasProfile": true,
      "IsSenatorialDivision": false,
      "ToBeStyledAsEn": "",
      "ToBeStyledAsFr": "",
      "GroupId": 0,
      "Source": null,
      "PortFolioEn": null,
      "PortFolioFr": null,
      "Committee": null,
      "GroupingTitleEn": "Parliamentarian",
      "GroupingTitleFr": "Parlementaire",
      "GroupingOrder": 1,
      "ParliamentStart": "1979-10-09T00:00:00Z",
      "ParliamentEnd": "1979-12-14T00:00:00Z",
      "ParliamentNumber": 31,
      "PartyOrganizationId": 6876,
      "PartyEn": "Progressive Conservative Party",
      "PartyFr": "Parti progressiste-conservateur",
      "PartyStartDate": "1979-05-22T00:00:00Z",
      "PartyEndDate": "1980-02-17T00:00:00Z",
      "PersonPersonId": 0,
      "PersonLastName": null,
      "PersonUsedFirstName": null,
      "MemberOfParliament": null,
      "IsMP": false,
      "IsSenator": false,
      "GovernorGeneral": null,
      "Documents": null,
      "Senator": null,
      "NotesEn": null,
      "NotesFr": null,
      "InternalNotes": null,
      "IsCurrent": "False",
      "RoleId": 722,
      "NameEn": "Party Member",
      "Ordinal": null,
      "Classes": [
        {
          "RoleClassId": 105,
          "RoleClassOrdinal": null,
          "RoleToRoleClassOrdinal": null,
          "RoleClassNameEn": "Parliamentarian",
          "RoleClassNameFr": "Parlementaire"
        }
      ]
    }
  ],
  "FederalExperienceList": [
    {
      "PersonRoleId": 34238,
      "NameFr": "Membre du parti",
      "StartDate": "1979-05-22T00:00:00Z",
      "StartDateIsApproximate": false,
      "EndDate": "1980-02-17T00:00:00Z",
      "EndDateIsApproximate": false,
      "EndReasonEn": null,
      "EndReasonFr": null,
      "EndReasonTypeEn": null,
      "EndReasonTypeFr": null,
      "SourceOfInformationEn": null,
      "SourceOfInformationFr": null,
      "IsActing": false,
      "ActingTextEn": null,
      "ActingTextFr": null,
      "HasCrossedTheFloor": false,
      "OrganizationId": 6876,
      "OrganizationLongEn": "Progressive Conservative Party",
      "OrganizationLongFr": "Parti progressiste-conservateur",
      "OrganizationShortEn": "Progressive Conservative",
      "OrganizationShortFr": "Progressiste-conservateur",
      "OrganizationAcronymEn": "P.C.",
      "OrganizationAcronymFr": "P.-C.",
      "OrganizationTypeId": 4,
      "OrganizationTypeEn": "Party",
      "OrganizationTypeFr": "Parti",
      "OrganizationProvinceEn": null,
      "OrganizationProvinceFr": null,
      "OrganizationHasProfile": true,
      "IsSenatorialDivision": false,
      "ToBeStyledAsEn": "",
      "ToBeStyledAsFr": "",
      "GroupId": 0,
      "Source": null,
      "PortFolioEn": null,
      "PortFolioFr": null,
      "Committee": null,
      "GroupingTitleEn": "Parliamentarian",
      "GroupingTitleFr": "Parlementaire",
      "GroupingOrder": 1,
      "ParliamentStart": "1979-10-09T00:00:00Z",
      "ParliamentEnd": "1979-12-14T00:00:00Z",
      "ParliamentNumber": 31,
      "PartyOrganizationId": 6876,
      "PartyEn": "Progressive Conservative Party",
      "PartyFr": "Parti progressiste-conservateur",
      "PartyStartDate": "1979-05-22T00:00:00Z",
      "PartyEndDate": "1980-02-17T00:00:00Z",
      "PersonPersonId": 0,
      "PersonLastName": null,
      "PersonUsedFirstName": null,
      "MemberOfParliament": null,
      "IsMP": false,
      "IsSenator": false,
      "GovernorGeneral": null,
      "Documents": null,
      "Senator": null,
      "NotesEn": null,
      "NotesFr": null,
      "InternalNotes": null,
      "IsCurrent": "False",
      "RoleId": 722,
      "NameEn": "Party Member",
      "Ordinal": null,
      "Classes": [
        {
          "RoleClassId": 105,
          "RoleClassOrdinal": null,
          "RoleToRoleClassOrdinal": null,
          "RoleClassNameEn": "Parliamentarian",
          "RoleClassNameFr": "Parlementaire"
        }
      ]
    },
    {
      "PersonRoleId": 5332,
      "NameFr": "Membre pour la circonscription",
      "StartDate": "1979-05-22T00:00:00Z",
      "StartDateIsApproximate": false,
      "EndDate": "1980-02-17T00:00:00Z",
      "EndDateIsApproximate": false,
      "EndReasonEn": null,
      "EndReasonFr": null,
      "EndReasonTypeEn": null,
      "EndReasonTypeFr": null,
      "SourceOfInformationEn": null,
      "SourceOfInformationFr": null,
      "IsActing": false,
      "ActingTextEn": null,
      "ActingTextFr": null,
      "HasCrossedTheFloor": false,
      "OrganizationId": 3435,
      "OrganizationLongEn": "Guelph",
      "OrganizationLongFr": "Guelph",
      "OrganizationShortEn": "",
      "OrganizationShortFr": "",
      "OrganizationAcronymEn": "",
      "OrganizationAcronymFr": "",
      "OrganizationTypeId": 35,
      "OrganizationTypeEn": "Constituency",
      "OrganizationTypeFr": "Circonscription",
      "OrganizationProvinceEn": "Ontario",
      "OrganizationProvinceFr": "Ontario",
      "OrganizationHasProfile": true,
      "IsSenatorialDivision": false,
      "ToBeStyledAsEn": "",
      "ToBeStyledAsFr": "",
      "GroupId": 0,
      "Source": null,
      "PortFolioEn": null,
      "PortFolioFr": null,
      "Committee": null,
      "GroupingTitleEn": "Parliamentarian",
      "GroupingTitleFr": "Parlementaire",
      "GroupingOrder": 1,
      "ParliamentStart": "1979-10-09T00:00:00Z",
      "ParliamentEnd": "1979-12-14T00:00:00Z",
      "ParliamentNumber": 31,
      "PartyOrganizationId": 6876,
      "PartyEn": "Progressive Conservative Party",
      "PartyFr": "Parti progressiste-conservateur",
      "PartyStartDate": "1979-05-22T00:00:00Z",
      "PartyEndDate": "1980-02-17T00:00:00Z",
      "PersonPersonId": 0,
      "PersonLastName": null,
      "PersonUsedFirstName": null,
      "MemberOfParliament": {
        "OccupationTypeEn": "Continuous",
        "OccupationTypeFr": "Continue"
      },
      "IsMP": true,
      "IsSenator": false,
      "GovernorGeneral": null,
      "Documents": null,
      "Senator": null,
      "NotesEn": null,
      "NotesFr": null,
      "InternalNotes": null,
      "IsCurrent": "False",
      "RoleId": 719,
      "NameEn": "Constituency Member",
      "Ordinal": 240,
      "Classes": [
        {
          "RoleClassId": 49,
          "RoleClassOrdinal": 2,
          "RoleToRoleClassOrdinal": null,
          "RoleClassNameEn": "Salaries in the House of Commons",
          "RoleClassNameFr": "Salaires \u00e0 la Chambre des Communes"
        },
        {
          "RoleClassId": 105,
          "RoleClassOrdinal": null,
          "RoleToRoleClassOrdinal": null,
          "RoleClassNameEn": "Parliamentarian",
          "RoleClassNameFr": "Parlementaire"
        }
      ]
    }
  ],
  "CommitteeMembership": [
    {
      "NameEn": "Member",
      "NameFr": "Membre",
      "RoleId": 226,
      "OrganizationId": 8609,
      "OrganizationLongEn": "Standing Committee on Health, Welfare and Social Affairs",
      "OrganizationLongFr": "Comit\u00e9 permanent de la sant\u00e9, du bien-\u00eatre et des affaires sociales",
      "OrganizationTypeEn": "Committee",
      "OrganizationTypeFr": "Comit\u00e9",
      "OrganizationTypeId": 27,
      "PartyEn": "Progressive Conservative Party",
      "PartyFr": "Parti progressiste-conservateur",
      "CompositionTypeLongEn": "House of Commons",
      "CompositionTypeLongFr": "Chambre des communes",
      "CompositionTypeShortEn": "C",
      "CompositionTypeShortFr": "C",
      "CommitteeTypeEn": "Standing",
      "CommitteeTypeFr": "Permanent",
      "ParliamentNumber": 31,
      "SessionNumber": 1,
      "ShortEn": "1st",
      "ShortFr": "1\u00e8re"
    },
    {
      "NameEn": "Member",
      "NameFr": "Membre",
      "RoleId": 226,
      "OrganizationId": 2927,
      "OrganizationLongEn": "Standing Committee on External Affairs and National Defence",
      "OrganizationLongFr": "Comit\u00e9 permanent des affaires ext\u00e9rieures et de la d\u00e9fense nationale",
      "OrganizationTypeEn": "Committee",
      "OrganizationTypeFr": "Comit\u00e9",
      "OrganizationTypeId": 27,
      "PartyEn": "Progressive Conservative Party",
      "PartyFr": "Parti progressiste-conservateur",
      "CompositionTypeLongEn": "House of Commons",
      "CompositionTypeLongFr": "Chambre des communes",
      "CompositionTypeShortEn": "C",
      "CompositionTypeShortFr": "C",
      "CommitteeTypeEn": "Standing",
      "CommitteeTypeFr": "Permanent",
      "ParliamentNumber": 31,
      "SessionNumber": 1,
      "ShortEn": "1st",
      "ShortFr": "1\u00e8re"
    },
    {
      "NameEn": "Member",
      "NameFr": "Membre",
      "RoleId": 226,
      "OrganizationId": 4846,
      "OrganizationLongEn": "Standing Joint Committee on the Library of Parliament",
      "OrganizationLongFr": "Comit\u00e9 mixte permanent de la Biblioth\u00e8que du Parlement",
      "OrganizationTypeEn": "Committee",
      "OrganizationTypeFr": "Comit\u00e9",
      "OrganizationTypeId": 27,
      "PartyEn": "Progressive Conservative Party",
      "PartyFr": "Parti progressiste-conservateur",
      "CompositionTypeLongEn": "Joint",
      "CompositionTypeLongFr": "Mixte",
      "CompositionTypeShortEn": "J",
      "CompositionTypeShortFr": "J",
      "CommitteeTypeEn": "Standing",
      "CommitteeTypeFr": "Permanent",
      "ParliamentNumber": 31,
      "SessionNumber": 1,
      "ShortEn": "1st",
      "ShortFr": "1\u00e8re"
    }
  ],
  "PublicOfficeExperience": null,
  "ProvincialExperience": null,
  "MilitaryExperience": [
    {
      "PersonRoleId": 130847,
      "NameFr": "Participant",
      "StartDate": null,
      "StartDateIsApproximate": false,
      "EndDate": null,
      "EndDateIsApproximate": false,
      "EndReasonEn": null,
      "EndReasonFr": null,
      "EndReasonTypeEn": null,
      "EndReasonTypeFr": null,
      "SourceOfInformationEn": null,
      "SourceOfInformationFr": null,
      "IsActing": false,
      "ActingTextEn": null,
      "ActingTextFr": null,
      "HasCrossedTheFloor": false,
      "OrganizationId": 10070,
      "OrganizationLongEn": "World War II, 1939-1945",
      "OrganizationLongFr": "Deuxi\u00e8me Guerre mondiale , 1939-1945",
      "OrganizationShortEn": "",
      "OrganizationShortFr": "",
      "OrganizationAcronymEn": "1939-1945",
      "OrganizationAcronymFr": "",
      "OrganizationTypeId": 24,
      "OrganizationTypeEn": "War",
      "OrganizationTypeFr": "Guerre",
      "OrganizationProvinceEn": null,
      "OrganizationProvinceFr": null,
      "OrganizationHasProfile": true,
      "IsSenatorialDivision": false,
      "ToBeStyledAsEn": "",
      "ToBeStyledAsFr": "",
      "GroupId": 0,
      "Source": null,
      "PortFolioEn": null,
      "PortFolioFr": null,
      "Committee": null,
      "GroupingTitleEn": null,
      "GroupingTitleFr": null,
      "GroupingOrder": 0,
      "ParliamentStart": null,
      "ParliamentEnd": null,
      "ParliamentNumber": 0,
      "PartyOrganizationId": 0,
      "PartyEn": null,
      "PartyFr": null,
      "PartyStartDate": null,
      "PartyEndDate": null,
      "PersonPersonId": 0,
      "PersonLastName": null,
      "PersonUsedFirstName": null,
      "MemberOfParliament": null,
      "IsMP": false,
      "IsSenator": false,
      "GovernorGeneral": null,
      "Documents": null,
      "Senator": null,
      "NotesEn": null,
      "NotesFr": null,
      "InternalNotes": null,
      "IsCurrent": "True",
      "RoleId": 482,
      "NameEn": "Participant",
      "Ordinal": null,
      "Classes": [
        {
          "RoleClassId": 103,
          "RoleClassOrdinal": null,
          "RoleToRoleClassOrdinal": null,
          "RoleClassNameEn": "Military",
          "RoleClassNameFr": "Militaire"
        }
      ]
    },
    {
      "PersonRoleId": 130846,
      "NameFr": "Militaire",
      "StartDate": null,
      "StartDateIsApproximate": false,
      "EndDate": null,
      "EndDateIsApproximate": false,
      "EndReasonEn": null,
      "EndReasonFr": null,
      "EndReasonTypeEn": null,
      "EndReasonTypeFr": null,
      "SourceOfInformationEn": null,
      "SourceOfInformationFr": null,
      "IsActing": false,
      "ActingTextEn": null,
      "ActingTextFr": null,
      "HasCrossedTheFloor": false,
      "OrganizationId": 1204,
      "OrganizationLongEn": "British Army",
      "OrganizationLongFr": "Arm\u00e9e britannique",
      "OrganizationShortEn": "",
      "OrganizationShortFr": "",
      "OrganizationAcronymEn": "",
      "OrganizationAcronymFr": "",
      "OrganizationTypeId": 13,
      "OrganizationTypeEn": "Military",
      "OrganizationTypeFr": "Militaire",
      "OrganizationProvinceEn": null,
      "OrganizationProvinceFr": null,
      "OrganizationHasProfile": true,
      "IsSenatorialDivision": false,
      "ToBeStyledAsEn": "",
      "ToBeStyledAsFr": "",
      "GroupId": 0,
      "Source": null,
      "PortFolioEn": null,
      "PortFolioFr": null,
      "Committee": null,
      "GroupingTitleEn": null,
      "GroupingTitleFr": null,
      "GroupingOrder": 0,
      "ParliamentStart": null,
      "ParliamentEnd": null,
      "ParliamentNumber": 0,
      "PartyOrganizationId": 0,
      "PartyEn": null,
      "PartyFr": null,
      "PartyStartDate": null,
      "PartyEndDate": null,
      "PersonPersonId": 0,
      "PersonLastName": null,
      "PersonUsedFirstName": null,
      "MemberOfParliament": null,
      "IsMP": false,
      "IsSenator": false,
      "GovernorGeneral": null,
      "Documents": null,
      "Senator": null,
      "NotesEn": "Served in the Royal Air Force during World War II.",
      "NotesFr": "A servi dans la Royal Air Force pendant la Deuxi\u00e8me Guerre mondiale.",
      "InternalNotes": null,
      "IsCurrent": "True",
      "RoleId": 847,
      "NameEn": "Military",
      "Ordinal": null,
      "Classes": [
        {
          "RoleClassId": 103,
          "RoleClassOrdinal": null,
          "RoleToRoleClassOrdinal": null,
          "RoleClassNameEn": "Military",
          "RoleClassNameFr": "Militaire"
        }
      ]
    }
  ],
  "MunicipalExperience": null,
  "FamilyTiesInParliament": null,
  "Family": null,
  "Education": null,
  "PictureId": 3283,
  "PictureCopyrightEn": "House of Commons 1979",
  "PictureCopyrightFr": "Chambre des communes 1979",
  "DisplayTitleEn": "Albert Fish",
  "DisplayTitleFr": "Albert Fish",
  "PlaceOfBirthEn": "Preston, England",
  "PlaceOfBirthFr": "Preston, Angleterre",
  "ProfessionsEn": "real estate appraiser",
  "ProfessionsFr": "\u00e9valuateur de biens immobiliers",
  "PreferredLanguageEn": "",
  "PreferredLanguageFr": "",
  "PlaceOfBurialEn": ", , ",
  "PlaceOfBurialFr": ", , "
}