{
  "Person": {
    "PersonId": 10770,
    "HOCPersonId": 0,
    "SenatePersonId": 0,
    "FormalFirstName": null,
    "UsedFirstName": "Laverne",
    "MiddleName": null,
    "MaidenName": null,
    "LastName": "Lewycky",
    "IsDraftProfile": false,
    "DateOfBirth": "1946-02-12T00:00:00Z",
    "DateOfBirthIsApproximate": false,
    "DoNotDiscloseDateOfBirth": false,
    "DoNotDiscloseBirthLocation": false,
    "CityOfBirthEn": "Dauphin",
    "CityOfBirthFr": "Dauphin",
    "ProvinceOfBirthEn": "Manitoba",
    "ProvinceOfBirthFr": "Manitoba",
    "CountryOfBirthFr": "Canada",
    "CountryOfBirthEn": "Canada",
    "Gender": "M",
    "EthnicityLongEn": "Ukrainian",
    "EthnicityLongFr": "Ukrainien",
    "IsCanadianOrigin": true,
    "InternalNotes": null,
    "ExternalNotesEn": null,
    "ExternalNotesFr": null,
    "ReligionEn": "Christian",
    "ReligionFr": "Chr\u00e9tien",
    "Professions": [
      {
        "NameEn": "executive assistant",
        "NameFr": "adjoint ex\u00e9cutif",
        "SearchKeyWordsEn": "",
        "SearchKeyWordsFr": "",
        "ProfessionTypeEn": "Administration and business -  Skilled occupations",
        "ProfessionTypeFr": "Administration et travail de bureau - Personnel sp\u00e9cialis\u00e9",
        "Ordinal": null
      },
      {
        "NameEn": "professor of sociology",
        "NameFr": "professeur de sociologie",
        "SearchKeyWordsEn": "",
        "SearchKeyWordsFr": "",
        "ProfessionTypeEn": "Law, social science, education, government services and religion - Professional occupations",
        "ProfessionTypeFr": "Droit, sciences sociales, enseignement, administration publique et religion - Personnel professionnel",
        "Ordinal": null
      }
    ],
    "Languages": null,
    "Education": [
      {
        "SchoolNameLongEn": "University of Manitoba",
        "SchoolNameLongFr": "Universit\u00e9 du Manitoba",
        "SchoolCityEn": "Winnipeg",
        "SchoolCityFr": "Winnipeg",
        "FieldOfStudyEn": "Arts",
        "FieldOfStudyFr": "Arts",
        "DiplomaLongEn": "Bachelor",
        "DiplomaLongFr": "Bachelier",
        "DiplomaShortEn": "B.A",
        "DiplomaShortFr": "B.A.",
        "GraduationYear": null
      },
      {
        "SchoolNameLongEn": "McGill University",
        "SchoolNameLongFr": "Universit\u00e9 McGill",
        "SchoolCityEn": "Montreal",
        "SchoolCityFr": "Montr\u00e9al",
        "FieldOfStudyEn": "Philosophy",
        "FieldOfStudyFr": "Philosophie",
        "DiplomaLongEn": "Doctorate",
        "DiplomaLongFr": "Doctorat",
        "DiplomaShortEn": "Dr",
        "DiplomaShortFr": "Dr",
        "GraduationYear": null
      },
      {
        "SchoolNameLongEn": "University of Manitoba",
        "SchoolNameLongFr": "Universit\u00e9 du Manitoba",
        "SchoolCityEn": "Winnipeg",
        "SchoolCityFr": "Winnipeg",
        "FieldOfStudyEn": "Arts",
        "FieldOfStudyFr": "Arts",
        "DiplomaLongEn": "Master",
        "DiplomaLongFr": "Ma\u00eetrise",
        "DiplomaShortEn": "M.A.",
        "DiplomaShortFr": "M.A.",
        "GraduationYear": null
      }
    ],
    "FamilyRelations": null,
    "Pictures": [
      {
        "PictureId": 205,
        "PictureDate": null,
        "TypeEn": "Photographer",
        "TypeFr": "Photographe",
        "PhotographerEn": "Unknown",
        "PhotographerFr": "Inconnu",
        "CreditsEn": "House of Commons",
        "CreditsFr": "Chambre des communes",
        "CopyRightsEn": "House of Commons 1980",
        "CopyRightsFr": "Chambre des communes 1980",
        "DisplayForWeb": true,
        "InternalNotes": null
      }
    ],
    "Titles": [
      {
        "LongEn": null,
        "LongFr": null,
        "AcronymEn": null,
        "AcronymFr": null,
        "IsHonorific": false,
        "IsScholarity": false,
        "IsSalutation": true,
        "Ordinal": 0
      },
      {
        "LongEn": "Member of Parliament",
        "LongFr": "d\u00e9put\u00e9",
        "AcronymEn": "M.P.",
        "AcronymFr": "d\u00e9put\u00e9",
        "IsHonorific": false,
        "IsScholarity": false,
        "IsSalutation": false,
        "Ordinal": 0
      }
    ],
    "Roles": [
      {
        "PersonRoleId": 45024,
        "NameFr": "Membre du caucus",
        "StartDate": "1980-04-14T00:00:00Z",
        "StartDateIsApproximate": false,
        "EndDate": "1984-07-09T00:00:00Z",
        "EndDateIsApproximate": false,
        "EndReasonEn": null,
        "EndReasonFr": null,
        "EndReasonTypeEn": null,
        "EndReasonTypeFr": null,
        "SourceOfInformationEn": null,
        "SourceOfInformationFr": null,
        "IsActing": false,
        "ActingTextEn": null,
        "ActingTextFr": null,
        "HasCrossedTheFloor": false,
        "OrganizationId": 5774,
        "OrganizationLongEn": "New Democratic Party",
        "OrganizationLongFr": "Nouveau Parti d\u00e9mocratique",
        "OrganizationShortEn": "New Democratic Party",
        "OrganizationShortFr": "Nouveau parti d\u00e9mocratique",
        "OrganizationAcronymEn": "N.D.P.",
        "OrganizationAcronymFr": "N.P.D.",
        "OrganizationTypeId": 4,
        "OrganizationTypeEn": "Party",
        "OrganizationTypeFr": "Parti",
        "OrganizationProvinceEn": null,
        "OrganizationProvinceFr": null,
        "OrganizationHasProfile": true,
        "IsSenatorialDivision": false,
        "ToBeStyledAsEn": null,
        "ToBeStyledAsFr": null,
        "GroupId": 0,
        "Source": null,
        "PortFolioEn": null,
        "PortFolioFr": null,
        "Committee": null,
        "GroupingTitleEn": null,
        "GroupingTitleFr": null,
        "GroupingOrder": 0,
        "ParliamentStart": null,
        "ParliamentEnd": null,
        "ParliamentNumber": 0,
        "PartyOrganizationId": 0,
        "PartyEn": null,
        "PartyFr": null,
        "PartyStartDate": null,
        "PartyEndDate": null,
        "PersonPersonId": 0,
        "PersonLastName": null,
        "PersonUsedFirstName": null,
        "MemberOfParliament": null,
        "IsMP": false,
        "IsSenator": false,
        "GovernorGeneral": null,
        "Documents": null,
        "Senator": null,
        "NotesEn": null,
        "NotesFr": null,
        "InternalNotes": null,
        "IsCurrent": "False",
        "RoleId": 2998,
        "NameEn": "Caucus Member",
        "Ordinal": null,
        "Classes": null
      },
      {
        "PersonRoleId": 120168,
        "NameFr": "Membre du parti",
        "StartDate": "1980-02-18T00:00:00Z",
        "StartDateIsApproximate": false,
        "EndDate": "1984-09-03T00:00:00Z",
        "EndDateIsApproximate": false,
        "EndReasonEn": null,
        "EndReasonFr": null,
        "EndReasonTypeEn": null,
        "EndReasonTypeFr": null,
        "SourceOfInformationEn": null,
        "SourceOfInformationFr": null,
        "IsActing": false,
        "ActingTextEn": null,
        "ActingTextFr": null,
        "HasCrossedTheFloor": false,
        "OrganizationId": 5774,
        "OrganizationLongEn": "New Democratic Party",
        "OrganizationLongFr": "Nouveau Parti d\u00e9mocratique",
        "OrganizationShortEn": "New Democratic Party",
        "OrganizationShortFr": "Nouveau parti d\u00e9mocratique",
        "OrganizationAcronymEn": "N.D.P.",
        "OrganizationAcronymFr": "N.P.D.",
        "OrganizationTypeId": 4,
        "OrganizationTypeEn": "Party",
        "OrganizationTypeFr": "Parti",
        "OrganizationProvinceEn": null,
        "OrganizationProvinceFr": null,
        "OrganizationHasProfile": true,
        "IsSenatorialDivision": false,
        "ToBeStyledAsEn": "",
        "ToBeStyledAsFr": "",
        "GroupId": 0,
        "Source": null,
        "PortFolioEn": null,
        "PortFolioFr": null,
        "Committee": null,
        "GroupingTitleEn": "Parliamentarian",
        "GroupingTitleFr": "Parlementaire",
        "GroupingOrder": 1,
        "ParliamentStart": "1980-04-14T00:00:00Z",
        "ParliamentEnd": "1984-07-09T00:00:00Z",
        "ParliamentNumber": 32,
        "PartyOrganizationId": 5774,
        "PartyEn": "New Democratic Party",
        "PartyFr": "Nouveau Parti d\u00e9mocratique",
        "PartyStartDate": "1980-02-18T00:00:00Z",
        "PartyEndDate": "1984-09-03T00:00:00Z",
        "PersonPersonId": 0,
        "PersonLastName": null,
        "PersonUsedFirstName": null,
        "MemberOfParliament": null,
        "IsMP": false,
        "IsSenator": false,
        "GovernorGeneral": null,
        "Documents": null,
        "Senator": null,
        "NotesEn": null,
        "NotesFr": null,
        "InternalNotes": null,
        "IsCurrent": "False",
        "RoleId": 722,
        "NameEn": "Party Member",
        "Ordinal": null,
        "Classes": [
          {
            "RoleClassId": 105,
            "RoleClassOrdinal": null,
            "RoleToRoleClassOrdinal": null,
            "RoleClassNameEn": "Parliamentarian",
            "RoleClassNameFr": "Parlementaire"
          }
        ]
      },
      {
        "PersonRoleId": 129128,
        "NameFr": "Porte-parole",
        "StartDate": "1981-10-01T00:00:00Z",
        "StartDateIsApproximate": true,
        "EndDate": "1984-09-03T00:00:00Z",
        "EndDateIsApproximate": false,
        "EndReasonEn": null,
        "EndReasonFr": null,
        "EndReasonTypeEn": null,
        "EndReasonTypeFr": null,
        "SourceOfInformationEn": null,
        "SourceOfInformationFr": null,
        "IsActing": false,
        "ActingTextEn": null,
        "ActingTextFr": null,
        "HasCrossedTheFloor": false,
        "OrganizationId": 5557,
        "OrganizationLongEn": "Multiculturalism",
        "OrganizationLongFr": "Multiculturalisme",
        "OrganizationShortEn": "",
        "OrganizationShortFr": "",
        "OrganizationAcronymEn": "",
        "OrganizationAcronymFr": "",
        "OrganizationTypeId": 23,
        "OrganizationTypeEn": "Portfolio",
        "OrganizationTypeFr": "Portefolio",
        "OrganizationProvinceEn": null,
        "OrganizationProvinceFr": null,
        "OrganizationHasProfile": true,
        "IsSenatorialDivision": false,
        "ToBeStyledAsEn": "",
        "ToBeStyledAsFr": "",
        "GroupId": 0,
        "Source": null,
        "PortFolioEn": null,
        "PortFolioFr": null,
        "Committee": null,
        "GroupingTitleEn": null,
        "GroupingTitleFr": null,
        "GroupingOrder": 0,
        "ParliamentStart": null,
        "ParliamentEnd": null,
        "ParliamentNumber": 0,
        "PartyOrganizationId": 0,
        "PartyEn": null,
        "PartyFr": null,
        "PartyStartDate": null,
        "PartyEndDate": null,
        "PersonPersonId": 0,
        "PersonLastName": null,
        "PersonUsedFirstName": null,
        "MemberOfParliament": null,
        "IsMP": false,
        "IsSenator": false,
        "GovernorGeneral": null,
        "Documents": null,
        "Senator": null,
        "NotesEn": null,
        "NotesFr": null,
        "InternalNotes": null,
        "IsCurrent": "False",
        "RoleId": 1408,
        "NameEn": "Critic",
        "Ordinal": 10,
        "Classes": [
          {
            "RoleClassId": 4,
            "RoleClassOrdinal": 350,
            "RoleToRoleClassOrdinal": null,
            "RoleClassNameEn": "Critic",
            "RoleClassNameFr": "Porte-parole"
          },
          {
            "RoleClassId": 107,
            "RoleClassOrdinal": null,
            "RoleToRoleClassOrdinal": null,
            "RoleClassNameEn": "House of Commons Roles",
            "RoleClassNameFr": "R\u00f4les \u00e0 la chambre des Communes"
          },
          {
            "RoleClassId": 113,
            "RoleClassOrdinal": null,
            "RoleToRoleClassOrdinal": null,
            "RoleClassNameEn": "ElectionProcessCloseDissolution",
            "RoleClassNameFr": "ElectionProcessCloseDissolution"
          }
        ]
      },
      {
        "PersonRoleId": 315517,
        "NameFr": "Porte-parole",
        "StartDate": "1981-10-01T00:00:00Z",
        "StartDateIsApproximate": true,
        "EndDate": "1984-09-03T00:00:00Z",
        "EndDateIsApproximate": false,
        "EndReasonEn": null,
        "EndReasonFr": null,
        "EndReasonTypeEn": null,
        "EndReasonTypeFr": null,
        "SourceOfInformationEn": null,
        "SourceOfInformationFr": null,
        "IsActing": false,
        "ActingTextEn": null,
        "ActingTextFr": null,
        "HasCrossedTheFloor": false,
        "OrganizationId": 7783,
        "OrganizationLongEn": "Secretary of State of Canada",
        "OrganizationLongFr": "Secr\u00e9tariat d'\u00c9tat du Canada",
        "OrganizationShortEn": null,
        "OrganizationShortFr": null,
        "OrganizationAcronymEn": null,
        "OrganizationAcronymFr": null,
        "OrganizationTypeId": 38,
        "OrganizationTypeEn": "Government",
        "OrganizationTypeFr": "Government",
        "OrganizationProvinceEn": null,
        "OrganizationProvinceFr": null,
        "OrganizationHasProfile": true,
        "IsSenatorialDivision": false,
        "ToBeStyledAsEn": null,
        "ToBeStyledAsFr": null,
        "GroupId": 0,
        "Source": null,
        "PortFolioEn": "Multiculturalism",
        "PortFolioFr": "Multiculturalisme",
        "Committee": null,
        "GroupingTitleEn": "House of Commons Roles",
        "GroupingTitleFr": "R\u00f4les \u00e0 la chambre des Communes",
        "GroupingOrder": 2,
        "ParliamentStart": "1980-04-14T00:00:00Z",
        "ParliamentEnd": "1984-07-09T00:00:00Z",
        "ParliamentNumber": 32,
        "PartyOrganizationId": 5774,
        "PartyEn": "New Democratic Party",
        "PartyFr": "Nouveau Parti d\u00e9mocratique",
        "PartyStartDate": "1980-02-18T00:00:00Z",
        "PartyEndDate": "1984-09-03T00:00:00Z",
        "PersonPersonId": 0,
        "PersonLastName": null,
        "PersonUsedFirstName": null,
        "MemberOfParliament": null,
        "IsMP": false,
        "IsSenator": false,
        "GovernorGeneral": null,
        "Documents": null,
        "Senator": null,
        "NotesEn": null,
        "NotesFr": null,
        "InternalNotes": null,
        "IsCurrent": "False",
        "RoleId": 1408,
        "NameEn": "Critic",
        "Ordinal": 10,
        "Classes": [
          {
            "RoleClassId": 4,
            "RoleClassOrdinal": 350,
            "RoleToRoleClassOrdinal": null,
            "RoleClassNameEn": "Critic",
            "RoleClassNameFr": "Porte-parole"
          },
          {
            "RoleClassId": 107,
            "RoleClassOrdinal": null,
            "RoleToRoleClassOrdinal": null,
            "RoleClassNameEn": "House of Commons Roles",
            "RoleClassNameFr": "R\u00f4les \u00e0 la chambre des Communes"
          },
          {
            "RoleClassId": 113,
            "RoleClassOrdinal": null,
            "RoleToRoleClassOrdinal": null,
            "RoleClassNameEn": "ElectionProcessCloseDissolution",
            "RoleClassNameFr": "ElectionProcessCloseDissolution"
          }
        ]
      },
      {
        "PersonRoleId": 83021,
        "NameFr": "Membre pour la circonscription",
        "StartDate": "1980-02-18T00:00:00Z",
        "StartDateIsApproximate": false,
        "EndDate": "1984-09-03T00:00:00Z",
        "EndDateIsApproximate": false,
        "EndReasonEn": null,
        "EndReasonFr": null,
        "EndReasonTypeEn": null,
        "EndReasonTypeFr": null,
        "SourceOfInformationEn": null,
        "SourceOfInformationFr": null,
        "IsActing": false,
        "ActingTextEn": null,
        "ActingTextFr": null,
        "HasCrossedTheFloor": false,
        "OrganizationId": 2368,
        "OrganizationLongEn": "Dauphin",
        "OrganizationLongFr": "Dauphin",
        "OrganizationShortEn": "",
        "OrganizationShortFr": "",
        "OrganizationAcronymEn": "",
        "OrganizationAcronymFr": "",
        "OrganizationTypeId": 35,
        "OrganizationTypeEn": "Constituency",
        "OrganizationTypeFr": "Circonscription",
        "OrganizationProvinceEn": "Manitoba",
        "OrganizationProvinceFr": "Manitoba",
        "OrganizationHasProfile": true,
        "IsSenatorialDivision": false,
        "ToBeStyledAsEn": "",
        "ToBeStyledAsFr": "",
        "GroupId": 0,
        "Source": null,
        "PortFolioEn": null,
        "PortFolioFr": null,
        "Committee": null,
        "GroupingTitleEn": "Parliamentarian",
        "GroupingTitleFr": "Parlementaire",
        "GroupingOrder": 1,
        "ParliamentStart": "1980-04-14T00:00:00Z",
        "ParliamentEnd": "1984-07-09T00:00:00Z",
        "ParliamentNumber": 32,
        "PartyOrganizationId": 5774,
        "PartyEn": "New Democratic Party",
        "PartyFr": "Nouveau Parti d\u00e9mocratique",
        "PartyStartDate": "1980-02-18T00:00:00Z",
        "PartyEndDate": "1984-09-03T00:00:00Z",
        "PersonPersonId": 0,
        "PersonLastName": null,
        "PersonUsedFirstName": null,
        "MemberOfParliament": {
          "OccupationTypeEn": "Continuous",
          "OccupationTypeFr": "Continue"
        },
        "IsMP": true,
        "IsSenator": false,
        "GovernorGeneral": null,
        "Documents": null,
        "Senator": null,
        "NotesEn": null,
        "NotesFr": null,
        "InternalNotes": null,
        "IsCurrent": "False",
        "RoleId": 719,
        "NameEn": "Constituency Member",
        "Ordinal": 240,
        "Classes": [
          {
            "RoleClassId": 49,
            "RoleClassOrdinal": 2,
            "RoleToRoleClassOrdinal": null,
            "RoleClassNameEn": "Salaries in the House of Commons",
            "RoleClassNameFr": "Salaires \u00e0 la Chambre des Communes"
          },
          {
            "RoleClassId": 105,
            "RoleClassOrdinal": null,
            "RoleToRoleClassOrdinal": null,
            "RoleClassNameEn": "Parliamentarian",
            "RoleClassNameFr": "Parlementaire"
          }
        ]
      },
      {
        "PersonRoleId": 10786,
        "NameFr": "Membre",
        "StartDate": "1983-12-07T00:00:00Z",
        "StartDateIsApproximate": false,
        "EndDate": "1984-07-09T00:00:00Z",
        "EndDateIsApproximate": false,
        "EndReasonEn": null,
        "EndReasonFr": null,
        "EndReasonTypeEn": null,
        "EndReasonTypeFr": null,
        "SourceOfInformationEn": null,
        "SourceOfInformationFr": null,
        "IsActing": false,
        "ActingTextEn": null,
        "ActingTextFr": null,
        "HasCrossedTheFloor": false,
        "OrganizationId": 6838,
        "OrganizationLongEn": "Standing Committee on Privileges and Elections",
        "OrganizationLongFr": "Comit\u00e9 permanent des privil\u00e8ges et \u00e9lections",
        "OrganizationShortEn": "Privileges and Elections",
        "OrganizationShortFr": "Privil\u00e8ges et \u00e9lections",
        "OrganizationAcronymEn": "",
        "OrganizationAcronymFr": "",
        "OrganizationTypeId": 27,
        "OrganizationTypeEn": "Committee",
        "OrganizationTypeFr": "Comit\u00e9",
        "OrganizationProvinceEn": null,
        "OrganizationProvinceFr": null,
        "OrganizationHasProfile": true,
        "IsSenatorialDivision": false,
        "ToBeStyledAsEn": "",
        "ToBeStyledAsFr": "",
        "GroupId": 0,
        "Source": null,
        "PortFolioEn": null,
        "PortFolioFr": null,
        "Committee": {
          "OrganizationId": 0,
          "SenateCommitteeId": 0,
          "CommitteeTypeId": 5,
          "CommitteeTypeEn": "Standing",
          "CommitteeTypeFr": "Permanent",
          "CompositionTypeId": 3,
          "CompositionTypeLongEn": "House of Commons",
          "CompositionTypeLongFr": "Chambre des communes",
          "CompositionTypeShortEn": "C",
          "CompositionTypeShortFr": "C",
          "Sessions": [
            {
              "SessionId": 0,
              "SessionNumber": 2,
              "ParliamentNumber": 32,
              "StartDate": "1983-12-07T00:00:00Z",
              "EndDate": "1984-07-09T00:00:00Z",
              "ShortEn": "2nd",
              "ShortFr": "2e"
            }
          ],
          "Mandates": null
        },
        "GroupingTitleEn": null,
        "GroupingTitleFr": null,
        "GroupingOrder": 0,
        "ParliamentStart": null,
        "ParliamentEnd": null,
        "ParliamentNumber": 0,
        "PartyOrganizationId": 5774,
        "PartyEn": "New Democratic Party",
        "PartyFr": "Nouveau Parti d\u00e9mocratique",
        "PartyStartDate": "1980-02-18T00:00:00Z",
        "PartyEndDate": "1984-09-03T00:00:00Z",
        "PersonPersonId": 0,
        "PersonLastName": null,
        "PersonUsedFirstName": null,
        "MemberOfParliament": null,
        "IsMP": false,
        "IsSenator": false,
        "GovernorGeneral": null,
        "Documents": null,
        "Senator": null,
        "NotesEn": null,
        "NotesFr": null,
        "InternalNotes": null,
        "IsCurrent": "False",
        "RoleId": 226,
        "NameEn": "Member",
        "Ordinal": 300,
        "Classes": [
          {
            "RoleClassId": 33,
            "RoleClassOrdinal": null,
            "RoleToRoleClassOrdinal": null,
            "RoleClassNameEn": "Committee",
            "RoleClassNameFr": "Comit\u00e9"
          },
          {
            "RoleClassId": 113,
            "RoleClassOrdinal": null,
            "RoleToRoleClassOrdinal": null,
            "RoleClassNameEn": "ElectionProcessCloseDissolution",
            "RoleClassNameFr": "ElectionProcessCloseDissolution"
          }
        ]
      },
      {
        "PersonRoleId": 114866,
        "NameFr": "Membre",
        "StartDate": "1980-04-14T00:00:00Z",
        "StartDateIsApproximate": false,
        "EndDate": "1983-11-30T00:00:00Z",
        "EndDateIsApproximate": false,
        "EndReasonEn": null,
        "EndReasonFr": null,
        "EndReasonTypeEn": null,
        "EndReasonTypeFr": null,
        "SourceOfInformationEn": null,
        "SourceOfInformationFr": null,
        "IsActing": false,
        "ActingTextEn": null,
        "ActingTextFr": null,
        "HasCrossedTheFloor": false,
        "OrganizationId": 8084,
        "OrganizationLongEn": "Special Committee on Participation of Visible Minorities in Canadian Society",
        "OrganizationLongFr": "Comit\u00e9 sp\u00e9cial sur la Participation des Minorit\u00e9s visibles \u00e0 la Soci\u00e9t\u00e9 canadienne",
        "OrganizationShortEn": "Participation of Visible Minorities in Canadian Society",
        "OrganizationShortFr": "Participation des minorit\u00e9s visibles \u00e0 la soci\u00e9t\u00e9 canadienne",
        "OrganizationAcronymEn": "",
        "OrganizationAcronymFr": "",
        "OrganizationTypeId": 27,
        "OrganizationTypeEn": "Committee",
        "OrganizationTypeFr": "Comit\u00e9",
        "OrganizationProvinceEn": null,
        "OrganizationProvinceFr": null,
        "OrganizationHasProfile": true,
        "IsSenatorialDivision": false,
        "ToBeStyledAsEn": "",
        "ToBeStyledAsFr": "",
        "GroupId": 0,
        "Source": null,
        "PortFolioEn": null,
        "PortFolioFr": null,
        "Committee": {
          "OrganizationId": 0,
          "SenateCommitteeId": 0,
          "CommitteeTypeId": 4,
          "CommitteeTypeEn": "Special",
          "CommitteeTypeFr": "Sp\u00e9cial",
          "CompositionTypeId": 3,
          "CompositionTypeLongEn": "House of Commons",
          "CompositionTypeLongFr": "Chambre des communes",
          "CompositionTypeShortEn": "C",
          "CompositionTypeShortFr": "C",
          "Sessions": [
            {
              "SessionId": 0,
              "SessionNumber": 1,
              "ParliamentNumber": 32,
              "StartDate": "1980-04-14T00:00:00Z",
              "EndDate": "1983-11-30T00:00:00Z",
              "ShortEn": "1st",
              "ShortFr": "1\u00e8re"
            }
          ],
          "Mandates": null
        },
        "GroupingTitleEn": null,
        "GroupingTitleFr": null,
        "GroupingOrder": 0,
        "ParliamentStart": null,
        "ParliamentEnd": null,
        "ParliamentNumber": 0,
        "PartyOrganizationId": 5774,
        "PartyEn": "New Democratic Party",
        "PartyFr": "Nouveau Parti d\u00e9mocratique",
        "PartyStartDate": "1980-02-18T00:00:00Z",
        "PartyEndDate": "1984-09-03T00:00:00Z",
        "PersonPersonId": 0,
        "PersonLastName": null,
        "PersonUsedFirstName": null,
        "MemberOfParliament": null,
        "IsMP": false,
        "IsSenator": false,
        "GovernorGeneral": null,
        "Documents": null,
        "Senator": null,
        "NotesEn": null,
        "NotesFr": null,
        "InternalNotes": null,
        "IsCurrent": "False",
        "RoleId": 226,
        "NameEn": "Member",
        "Ordinal": 300,
        "Classes": [
          {
            "RoleClassId": 33,
            "RoleClassOrdinal": null,
            "RoleToRoleClassOrdinal": null,
            "RoleClassNameEn": "Committee",
            "RoleClassNameFr": "Comit\u00e9"
          },
          {
            "RoleClassId": 113,
            "RoleClassOrdinal": null,
            "RoleToRoleClassOrdinal": null,
            "RoleClassNameEn": "ElectionProcessCloseDissolution",
            "RoleClassNameFr": "ElectionProcessCloseDissolution"
          }
        ]
      },
      {
        "PersonRoleId": 117117,
        "NameFr": "Membre",
        "StartDate": "1980-04-14T00:00:00Z",
        "StartDateIsApproximate": false,
        "EndDate": "1983-11-30T00:00:00Z",
        "EndDateIsApproximate": false,
        "EndReasonEn": null,
        "EndReasonFr": null,
        "EndReasonTypeEn": null,
        "EndReasonTypeFr": null,
        "SourceOfInformationEn": null,
        "SourceOfInformationFr": null,
        "IsActing": false,
        "ActingTextEn": null,
        "ActingTextFr": null,
        "HasCrossedTheFloor": false,
        "OrganizationId": 6838,
        "OrganizationLongEn": "Standing Committee on Privileges and Elections",
        "OrganizationLongFr": "Comit\u00e9 permanent des privil\u00e8ges et \u00e9lections",
        "OrganizationShortEn": "Privileges and Elections",
        "OrganizationShortFr": "Privil\u00e8ges et \u00e9lections",
        "OrganizationAcronymEn": "",
        "OrganizationAcronymFr": "",
        "OrganizationTypeId": 27,
        "OrganizationTypeEn": "Committee",
        "OrganizationTypeFr": "Comit\u00e9",
        "OrganizationProvinceEn": null,
        "OrganizationProvinceFr": null,
        "OrganizationHasProfile": true,
        "IsSenatorialDivision": false,
        "ToBeStyledAsEn": "",
        "ToBeStyledAsFr": "",
        "GroupId": 0,
        "Source": null,
        "PortFolioEn": null,
        "PortFolioFr": null,
        "Committee": {
          "OrganizationId": 0,
          "SenateCommitteeId": 0,
          "CommitteeTypeId": 5,
          "CommitteeTypeEn": "Standing",
          "CommitteeTypeFr": "Permanent",
          "CompositionTypeId": 3,
          "CompositionTypeLongEn": "House of Commons",
          "CompositionTypeLongFr": "Chambre des communes",
          "CompositionTypeShortEn": "C",
          "CompositionTypeShortFr": "C",
          "Sessions": [
            {
              "SessionId": 0,
              "SessionNumber": 1,
              "ParliamentNumber": 32,
              "StartDate": "1980-04-14T00:00:00Z",
              "EndDate": "1983-11-30T00:00:00Z",
              "ShortEn": "1st",
              "ShortFr": "1\u00e8re"
            }
          ],
          "Mandates": null
        },
        "GroupingTitleEn": null,
        "GroupingTitleFr": null,
        "GroupingOrder": 0,
        "ParliamentStart": null,
        "ParliamentEnd": null,
        "ParliamentNumber": 0,
        "PartyOrganizationId": 5774,
        "PartyEn": "New Democratic Party",
        "PartyFr": "Nouveau Parti d\u00e9mocratique",
        "PartyStartDate": "1980-02-18T00:00:00Z",
        "PartyEndDate": "1984-09-03T00:00:00Z",
        "PersonPersonId": 0,
        "PersonLastName": null,
        "PersonUsedFirstName": null,
        "MemberOfParliament": null,
        "IsMP": false,
        "IsSenator": false,
        "GovernorGeneral": null,
        "Documents": null,
        "Senator": null,
        "NotesEn": null,
        "NotesFr": null,
        "InternalNotes": null,
        "IsCurrent": "False",
        "RoleId": 226,
        "NameEn": "Member",
        "Ordinal": 300,
        "Classes": [
          {
            "RoleClassId": 33,
            "RoleClassOrdinal": null,
            "RoleToRoleClassOrdinal": null,
            "RoleClassNameEn": "Committee",
            "RoleClassNameFr": "Comit\u00e9"
          },
          {
            "RoleClassId": 113,
            "RoleClassOrdinal": null,
            "RoleToRoleClassOrdinal": null,
            "RoleClassNameEn": "ElectionProcessCloseDissolution",
            "RoleClassNameFr": "ElectionProcessCloseDissolution"
          }
        ]
      },
      {
        "PersonRoleId": 128100,
        "NameFr": "Membre",
        "StartDate": "1983-12-07T00:00:00Z",
        "StartDateIsApproximate": false,
        "EndDate": "1984-07-09T00:00:00Z",
        "EndDateIsApproximate": false,
        "EndReasonEn": null,
        "EndReasonFr": null,
        "EndReasonTypeEn": null,
        "EndReasonTypeFr": null,
        "SourceOfInformationEn": null,
        "SourceOfInformationFr": null,
        "IsActing": false,
        "ActingTextEn": null,
        "ActingTextFr": null,
        "HasCrossedTheFloor": false,
        "OrganizationId": 5077,
        "OrganizationLongEn": "Standing Committee on Management and Members' Services",
        "OrganizationLongFr": "Comit\u00e9 permanent de la gestion et des services aux d\u00e9put\u00e9s",
        "OrganizationShortEn": "Management and Members' Services",
        "OrganizationShortFr": "Gestion et services aux d\u00e9put\u00e9s",
        "OrganizationAcronymEn": "",
        "OrganizationAcronymFr": "",
        "OrganizationTypeId": 27,
        "OrganizationTypeEn": "Committee",
        "OrganizationTypeFr": "Comit\u00e9",
        "OrganizationProvinceEn": null,
        "OrganizationProvinceFr": null,
        "OrganizationHasProfile": true,
        "IsSenatorialDivision": false,
        "ToBeStyledAsEn": "",
        "ToBeStyledAsFr": "",
        "GroupId": 0,
        "Source": null,
        "PortFolioEn": null,
        "PortFolioFr": null,
        "Committee": {
          "OrganizationId": 0,
          "SenateCommitteeId": 0,
          "CommitteeTypeId": 5,
          "CommitteeTypeEn": "Standing",
          "CommitteeTypeFr": "Permanent",
          "CompositionTypeId": 3,
          "CompositionTypeLongEn": "House of Commons",
          "CompositionTypeLongFr": "Chambre des communes",
          "CompositionTypeShortEn": "C",
          "CompositionTypeShortFr": "C",
          "Sessions": [
            {
              "SessionId": 0,
              "SessionNumber": 2,
              "ParliamentNumber": 32,
              "StartDate": "1983-12-07T00:00:00Z",
              "EndDate": "1984-07-09T00:00:00Z",
              "ShortEn": "2nd",
              "ShortFr": "2e"
            }
          ],
          "Mandates": null
        },
        "GroupingTitleEn": null,
        "GroupingTitleFr": null,
        "GroupingOrder": 0,
        "ParliamentStart": null,
        "ParliamentEnd": null,
        "ParliamentNumber": 0,
        "PartyOrganizationId": 5774,
        "PartyEn": "New Democratic Party",
        "PartyFr": "Nouveau Parti d\u00e9mocratique",
        "PartyStartDate": "1980-02-18T00:00:00Z",
        "PartyEndDate": "1984-09-03T00:00:00Z",
        "PersonPersonId": 0,
        "PersonLastName": null,
        "PersonUsedFirstName": null,
        "MemberOfParliament": null,
        "IsMP": false,
        "IsSenator": false,
        "GovernorGeneral": null,
        "Documents": null,
        "Senator": null,
        "NotesEn": null,
        "NotesFr": null,
        "InternalNotes": null,
        "IsCurrent": "False",
        "RoleId": 226,
        "NameEn": "Member",
        "Ordinal": 300,
        "Classes": [
          {
            "RoleClassId": 33,
            "RoleClassOrdinal": null,
            "RoleToRoleClassOrdinal": null,
            "RoleClassNameEn": "Committee",
            "RoleClassNameFr": "Comit\u00e9"
          },
          {
            "RoleClassId": 113,
            "RoleClassOrdinal": null,
            "RoleToRoleClassOrdinal": null,
            "RoleClassNameEn": "ElectionProcessCloseDissolution",
            "RoleClassNameFr": "ElectionProcessCloseDissolution"
          }
        ]
      },
      {
        "PersonRoleId": 129396,
        "NameFr": "Membre",
        "StartDate": "1980-04-14T00:00:00Z",
        "StartDateIsApproximate": false,
        "EndDate": "1983-11-30T00:00:00Z",
        "EndDateIsApproximate": false,
        "EndReasonEn": null,
        "EndReasonFr": null,
        "EndReasonTypeEn": null,
        "EndReasonTypeFr": null,
        "SourceOfInformationEn": null,
        "SourceOfInformationFr": null,
        "IsActing": false,
        "ActingTextEn": null,
        "ActingTextFr": null,
        "HasCrossedTheFloor": false,
        "OrganizationId": 423,
        "OrganizationLongEn": "Standing Committee on Agriculture",
        "OrganizationLongFr": "Comit\u00e9 permanent de l'agriculture",
        "OrganizationShortEn": "Agriculture",
        "OrganizationShortFr": "Agriculture",
        "OrganizationAcronymEn": "",
        "OrganizationAcronymFr": "",
        "OrganizationTypeId": 27,
        "OrganizationTypeEn": "Committee",
        "OrganizationTypeFr": "Comit\u00e9",
        "OrganizationProvinceEn": null,
        "OrganizationProvinceFr": null,
        "OrganizationHasProfile": true,
        "IsSenatorialDivision": false,
        "ToBeStyledAsEn": "",
        "ToBeStyledAsFr": "",
        "GroupId": 0,
        "Source": null,
        "PortFolioEn": null,
        "PortFolioFr": null,
        "Committee": {
          "OrganizationId": 0,
          "SenateCommitteeId": 0,
          "CommitteeTypeId": 5,
          "CommitteeTypeEn": "Standing",
          "CommitteeTypeFr": "Permanent",
          "CompositionTypeId": 3,
          "CompositionTypeLongEn": "House of Commons",
          "CompositionTypeLongFr": "Chambre des communes",
          "CompositionTypeShortEn": "C",
          "CompositionTypeShortFr": "C",
          "Sessions": [
            {
              "SessionId": 0,
              "SessionNumber": 1,
              "ParliamentNumber": 32,
              "StartDate": "1980-04-14T00:00:00Z",
              "EndDate": "1983-11-30T00:00:00Z",
              "ShortEn": "1st",
              "ShortFr": "1\u00e8re"
            }
          ],
          "Mandates": null
        },
        "GroupingTitleEn": null,
        "GroupingTitleFr": null,
        "GroupingOrder": 0,
        "ParliamentStart": null,
        "ParliamentEnd": null,
        "ParliamentNumber": 0,
        "PartyOrganizationId": 5774,
        "PartyEn": "New Democratic Party",
        "PartyFr": "Nouveau Parti d\u00e9mocratique",
        "PartyStartDate": "1980-02-18T00:00:00Z",
        "PartyEndDate": "1984-09-03T00:00:00Z",
        "PersonPersonId": 0,
        "PersonLastName": null,
        "PersonUsedFirstName": null,
        "MemberOfParliament": null,
        "IsMP": false,
        "IsSenator": false,
        "GovernorGeneral": null,
        "Documents": null,
        "Senator": null,
        "NotesEn": null,
        "NotesFr": null,
        "InternalNotes": null,
        "IsCurrent": "False",
        "RoleId": 226,
        "NameEn": "Member",
        "Ordinal": 300,
        "Classes": [
          {
            "RoleClassId": 33,
            "RoleClassOrdinal": null,
            "RoleToRoleClassOrdinal": null,
            "RoleClassNameEn": "Committee",
            "RoleClassNameFr": "Comit\u00e9"
          },
          {
            "RoleClassId": 113,
            "RoleClassOrdinal": null,
            "RoleToRoleClassOrdinal": null,
            "RoleClassNameEn": "ElectionProcessCloseDissolution",
            "RoleClassNameFr": "ElectionProcessCloseDissolution"
          }
        ]
      },
      {
        "PersonRoleId": 130472,
        "NameFr": "Membre",
        "StartDate": "1980-04-14T00:00:00Z",
        "StartDateIsApproximate": false,
        "EndDate": "1983-11-30T00:00:00Z",
        "EndDateIsApproximate": false,
        "EndReasonEn": null,
        "EndReasonFr": null,
        "EndReasonTypeEn": null,
        "EndReasonTypeFr": null,
        "SourceOfInformationEn": null,
        "SourceOfInformationFr": null,
        "IsActing": false,
        "ActingTextEn": null,
        "ActingTextFr": null,
        "HasCrossedTheFloor": false,
        "OrganizationId": 5364,
        "OrganizationLongEn": "Standing Committee on Miscellaneous Estimates",
        "OrganizationLongFr": "Comit\u00e9 permanent des pr\u00e9visions budg\u00e9taires en g\u00e9n\u00e9ral",
        "OrganizationShortEn": "Miscellaneous Estimates",
        "OrganizationShortFr": "Pr\u00e9visions budg\u00e9taires en g\u00e9n\u00e9ral",
        "OrganizationAcronymEn": "",
        "OrganizationAcronymFr": "",
        "OrganizationTypeId": 27,
        "OrganizationTypeEn": "Committee",
        "OrganizationTypeFr": "Comit\u00e9",
        "OrganizationProvinceEn": null,
        "OrganizationProvinceFr": null,
        "OrganizationHasProfile": true,
        "IsSenatorialDivision": false,
        "ToBeStyledAsEn": "",
        "ToBeStyledAsFr": "",
        "GroupId": 0,
        "Source": null,
        "PortFolioEn": null,
        "PortFolioFr": null,
        "Committee": {
          "OrganizationId": 0,
          "SenateCommitteeId": 0,
          "CommitteeTypeId": 5,
          "CommitteeTypeEn": "Standing",
          "CommitteeTypeFr": "Permanent",
          "CompositionTypeId": 3,
          "CompositionTypeLongEn": "House of Commons",
          "CompositionTypeLongFr": "Chambre des communes",
          "CompositionTypeShortEn": "C",
          "CompositionTypeShortFr": "C",
          "Sessions": [
            {
              "SessionId": 0,
              "SessionNumber": 1,
              "ParliamentNumber": 32,
              "StartDate": "1980-04-14T00:00:00Z",
              "EndDate": "1983-11-30T00:00:00Z",
              "ShortEn": "1st",
              "ShortFr": "1\u00e8re"
            }
          ],
          "Mandates": null
        },
        "GroupingTitleEn": null,
        "GroupingTitleFr": null,
        "GroupingOrder": 0,
        "ParliamentStart": null,
        "ParliamentEnd": null,
        "ParliamentNumber": 0,
        "PartyOrganizationId": 5774,
        "PartyEn": "New Democratic Party",
        "PartyFr": "Nouveau Parti d\u00e9mocratique",
        "PartyStartDate": "1980-02-18T00:00:00Z",
        "PartyEndDate": "1984-09-03T00:00:00Z",
        "PersonPersonId": 0,
        "PersonLastName": null,
        "PersonUsedFirstName": null,
        "MemberOfParliament": null,
        "IsMP": false,
        "IsSenator": false,
        "GovernorGeneral": null,
        "Documents": null,
        "Senator": null,
        "NotesEn": null,
        "NotesFr": null,
        "InternalNotes": null,
        "IsCurrent": "False",
        "RoleId": 226,
        "NameEn": "Member",
        "Ordinal": 300,
        "Classes": [
          {
            "RoleClassId": 33,
            "RoleClassOrdinal": null,
            "RoleToRoleClassOrdinal": null,
            "RoleClassNameEn": "Committee",
            "RoleClassNameFr": "Comit\u00e9"
          },
          {
            "RoleClassId": 113,
            "RoleClassOrdinal": null,
            "RoleToRoleClassOrdinal": null,
            "RoleClassNameEn": "ElectionProcessCloseDissolution",
            "RoleClassNameFr": "ElectionProcessCloseDissolution"
          }
        ]
      },
      {
        "PersonRoleId": 131289,
        "NameFr": "Membre",
        "StartDate": "1980-04-14T00:00:00Z",
        "StartDateIsApproximate": false,
        "EndDate": "1983-11-30T00:00:00Z",
        "EndDateIsApproximate": false,
        "EndReasonEn": null,
        "EndReasonFr": null,
        "EndReasonTypeEn": null,
        "EndReasonTypeFr": null,
        "SourceOfInformationEn": null,
        "SourceOfInformationFr": null,
        "IsActing": false,
        "ActingTextEn": null,
        "ActingTextFr": null,
        "HasCrossedTheFloor": false,
        "OrganizationId": 5077,
        "OrganizationLongEn": "Standing Committee on Management and Members' Services",
        "OrganizationLongFr": "Comit\u00e9 permanent de la gestion et des services aux d\u00e9put\u00e9s",
        "OrganizationShortEn": "Management and Members' Services",
        "OrganizationShortFr": "Gestion et services aux d\u00e9put\u00e9s",
        "OrganizationAcronymEn": "",
        "OrganizationAcronymFr": "",
        "OrganizationTypeId": 27,
        "OrganizationTypeEn": "Committee",
        "OrganizationTypeFr": "Comit\u00e9",
        "OrganizationProvinceEn": null,
        "OrganizationProvinceFr": null,
        "OrganizationHasProfile": true,
        "IsSenatorialDivision": false,
        "ToBeStyledAsEn": "",
        "ToBeStyledAsFr": "",
        "GroupId": 0,
        "Source": null,
        "PortFolioEn": null,
        "PortFolioFr": null,
        "Committee": {
          "OrganizationId": 0,
          "SenateCommitteeId": 0,
          "CommitteeTypeId": 5,
          "CommitteeTypeEn": "Standing",
          "CommitteeTypeFr": "Permanent",
          "CompositionTypeId": 3,
          "CompositionTypeLongEn": "House of Commons",
          "CompositionTypeLongFr": "Chambre des communes",
          "CompositionTypeShortEn": "C",
          "CompositionTypeShortFr": "C",
          "Sessions": [
            {
              "SessionId": 0,
              "SessionNumber": 1,
              "ParliamentNumber": 32,
              "StartDate": "1980-04-14T00:00:00Z",
              "EndDate": "1983-11-30T00:00:00Z",
              "ShortEn": "1st",
              "ShortFr": "1\u00e8re"
            }
          ],
          "Mandates": null
        },
        "GroupingTitleEn": null,
        "GroupingTitleFr": null,
        "GroupingOrder": 0,
        "ParliamentStart": null,
        "ParliamentEnd": null,
        "ParliamentNumber": 0,
        "PartyOrganizationId": 5774,
        "PartyEn": "New Democratic Party",
        "PartyFr": "Nouveau Parti d\u00e9mocratique",
        "PartyStartDate": "1980-02-18T00:00:00Z",
        "PartyEndDate": "1984-09-03T00:00:00Z",
        "PersonPersonId": 0,
        "PersonLastName": null,
        "PersonUsedFirstName": null,
        "MemberOfParliament": null,
        "IsMP": false,
        "IsSenator": false,
        "GovernorGeneral": null,
        "Documents": null,
        "Senator": null,
        "NotesEn": null,
        "NotesFr": null,
        "InternalNotes": null,
        "IsCurrent": "False",
        "RoleId": 226,
        "NameEn": "Member",
        "Ordinal": 300,
        "Classes": [
          {
            "RoleClassId": 33,
            "RoleClassOrdinal": null,
            "RoleToRoleClassOrdinal": null,
            "RoleClassNameEn": "Committee",
            "RoleClassNameFr": "Comit\u00e9"
          },
          {
            "RoleClassId": 113,
            "RoleClassOrdinal": null,
            "RoleToRoleClassOrdinal": null,
            "RoleClassNameEn": "ElectionProcessCloseDissolution",
            "RoleClassNameFr": "ElectionProcessCloseDissolution"
          }
        ]
      },
      {
        "PersonRoleId": 134780,
        "NameFr": "Membre",
        "StartDate": "1980-04-14T00:00:00Z",
        "StartDateIsApproximate": false,
        "EndDate": "1983-11-30T00:00:00Z",
        "EndDateIsApproximate": false,
        "EndReasonEn": null,
        "EndReasonFr": null,
        "EndReasonTypeEn": null,
        "EndReasonTypeFr": null,
        "SourceOfInformationEn": null,
        "SourceOfInformationFr": null,
        "IsActing": false,
        "ActingTextEn": null,
        "ActingTextFr": null,
        "HasCrossedTheFloor": false,
        "OrganizationId": 6109,
        "OrganizationLongEn": "Special Joint Committee on Official Languages",
        "OrganizationLongFr": "Comit\u00e9 mixte sp\u00e9cial sur les langues officielles",
        "OrganizationShortEn": "Official Languages",
        "OrganizationShortFr": "Langues officielles",
        "OrganizationAcronymEn": "",
        "OrganizationAcronymFr": "",
        "OrganizationTypeId": 27,
        "OrganizationTypeEn": "Committee",
        "OrganizationTypeFr": "Comit\u00e9",
        "OrganizationProvinceEn": null,
        "OrganizationProvinceFr": null,
        "OrganizationHasProfile": true,
        "IsSenatorialDivision": false,
        "ToBeStyledAsEn": "",
        "ToBeStyledAsFr": "",
        "GroupId": 0,
        "Source": null,
        "PortFolioEn": null,
        "PortFolioFr": null,
        "Committee": {
          "OrganizationId": 0,
          "SenateCommitteeId": 0,
          "CommitteeTypeId": 4,
          "CommitteeTypeEn": "Special",
          "CommitteeTypeFr": "Sp\u00e9cial",
          "CompositionTypeId": 8,
          "CompositionTypeLongEn": "Joint",
          "CompositionTypeLongFr": "Mixte",
          "CompositionTypeShortEn": "J",
          "CompositionTypeShortFr": "J",
          "Sessions": [
            {
              "SessionId": 0,
              "SessionNumber": 1,
              "ParliamentNumber": 32,
              "StartDate": "1980-04-14T00:00:00Z",
              "EndDate": "1983-11-30T00:00:00Z",
              "ShortEn": "1st",
              "ShortFr": "1\u00e8re"
            }
          ],
          "Mandates": null
        },
        "GroupingTitleEn": null,
        "GroupingTitleFr": null,
        "GroupingOrder": 0,
        "ParliamentStart": null,
        "ParliamentEnd": null,
        "ParliamentNumber": 0,
        "PartyOrganizationId": 5774,
        "PartyEn": "New Democratic Party",
        "PartyFr": "Nouveau Parti d\u00e9mocratique",
        "PartyStartDate": "1980-02-18T00:00:00Z",
        "PartyEndDate": "1984-09-03T00:00:00Z",
        "PersonPersonId": 0,
        "PersonLastName": null,
        "PersonUsedFirstName": null,
        "MemberOfParliament": null,
        "IsMP": false,
        "IsSenator": false,
        "GovernorGeneral": null,
        "Documents": null,
        "Senator": null,
        "NotesEn": null,
        "NotesFr": null,
        "InternalNotes": null,
        "IsCurrent": "False",
        "RoleId": 226,
        "NameEn": "Member",
        "Ordinal": 300,
        "Classes": [
          {
            "RoleClassId": 33,
            "RoleClassOrdinal": null,
            "RoleToRoleClassOrdinal": null,
            "RoleClassNameEn": "Committee",
            "RoleClassNameFr": "Comit\u00e9"
          },
          {
            "RoleClassId": 113,
            "RoleClassOrdinal": null,
            "RoleToRoleClassOrdinal": null,
            "RoleClassNameEn": "ElectionProcessCloseDissolution",
            "RoleClassNameFr": "ElectionProcessCloseDissolution"
          }
        ]
      },
      {
        "PersonRoleId": 60312,
        "NameFr": "Membre",
        "StartDate": "1983-12-07T00:00:00Z",
        "StartDateIsApproximate": false,
        "EndDate": "1984-07-09T00:00:00Z",
        "EndDateIsApproximate": false,
        "EndReasonEn": null,
        "EndReasonFr": null,
        "EndReasonTypeEn": null,
        "EndReasonTypeFr": null,
        "SourceOfInformationEn": null,
        "SourceOfInformationFr": null,
        "IsActing": false,
        "ActingTextEn": null,
        "ActingTextFr": null,
        "HasCrossedTheFloor": false,
        "OrganizationId": 8084,
        "OrganizationLongEn": "Special Committee on Participation of Visible Minorities in Canadian Society",
        "OrganizationLongFr": "Comit\u00e9 sp\u00e9cial sur la Participation des Minorit\u00e9s visibles \u00e0 la Soci\u00e9t\u00e9 canadienne",
        "OrganizationShortEn": "Participation of Visible Minorities in Canadian Society",
        "OrganizationShortFr": "Participation des minorit\u00e9s visibles \u00e0 la soci\u00e9t\u00e9 canadienne",
        "OrganizationAcronymEn": "",
        "OrganizationAcronymFr": "",
        "OrganizationTypeId": 27,
        "OrganizationTypeEn": "Committee",
        "OrganizationTypeFr": "Comit\u00e9",
        "OrganizationProvinceEn": null,
        "OrganizationProvinceFr": null,
        "OrganizationHasProfile": true,
        "IsSenatorialDivision": false,
        "ToBeStyledAsEn": "",
        "ToBeStyledAsFr": "",
        "GroupId": 0,
        "Source": null,
        "PortFolioEn": null,
        "PortFolioFr": null,
        "Committee": {
          "OrganizationId": 0,
          "SenateCommitteeId": 0,
          "CommitteeTypeId": 4,
          "CommitteeTypeEn": "Special",
          "CommitteeTypeFr": "Sp\u00e9cial",
          "CompositionTypeId": 3,
          "CompositionTypeLongEn": "House of Commons",
          "CompositionTypeLongFr": "Chambre des communes",
          "CompositionTypeShortEn": "C",
          "CompositionTypeShortFr": "C",
          "Sessions": [
            {
              "SessionId": 0,
              "SessionNumber": 2,
              "ParliamentNumber": 32,
              "StartDate": "1983-12-07T00:00:00Z",
              "EndDate": "1984-07-09T00:00:00Z",
              "ShortEn": "2nd",
              "ShortFr": "2e"
            }
          ],
          "Mandates": null
        },
        "GroupingTitleEn": null,
        "GroupingTitleFr": null,
        "GroupingOrder": 0,
        "ParliamentStart": null,
        "ParliamentEnd": null,
        "ParliamentNumber": 0,
        "PartyOrganizationId": 5774,
        "PartyEn": "New Democratic Party",
        "PartyFr": "Nouveau Parti d\u00e9mocratique",
        "PartyStartDate": "1980-02-18T00:00:00Z",
        "PartyEndDate": "1984-09-03T00:00:00Z",
        "PersonPersonId": 0,
        "PersonLastName": null,
        "PersonUsedFirstName": null,
        "MemberOfParliament": null,
        "IsMP": false,
        "IsSenator": false,
        "GovernorGeneral": null,
        "Documents": null,
        "Senator": null,
        "NotesEn": null,
        "NotesFr": null,
        "InternalNotes": null,
        "IsCurrent": "False",
        "RoleId": 226,
        "NameEn": "Member",
        "Ordinal": 300,
        "Classes": [
          {
            "RoleClassId": 33,
            "RoleClassOrdinal": null,
            "RoleToRoleClassOrdinal": null,
            "RoleClassNameEn": "Committee",
            "RoleClassNameFr": "Comit\u00e9"
          },
          {
            "RoleClassId": 113,
            "RoleClassOrdinal": null,
            "RoleToRoleClassOrdinal": null,
            "RoleClassNameEn": "ElectionProcessCloseDissolution",
            "RoleClassNameFr": "ElectionProcessCloseDissolution"
          }
        ]
      }
    ],
    "HillAddresses": null,
    "ConstituencyAddresses": null,
    "WebLinks": [
      {
        "TypeEn": "Maiden Speech",
        "TypeFr": "Premier discours",
        "TitleFr": "Premier discours \u00e0 la Chambre des communes",
        "TitleEn": "Maiden Speech in the House of Commons",
        "UrlEn": "https://parl.canadiana.ca/view/oop.debates_HOC3201_02/239?r=0&s=2",
        "UrlFr": "https://parl.canadiana.ca/view/oop.debates_CDC3201_02/239?r=0&s=2"
      }
    ],
    "Bibliography": null,
    "ElectionCandidates": [
      {
        "ElectionCandidateId": 4834,
        "ParliamentNumber": 30,
        "ElectionId": 146,
        "ElectionDate": "1974-07-08T00:00:00Z",
        "IsGeneral": true,
        "OrganizationId": 2368,
        "ConstituencyEn": "Dauphin",
        "ConstituencyFr": "Dauphin",
        "ProvinceEn": null,
        "ProvinceFr": null,
        "PersonRoleId": null,
        "ElectionCanadaFirstName": "Laverne",
        "ElectionCanadaLastName": "LEWYCKY",
        "ElectionCanadaMiddleName": null,
        "Gender": "M",
        "OccupationEn": "Professor",
        "OccupationFr": "Professeur",
        "PartyOrganizationId": 5774,
        "PartyNameEn": "New Democratic Party",
        "PartyNameFr": "Nouveau Parti d\u00e9mocratique",
        "Votes": 7743,
        "ResultLongEn": "Defeated",
        "ResultLongFr": "D\u00e9fait",
        "OtherResultLongEn": null,
        "OtherResultLongFr": null,
        "NotesEn": null,
        "NotesFr": null,
        "InternalNotes": null
      },
      {
        "ElectionCandidateId": 4835,
        "ParliamentNumber": 31,
        "ElectionId": 204,
        "ElectionDate": "1979-05-22T00:00:00Z",
        "IsGeneral": true,
        "OrganizationId": 2368,
        "ConstituencyEn": "Dauphin",
        "ConstituencyFr": "Dauphin",
        "ProvinceEn": null,
        "ProvinceFr": null,
        "PersonRoleId": null,
        "ElectionCanadaFirstName": "Laverne",
        "ElectionCanadaLastName": "LEWYCKY",
        "ElectionCanadaMiddleName": null,
        "Gender": "M",
        "OccupationEn": "Professor",
        "OccupationFr": "Professeur",
        "PartyOrganizationId": 5774,
        "PartyNameEn": "New Democratic Party",
        "PartyNameFr": "Nouveau Parti d\u00e9mocratique",
        "Votes": 11770,
        "ResultLongEn": "Defeated",
        "ResultLongFr": "D\u00e9fait",
        "OtherResultLongEn": null,
        "OtherResultLongFr": null,
        "NotesEn": null,
        "NotesFr": null,
        "InternalNotes": null
      },
      {
        "ElectionCandidateId": 4836,
        "ParliamentNumber": 32,
        "ElectionId": 168,
        "ElectionDate": "1980-02-18T00:00:00Z",
        "IsGeneral": true,
        "OrganizationId": 2368,
        "ConstituencyEn": "Dauphin",
        "ConstituencyFr": "Dauphin",
        "ProvinceEn": null,
        "ProvinceFr": null,
        "PersonRoleId": null,
        "ElectionCanadaFirstName": "Laverne",
        "ElectionCanadaLastName": "LEWYCKY",
        "ElectionCanadaMiddleName": null,
        "Gender": "M",
        "OccupationEn": "Executive assistant",
        "OccupationFr": "Adjoint ex\u00e9cutif",
        "PartyOrganizationId": 5774,
        "PartyNameEn": "New Democratic Party",
        "PartyNameFr": "Nouveau Parti d\u00e9mocratique",
        "Votes": 12960,
        "ResultLongEn": "Elected",
        "ResultLongFr": "\u00c9lu",
        "OtherResultLongEn": null,
        "OtherResultLongFr": null,
        "NotesEn": null,
        "NotesFr": null,
        "InternalNotes": null
      },
      {
        "ElectionCandidateId": 31373,
        "ParliamentNumber": 33,
        "ElectionId": 580,
        "ElectionDate": "1984-09-04T00:00:00Z",
        "IsGeneral": true,
        "OrganizationId": 2375,
        "ConstituencyEn": "Dauphin--Swan River",
        "ConstituencyFr": "Dauphin--Swan River",
        "ProvinceEn": null,
        "ProvinceFr": null,
        "PersonRoleId": null,
        "ElectionCanadaFirstName": "Laverne",
        "ElectionCanadaLastName": "Lewycky",
        "ElectionCanadaMiddleName": null,
        "Gender": "M",
        "OccupationEn": "Sociology professor",
        "OccupationFr": "Professeur de sociologie",
        "PartyOrganizationId": 5774,
        "PartyNameEn": "New Democratic Party",
        "PartyNameFr": "Nouveau Parti d\u00e9mocratique",
        "Votes": 10219,
        "ResultLongEn": "Defeated",
        "ResultLongFr": "D\u00e9fait",
        "OtherResultLongEn": null,
        "OtherResultLongFr": null,
        "NotesEn": null,
        "NotesFr": null,
        "InternalNotes": null
      },
      {
        "ElectionCandidateId": 41023,
        "ParliamentNumber": 42,
        "ElectionId": 764,
        "ElectionDate": "2015-10-19T00:00:00Z",
        "IsGeneral": true,
        "OrganizationId": 11606,
        "ConstituencyEn": "Dauphin--Swan River--Neepawa",
        "ConstituencyFr": "Dauphin--Swan River--Neepawa",
        "ProvinceEn": null,
        "ProvinceFr": null,
        "PersonRoleId": null,
        "ElectionCanadaFirstName": "Laverne",
        "ElectionCanadaLastName": "Lewycky",
        "ElectionCanadaMiddleName": null,
        "Gender": "M",
        "OccupationEn": "Professor",
        "OccupationFr": "Professeur",
        "PartyOrganizationId": 5774,
        "PartyNameEn": "New Democratic Party",
        "PartyNameFr": "Nouveau Parti d\u00e9mocratique",
        "Votes": 5097,
        "ResultLongEn": "Defeated",
        "ResultLongFr": "D\u00e9fait",
        "OtherResultLongEn": null,
        "OtherResultLongFr": null,
        "NotesEn": null,
        "NotesFr": null,
        "InternalNotes": null
      },
      {
        "ElectionCandidateId": 44067,
        "ParliamentNumber": 43,
        "ElectionId": 802,
        "ElectionDate": "2019-10-21T04:00:00Z",
        "IsGeneral": true,
        "OrganizationId": 11606,
        "ConstituencyEn": "Dauphin--Swan River--Neepawa",
        "ConstituencyFr": "Dauphin--Swan River--Neepawa",
        "ProvinceEn": "Manitoba",
        "ProvinceFr": "Manitoba",
        "PersonRoleId": null,
        "ElectionCanadaFirstName": "Laverne",
        "ElectionCanadaLastName": "Lewycky",
        "ElectionCanadaMiddleName": null,
        "Gender": "M",
        "OccupationEn": "Professor/Teacher",
        "OccupationFr": "Professeur/enseignant",
        "PartyOrganizationId": 5774,
        "PartyNameEn": "New Democratic Party",
        "PartyNameFr": "Nouveau Parti d\u00e9mocratique",
        "Votes": 5724,
        "ResultLongEn": "Defeated",
        "ResultLongFr": "D\u00e9fait",
        "OtherResultLongEn": null,
        "OtherResultLongFr": null,
        "NotesEn": null,
        "NotesFr": null,
        "InternalNotes": null
      }
    ],
    "Death": {
      "DateOfDeath": "2020-08-03T04:00:00Z",
      "DateOfDeathIsApproximate": false,
      "DeceasedOnDuty": false,
      "RecordNotFound": false,
      "CauseOfDeathEn": null,
      "CauseOfDeathFr": null,
      "CemetaryNameEn": null,
      "CemetaryNameFr": null,
      "CemetaryCityEn": null,
      "CemetaryCityFr": null,
      "CemetaryProvinceEn": null,
      "CemetaryProvinceFr": null,
      "CemetaryCountryEn": null,
      "CemetaryCountryFr": null,
      "FuneralDate": null,
      "StateLayFuneralLocationEn": null,
      "StateLayFuneralLocationFr": null,
      "StateLayFuneralStartDate": null,
      "StateLayFuneralEndDate": null,
      "ReferenceOfStateLay": null
    },
    "PrimeMinister": null,
    "Parliaments": null,
    "Age": 74,
    "DisplayName": "Lewycky, Laverne",
    "StraightDisplayName": "Laverne Lewycky",
    "PartyEn": "New Democratic Party (1980/02/18 - 1984/09/03)<br>",
    "PartyFr": "Nouveau Parti d\u00e9mocratique (1980/02/18 - 1984/09/03)<br>",
    "ConstituencyEn": "Dauphin (1980/02/18 - 1984/09/03)<br>",
    "ConstituencyFr": "Dauphin (1980/02/18 - 1984/09/03)<br>",
    "CurrentPartyEn": "New Democratic Party",
    "CurrentPartyFr": "Nouveau Parti d\u00e9mocratique",
    "CurrentConstituencyEn": "Dauphin",
    "CurrentConstituencyFr": "Dauphin",
    "ProvinceEn": "Manitoba<br>",
    "ProvinceFr": "Manitoba<br>",
    "PrimeMinisterEn": "",
    "PrimeMinisterFr": "",
    "CabinetChairEn": "",
    "CabinetChairFr": "",
    "CabinetCommitteeMemberEn": "",
    "CabinetCommitteeMemberFr": "",
    "LeaderOpposition": "",
    "DeputyPrimeMinister": "",
    "SpeakerHouseOfCommons": "",
    "SpeakerSenate": "",
    "SpeakerProTempore": "",
    "DeputySpeaker": "",
    "AssistantDeputySpeakerChairEn": "",
    "AssistantDeputySpeakerChairFr": "",
    "MinisterOfEn": "",
    "MinisterOfFr": "",
    "AssociateMinisterOfEn": "",
    "AssociateMinisterOfFr": "",
    "MinisterOfStateOfEn": "",
    "MinisterOfStateOfFr": "",
    "SecretaryOfStateOfEn": "",
    "SecretaryOfStateOfFr": "",
    "ParliamentarySecretaryOfEn": "",
    "ParliamentarySecretaryOfFr": "",
    "ParliamentaryAssistantOfEn": "",
    "ParliamentaryAssistantOfFr": "",
    "PartyLeaderEn": "",
    "PartyLeaderFr": "",
    "HouseLeaderEn": "",
    "HouseLeaderFr": "",
    "DeputyHouseLeaderEn": "",
    "DeputyHouseLeaderFr": "",
    "WhipEn": "",
    "WhipFr": "",
    "DeputyWhipEn": "",
    "DeputyWhipFr": "",
    "CriticOfEn": "Secretary of State of Canada (Multiculturalism) (1981 - 1984/09/03)<br>",
    "CriticOfFr": "Secr\u00e9tariat d'\u00c9tat du Canada (Multiculturalisme) (1981 - 1984/09/03)<br>",
    "AssistantCriticOfEn": "",
    "AssistantCriticOfFr": "",
    "TypeOfParliamentarianEn": "MP (1980/02/18 - 1984/09/03)<br>",
    "TypeOfParliamentarianFr": "D\u00e9put\u00e9 (1980/02/18 - 1984/09/03)<br>",
    "DiedInOffice": false,
    "PremiershipExperienceEn": "",
    "PremiershipExperienceFr": "",
    "ProvincialExperienceEn": "",
    "ProvincialExperienceFr": "",
    "MunicipalExperienceEn": "",
    "MunicipalExperienceFr": "",
    "MilitaryServiceEn": "",
    "MilitaryServiceFr": "",
    "MinistryDurationEn": "",
    "MinistryDurationFr": "",
    "ProfessionsEn": ", executive assistant, professor of sociology",
    "ProfessionsFr": ", adjoint ex\u00e9cutif, professeur de sociologie",
    "LanguageEn": "",
    "LanguageFr": "",
    "IsPrimeMinister": false,
    "YearsOfServiceSegments": [
      {
        "TotalDays": 1660,
        "Years": 4,
        "Months": 6,
        "Days": 17,
        "Hours": 0,
        "Minutes": 0,
        "Seconds": 0,
        "Milliseconds": 0
      }
    ],
    "IsCurrentlyInOffice": false,
    "IsCurrentlySenator": false,
    "IsCurrentlyMP": false,
    "HasMaidenSpeech": true,
    "_id": "59f8770be413e1389ffd1b0e",
    "LastUpdatedId": "000000000000000000000000",
    "LastModified": "0001-01-01T00:00:00",
    "ModifiedBy": null
  },
  "FederalExperience": [
    {
      "PersonRoleId": 83021,
      "NameFr": "Membre pour la circonscription",
      "StartDate": "1980-02-18T00:00:00Z",
      "StartDateIsApproximate": false,
      "EndDate": "1984-09-03T00:00:00Z",
      "EndDateIsApproximate": false,
      "EndReasonEn": null,
      "EndReasonFr": null,
      "EndReasonTypeEn": null,
      "EndReasonTypeFr": null,
      "SourceOfInformationEn": null,
      "SourceOfInformationFr": null,
      "IsActing": false,
      "ActingTextEn": null,
      "ActingTextFr": null,
      "HasCrossedTheFloor": false,
      "OrganizationId": 2368,
      "OrganizationLongEn": "Dauphin",
      "OrganizationLongFr": "Dauphin",
      "OrganizationShortEn": "",
      "OrganizationShortFr": "",
      "OrganizationAcronymEn": "",
      "OrganizationAcronymFr": "",
      "OrganizationTypeId": 35,
      "OrganizationTypeEn": "Constituency",
      "OrganizationTypeFr": "Circonscription",
      "OrganizationProvinceEn": "Manitoba",
      "OrganizationProvinceFr": "Manitoba",
      "OrganizationHasProfile": true,
      "IsSenatorialDivision": false,
      "ToBeStyledAsEn": "",
      "ToBeStyledAsFr": "",
      "GroupId": 0,
      "Source": null,
      "PortFolioEn": null,
      "PortFolioFr": null,
      "Committee": null,
      "GroupingTitleEn": "Parliamentarian",
      "GroupingTitleFr": "Parlementaire",
      "GroupingOrder": 1,
      "ParliamentStart": "1980-04-14T00:00:00Z",
      "ParliamentEnd": "1984-07-09T00:00:00Z",
      "ParliamentNumber": 32,
      "PartyOrganizationId": 5774,
      "PartyEn": "New Democratic Party",
      "PartyFr": "Nouveau Parti d\u00e9mocratique",
      "PartyStartDate": "1980-02-18T00:00:00Z",
      "PartyEndDate": "1984-09-03T00:00:00Z",
      "PersonPersonId": 0,
      "PersonLastName": null,
      "PersonUsedFirstName": null,
      "MemberOfParliament": {
        "OccupationTypeEn": "Continuous",
        "OccupationTypeFr": "Continue"
      },
      "IsMP": true,
      "IsSenator": false,
      "GovernorGeneral": null,
      "Documents": null,
      "Senator": null,
      "NotesEn": null,
      "NotesFr": null,
      "InternalNotes": null,
      "IsCurrent": "False",
      "RoleId": 719,
      "NameEn": "Constituency Member",
      "Ordinal": 240,
      "Classes": [
        {
          "RoleClassId": 49,
          "RoleClassOrdinal": 2,
          "RoleToRoleClassOrdinal": null,
          "RoleClassNameEn": "Salaries in the House of Commons",
          "RoleClassNameFr": "Salaires \u00e0 la Chambre des Communes"
        },
        {
          "RoleClassId": 105,
          "RoleClassOrdinal": null,
          "RoleToRoleClassOrdinal": null,
          "RoleClassNameEn": "Parliamentarian",
          "RoleClassNameFr": "Parlementaire"
        }
      ]
    },
    {
      "PersonRoleId": 120168,
      "NameFr": "Membre du parti",
      "StartDate": "1980-02-18T00:00:00Z",
      "StartDateIsApproximate": false,
      "EndDate": "1984-09-03T00:00:00Z",
      "EndDateIsApproximate": false,
      "EndReasonEn": null,
      "EndReasonFr": null,
      "EndReasonTypeEn": null,
      "EndReasonTypeFr": null,
      "SourceOfInformationEn": null,
      "SourceOfInformationFr": null,
      "IsActing": false,
      "ActingTextEn": null,
      "ActingTextFr": null,
      "HasCrossedTheFloor": false,
      "OrganizationId": 5774,
      "OrganizationLongEn": "New Democratic Party",
      "OrganizationLongFr": "Nouveau Parti d\u00e9mocratique",
      "OrganizationShortEn": "New Democratic Party",
      "OrganizationShortFr": "Nouveau parti d\u00e9mocratique",
      "OrganizationAcronymEn": "N.D.P.",
      "OrganizationAcronymFr": "N.P.D.",
      "OrganizationTypeId": 4,
      "OrganizationTypeEn": "Party",
      "OrganizationTypeFr": "Parti",
      "OrganizationProvinceEn": null,
      "OrganizationProvinceFr": null,
      "OrganizationHasProfile": true,
      "IsSenatorialDivision": false,
      "ToBeStyledAsEn": "",
      "ToBeStyledAsFr": "",
      "GroupId": 0,
      "Source": null,
      "PortFolioEn": null,
      "PortFolioFr": null,
      "Committee": null,
      "GroupingTitleEn": "Parliamentarian",
      "GroupingTitleFr": "Parlementaire",
      "GroupingOrder": 1,
      "ParliamentStart": "1980-04-14T00:00:00Z",
      "ParliamentEnd": "1984-07-09T00:00:00Z",
      "ParliamentNumber": 32,
      "PartyOrganizationId": 5774,
      "PartyEn": "New Democratic Party",
      "PartyFr": "Nouveau Parti d\u00e9mocratique",
      "PartyStartDate": "1980-02-18T00:00:00Z",
      "PartyEndDate": "1984-09-03T00:00:00Z",
      "PersonPersonId": 0,
      "PersonLastName": null,
      "PersonUsedFirstName": null,
      "MemberOfParliament": null,
      "IsMP": false,
      "IsSenator": false,
      "GovernorGeneral": null,
      "Documents": null,
      "Senator": null,
      "NotesEn": null,
      "NotesFr": null,
      "InternalNotes": null,
      "IsCurrent": "False",
      "RoleId": 722,
      "NameEn": "Party Member",
      "Ordinal": null,
      "Classes": [
        {
          "RoleClassId": 105,
          "RoleClassOrdinal": null,
          "RoleToRoleClassOrdinal": null,
          "RoleClassNameEn": "Parliamentarian",
          "RoleClassNameFr": "Parlementaire"
        }
      ]
    },
    {
      "PersonRoleId": 315517,
      "NameFr": "Porte-parole",
      "StartDate": "1981-10-01T00:00:00Z",
      "StartDateIsApproximate": true,
      "EndDate": "1984-09-03T00:00:00Z",
      "EndDateIsApproximate": false,
      "EndReasonEn": null,
      "EndReasonFr": null,
      "EndReasonTypeEn": null,
      "EndReasonTypeFr": null,
      "SourceOfInformationEn": null,
      "SourceOfInformationFr": null,
      "IsActing": false,
      "ActingTextEn": null,
      "ActingTextFr": null,
      "HasCrossedTheFloor": false,
      "OrganizationId": 7783,
      "OrganizationLongEn": "Secretary of State of Canada",
      "OrganizationLongFr": "Secr\u00e9tariat d'\u00c9tat du Canada",
      "OrganizationShortEn": null,
      "OrganizationShortFr": null,
      "OrganizationAcronymEn": null,
      "OrganizationAcronymFr": null,
      "OrganizationTypeId": 38,
      "OrganizationTypeEn": "Government",
      "OrganizationTypeFr": "Government",
      "OrganizationProvinceEn": null,
      "OrganizationProvinceFr": null,
      "OrganizationHasProfile": true,
      "IsSenatorialDivision": false,
      "ToBeStyledAsEn": null,
      "ToBeStyledAsFr": null,
      "GroupId": 0,
      "Source": null,
      "PortFolioEn": "Multiculturalism",
      "PortFolioFr": "Multiculturalisme",
      "Committee": null,
      "GroupingTitleEn": "House of Commons Roles",
      "GroupingTitleFr": "R\u00f4les \u00e0 la chambre des Communes",
      "GroupingOrder": 2,
      "ParliamentStart": "1980-04-14T00:00:00Z",
      "ParliamentEnd": "1984-07-09T00:00:00Z",
      "ParliamentNumber": 32,
      "PartyOrganizationId": 5774,
      "PartyEn": "New Democratic Party",
      "PartyFr": "Nouveau Parti d\u00e9mocratique",
      "PartyStartDate": "1980-02-18T00:00:00Z",
      "PartyEndDate": "1984-09-03T00:00:00Z",
      "PersonPersonId": 0,
      "PersonLastName": null,
      "PersonUsedFirstName": null,
      "MemberOfParliament": null,
      "IsMP": false,
      "IsSenator": false,
      "GovernorGeneral": null,
      "Documents": null,
      "Senator": null,
      "NotesEn": null,
      "NotesFr": null,
      "InternalNotes": null,
      "IsCurrent": "False",
      "RoleId": 1408,
      "NameEn": "Critic",
      "Ordinal": 10,
      "Classes": [
        {
          "RoleClassId": 4,
          "RoleClassOrdinal": 350,
          "RoleToRoleClassOrdinal": null,
          "RoleClassNameEn": "Critic",
          "RoleClassNameFr": "Porte-parole"
        },
        {
          "RoleClassId": 107,
          "RoleClassOrdinal": null,
          "RoleToRoleClassOrdinal": null,
          "RoleClassNameEn": "House of Commons Roles",
          "RoleClassNameFr": "R\u00f4les \u00e0 la chambre des Communes"
        },
        {
          "RoleClassId": 113,
          "RoleClassOrdinal": null,
          "RoleToRoleClassOrdinal": null,
          "RoleClassNameEn": "ElectionProcessCloseDissolution",
          "RoleClassNameFr": "ElectionProcessCloseDissolution"
        }
      ]
    }
  ],
  "FederalExperienceList": [
    {
      "PersonRoleId": 120168,
      "NameFr": "Membre du parti",
      "StartDate": "1980-02-18T00:00:00Z",
      "StartDateIsApproximate": false,
      "EndDate": "1984-09-03T00:00:00Z",
      "EndDateIsApproximate": false,
      "EndReasonEn": null,
      "EndReasonFr": null,
      "EndReasonTypeEn": null,
      "EndReasonTypeFr": null,
      "SourceOfInformationEn": null,
      "SourceOfInformationFr": null,
      "IsActing": false,
      "ActingTextEn": null,
      "ActingTextFr": null,
      "HasCrossedTheFloor": false,
      "OrganizationId": 5774,
      "OrganizationLongEn": "New Democratic Party",
      "OrganizationLongFr": "Nouveau Parti d\u00e9mocratique",
      "OrganizationShortEn": "New Democratic Party",
      "OrganizationShortFr": "Nouveau parti d\u00e9mocratique",
      "OrganizationAcronymEn": "N.D.P.",
      "OrganizationAcronymFr": "N.P.D.",
      "OrganizationTypeId": 4,
      "OrganizationTypeEn": "Party",
      "OrganizationTypeFr": "Parti",
      "OrganizationProvinceEn": null,
      "OrganizationProvinceFr": null,
      "OrganizationHasProfile": true,
      "IsSenatorialDivision": false,
      "ToBeStyledAsEn": "",
      "ToBeStyledAsFr": "",
      "GroupId": 0,
      "Source": null,
      "PortFolioEn": null,
      "PortFolioFr": null,
      "Committee": null,
      "GroupingTitleEn": "Parliamentarian",
      "GroupingTitleFr": "Parlementaire",
      "GroupingOrder": 1,
      "ParliamentStart": "1980-04-14T00:00:00Z",
      "ParliamentEnd": "1984-07-09T00:00:00Z",
      "ParliamentNumber": 32,
      "PartyOrganizationId": 5774,
      "PartyEn": "New Democratic Party",
      "PartyFr": "Nouveau Parti d\u00e9mocratique",
      "PartyStartDate": "1980-02-18T00:00:00Z",
      "PartyEndDate": "1984-09-03T00:00:00Z",
      "PersonPersonId": 0,
      "PersonLastName": null,
      "PersonUsedFirstName": null,
      "MemberOfParliament": null,
      "IsMP": false,
      "IsSenator": false,
      "GovernorGeneral": null,
      "Documents": null,
      "Senator": null,
      "NotesEn": null,
      "NotesFr": null,
      "InternalNotes": null,
      "IsCurrent": "False",
      "RoleId": 722,
      "NameEn": "Party Member",
      "Ordinal": null,
      "Classes": [
        {
          "RoleClassId": 105,
          "RoleClassOrdinal": null,
          "RoleToRoleClassOrdinal": null,
          "RoleClassNameEn": "Parliamentarian",
          "RoleClassNameFr": "Parlementaire"
        }
      ]
    },
    {
      "PersonRoleId": 83021,
      "NameFr": "Membre pour la circonscription",
      "StartDate": "1980-02-18T00:00:00Z",
      "StartDateIsApproximate": false,
      "EndDate": "1984-09-03T00:00:00Z",
      "EndDateIsApproximate": false,
      "EndReasonEn": null,
      "EndReasonFr": null,
      "EndReasonTypeEn": null,
      "EndReasonTypeFr": null,
      "SourceOfInformationEn": null,
      "SourceOfInformationFr": null,
      "IsActing": false,
      "ActingTextEn": null,
      "ActingTextFr": null,
      "HasCrossedTheFloor": false,
      "OrganizationId": 2368,
      "OrganizationLongEn": "Dauphin",
      "OrganizationLongFr": "Dauphin",
      "OrganizationShortEn": "",
      "OrganizationShortFr": "",
      "OrganizationAcronymEn": "",
      "OrganizationAcronymFr": "",
      "OrganizationTypeId": 35,
      "OrganizationTypeEn": "Constituency",
      "OrganizationTypeFr": "Circonscription",
      "OrganizationProvinceEn": "Manitoba",
      "OrganizationProvinceFr": "Manitoba",
      "OrganizationHasProfile": true,
      "IsSenatorialDivision": false,
      "ToBeStyledAsEn": "",
      "ToBeStyledAsFr": "",
      "GroupId": 0,
      "Source": null,
      "PortFolioEn": null,
      "PortFolioFr": null,
      "Committee": null,
      "GroupingTitleEn": "Parliamentarian",
      "GroupingTitleFr": "Parlementaire",
      "GroupingOrder": 1,
      "ParliamentStart": "1980-04-14T00:00:00Z",
      "ParliamentEnd": "1984-07-09T00:00:00Z",
      "ParliamentNumber": 32,
      "PartyOrganizationId": 5774,
      "PartyEn": "New Democratic Party",
      "PartyFr": "Nouveau Parti d\u00e9mocratique",
      "PartyStartDate": "1980-02-18T00:00:00Z",
      "PartyEndDate": "1984-09-03T00:00:00Z",
      "PersonPersonId": 0,
      "PersonLastName": null,
      "PersonUsedFirstName": null,
      "MemberOfParliament": {
        "OccupationTypeEn": "Continuous",
        "OccupationTypeFr": "Continue"
      },
      "IsMP": true,
      "IsSenator": false,
      "GovernorGeneral": null,
      "Documents": null,
      "Senator": null,
      "NotesEn": null,
      "NotesFr": null,
      "InternalNotes": null,
      "IsCurrent": "False",
      "RoleId": 719,
      "NameEn": "Constituency Member",
      "Ordinal": 240,
      "Classes": [
        {
          "RoleClassId": 49,
          "RoleClassOrdinal": 2,
          "RoleToRoleClassOrdinal": null,
          "RoleClassNameEn": "Salaries in the House of Commons",
          "RoleClassNameFr": "Salaires \u00e0 la Chambre des Communes"
        },
        {
          "RoleClassId": 105,
          "RoleClassOrdinal": null,
          "RoleToRoleClassOrdinal": null,
          "RoleClassNameEn": "Parliamentarian",
          "RoleClassNameFr": "Parlementaire"
        }
      ]
    },
    {
      "PersonRoleId": 315517,
      "NameFr": "Porte-parole",
      "StartDate": "1981-10-01T00:00:00Z",
      "StartDateIsApproximate": true,
      "EndDate": "1984-09-03T00:00:00Z",
      "EndDateIsApproximate": false,
      "EndReasonEn": null,
      "EndReasonFr": null,
      "EndReasonTypeEn": null,
      "EndReasonTypeFr": null,
      "SourceOfInformationEn": null,
      "SourceOfInformationFr": null,
      "IsActing": false,
      "ActingTextEn": null,
      "ActingTextFr": null,
      "HasCrossedTheFloor": false,
      "OrganizationId": 7783,
      "OrganizationLongEn": "Secretary of State of Canada",
      "OrganizationLongFr": "Secr\u00e9tariat d'\u00c9tat du Canada",
      "OrganizationShortEn": null,
      "OrganizationShortFr": null,
      "OrganizationAcronymEn": null,
      "OrganizationAcronymFr": null,
      "OrganizationTypeId": 38,
      "OrganizationTypeEn": "Government",
      "OrganizationTypeFr": "Government",
      "OrganizationProvinceEn": null,
      "OrganizationProvinceFr": null,
      "OrganizationHasProfile": true,
      "IsSenatorialDivision": false,
      "ToBeStyledAsEn": null,
      "ToBeStyledAsFr": null,
      "GroupId": 0,
      "Source": null,
      "PortFolioEn": "Multiculturalism",
      "PortFolioFr": "Multiculturalisme",
      "Committee": null,
      "GroupingTitleEn": "House of Commons Roles",
      "GroupingTitleFr": "R\u00f4les \u00e0 la chambre des Communes",
      "GroupingOrder": 2,
      "ParliamentStart": "1980-04-14T00:00:00Z",
      "ParliamentEnd": "1984-07-09T00:00:00Z",
      "ParliamentNumber": 32,
      "PartyOrganizationId": 5774,
      "PartyEn": "New Democratic Party",
      "PartyFr": "Nouveau Parti d\u00e9mocratique",
      "PartyStartDate": "1980-02-18T00:00:00Z",
      "PartyEndDate": "1984-09-03T00:00:00Z",
      "PersonPersonId": 0,
      "PersonLastName": null,
      "PersonUsedFirstName": null,
      "MemberOfParliament": null,
      "IsMP": false,
      "IsSenator": false,
      "GovernorGeneral": null,
      "Documents": null,
      "Senator": null,
      "NotesEn": null,
      "NotesFr": null,
      "InternalNotes": null,
      "IsCurrent": "False",
      "RoleId": 1408,
      "NameEn": "Critic",
      "Ordinal": 10,
      "Classes": [
        {
          "RoleClassId": 4,
          "RoleClassOrdinal": 350,
          "RoleToRoleClassOrdinal": null,
          "RoleClassNameEn": "Critic",
          "RoleClassNameFr": "Porte-parole"
        },
        {
          "RoleClassId": 107,
          "RoleClassOrdinal": null,
          "RoleToRoleClassOrdinal": null,
          "RoleClassNameEn": "House of Commons Roles",
          "RoleClassNameFr": "R\u00f4les \u00e0 la chambre des Communes"
        },
        {
          "RoleClassId": 113,
          "RoleClassOrdinal": null,
          "RoleToRoleClassOrdinal": null,
          "RoleClassNameEn": "ElectionProcessCloseDissolution",
          "RoleClassNameFr": "ElectionProcessCloseDissolution"
        }
      ]
    }
  ],
  "CommitteeMembership": [
    {
      "NameEn": "Member",
      "NameFr": "Membre",
      "RoleId": 226,
      "OrganizationId": 6838,
      "OrganizationLongEn": "Standing Committee on Privileges and Elections",
      "OrganizationLongFr": "Comit\u00e9 permanent des privil\u00e8ges et \u00e9lections",
      "OrganizationTypeEn": "Committee",
      "OrganizationTypeFr": "Comit\u00e9",
      "OrganizationTypeId": 27,
      "PartyEn": "New Democratic Party",
      "PartyFr": "Nouveau Parti d\u00e9mocratique",
      "CompositionTypeLongEn": "House of Commons",
      "CompositionTypeLongFr": "Chambre des communes",
      "CompositionTypeShortEn": "C",
      "CompositionTypeShortFr": "C",
      "CommitteeTypeEn": "Standing",
      "CommitteeTypeFr": "Permanent",
      "ParliamentNumber": 32,
      "SessionNumber": 2,
      "ShortEn": "2nd",
      "ShortFr": "2e"
    },
    {
      "NameEn": "Member",
      "NameFr": "Membre",
      "RoleId": 226,
      "OrganizationId": 5077,
      "OrganizationLongEn": "Standing Committee on Management and Members' Services",
      "OrganizationLongFr": "Comit\u00e9 permanent de la gestion et des services aux d\u00e9put\u00e9s",
      "OrganizationTypeEn": "Committee",
      "OrganizationTypeFr": "Comit\u00e9",
      "OrganizationTypeId": 27,
      "PartyEn": "New Democratic Party",
      "PartyFr": "Nouveau Parti d\u00e9mocratique",
      "CompositionTypeLongEn": "House of Commons",
      "CompositionTypeLongFr": "Chambre des communes",
      "CompositionTypeShortEn": "C",
      "CompositionTypeShortFr": "C",
      "CommitteeTypeEn": "Standing",
      "CommitteeTypeFr": "Permanent",
      "ParliamentNumber": 32,
      "SessionNumber": 2,
      "ShortEn": "2nd",
      "ShortFr": "2e"
    },
    {
      "NameEn": "Member",
      "NameFr": "Membre",
      "RoleId": 226,
      "OrganizationId": 8084,
      "OrganizationLongEn": "Special Committee on Participation of Visible Minorities in Canadian Society",
      "OrganizationLongFr": "Comit\u00e9 sp\u00e9cial sur la Participation des Minorit\u00e9s visibles \u00e0 la Soci\u00e9t\u00e9 canadienne",
      "OrganizationTypeEn": "Committee",
      "OrganizationTypeFr": "Comit\u00e9",
      "OrganizationTypeId": 27,
      "PartyEn": "New Democratic Party",
      "PartyFr": "Nouveau Parti d\u00e9mocratique",
      "CompositionTypeLongEn": "House of Commons",
      "CompositionTypeLongFr": "Chambre des communes",
      "CompositionTypeShortEn": "C",
      "CompositionTypeShortFr": "C",
      "CommitteeTypeEn": "Special",
      "CommitteeTypeFr": "Sp\u00e9cial",
      "ParliamentNumber": 32,
      "SessionNumber": 2,
      "ShortEn": "2nd",
      "ShortFr": "2e"
    },
    {
      "NameEn": "Member",
      "NameFr": "Membre",
      "RoleId": 226,
      "OrganizationId": 8084,
      "OrganizationLongEn": "Special Committee on Participation of Visible Minorities in Canadian Society",
      "OrganizationLongFr": "Comit\u00e9 sp\u00e9cial sur la Participation des Minorit\u00e9s visibles \u00e0 la Soci\u00e9t\u00e9 canadienne",
      "OrganizationTypeEn": "Committee",
      "OrganizationTypeFr": "Comit\u00e9",
      "OrganizationTypeId": 27,
      "PartyEn": "New Democratic Party",
      "PartyFr": "Nouveau Parti d\u00e9mocratique",
      "CompositionTypeLongEn": "House of Commons",
      "CompositionTypeLongFr": "Chambre des communes",
      "CompositionTypeShortEn": "C",
      "CompositionTypeShortFr": "C",
      "CommitteeTypeEn": "Special",
      "CommitteeTypeFr": "Sp\u00e9cial",
      "ParliamentNumber": 32,
      "SessionNumber": 1,
      "ShortEn": "1st",
      "ShortFr": "1\u00e8re"
    },
    {
      "NameEn": "Member",
      "NameFr": "Membre",
      "RoleId": 226,
      "OrganizationId": 6838,
      "OrganizationLongEn": "Standing Committee on Privileges and Elections",
      "OrganizationLongFr": "Comit\u00e9 permanent des privil\u00e8ges et \u00e9lections",
      "OrganizationTypeEn": "Committee",
      "OrganizationTypeFr": "Comit\u00e9",
      "OrganizationTypeId": 27,
      "PartyEn": "New Democratic Party",
      "PartyFr": "Nouveau Parti d\u00e9mocratique",
      "CompositionTypeLongEn": "House of Commons",
      "CompositionTypeLongFr": "Chambre des communes",
      "CompositionTypeShortEn": "C",
      "CompositionTypeShortFr": "C",
      "CommitteeTypeEn": "Standing",
      "CommitteeTypeFr": "Permanent",
      "ParliamentNumber": 32,
      "SessionNumber": 1,
      "ShortEn": "1st",
      "ShortFr": "1\u00e8re"
    },
    {
      "NameEn": "Member",
      "NameFr": "Membre",
      "RoleId": 226,
      "OrganizationId": 423,
      "OrganizationLongEn": "Standing Committee on Agriculture",
      "OrganizationLongFr": "Comit\u00e9 permanent de l'agriculture",
      "OrganizationTypeEn": "Committee",
      "OrganizationTypeFr": "Comit\u00e9",
      "OrganizationTypeId": 27,
      "PartyEn": "New Democratic Party",
      "PartyFr": "Nouveau Parti d\u00e9mocratique",
      "CompositionTypeLongEn": "House of Commons",
      "CompositionTypeLongFr": "Chambre des communes",
      "CompositionTypeShortEn": "C",
      "CompositionTypeShortFr": "C",
      "CommitteeTypeEn": "Standing",
      "CommitteeTypeFr": "Permanent",
      "ParliamentNumber": 32,
      "SessionNumber": 1,
      "ShortEn": "1st",
      "ShortFr": "1\u00e8re"
    },
    {
      "NameEn": "Member",
      "NameFr": "Membre",
      "RoleId": 226,
      "OrganizationId": 5364,
      "OrganizationLongEn": "Standing Committee on Miscellaneous Estimates",
      "OrganizationLongFr": "Comit\u00e9 permanent des pr\u00e9visions budg\u00e9taires en g\u00e9n\u00e9ral",
      "OrganizationTypeEn": "Committee",
      "OrganizationTypeFr": "Comit\u00e9",
      "OrganizationTypeId": 27,
      "PartyEn": "New Democratic Party",
      "PartyFr": "Nouveau Parti d\u00e9mocratique",
      "CompositionTypeLongEn": "House of Commons",
      "CompositionTypeLongFr": "Chambre des communes",
      "CompositionTypeShortEn": "C",
      "CompositionTypeShortFr": "C",
      "CommitteeTypeEn": "Standing",
      "CommitteeTypeFr": "Permanent",
      "ParliamentNumber": 32,
      "SessionNumber": 1,
      "ShortEn": "1st",
      "ShortFr": "1\u00e8re"
    },
    {
      "NameEn": "Member",
      "NameFr": "Membre",
      "RoleId": 226,
      "OrganizationId": 5077,
      "OrganizationLongEn": "Standing Committee on Management and Members' Services",
      "OrganizationLongFr": "Comit\u00e9 permanent de la gestion et des services aux d\u00e9put\u00e9s",
      "OrganizationTypeEn": "Committee",
      "OrganizationTypeFr": "Comit\u00e9",
      "OrganizationTypeId": 27,
      "PartyEn": "New Democratic Party",
      "PartyFr": "Nouveau Parti d\u00e9mocratique",
      "CompositionTypeLongEn": "House of Commons",
      "CompositionTypeLongFr": "Chambre des communes",
      "CompositionTypeShortEn": "C",
      "CompositionTypeShortFr": "C",
      "CommitteeTypeEn": "Standing",
      "CommitteeTypeFr": "Permanent",
      "ParliamentNumber": 32,
      "SessionNumber": 1,
      "ShortEn": "1st",
      "ShortFr": "1\u00e8re"
    },
    {
      "NameEn": "Member",
      "NameFr": "Membre",
      "RoleId": 226,
      "OrganizationId": 6109,
      "OrganizationLongEn": "Special Joint Committee on Official Languages",
      "OrganizationLongFr": "Comit\u00e9 mixte sp\u00e9cial sur les langues officielles",
      "OrganizationTypeEn": "Committee",
      "OrganizationTypeFr": "Comit\u00e9",
      "OrganizationTypeId": 27,
      "PartyEn": "New Democratic Party",
      "PartyFr": "Nouveau Parti d\u00e9mocratique",
      "CompositionTypeLongEn": "Joint",
      "CompositionTypeLongFr": "Mixte",
      "CompositionTypeShortEn": "J",
      "CompositionTypeShortFr": "J",
      "CommitteeTypeEn": "Special",
      "CommitteeTypeFr": "Sp\u00e9cial",
      "ParliamentNumber": 32,
      "SessionNumber": 1,
      "ShortEn": "1st",
      "ShortFr": "1\u00e8re"
    }
  ],
  "PublicOfficeExperience": null,
  "ProvincialExperience": null,
  "MilitaryExperience": null,
  "MunicipalExperience": null,
  "FamilyTiesInParliament": null,
  "Family": null,
  "PictureId": 205,
  "PictureCopyrightEn": "House of Commons 1980",
  "PictureCopyrightFr": "Chambre des communes 1980",
  "DisplayTitleEn": " Laverne Lewycky, M.P.",
  "DisplayTitleFr": " Laverne Lewycky, d\u00e9put\u00e9",
  "PlaceOfBirthEn": "Dauphin, Manitoba, Canada",
  "PlaceOfBirthFr": "Dauphin, Manitoba, Canada",
  "ProfessionsEn": "executive assistant, professor of sociology",
  "ProfessionsFr": "adjoint ex\u00e9cutif, professeur de sociologie",
  "PreferredLanguageEn": "",
  "PreferredLanguageFr": "",
  "PlaceOfBurialEn": ", , ",
  "PlaceOfBurialFr": ", , "
}