{
  "Person": {
    "PersonId": 1001,
    "HOCPersonId": 0,
    "SenatePersonId": 0,
    "FormalFirstName": null,
    "UsedFirstName": "Doris Margaret",
    "MiddleName": null,
    "MaidenName": null,
    "LastName": "Anderson",
    "IsDraftProfile": false,
    "MaidenSpeechNotFound": false,
    "DateOfBirth": "1922-07-05T00:00:00Z",
    "DateOfBirthIsApproximate": false,
    "DoNotDiscloseDateOfBirth": false,
    "DoNotDiscloseBirthLocation": false,
    "CityOfBirthEn": "St Peter's",
    "CityOfBirthFr": "St Peter's",
    "ProvinceOfBirthEn": "Prince Edward Island",
    "ProvinceOfBirthFr": "\u00cele-du-Prince-\u00c9douard",
    "CountryOfBirthFr": "Canada",
    "CountryOfBirthEn": "Canada",
    "Gender": "F",
    "EthnicityLongEn": null,
    "EthnicityLongFr": null,
    "IsCanadianOrigin": true,
    "InternalNotes": null,
    "ExternalNotesEn": null,
    "ExternalNotesFr": null,
    "ReligionEn": null,
    "ReligionFr": null,
    "Professions": [
      {
        "NameEn": "professor",
        "NameFr": "professeure",
        "SearchKeyWordsEn": "",
        "SearchKeyWordsFr": "",
        "ProfessionTypeEn": "Law, social science, education, government services and religion - Professional occupations",
        "ProfessionTypeFr": "Droit, sciences sociales, enseignement, administration publique et religion - Personnel professionnel",
        "Ordinal": null
      },
      {
        "NameEn": "nutritionist",
        "NameFr": "nutritionniste",
        "SearchKeyWordsEn": "",
        "SearchKeyWordsFr": "",
        "ProfessionTypeEn": "Health - Professional occupations",
        "ProfessionTypeFr": "Sant\u00e9 - Personnel professionnel",
        "Ordinal": null
      }
    ],
    "Languages": [
      {
        "NameEn": "English",
        "NameFr": "Anglais",
        "IsPreferred": true,
        "Ordinal": 1
      }
    ],
    "Education": [
      {
        "SchoolNameLongEn": "Acadia University",
        "SchoolNameLongFr": "Universit\u00e9 Acadia",
        "SchoolCityEn": "Wolfville",
        "SchoolCityFr": "Wolfville",
        "FieldOfStudyEn": "Science",
        "FieldOfStudyFr": "Sciences",
        "DiplomaLongEn": "Bachelor",
        "DiplomaLongFr": "Bachelier",
        "DiplomaShortEn": "B.A",
        "DiplomaShortFr": "B.A.",
        "GraduationYear": 1944
      },
      {
        "SchoolNameLongEn": "Cornell University",
        "SchoolNameLongFr": "Universit\u00e9 Cornell",
        "SchoolCityEn": "",
        "SchoolCityFr": "",
        "FieldOfStudyEn": "Science",
        "FieldOfStudyFr": "Sciences",
        "DiplomaLongEn": "Master",
        "DiplomaLongFr": "Ma\u00eetrise",
        "DiplomaShortEn": "M.A.",
        "DiplomaShortFr": "M.A.",
        "GraduationYear": 1951
      }
    ],
    "FamilyRelations": null,
    "Pictures": [
      {
        "PictureId": 1523,
        "PictureDate": null,
        "TypeEn": "Photographer",
        "TypeFr": "Photographe",
        "PhotographerEn": "Michael Bedford",
        "PhotographerFr": "Michael Bedford",
        "CreditsEn": "Senate",
        "CreditsFr": "S\u00e9nat",
        "CopyRightsEn": "Michael Bedford  Photography,Ottawa",
        "CopyRightsFr": "Michael Bedford Photography, Ottawa",
        "DisplayForWeb": true,
        "InternalNotes": null
      }
    ],
    "Titles": [
      {
        "LongEn": "Senator",
        "LongFr": "s\u00e9natrice",
        "AcronymEn": "Senator",
        "AcronymFr": "s\u00e9natrice",
        "IsHonorific": false,
        "IsScholarity": false,
        "IsSalutation": false,
        "Ordinal": 0
      },
      {
        "LongEn": "The Honourable",
        "LongFr": "L'honorable",
        "AcronymEn": "The Hon.",
        "AcronymFr": "L'hon.",
        "IsHonorific": false,
        "IsScholarity": false,
        "IsSalutation": true,
        "Ordinal": 0
      }
    ],
    "Roles": [
      {
        "PersonRoleId": 80803,
        "NameFr": "Membre du parti",
        "StartDate": "1995-09-21T00:00:00Z",
        "StartDateIsApproximate": false,
        "EndDate": "1997-07-05T00:00:00Z",
        "EndDateIsApproximate": false,
        "EndReasonEn": null,
        "EndReasonFr": null,
        "EndReasonTypeEn": null,
        "EndReasonTypeFr": null,
        "SourceOfInformationEn": null,
        "SourceOfInformationFr": null,
        "IsActing": false,
        "ActingTextEn": null,
        "ActingTextFr": null,
        "HasCrossedTheFloor": false,
        "OrganizationId": 4831,
        "OrganizationLongEn": "Liberal Party of Canada",
        "OrganizationLongFr": "Parti lib\u00e9ral du Canada",
        "OrganizationShortEn": "Liberal",
        "OrganizationShortFr": "Lib\u00e9ral",
        "OrganizationAcronymEn": "Lib.",
        "OrganizationAcronymFr": "Lib.",
        "OrganizationTypeId": 4,
        "OrganizationTypeEn": "Party",
        "OrganizationTypeFr": "Parti",
        "OrganizationProvinceEn": null,
        "OrganizationProvinceFr": null,
        "OrganizationHasProfile": true,
        "IsSenatorialDivision": false,
        "ToBeStyledAsEn": "",
        "ToBeStyledAsFr": "",
        "GroupId": 0,
        "Source": null,
        "PortFolioEn": null,
        "PortFolioFr": null,
        "Committee": null,
        "GroupingTitleEn": "Parliamentarian",
        "GroupingTitleFr": "Parlementaire",
        "GroupingOrder": 1,
        "ParliamentStart": "1997-09-22T00:00:00Z",
        "ParliamentEnd": "2000-10-22T00:00:00Z",
        "ParliamentNumber": 36,
        "PartyOrganizationId": 4831,
        "PartyEn": "Liberal Party of Canada",
        "PartyFr": "Parti lib\u00e9ral du Canada",
        "PartyStartDate": "1995-09-21T00:00:00Z",
        "PartyEndDate": "1997-07-05T00:00:00Z",
        "PersonPersonId": 0,
        "PersonLastName": null,
        "PersonUsedFirstName": null,
        "PersonGender": null,
        "MemberOfParliament": null,
        "IsMP": false,
        "IsSenator": false,
        "GovernorGeneral": null,
        "Documents": null,
        "Senator": null,
        "NotesEn": null,
        "NotesFr": null,
        "InternalNotes": null,
        "IsCurrent": "False",
        "RoleId": 722,
        "NameEn": "Party Member",
        "Ordinal": null,
        "Classes": [
          {
            "RoleClassId": 105,
            "RoleClassOrdinal": null,
            "RoleToRoleClassOrdinal": null,
            "RoleClassNameEn": "Parliamentarian",
            "RoleClassNameFr": "Parlementaire"
          }
        ]
      },
      {
        "PersonRoleId": 127168,
        "NameFr": "Pr\u00e9sidente",
        "StartDate": "1996-02-27T00:00:00Z",
        "StartDateIsApproximate": false,
        "EndDate": "1997-04-27T00:00:00Z",
        "EndDateIsApproximate": false,
        "EndReasonEn": null,
        "EndReasonFr": null,
        "EndReasonTypeEn": null,
        "EndReasonTypeFr": null,
        "SourceOfInformationEn": null,
        "SourceOfInformationFr": null,
        "IsActing": false,
        "ActingTextEn": null,
        "ActingTextFr": null,
        "HasCrossedTheFloor": false,
        "OrganizationId": 1093,
        "OrganizationLongEn": "Subcommittee on Boreal Forest of the Standing Committee on Agriculture and Forestry",
        "OrganizationLongFr": "Sous-comit\u00e9 de la for\u00eat bor\u00e9ale du Comit\u00e9 permanent de l'agriculture et des for\u00eats",
        "OrganizationShortEn": "Boreal Forest",
        "OrganizationShortFr": "For\u00eat bor\u00e9ale",
        "OrganizationAcronymEn": "",
        "OrganizationAcronymFr": "",
        "OrganizationTypeId": 27,
        "OrganizationTypeEn": "Committee",
        "OrganizationTypeFr": "Comit\u00e9",
        "OrganizationProvinceEn": null,
        "OrganizationProvinceFr": null,
        "OrganizationHasProfile": true,
        "IsSenatorialDivision": false,
        "ToBeStyledAsEn": "",
        "ToBeStyledAsFr": "",
        "GroupId": 0,
        "Source": null,
        "PortFolioEn": null,
        "PortFolioFr": null,
        "Committee": {
          "OrganizationId": 0,
          "SenateCommitteeId": 0,
          "CommitteeTypeId": 10,
          "CommitteeTypeEn": "Subcommittee",
          "CommitteeTypeFr": "Sous-comit\u00e9",
          "CompositionTypeId": 1,
          "CompositionTypeLongEn": "Senate",
          "CompositionTypeLongFr": "S\u00e9nat",
          "CompositionTypeShortEn": "S",
          "CompositionTypeShortFr": "S",
          "Sessions": [
            {
              "SessionId": 0,
              "SessionNumber": 2,
              "ParliamentNumber": 35,
              "StartDate": "1996-02-27T00:00:00Z",
              "EndDate": "1997-04-27T00:00:00Z",
              "ShortEn": "2nd",
              "ShortFr": "2e"
            }
          ],
          "Mandates": null
        },
        "GroupingTitleEn": null,
        "GroupingTitleFr": null,
        "GroupingOrder": 0,
        "ParliamentStart": null,
        "ParliamentEnd": null,
        "ParliamentNumber": 0,
        "PartyOrganizationId": 4831,
        "PartyEn": "Liberal Party of Canada",
        "PartyFr": "Parti lib\u00e9ral du Canada",
        "PartyStartDate": "1995-09-21T00:00:00Z",
        "PartyEndDate": "1997-07-05T00:00:00Z",
        "PersonPersonId": 0,
        "PersonLastName": null,
        "PersonUsedFirstName": null,
        "PersonGender": null,
        "MemberOfParliament": null,
        "IsMP": false,
        "IsSenator": false,
        "GovernorGeneral": null,
        "Documents": null,
        "Senator": null,
        "NotesEn": null,
        "NotesFr": null,
        "InternalNotes": null,
        "IsCurrent": "False",
        "RoleId": 756,
        "NameEn": "Chair",
        "Ordinal": null,
        "Classes": [
          {
            "RoleClassId": 33,
            "RoleClassOrdinal": null,
            "RoleToRoleClassOrdinal": null,
            "RoleClassNameEn": "Committee",
            "RoleClassNameFr": "Comit\u00e9"
          },
          {
            "RoleClassId": 37,
            "RoleClassOrdinal": 350,
            "RoleToRoleClassOrdinal": null,
            "RoleClassNameEn": "Officers of Party Caucuses and Executives",
            "RoleClassNameFr": "Officiers des caucus des partis et cadres"
          },
          {
            "RoleClassId": 113,
            "RoleClassOrdinal": null,
            "RoleToRoleClassOrdinal": null,
            "RoleClassNameEn": "ElectionProcessCloseDissolution",
            "RoleClassNameFr": "ElectionProcessCloseDissolution"
          }
        ]
      },
      {
        "PersonRoleId": 95913,
        "NameFr": "Officier divisionnaire",
        "StartDate": "1952-01-01T00:00:00Z",
        "StartDateIsApproximate": true,
        "EndDate": "1958-01-01T00:00:00Z",
        "EndDateIsApproximate": true,
        "EndReasonEn": null,
        "EndReasonFr": null,
        "EndReasonTypeEn": null,
        "EndReasonTypeFr": null,
        "SourceOfInformationEn": null,
        "SourceOfInformationFr": null,
        "IsActing": false,
        "ActingTextEn": null,
        "ActingTextFr": null,
        "HasCrossedTheFloor": false,
        "OrganizationId": 10050,
        "OrganizationLongEn": "Women's Royal Canadian Naval Service (Reserve)",
        "OrganizationLongFr": "Service f\u00e9minin de la Marine royale du Canada (R\u00e9serve)",
        "OrganizationShortEn": "",
        "OrganizationShortFr": "",
        "OrganizationAcronymEn": ".R.C.N. or Wren (Reserve)",
        "OrganizationAcronymFr": "",
        "OrganizationTypeId": 13,
        "OrganizationTypeEn": "Military",
        "OrganizationTypeFr": "Militaire",
        "OrganizationProvinceEn": null,
        "OrganizationProvinceFr": null,
        "OrganizationHasProfile": true,
        "IsSenatorialDivision": false,
        "ToBeStyledAsEn": "",
        "ToBeStyledAsFr": "",
        "GroupId": 0,
        "Source": null,
        "PortFolioEn": null,
        "PortFolioFr": null,
        "Committee": null,
        "GroupingTitleEn": null,
        "GroupingTitleFr": null,
        "GroupingOrder": 0,
        "ParliamentStart": null,
        "ParliamentEnd": null,
        "ParliamentNumber": 0,
        "PartyOrganizationId": 0,
        "PartyEn": null,
        "PartyFr": null,
        "PartyStartDate": null,
        "PartyEndDate": null,
        "PersonPersonId": 0,
        "PersonLastName": null,
        "PersonUsedFirstName": null,
        "PersonGender": null,
        "MemberOfParliament": null,
        "IsMP": false,
        "IsSenator": false,
        "GovernorGeneral": null,
        "Documents": null,
        "Senator": null,
        "NotesEn": null,
        "NotesFr": null,
        "InternalNotes": null,
        "IsCurrent": "False",
        "RoleId": 837,
        "NameEn": "Divisional Officer",
        "Ordinal": null,
        "Classes": [
          {
            "RoleClassId": 103,
            "RoleClassOrdinal": null,
            "RoleToRoleClassOrdinal": null,
            "RoleClassNameEn": "Military",
            "RoleClassNameFr": "Militaire"
          }
        ]
      },
      {
        "PersonRoleId": 93103,
        "NameFr": "Membre pour la circonscription",
        "StartDate": "1995-09-21T00:00:00Z",
        "StartDateIsApproximate": false,
        "EndDate": "1997-07-05T00:00:00Z",
        "EndDateIsApproximate": false,
        "EndReasonEn": null,
        "EndReasonFr": null,
        "EndReasonTypeEn": null,
        "EndReasonTypeFr": null,
        "SourceOfInformationEn": null,
        "SourceOfInformationFr": null,
        "IsActing": false,
        "ActingTextEn": null,
        "ActingTextFr": null,
        "HasCrossedTheFloor": false,
        "OrganizationId": 8547,
        "OrganizationLongEn": "St. Peter's, Kings County",
        "OrganizationLongFr": "St. Peter's, Kings County",
        "OrganizationShortEn": "",
        "OrganizationShortFr": "",
        "OrganizationAcronymEn": "",
        "OrganizationAcronymFr": "",
        "OrganizationTypeId": 50,
        "OrganizationTypeEn": "Senatorial Riding",
        "OrganizationTypeFr": "Circonscription s\u00e9natoriale",
        "OrganizationProvinceEn": "Prince Edward Island",
        "OrganizationProvinceFr": "\u00cele-du-Prince-\u00c9douard",
        "OrganizationHasProfile": true,
        "IsSenatorialDivision": false,
        "ToBeStyledAsEn": "",
        "ToBeStyledAsFr": "",
        "GroupId": 0,
        "Source": null,
        "PortFolioEn": null,
        "PortFolioFr": null,
        "Committee": null,
        "GroupingTitleEn": "Parliamentarian",
        "GroupingTitleFr": "Parlementaire",
        "GroupingOrder": 1,
        "ParliamentStart": "1994-01-17T00:00:00Z",
        "ParliamentEnd": "1997-04-27T00:00:00Z",
        "ParliamentNumber": 35,
        "PartyOrganizationId": 4831,
        "PartyEn": "Liberal Party of Canada",
        "PartyFr": "Parti lib\u00e9ral du Canada",
        "PartyStartDate": "1995-09-21T00:00:00Z",
        "PartyEndDate": "1997-07-05T00:00:00Z",
        "PersonPersonId": 0,
        "PersonLastName": null,
        "PersonUsedFirstName": null,
        "PersonGender": null,
        "MemberOfParliament": {
          "OccupationTypeEn": "Continuous",
          "OccupationTypeFr": "Continue"
        },
        "IsMP": false,
        "IsSenator": true,
        "GovernorGeneral": null,
        "Documents": null,
        "Senator": null,
        "NotesEn": null,
        "NotesFr": null,
        "InternalNotes": null,
        "IsCurrent": "False",
        "RoleId": 719,
        "NameEn": "Constituency Member",
        "Ordinal": 240,
        "Classes": [
          {
            "RoleClassId": 49,
            "RoleClassOrdinal": 2,
            "RoleToRoleClassOrdinal": null,
            "RoleClassNameEn": "Salaries in the House of Commons",
            "RoleClassNameFr": "Salaires \u00e0 la Chambre des Communes"
          },
          {
            "RoleClassId": 105,
            "RoleClassOrdinal": null,
            "RoleToRoleClassOrdinal": null,
            "RoleClassNameEn": "Parliamentarian",
            "RoleClassNameFr": "Parlementaire"
          }
        ]
      },
      {
        "PersonRoleId": 103983,
        "NameFr": "Membre",
        "StartDate": "1996-02-27T00:00:00Z",
        "StartDateIsApproximate": false,
        "EndDate": "1997-04-27T00:00:00Z",
        "EndDateIsApproximate": false,
        "EndReasonEn": null,
        "EndReasonFr": null,
        "EndReasonTypeEn": null,
        "EndReasonTypeFr": null,
        "SourceOfInformationEn": null,
        "SourceOfInformationFr": null,
        "IsActing": false,
        "ActingTextEn": null,
        "ActingTextFr": null,
        "HasCrossedTheFloor": false,
        "OrganizationId": 431,
        "OrganizationLongEn": "Standing Senate Committee on Agriculture and Forestry",
        "OrganizationLongFr": "Comit\u00e9 s\u00e9natorial permanent de l\u2019agriculture et des for\u00eats",
        "OrganizationShortEn": "Agriculture and Forestry",
        "OrganizationShortFr": "Agriculture et for\u00eats",
        "OrganizationAcronymEn": "",
        "OrganizationAcronymFr": "",
        "OrganizationTypeId": 27,
        "OrganizationTypeEn": "Committee",
        "OrganizationTypeFr": "Comit\u00e9",
        "OrganizationProvinceEn": null,
        "OrganizationProvinceFr": null,
        "OrganizationHasProfile": true,
        "IsSenatorialDivision": false,
        "ToBeStyledAsEn": "",
        "ToBeStyledAsFr": "",
        "GroupId": 0,
        "Source": null,
        "PortFolioEn": null,
        "PortFolioFr": null,
        "Committee": {
          "OrganizationId": 0,
          "SenateCommitteeId": 0,
          "CommitteeTypeId": 5,
          "CommitteeTypeEn": "Standing",
          "CommitteeTypeFr": "Permanent",
          "CompositionTypeId": 1,
          "CompositionTypeLongEn": "Senate",
          "CompositionTypeLongFr": "S\u00e9nat",
          "CompositionTypeShortEn": "S",
          "CompositionTypeShortFr": "S",
          "Sessions": [
            {
              "SessionId": 0,
              "SessionNumber": 2,
              "ParliamentNumber": 35,
              "StartDate": "1996-02-27T00:00:00Z",
              "EndDate": "1997-04-27T00:00:00Z",
              "ShortEn": "2nd",
              "ShortFr": "2e"
            }
          ],
          "Mandates": null
        },
        "GroupingTitleEn": null,
        "GroupingTitleFr": null,
        "GroupingOrder": 0,
        "ParliamentStart": null,
        "ParliamentEnd": null,
        "ParliamentNumber": 0,
        "PartyOrganizationId": 4831,
        "PartyEn": "Liberal Party of Canada",
        "PartyFr": "Parti lib\u00e9ral du Canada",
        "PartyStartDate": "1995-09-21T00:00:00Z",
        "PartyEndDate": "1997-07-05T00:00:00Z",
        "PersonPersonId": 0,
        "PersonLastName": null,
        "PersonUsedFirstName": null,
        "PersonGender": null,
        "MemberOfParliament": null,
        "IsMP": false,
        "IsSenator": false,
        "GovernorGeneral": null,
        "Documents": null,
        "Senator": null,
        "NotesEn": null,
        "NotesFr": null,
        "InternalNotes": null,
        "IsCurrent": "False",
        "RoleId": 226,
        "NameEn": "Member",
        "Ordinal": 300,
        "Classes": [
          {
            "RoleClassId": 33,
            "RoleClassOrdinal": null,
            "RoleToRoleClassOrdinal": null,
            "RoleClassNameEn": "Committee",
            "RoleClassNameFr": "Comit\u00e9"
          },
          {
            "RoleClassId": 113,
            "RoleClassOrdinal": null,
            "RoleToRoleClassOrdinal": null,
            "RoleClassNameEn": "ElectionProcessCloseDissolution",
            "RoleClassNameFr": "ElectionProcessCloseDissolution"
          }
        ]
      },
      {
        "PersonRoleId": 117996,
        "NameFr": "Membre",
        "StartDate": "1994-01-17T00:00:00Z",
        "StartDateIsApproximate": false,
        "EndDate": "1996-02-02T00:00:00Z",
        "EndDateIsApproximate": false,
        "EndReasonEn": null,
        "EndReasonFr": null,
        "EndReasonTypeEn": null,
        "EndReasonTypeFr": null,
        "SourceOfInformationEn": null,
        "SourceOfInformationFr": null,
        "IsActing": false,
        "ActingTextEn": null,
        "ActingTextFr": null,
        "HasCrossedTheFloor": false,
        "OrganizationId": 4561,
        "OrganizationLongEn": "Standing Senate Committee on Legal and Constitutional Affairs",
        "OrganizationLongFr": "Comit\u00e9 s\u00e9natorial permanent des affaires juridiques et constitutionnelles",
        "OrganizationShortEn": "Legal and Constitutional Affairs",
        "OrganizationShortFr": "Affaires juridiques et constitutionnelles",
        "OrganizationAcronymEn": "LCJC",
        "OrganizationAcronymFr": "LCJC",
        "OrganizationTypeId": 27,
        "OrganizationTypeEn": "Committee",
        "OrganizationTypeFr": "Comit\u00e9",
        "OrganizationProvinceEn": null,
        "OrganizationProvinceFr": null,
        "OrganizationHasProfile": true,
        "IsSenatorialDivision": false,
        "ToBeStyledAsEn": "",
        "ToBeStyledAsFr": "",
        "GroupId": 0,
        "Source": null,
        "PortFolioEn": null,
        "PortFolioFr": null,
        "Committee": {
          "OrganizationId": 0,
          "SenateCommitteeId": 0,
          "CommitteeTypeId": 5,
          "CommitteeTypeEn": "Standing",
          "CommitteeTypeFr": "Permanent",
          "CompositionTypeId": 1,
          "CompositionTypeLongEn": "Senate",
          "CompositionTypeLongFr": "S\u00e9nat",
          "CompositionTypeShortEn": "S",
          "CompositionTypeShortFr": "S",
          "Sessions": [
            {
              "SessionId": 0,
              "SessionNumber": 1,
              "ParliamentNumber": 35,
              "StartDate": "1994-01-17T00:00:00Z",
              "EndDate": "1996-02-02T00:00:00Z",
              "ShortEn": "1st",
              "ShortFr": "1\u00e8re"
            }
          ],
          "Mandates": null
        },
        "GroupingTitleEn": null,
        "GroupingTitleFr": null,
        "GroupingOrder": 0,
        "ParliamentStart": null,
        "ParliamentEnd": null,
        "ParliamentNumber": 0,
        "PartyOrganizationId": 4831,
        "PartyEn": "Liberal Party of Canada",
        "PartyFr": "Parti lib\u00e9ral du Canada",
        "PartyStartDate": "1995-09-21T00:00:00Z",
        "PartyEndDate": "1997-07-05T00:00:00Z",
        "PersonPersonId": 0,
        "PersonLastName": null,
        "PersonUsedFirstName": null,
        "PersonGender": null,
        "MemberOfParliament": null,
        "IsMP": false,
        "IsSenator": false,
        "GovernorGeneral": null,
        "Documents": null,
        "Senator": null,
        "NotesEn": null,
        "NotesFr": null,
        "InternalNotes": null,
        "IsCurrent": "False",
        "RoleId": 226,
        "NameEn": "Member",
        "Ordinal": 300,
        "Classes": [
          {
            "RoleClassId": 33,
            "RoleClassOrdinal": null,
            "RoleToRoleClassOrdinal": null,
            "RoleClassNameEn": "Committee",
            "RoleClassNameFr": "Comit\u00e9"
          },
          {
            "RoleClassId": 113,
            "RoleClassOrdinal": null,
            "RoleToRoleClassOrdinal": null,
            "RoleClassNameEn": "ElectionProcessCloseDissolution",
            "RoleClassNameFr": "ElectionProcessCloseDissolution"
          }
        ]
      },
      {
        "PersonRoleId": 127145,
        "NameFr": "Membre",
        "StartDate": "1996-02-27T00:00:00Z",
        "StartDateIsApproximate": false,
        "EndDate": "1997-04-27T00:00:00Z",
        "EndDateIsApproximate": false,
        "EndReasonEn": null,
        "EndReasonFr": null,
        "EndReasonTypeEn": null,
        "EndReasonTypeFr": null,
        "SourceOfInformationEn": null,
        "SourceOfInformationFr": null,
        "IsActing": false,
        "ActingTextEn": null,
        "ActingTextFr": null,
        "HasCrossedTheFloor": false,
        "OrganizationId": 10377,
        "OrganizationLongEn": "Standing Joint Committee on Scrutiny of Regulations",
        "OrganizationLongFr": "Comit\u00e9 mixte permanent d'examen de la r\u00e9glementation",
        "OrganizationShortEn": "Scrutiny of Regulations",
        "OrganizationShortFr": "Examen de la r\u00e9glementation",
        "OrganizationAcronymEn": "REGS",
        "OrganizationAcronymFr": "REGS",
        "OrganizationTypeId": 27,
        "OrganizationTypeEn": "Committee",
        "OrganizationTypeFr": "Comit\u00e9",
        "OrganizationProvinceEn": null,
        "OrganizationProvinceFr": null,
        "OrganizationHasProfile": true,
        "IsSenatorialDivision": false,
        "ToBeStyledAsEn": "",
        "ToBeStyledAsFr": "",
        "GroupId": 0,
        "Source": null,
        "PortFolioEn": null,
        "PortFolioFr": null,
        "Committee": {
          "OrganizationId": 0,
          "SenateCommitteeId": 0,
          "CommitteeTypeId": 5,
          "CommitteeTypeEn": "Standing",
          "CommitteeTypeFr": "Permanent",
          "CompositionTypeId": 8,
          "CompositionTypeLongEn": "Joint",
          "CompositionTypeLongFr": "Mixte",
          "CompositionTypeShortEn": "J",
          "CompositionTypeShortFr": "J",
          "Sessions": [
            {
              "SessionId": 0,
              "SessionNumber": 2,
              "ParliamentNumber": 35,
              "StartDate": "1996-02-27T00:00:00Z",
              "EndDate": "1997-04-27T00:00:00Z",
              "ShortEn": "2nd",
              "ShortFr": "2e"
            }
          ],
          "Mandates": null
        },
        "GroupingTitleEn": null,
        "GroupingTitleFr": null,
        "GroupingOrder": 0,
        "ParliamentStart": null,
        "ParliamentEnd": null,
        "ParliamentNumber": 0,
        "PartyOrganizationId": 4831,
        "PartyEn": "Liberal Party of Canada",
        "PartyFr": "Parti lib\u00e9ral du Canada",
        "PartyStartDate": "1995-09-21T00:00:00Z",
        "PartyEndDate": "1997-07-05T00:00:00Z",
        "PersonPersonId": 0,
        "PersonLastName": null,
        "PersonUsedFirstName": null,
        "PersonGender": null,
        "MemberOfParliament": null,
        "IsMP": false,
        "IsSenator": false,
        "GovernorGeneral": null,
        "Documents": null,
        "Senator": null,
        "NotesEn": null,
        "NotesFr": null,
        "InternalNotes": null,
        "IsCurrent": "False",
        "RoleId": 226,
        "NameEn": "Member",
        "Ordinal": 300,
        "Classes": [
          {
            "RoleClassId": 33,
            "RoleClassOrdinal": null,
            "RoleToRoleClassOrdinal": null,
            "RoleClassNameEn": "Committee",
            "RoleClassNameFr": "Comit\u00e9"
          },
          {
            "RoleClassId": 113,
            "RoleClassOrdinal": null,
            "RoleToRoleClassOrdinal": null,
            "RoleClassNameEn": "ElectionProcessCloseDissolution",
            "RoleClassNameFr": "ElectionProcessCloseDissolution"
          }
        ]
      },
      {
        "PersonRoleId": 14299,
        "NameFr": "Membre",
        "StartDate": "1996-02-27T00:00:00Z",
        "StartDateIsApproximate": false,
        "EndDate": "1997-04-27T00:00:00Z",
        "EndDateIsApproximate": false,
        "EndReasonEn": null,
        "EndReasonFr": null,
        "EndReasonTypeEn": null,
        "EndReasonTypeFr": null,
        "SourceOfInformationEn": null,
        "SourceOfInformationFr": null,
        "IsActing": false,
        "ActingTextEn": null,
        "ActingTextFr": null,
        "HasCrossedTheFloor": false,
        "OrganizationId": 2835,
        "OrganizationLongEn": "Standing Senate Committee on Energy, the Environment and Natural Resources",
        "OrganizationLongFr": "Comit\u00e9 s\u00e9natorial permanent de l\u2019\u00e9nergie, de l\u2019environnement et des ressources naturelles",
        "OrganizationShortEn": "Energy, Environment and Natural Resources",
        "OrganizationShortFr": "\u00c9nergie, environnement et ressources naturelles",
        "OrganizationAcronymEn": "",
        "OrganizationAcronymFr": "",
        "OrganizationTypeId": 27,
        "OrganizationTypeEn": "Committee",
        "OrganizationTypeFr": "Comit\u00e9",
        "OrganizationProvinceEn": null,
        "OrganizationProvinceFr": null,
        "OrganizationHasProfile": true,
        "IsSenatorialDivision": false,
        "ToBeStyledAsEn": "",
        "ToBeStyledAsFr": "",
        "GroupId": 0,
        "Source": null,
        "PortFolioEn": null,
        "PortFolioFr": null,
        "Committee": {
          "OrganizationId": 0,
          "SenateCommitteeId": 0,
          "CommitteeTypeId": 5,
          "CommitteeTypeEn": "Standing",
          "CommitteeTypeFr": "Permanent",
          "CompositionTypeId": 1,
          "CompositionTypeLongEn": "Senate",
          "CompositionTypeLongFr": "S\u00e9nat",
          "CompositionTypeShortEn": "S",
          "CompositionTypeShortFr": "S",
          "Sessions": [
            {
              "SessionId": 0,
              "SessionNumber": 2,
              "ParliamentNumber": 35,
              "StartDate": "1996-02-27T00:00:00Z",
              "EndDate": "1997-04-27T00:00:00Z",
              "ShortEn": "2nd",
              "ShortFr": "2e"
            }
          ],
          "Mandates": null
        },
        "GroupingTitleEn": null,
        "GroupingTitleFr": null,
        "GroupingOrder": 0,
        "ParliamentStart": null,
        "ParliamentEnd": null,
        "ParliamentNumber": 0,
        "PartyOrganizationId": 4831,
        "PartyEn": "Liberal Party of Canada",
        "PartyFr": "Parti lib\u00e9ral du Canada",
        "PartyStartDate": "1995-09-21T00:00:00Z",
        "PartyEndDate": "1997-07-05T00:00:00Z",
        "PersonPersonId": 0,
        "PersonLastName": null,
        "PersonUsedFirstName": null,
        "PersonGender": null,
        "MemberOfParliament": null,
        "IsMP": false,
        "IsSenator": false,
        "GovernorGeneral": null,
        "Documents": null,
        "Senator": null,
        "NotesEn": null,
        "NotesFr": null,
        "InternalNotes": null,
        "IsCurrent": "False",
        "RoleId": 226,
        "NameEn": "Member",
        "Ordinal": 300,
        "Classes": [
          {
            "RoleClassId": 33,
            "RoleClassOrdinal": null,
            "RoleToRoleClassOrdinal": null,
            "RoleClassNameEn": "Committee",
            "RoleClassNameFr": "Comit\u00e9"
          },
          {
            "RoleClassId": 113,
            "RoleClassOrdinal": null,
            "RoleToRoleClassOrdinal": null,
            "RoleClassNameEn": "ElectionProcessCloseDissolution",
            "RoleClassNameFr": "ElectionProcessCloseDissolution"
          }
        ]
      },
      {
        "PersonRoleId": 17119,
        "NameFr": "Membre",
        "StartDate": "1996-02-27T00:00:00Z",
        "StartDateIsApproximate": false,
        "EndDate": "1997-04-27T00:00:00Z",
        "EndDateIsApproximate": false,
        "EndReasonEn": null,
        "EndReasonFr": null,
        "EndReasonTypeEn": null,
        "EndReasonTypeFr": null,
        "SourceOfInformationEn": null,
        "SourceOfInformationFr": null,
        "IsActing": false,
        "ActingTextEn": null,
        "ActingTextFr": null,
        "HasCrossedTheFloor": false,
        "OrganizationId": 1681,
        "OrganizationLongEn": "Special Committee on the Cape Breton Development Corporation",
        "OrganizationLongFr": "Comit\u00e9 sp\u00e9cial de la Soci\u00e9t\u00e9 de d\u00e9veloppement du Cap-Breton",
        "OrganizationShortEn": "Cape Breton Development Corporation",
        "OrganizationShortFr": "Soci\u00e9t\u00e9 de d\u00e9veloppement du Cap-Breton",
        "OrganizationAcronymEn": "",
        "OrganizationAcronymFr": "",
        "OrganizationTypeId": 27,
        "OrganizationTypeEn": "Committee",
        "OrganizationTypeFr": "Comit\u00e9",
        "OrganizationProvinceEn": null,
        "OrganizationProvinceFr": null,
        "OrganizationHasProfile": true,
        "IsSenatorialDivision": false,
        "ToBeStyledAsEn": "",
        "ToBeStyledAsFr": "",
        "GroupId": 0,
        "Source": null,
        "PortFolioEn": null,
        "PortFolioFr": null,
        "Committee": {
          "OrganizationId": 0,
          "SenateCommitteeId": 0,
          "CommitteeTypeId": 4,
          "CommitteeTypeEn": "Special",
          "CommitteeTypeFr": "Sp\u00e9cial",
          "CompositionTypeId": 1,
          "CompositionTypeLongEn": "Senate",
          "CompositionTypeLongFr": "S\u00e9nat",
          "CompositionTypeShortEn": "S",
          "CompositionTypeShortFr": "S",
          "Sessions": [
            {
              "SessionId": 0,
              "SessionNumber": 2,
              "ParliamentNumber": 35,
              "StartDate": "1996-02-27T00:00:00Z",
              "EndDate": "1997-04-27T00:00:00Z",
              "ShortEn": "2nd",
              "ShortFr": "2e"
            }
          ],
          "Mandates": null
        },
        "GroupingTitleEn": null,
        "GroupingTitleFr": null,
        "GroupingOrder": 0,
        "ParliamentStart": null,
        "ParliamentEnd": null,
        "ParliamentNumber": 0,
        "PartyOrganizationId": 4831,
        "PartyEn": "Liberal Party of Canada",
        "PartyFr": "Parti lib\u00e9ral du Canada",
        "PartyStartDate": "1995-09-21T00:00:00Z",
        "PartyEndDate": "1997-07-05T00:00:00Z",
        "PersonPersonId": 0,
        "PersonLastName": null,
        "PersonUsedFirstName": null,
        "PersonGender": null,
        "MemberOfParliament": null,
        "IsMP": false,
        "IsSenator": false,
        "GovernorGeneral": null,
        "Documents": null,
        "Senator": null,
        "NotesEn": null,
        "NotesFr": null,
        "InternalNotes": null,
        "IsCurrent": "False",
        "RoleId": 226,
        "NameEn": "Member",
        "Ordinal": 300,
        "Classes": [
          {
            "RoleClassId": 33,
            "RoleClassOrdinal": null,
            "RoleToRoleClassOrdinal": null,
            "RoleClassNameEn": "Committee",
            "RoleClassNameFr": "Comit\u00e9"
          },
          {
            "RoleClassId": 113,
            "RoleClassOrdinal": null,
            "RoleToRoleClassOrdinal": null,
            "RoleClassNameEn": "ElectionProcessCloseDissolution",
            "RoleClassNameFr": "ElectionProcessCloseDissolution"
          }
        ]
      },
      {
        "PersonRoleId": 17370,
        "NameFr": "Membre",
        "StartDate": "1996-02-27T00:00:00Z",
        "StartDateIsApproximate": false,
        "EndDate": "1997-04-27T00:00:00Z",
        "EndDateIsApproximate": false,
        "EndReasonEn": null,
        "EndReasonFr": null,
        "EndReasonTypeEn": null,
        "EndReasonTypeFr": null,
        "SourceOfInformationEn": null,
        "SourceOfInformationFr": null,
        "IsActing": false,
        "ActingTextEn": null,
        "ActingTextFr": null,
        "HasCrossedTheFloor": false,
        "OrganizationId": 384,
        "OrganizationLongEn": "Standing Committee on Aboriginal Peoples",
        "OrganizationLongFr": "Comit\u00e9 permanent des peuples autochtones",
        "OrganizationShortEn": "Aboriginal Peoples",
        "OrganizationShortFr": "Peuples autochtones",
        "OrganizationAcronymEn": "APPA",
        "OrganizationAcronymFr": "APPA",
        "OrganizationTypeId": 27,
        "OrganizationTypeEn": "Committee",
        "OrganizationTypeFr": "Comit\u00e9",
        "OrganizationProvinceEn": null,
        "OrganizationProvinceFr": null,
        "OrganizationHasProfile": true,
        "IsSenatorialDivision": false,
        "ToBeStyledAsEn": "",
        "ToBeStyledAsFr": "",
        "GroupId": 0,
        "Source": null,
        "PortFolioEn": null,
        "PortFolioFr": null,
        "Committee": {
          "OrganizationId": 0,
          "SenateCommitteeId": 0,
          "CommitteeTypeId": 5,
          "CommitteeTypeEn": "Standing",
          "CommitteeTypeFr": "Permanent",
          "CompositionTypeId": 1,
          "CompositionTypeLongEn": "Senate",
          "CompositionTypeLongFr": "S\u00e9nat",
          "CompositionTypeShortEn": "S",
          "CompositionTypeShortFr": "S",
          "Sessions": [
            {
              "SessionId": 0,
              "SessionNumber": 2,
              "ParliamentNumber": 35,
              "StartDate": "1996-02-27T00:00:00Z",
              "EndDate": "1997-04-27T00:00:00Z",
              "ShortEn": "2nd",
              "ShortFr": "2e"
            }
          ],
          "Mandates": null
        },
        "GroupingTitleEn": null,
        "GroupingTitleFr": null,
        "GroupingOrder": 0,
        "ParliamentStart": null,
        "ParliamentEnd": null,
        "ParliamentNumber": 0,
        "PartyOrganizationId": 4831,
        "PartyEn": "Liberal Party of Canada",
        "PartyFr": "Parti lib\u00e9ral du Canada",
        "PartyStartDate": "1995-09-21T00:00:00Z",
        "PartyEndDate": "1997-07-05T00:00:00Z",
        "PersonPersonId": 0,
        "PersonLastName": null,
        "PersonUsedFirstName": null,
        "PersonGender": null,
        "MemberOfParliament": null,
        "IsMP": false,
        "IsSenator": false,
        "GovernorGeneral": null,
        "Documents": null,
        "Senator": null,
        "NotesEn": null,
        "NotesFr": null,
        "InternalNotes": null,
        "IsCurrent": "False",
        "RoleId": 226,
        "NameEn": "Member",
        "Ordinal": 300,
        "Classes": [
          {
            "RoleClassId": 33,
            "RoleClassOrdinal": null,
            "RoleToRoleClassOrdinal": null,
            "RoleClassNameEn": "Committee",
            "RoleClassNameFr": "Comit\u00e9"
          },
          {
            "RoleClassId": 113,
            "RoleClassOrdinal": null,
            "RoleToRoleClassOrdinal": null,
            "RoleClassNameEn": "ElectionProcessCloseDissolution",
            "RoleClassNameFr": "ElectionProcessCloseDissolution"
          }
        ]
      },
      {
        "PersonRoleId": 48559,
        "NameFr": "Membre",
        "StartDate": "1996-02-27T00:00:00Z",
        "StartDateIsApproximate": false,
        "EndDate": "1997-04-27T00:00:00Z",
        "EndDateIsApproximate": false,
        "EndReasonEn": null,
        "EndReasonFr": null,
        "EndReasonTypeEn": null,
        "EndReasonTypeFr": null,
        "SourceOfInformationEn": null,
        "SourceOfInformationFr": null,
        "IsActing": false,
        "ActingTextEn": null,
        "ActingTextFr": null,
        "HasCrossedTheFloor": false,
        "OrganizationId": 7964,
        "OrganizationLongEn": "Standing Senate Committee on Social Affairs, Science and Technology",
        "OrganizationLongFr": "Comit\u00e9 s\u00e9natorial permanent des affaires sociales, des sciences et de la technologie",
        "OrganizationShortEn": "Social Affairs, Science and Technology",
        "OrganizationShortFr": "Affaires sociales, sciences et technologie",
        "OrganizationAcronymEn": "SOCI",
        "OrganizationAcronymFr": "SOCI",
        "OrganizationTypeId": 27,
        "OrganizationTypeEn": "Committee",
        "OrganizationTypeFr": "Comit\u00e9",
        "OrganizationProvinceEn": null,
        "OrganizationProvinceFr": null,
        "OrganizationHasProfile": true,
        "IsSenatorialDivision": false,
        "ToBeStyledAsEn": "",
        "ToBeStyledAsFr": "",
        "GroupId": 0,
        "Source": null,
        "PortFolioEn": null,
        "PortFolioFr": null,
        "Committee": {
          "OrganizationId": 0,
          "SenateCommitteeId": 0,
          "CommitteeTypeId": 5,
          "CommitteeTypeEn": "Standing",
          "CommitteeTypeFr": "Permanent",
          "CompositionTypeId": 1,
          "CompositionTypeLongEn": "Senate",
          "CompositionTypeLongFr": "S\u00e9nat",
          "CompositionTypeShortEn": "S",
          "CompositionTypeShortFr": "S",
          "Sessions": [
            {
              "SessionId": 0,
              "SessionNumber": 2,
              "ParliamentNumber": 35,
              "StartDate": "1996-02-27T00:00:00Z",
              "EndDate": "1997-04-27T00:00:00Z",
              "ShortEn": "2nd",
              "ShortFr": "2e"
            }
          ],
          "Mandates": null
        },
        "GroupingTitleEn": null,
        "GroupingTitleFr": null,
        "GroupingOrder": 0,
        "ParliamentStart": null,
        "ParliamentEnd": null,
        "ParliamentNumber": 0,
        "PartyOrganizationId": 4831,
        "PartyEn": "Liberal Party of Canada",
        "PartyFr": "Parti lib\u00e9ral du Canada",
        "PartyStartDate": "1995-09-21T00:00:00Z",
        "PartyEndDate": "1997-07-05T00:00:00Z",
        "PersonPersonId": 0,
        "PersonLastName": null,
        "PersonUsedFirstName": null,
        "PersonGender": null,
        "MemberOfParliament": null,
        "IsMP": false,
        "IsSenator": false,
        "GovernorGeneral": null,
        "Documents": null,
        "Senator": null,
        "NotesEn": null,
        "NotesFr": null,
        "InternalNotes": null,
        "IsCurrent": "False",
        "RoleId": 226,
        "NameEn": "Member",
        "Ordinal": 300,
        "Classes": [
          {
            "RoleClassId": 33,
            "RoleClassOrdinal": null,
            "RoleToRoleClassOrdinal": null,
            "RoleClassNameEn": "Committee",
            "RoleClassNameFr": "Comit\u00e9"
          },
          {
            "RoleClassId": 113,
            "RoleClassOrdinal": null,
            "RoleToRoleClassOrdinal": null,
            "RoleClassNameEn": "ElectionProcessCloseDissolution",
            "RoleClassNameFr": "ElectionProcessCloseDissolution"
          }
        ]
      },
      {
        "PersonRoleId": 79579,
        "NameFr": "Membre",
        "StartDate": "1996-02-27T00:00:00Z",
        "StartDateIsApproximate": false,
        "EndDate": "1997-04-27T00:00:00Z",
        "EndDateIsApproximate": false,
        "EndReasonEn": null,
        "EndReasonFr": null,
        "EndReasonTypeEn": null,
        "EndReasonTypeFr": null,
        "SourceOfInformationEn": null,
        "SourceOfInformationFr": null,
        "IsActing": false,
        "ActingTextEn": null,
        "ActingTextFr": null,
        "HasCrossedTheFloor": false,
        "OrganizationId": 9341,
        "OrganizationLongEn": "Standing Senate Committee on Transport and Communications",
        "OrganizationLongFr": "Comit\u00e9 s\u00e9natorial permanent des transports et des communications",
        "OrganizationShortEn": "Transport and Communications",
        "OrganizationShortFr": "Transports et communications",
        "OrganizationAcronymEn": "TRCM",
        "OrganizationAcronymFr": "TRCM",
        "OrganizationTypeId": 27,
        "OrganizationTypeEn": "Committee",
        "OrganizationTypeFr": "Comit\u00e9",
        "OrganizationProvinceEn": null,
        "OrganizationProvinceFr": null,
        "OrganizationHasProfile": true,
        "IsSenatorialDivision": false,
        "ToBeStyledAsEn": "",
        "ToBeStyledAsFr": "",
        "GroupId": 0,
        "Source": null,
        "PortFolioEn": null,
        "PortFolioFr": null,
        "Committee": {
          "OrganizationId": 0,
          "SenateCommitteeId": 0,
          "CommitteeTypeId": 5,
          "CommitteeTypeEn": "Standing",
          "CommitteeTypeFr": "Permanent",
          "CompositionTypeId": 1,
          "CompositionTypeLongEn": "Senate",
          "CompositionTypeLongFr": "S\u00e9nat",
          "CompositionTypeShortEn": "S",
          "CompositionTypeShortFr": "S",
          "Sessions": [
            {
              "SessionId": 0,
              "SessionNumber": 2,
              "ParliamentNumber": 35,
              "StartDate": "1996-02-27T00:00:00Z",
              "EndDate": "1997-04-27T00:00:00Z",
              "ShortEn": "2nd",
              "ShortFr": "2e"
            }
          ],
          "Mandates": null
        },
        "GroupingTitleEn": null,
        "GroupingTitleFr": null,
        "GroupingOrder": 0,
        "ParliamentStart": null,
        "ParliamentEnd": null,
        "ParliamentNumber": 0,
        "PartyOrganizationId": 4831,
        "PartyEn": "Liberal Party of Canada",
        "PartyFr": "Parti lib\u00e9ral du Canada",
        "PartyStartDate": "1995-09-21T00:00:00Z",
        "PartyEndDate": "1997-07-05T00:00:00Z",
        "PersonPersonId": 0,
        "PersonLastName": null,
        "PersonUsedFirstName": null,
        "PersonGender": null,
        "MemberOfParliament": null,
        "IsMP": false,
        "IsSenator": false,
        "GovernorGeneral": null,
        "Documents": null,
        "Senator": null,
        "NotesEn": null,
        "NotesFr": null,
        "InternalNotes": null,
        "IsCurrent": "False",
        "RoleId": 226,
        "NameEn": "Member",
        "Ordinal": 300,
        "Classes": [
          {
            "RoleClassId": 33,
            "RoleClassOrdinal": null,
            "RoleToRoleClassOrdinal": null,
            "RoleClassNameEn": "Committee",
            "RoleClassNameFr": "Comit\u00e9"
          },
          {
            "RoleClassId": 113,
            "RoleClassOrdinal": null,
            "RoleToRoleClassOrdinal": null,
            "RoleClassNameEn": "ElectionProcessCloseDissolution",
            "RoleClassNameFr": "ElectionProcessCloseDissolution"
          }
        ]
      },
      {
        "PersonRoleId": 119357,
        "NameFr": "S\u00e9nateur",
        "StartDate": "1995-09-21T00:00:00Z",
        "StartDateIsApproximate": false,
        "EndDate": "1997-07-05T00:00:00Z",
        "EndDateIsApproximate": false,
        "EndReasonEn": null,
        "EndReasonFr": null,
        "EndReasonTypeEn": "Retirement",
        "EndReasonTypeFr": "Retraite",
        "SourceOfInformationEn": null,
        "SourceOfInformationFr": null,
        "IsActing": false,
        "ActingTextEn": null,
        "ActingTextFr": null,
        "HasCrossedTheFloor": false,
        "OrganizationId": 7803,
        "OrganizationLongEn": "Senate",
        "OrganizationLongFr": "S\u00e9nat",
        "OrganizationShortEn": "Sen",
        "OrganizationShortFr": "S\u00e9n",
        "OrganizationAcronymEn": "",
        "OrganizationAcronymFr": "",
        "OrganizationTypeId": 18,
        "OrganizationTypeEn": "Chamber of Parliament (Fed)",
        "OrganizationTypeFr": "Chambre du Parlement (F\u00e9d)",
        "OrganizationProvinceEn": null,
        "OrganizationProvinceFr": null,
        "OrganizationHasProfile": true,
        "IsSenatorialDivision": true,
        "ToBeStyledAsEn": "",
        "ToBeStyledAsFr": "",
        "GroupId": 0,
        "Source": null,
        "PortFolioEn": null,
        "PortFolioFr": null,
        "Committee": null,
        "GroupingTitleEn": "Parliamentarian",
        "GroupingTitleFr": "Parlementaire",
        "GroupingOrder": 1,
        "ParliamentStart": "1994-01-17T00:00:00Z",
        "ParliamentEnd": "1997-04-27T00:00:00Z",
        "ParliamentNumber": 35,
        "PartyOrganizationId": 4831,
        "PartyEn": "Liberal Party of Canada",
        "PartyFr": "Parti lib\u00e9ral du Canada",
        "PartyStartDate": "1995-09-21T00:00:00Z",
        "PartyEndDate": "1997-07-05T00:00:00Z",
        "PersonPersonId": 0,
        "PersonLastName": null,
        "PersonUsedFirstName": null,
        "PersonGender": null,
        "MemberOfParliament": null,
        "IsMP": false,
        "IsSenator": true,
        "GovernorGeneral": null,
        "Documents": null,
        "Senator": {
          "IsReappointed": false,
          "AppointmentAdvisorPersonId": 306,
          "AppointmentAdvisorName": "Joseph Jacques Jean Chr\u00e9tien",
          "NominationEndDate": "1997-01-01T00:00:00Z",
          "NominationEndDateIsApproximate": true,
          "ProvinceEn": "Prince Edward Island",
          "ProvinceFr": "\u00cele-du-Prince-\u00c9douard"
        },
        "NotesEn": null,
        "NotesFr": null,
        "InternalNotes": null,
        "IsCurrent": "False",
        "RoleId": 718,
        "NameEn": "Senator",
        "Ordinal": 390,
        "Classes": [
          {
            "RoleClassId": 50,
            "RoleClassOrdinal": 1,
            "RoleToRoleClassOrdinal": null,
            "RoleClassNameEn": "Salaries in the Senate",
            "RoleClassNameFr": "Salaires au Senate"
          },
          {
            "RoleClassId": 105,
            "RoleClassOrdinal": null,
            "RoleToRoleClassOrdinal": null,
            "RoleClassNameEn": "Parliamentarian",
            "RoleClassNameFr": "Parlementaire"
          }
        ]
      }
    ],
    "HillAddresses": null,
    "ConstituencyAddresses": null,
    "WebLinks": [
      {
        "TypeEn": "Maiden Speech",
        "TypeFr": "Premier discours",
        "TitleFr": "Premier discours au S\u00e9nat",
        "TitleEn": "Maiden Speech in the Senate",
        "UrlEn": "http://parl.canadiana.ca/view/oop.debates_SOC3501_03/226?r=0&s=2",
        "UrlFr": "http://parl.canadiana.ca/view/oop.debates_SDC3501_03/223?r=0&s=2"
      },
      {
        "TypeEn": "Other",
        "TypeFr": "Autre",
        "TitleFr": "Membre de l'Ordre du Canada (1982)",
        "TitleEn": "Member of the Order of Canada (1982)",
        "UrlEn": "https://www.gg.ca/en/honours/recipients/146-84",
        "UrlFr": "https://www.gg.ca/fr/distinctions/recipiendaires/146-84"
      }
    ],
    "Bibliography": null,
    "ElectionCandidates": null,
    "Death": {
      "DateOfDeath": "2022-10-16T04:00:00Z",
      "DateOfDeathIsApproximate": false,
      "DeceasedOnDuty": false,
      "RecordNotFound": false,
      "CauseOfDeathEn": null,
      "CauseOfDeathFr": null,
      "CemetaryNameEn": null,
      "CemetaryNameFr": null,
      "CemetaryCityEn": null,
      "CemetaryCityFr": null,
      "CemetaryProvinceEn": null,
      "CemetaryProvinceFr": null,
      "CemetaryCountryEn": null,
      "CemetaryCountryFr": null,
      "FuneralDate": null,
      "StateLayFuneralLocationEn": null,
      "StateLayFuneralLocationFr": null,
      "StateLayFuneralStartDate": null,
      "StateLayFuneralEndDate": null,
      "ReferenceOfStateLay": null
    },
    "PrimeMinister": null,
    "Parliaments": null,
    "Age": 100,
    "DisplayName": "Anderson, Doris Margaret",
    "StraightDisplayName": "Doris Margaret Anderson",
    "PartyEn": "Liberal Party of Canada (1995/09/21 - 1997/07/05)<br>",
    "PartyFr": "Parti lib\u00e9ral du Canada (1995/09/21 - 1997/07/05)<br>",
    "ConstituencyEn": "St. Peter's, Kings County (1995/09/21 - 1997/07/05)<br>",
    "ConstituencyFr": "St. Peter's, Kings County (1995/09/21 - 1997/07/05)<br>",
    "CurrentPartyEn": "Liberal Party of Canada",
    "CurrentPartyFr": "Parti lib\u00e9ral du Canada",
    "CurrentConstituencyEn": "St. Peter's, Kings County",
    "CurrentConstituencyFr": "St. Peter's, Kings County",
    "ElectedInParliaments": "",
    "ServedInParliaments": "",
    "ProvinceEn": "Prince Edward Island<br>",
    "ProvinceFr": "\u00cele-du-Prince-\u00c9douard<br>",
    "PrimeMinisterEn": "",
    "PrimeMinisterFr": "",
    "CabinetChairEn": "",
    "CabinetChairFr": "",
    "CabinetCommitteeMemberEn": "",
    "CabinetCommitteeMemberFr": "",
    "LeaderOpposition": "",
    "DeputyPrimeMinister": "",
    "SpeakerHouseOfCommons": "",
    "SpeakerSenate": "",
    "SpeakerProTempore": "",
    "DeputySpeaker": "",
    "AssistantDeputySpeakerChairEn": "",
    "AssistantDeputySpeakerChairFr": "",
    "MinisterOfEn": "",
    "MinisterOfFr": "",
    "AssociateMinisterOfEn": "",
    "AssociateMinisterOfFr": "",
    "MinisterOfStateOfEn": "",
    "MinisterOfStateOfFr": "",
    "SecretaryOfStateOfEn": "",
    "SecretaryOfStateOfFr": "",
    "ParliamentarySecretaryOfEn": "",
    "ParliamentarySecretaryOfFr": "",
    "ParliamentaryAssistantOfEn": "",
    "ParliamentaryAssistantOfFr": "",
    "PartyLeaderEn": "",
    "PartyLeaderFr": "",
    "HouseLeaderEn": "",
    "HouseLeaderFr": "",
    "DeputyHouseLeaderEn": "",
    "DeputyHouseLeaderFr": "",
    "WhipEn": "",
    "WhipFr": "",
    "DeputyWhipEn": "",
    "DeputyWhipFr": "",
    "CriticOfEn": "",
    "CriticOfFr": "",
    "AssistantCriticOfEn": "",
    "AssistantCriticOfFr": "",
    "TypeOfParliamentarianEn": "Senator (1995/09/21 - 1997/07/05)<br>",
    "TypeOfParliamentarianFr": "S\u00e9nateur (1995/09/21 - 1997/07/05)<br>",
    "MemberOfParliamentMandate": "",
    "SenateMandate": "1995/09/21 - 1997/07/05<br>",
    "DiedInOffice": false,
    "PremiershipExperienceEn": "",
    "PremiershipExperienceFr": "",
    "ProvincialExperienceEn": "",
    "ProvincialExperienceFr": "",
    "MunicipalExperienceEn": "",
    "MunicipalExperienceFr": "",
    "MilitaryServiceEn": "Women's Royal Canadian Naval Service (Reserve) (1952 - 1958)<br>",
    "MilitaryServiceFr": "Service f\u00e9minin de la Marine royale du Canada (R\u00e9serve) (1952 - 1958)<br>",
    "MinistryDurationEn": "",
    "MinistryDurationFr": "",
    "ProfessionsEn": ", nutritionist, professor",
    "ProfessionsFr": ", nutritionniste, professeure",
    "LanguageEn": "English",
    "LanguageFr": "Anglais",
    "IsPrimeMinister": false,
    "YearsOfServiceSegments": [
      {
        "TotalDays": 654,
        "Years": 1,
        "Months": 9,
        "Days": 15,
        "Hours": 0,
        "Minutes": 0,
        "Seconds": 0,
        "Milliseconds": 0
      }
    ],
    "YearsOfServiceSegmentsSenate": [
      {
        "TotalDays": 654,
        "Years": 1,
        "Months": 9,
        "Days": 15,
        "Hours": 0,
        "Minutes": 0,
        "Seconds": 0,
        "Milliseconds": 0
      }
    ],
    "YearsOfServiceSegmentsHouse": [],
    "IsCurrentlyInOffice": false,
    "IsCurrentlySenator": false,
    "IsCurrentlyMP": false,
    "HasMaidenSpeech": true,
    "_id": "59f876f9e413e1389ffd0d23",
    "LastUpdatedId": "000000000000000000000000",
    "LastModified": "0001-01-01T00:00:00",
    "ModifiedBy": null
  },
  "FederalExperience": [
    {
      "PersonRoleId": 80803,
      "NameFr": "Membre du parti",
      "StartDate": "1995-09-21T00:00:00Z",
      "StartDateIsApproximate": false,
      "EndDate": "1997-07-05T00:00:00Z",
      "EndDateIsApproximate": false,
      "EndReasonEn": null,
      "EndReasonFr": null,
      "EndReasonTypeEn": null,
      "EndReasonTypeFr": null,
      "SourceOfInformationEn": null,
      "SourceOfInformationFr": null,
      "IsActing": false,
      "ActingTextEn": null,
      "ActingTextFr": null,
      "HasCrossedTheFloor": false,
      "OrganizationId": 4831,
      "OrganizationLongEn": "Liberal Party of Canada",
      "OrganizationLongFr": "Parti lib\u00e9ral du Canada",
      "OrganizationShortEn": "Liberal",
      "OrganizationShortFr": "Lib\u00e9ral",
      "OrganizationAcronymEn": "Lib.",
      "OrganizationAcronymFr": "Lib.",
      "OrganizationTypeId": 4,
      "OrganizationTypeEn": "Party",
      "OrganizationTypeFr": "Parti",
      "OrganizationProvinceEn": null,
      "OrganizationProvinceFr": null,
      "OrganizationHasProfile": true,
      "IsSenatorialDivision": false,
      "ToBeStyledAsEn": "",
      "ToBeStyledAsFr": "",
      "GroupId": 0,
      "Source": null,
      "PortFolioEn": null,
      "PortFolioFr": null,
      "Committee": null,
      "GroupingTitleEn": "Parliamentarian",
      "GroupingTitleFr": "Parlementaire",
      "GroupingOrder": 1,
      "ParliamentStart": "1997-09-22T00:00:00Z",
      "ParliamentEnd": "2000-10-22T00:00:00Z",
      "ParliamentNumber": 36,
      "PartyOrganizationId": 4831,
      "PartyEn": "Liberal Party of Canada",
      "PartyFr": "Parti lib\u00e9ral du Canada",
      "PartyStartDate": "1995-09-21T00:00:00Z",
      "PartyEndDate": "1997-07-05T00:00:00Z",
      "PersonPersonId": 0,
      "PersonLastName": null,
      "PersonUsedFirstName": null,
      "PersonGender": null,
      "MemberOfParliament": null,
      "IsMP": false,
      "IsSenator": false,
      "GovernorGeneral": null,
      "Documents": null,
      "Senator": null,
      "NotesEn": null,
      "NotesFr": null,
      "InternalNotes": null,
      "IsCurrent": "False",
      "RoleId": 722,
      "NameEn": "Party Member",
      "Ordinal": null,
      "Classes": [
        {
          "RoleClassId": 105,
          "RoleClassOrdinal": null,
          "RoleToRoleClassOrdinal": null,
          "RoleClassNameEn": "Parliamentarian",
          "RoleClassNameFr": "Parlementaire"
        }
      ]
    },
    {
      "PersonRoleId": 93103,
      "NameFr": "Membre pour la circonscription",
      "StartDate": "1995-09-21T00:00:00Z",
      "StartDateIsApproximate": false,
      "EndDate": "1997-07-05T00:00:00Z",
      "EndDateIsApproximate": false,
      "EndReasonEn": null,
      "EndReasonFr": null,
      "EndReasonTypeEn": null,
      "EndReasonTypeFr": null,
      "SourceOfInformationEn": null,
      "SourceOfInformationFr": null,
      "IsActing": false,
      "ActingTextEn": null,
      "ActingTextFr": null,
      "HasCrossedTheFloor": false,
      "OrganizationId": 8547,
      "OrganizationLongEn": "St. Peter's, Kings County",
      "OrganizationLongFr": "St. Peter's, Kings County",
      "OrganizationShortEn": "",
      "OrganizationShortFr": "",
      "OrganizationAcronymEn": "",
      "OrganizationAcronymFr": "",
      "OrganizationTypeId": 50,
      "OrganizationTypeEn": "Senatorial Riding",
      "OrganizationTypeFr": "Circonscription s\u00e9natoriale",
      "OrganizationProvinceEn": "Prince Edward Island",
      "OrganizationProvinceFr": "\u00cele-du-Prince-\u00c9douard",
      "OrganizationHasProfile": true,
      "IsSenatorialDivision": false,
      "ToBeStyledAsEn": "",
      "ToBeStyledAsFr": "",
      "GroupId": 0,
      "Source": null,
      "PortFolioEn": null,
      "PortFolioFr": null,
      "Committee": null,
      "GroupingTitleEn": "Parliamentarian",
      "GroupingTitleFr": "Parlementaire",
      "GroupingOrder": 1,
      "ParliamentStart": "1994-01-17T00:00:00Z",
      "ParliamentEnd": "1997-04-27T00:00:00Z",
      "ParliamentNumber": 35,
      "PartyOrganizationId": 4831,
      "PartyEn": "Liberal Party of Canada",
      "PartyFr": "Parti lib\u00e9ral du Canada",
      "PartyStartDate": "1995-09-21T00:00:00Z",
      "PartyEndDate": "1997-07-05T00:00:00Z",
      "PersonPersonId": 0,
      "PersonLastName": null,
      "PersonUsedFirstName": null,
      "PersonGender": null,
      "MemberOfParliament": {
        "OccupationTypeEn": "Continuous",
        "OccupationTypeFr": "Continue"
      },
      "IsMP": false,
      "IsSenator": true,
      "GovernorGeneral": null,
      "Documents": null,
      "Senator": null,
      "NotesEn": null,
      "NotesFr": null,
      "InternalNotes": null,
      "IsCurrent": "False",
      "RoleId": 719,
      "NameEn": "Constituency Member",
      "Ordinal": 240,
      "Classes": [
        {
          "RoleClassId": 49,
          "RoleClassOrdinal": 2,
          "RoleToRoleClassOrdinal": null,
          "RoleClassNameEn": "Salaries in the House of Commons",
          "RoleClassNameFr": "Salaires \u00e0 la Chambre des Communes"
        },
        {
          "RoleClassId": 105,
          "RoleClassOrdinal": null,
          "RoleToRoleClassOrdinal": null,
          "RoleClassNameEn": "Parliamentarian",
          "RoleClassNameFr": "Parlementaire"
        }
      ]
    },
    {
      "PersonRoleId": 119357,
      "NameFr": "S\u00e9nateur",
      "StartDate": "1995-09-21T00:00:00Z",
      "StartDateIsApproximate": false,
      "EndDate": "1997-07-05T00:00:00Z",
      "EndDateIsApproximate": false,
      "EndReasonEn": null,
      "EndReasonFr": null,
      "EndReasonTypeEn": "Retirement",
      "EndReasonTypeFr": "Retraite",
      "SourceOfInformationEn": null,
      "SourceOfInformationFr": null,
      "IsActing": false,
      "ActingTextEn": null,
      "ActingTextFr": null,
      "HasCrossedTheFloor": false,
      "OrganizationId": 7803,
      "OrganizationLongEn": "Senate",
      "OrganizationLongFr": "S\u00e9nat",
      "OrganizationShortEn": "Sen",
      "OrganizationShortFr": "S\u00e9n",
      "OrganizationAcronymEn": "",
      "OrganizationAcronymFr": "",
      "OrganizationTypeId": 18,
      "OrganizationTypeEn": "Chamber of Parliament (Fed)",
      "OrganizationTypeFr": "Chambre du Parlement (F\u00e9d)",
      "OrganizationProvinceEn": null,
      "OrganizationProvinceFr": null,
      "OrganizationHasProfile": true,
      "IsSenatorialDivision": true,
      "ToBeStyledAsEn": "",
      "ToBeStyledAsFr": "",
      "GroupId": 0,
      "Source": null,
      "PortFolioEn": null,
      "PortFolioFr": null,
      "Committee": null,
      "GroupingTitleEn": "Parliamentarian",
      "GroupingTitleFr": "Parlementaire",
      "GroupingOrder": 1,
      "ParliamentStart": "1994-01-17T00:00:00Z",
      "ParliamentEnd": "1997-04-27T00:00:00Z",
      "ParliamentNumber": 35,
      "PartyOrganizationId": 4831,
      "PartyEn": "Liberal Party of Canada",
      "PartyFr": "Parti lib\u00e9ral du Canada",
      "PartyStartDate": "1995-09-21T00:00:00Z",
      "PartyEndDate": "1997-07-05T00:00:00Z",
      "PersonPersonId": 0,
      "PersonLastName": null,
      "PersonUsedFirstName": null,
      "PersonGender": null,
      "MemberOfParliament": null,
      "IsMP": false,
      "IsSenator": true,
      "GovernorGeneral": null,
      "Documents": null,
      "Senator": {
        "IsReappointed": false,
        "AppointmentAdvisorPersonId": 306,
        "AppointmentAdvisorName": "Joseph Jacques Jean Chr\u00e9tien",
        "NominationEndDate": "1997-01-01T00:00:00Z",
        "NominationEndDateIsApproximate": true,
        "ProvinceEn": "Prince Edward Island",
        "ProvinceFr": "\u00cele-du-Prince-\u00c9douard"
      },
      "NotesEn": null,
      "NotesFr": null,
      "InternalNotes": null,
      "IsCurrent": "False",
      "RoleId": 718,
      "NameEn": "Senator",
      "Ordinal": 390,
      "Classes": [
        {
          "RoleClassId": 50,
          "RoleClassOrdinal": 1,
          "RoleToRoleClassOrdinal": null,
          "RoleClassNameEn": "Salaries in the Senate",
          "RoleClassNameFr": "Salaires au Senate"
        },
        {
          "RoleClassId": 105,
          "RoleClassOrdinal": null,
          "RoleToRoleClassOrdinal": null,
          "RoleClassNameEn": "Parliamentarian",
          "RoleClassNameFr": "Parlementaire"
        }
      ]
    },
    {
      "PersonRoleId": 80803,
      "NameFr": "Membre du parti",
      "StartDate": "1995-09-21T00:00:00Z",
      "StartDateIsApproximate": false,
      "EndDate": "1997-07-05T00:00:00Z",
      "EndDateIsApproximate": false,
      "EndReasonEn": null,
      "EndReasonFr": null,
      "EndReasonTypeEn": null,
      "EndReasonTypeFr": null,
      "SourceOfInformationEn": null,
      "SourceOfInformationFr": null,
      "IsActing": false,
      "ActingTextEn": null,
      "ActingTextFr": null,
      "HasCrossedTheFloor": false,
      "OrganizationId": 4831,
      "OrganizationLongEn": "Liberal Party of Canada",
      "OrganizationLongFr": "Parti lib\u00e9ral du Canada",
      "OrganizationShortEn": "Liberal",
      "OrganizationShortFr": "Lib\u00e9ral",
      "OrganizationAcronymEn": "Lib.",
      "OrganizationAcronymFr": "Lib.",
      "OrganizationTypeId": 4,
      "OrganizationTypeEn": "Party",
      "OrganizationTypeFr": "Parti",
      "OrganizationProvinceEn": null,
      "OrganizationProvinceFr": null,
      "OrganizationHasProfile": true,
      "IsSenatorialDivision": false,
      "ToBeStyledAsEn": "",
      "ToBeStyledAsFr": "",
      "GroupId": 0,
      "Source": null,
      "PortFolioEn": null,
      "PortFolioFr": null,
      "Committee": null,
      "GroupingTitleEn": "Parliamentarian",
      "GroupingTitleFr": "Parlementaire",
      "GroupingOrder": 1,
      "ParliamentStart": "1994-01-17T00:00:00Z",
      "ParliamentEnd": "1997-04-27T00:00:00Z",
      "ParliamentNumber": 35,
      "PartyOrganizationId": 4831,
      "PartyEn": "Liberal Party of Canada",
      "PartyFr": "Parti lib\u00e9ral du Canada",
      "PartyStartDate": "1995-09-21T00:00:00Z",
      "PartyEndDate": "1997-07-05T00:00:00Z",
      "PersonPersonId": 0,
      "PersonLastName": null,
      "PersonUsedFirstName": null,
      "PersonGender": null,
      "MemberOfParliament": null,
      "IsMP": false,
      "IsSenator": false,
      "GovernorGeneral": null,
      "Documents": null,
      "Senator": null,
      "NotesEn": null,
      "NotesFr": null,
      "InternalNotes": null,
      "IsCurrent": "False",
      "RoleId": 722,
      "NameEn": "Party Member",
      "Ordinal": null,
      "Classes": [
        {
          "RoleClassId": 105,
          "RoleClassOrdinal": null,
          "RoleToRoleClassOrdinal": null,
          "RoleClassNameEn": "Parliamentarian",
          "RoleClassNameFr": "Parlementaire"
        }
      ]
    }
  ],
  "FederalExperienceList": [
    {
      "PersonRoleId": 80803,
      "NameFr": "Membre du parti",
      "StartDate": "1995-09-21T00:00:00Z",
      "StartDateIsApproximate": false,
      "EndDate": "1997-07-05T00:00:00Z",
      "EndDateIsApproximate": false,
      "EndReasonEn": null,
      "EndReasonFr": null,
      "EndReasonTypeEn": null,
      "EndReasonTypeFr": null,
      "SourceOfInformationEn": null,
      "SourceOfInformationFr": null,
      "IsActing": false,
      "ActingTextEn": null,
      "ActingTextFr": null,
      "HasCrossedTheFloor": false,
      "OrganizationId": 4831,
      "OrganizationLongEn": "Liberal Party of Canada",
      "OrganizationLongFr": "Parti lib\u00e9ral du Canada",
      "OrganizationShortEn": "Liberal",
      "OrganizationShortFr": "Lib\u00e9ral",
      "OrganizationAcronymEn": "Lib.",
      "OrganizationAcronymFr": "Lib.",
      "OrganizationTypeId": 4,
      "OrganizationTypeEn": "Party",
      "OrganizationTypeFr": "Parti",
      "OrganizationProvinceEn": null,
      "OrganizationProvinceFr": null,
      "OrganizationHasProfile": true,
      "IsSenatorialDivision": false,
      "ToBeStyledAsEn": "",
      "ToBeStyledAsFr": "",
      "GroupId": 0,
      "Source": null,
      "PortFolioEn": null,
      "PortFolioFr": null,
      "Committee": null,
      "GroupingTitleEn": "Parliamentarian",
      "GroupingTitleFr": "Parlementaire",
      "GroupingOrder": 1,
      "ParliamentStart": "1997-09-22T00:00:00Z",
      "ParliamentEnd": "2000-10-22T00:00:00Z",
      "ParliamentNumber": 36,
      "PartyOrganizationId": 4831,
      "PartyEn": "Liberal Party of Canada",
      "PartyFr": "Parti lib\u00e9ral du Canada",
      "PartyStartDate": "1995-09-21T00:00:00Z",
      "PartyEndDate": "1997-07-05T00:00:00Z",
      "PersonPersonId": 0,
      "PersonLastName": null,
      "PersonUsedFirstName": null,
      "PersonGender": null,
      "MemberOfParliament": null,
      "IsMP": false,
      "IsSenator": false,
      "GovernorGeneral": null,
      "Documents": null,
      "Senator": null,
      "NotesEn": null,
      "NotesFr": null,
      "InternalNotes": null,
      "IsCurrent": "False",
      "RoleId": 722,
      "NameEn": "Party Member",
      "Ordinal": null,
      "Classes": [
        {
          "RoleClassId": 105,
          "RoleClassOrdinal": null,
          "RoleToRoleClassOrdinal": null,
          "RoleClassNameEn": "Parliamentarian",
          "RoleClassNameFr": "Parlementaire"
        }
      ]
    },
    {
      "PersonRoleId": 93103,
      "NameFr": "Membre pour la circonscription",
      "StartDate": "1995-09-21T00:00:00Z",
      "StartDateIsApproximate": false,
      "EndDate": "1997-07-05T00:00:00Z",
      "EndDateIsApproximate": false,
      "EndReasonEn": null,
      "EndReasonFr": null,
      "EndReasonTypeEn": null,
      "EndReasonTypeFr": null,
      "SourceOfInformationEn": null,
      "SourceOfInformationFr": null,
      "IsActing": false,
      "ActingTextEn": null,
      "ActingTextFr": null,
      "HasCrossedTheFloor": false,
      "OrganizationId": 8547,
      "OrganizationLongEn": "St. Peter's, Kings County",
      "OrganizationLongFr": "St. Peter's, Kings County",
      "OrganizationShortEn": "",
      "OrganizationShortFr": "",
      "OrganizationAcronymEn": "",
      "OrganizationAcronymFr": "",
      "OrganizationTypeId": 50,
      "OrganizationTypeEn": "Senatorial Riding",
      "OrganizationTypeFr": "Circonscription s\u00e9natoriale",
      "OrganizationProvinceEn": "Prince Edward Island",
      "OrganizationProvinceFr": "\u00cele-du-Prince-\u00c9douard",
      "OrganizationHasProfile": true,
      "IsSenatorialDivision": false,
      "ToBeStyledAsEn": "",
      "ToBeStyledAsFr": "",
      "GroupId": 0,
      "Source": null,
      "PortFolioEn": null,
      "PortFolioFr": null,
      "Committee": null,
      "GroupingTitleEn": "Parliamentarian",
      "GroupingTitleFr": "Parlementaire",
      "GroupingOrder": 1,
      "ParliamentStart": "1994-01-17T00:00:00Z",
      "ParliamentEnd": "1997-04-27T00:00:00Z",
      "ParliamentNumber": 35,
      "PartyOrganizationId": 4831,
      "PartyEn": "Liberal Party of Canada",
      "PartyFr": "Parti lib\u00e9ral du Canada",
      "PartyStartDate": "1995-09-21T00:00:00Z",
      "PartyEndDate": "1997-07-05T00:00:00Z",
      "PersonPersonId": 0,
      "PersonLastName": null,
      "PersonUsedFirstName": null,
      "PersonGender": null,
      "MemberOfParliament": {
        "OccupationTypeEn": "Continuous",
        "OccupationTypeFr": "Continue"
      },
      "IsMP": false,
      "IsSenator": true,
      "GovernorGeneral": null,
      "Documents": null,
      "Senator": null,
      "NotesEn": null,
      "NotesFr": null,
      "InternalNotes": null,
      "IsCurrent": "False",
      "RoleId": 719,
      "NameEn": "Constituency Member",
      "Ordinal": 240,
      "Classes": [
        {
          "RoleClassId": 49,
          "RoleClassOrdinal": 2,
          "RoleToRoleClassOrdinal": null,
          "RoleClassNameEn": "Salaries in the House of Commons",
          "RoleClassNameFr": "Salaires \u00e0 la Chambre des Communes"
        },
        {
          "RoleClassId": 105,
          "RoleClassOrdinal": null,
          "RoleToRoleClassOrdinal": null,
          "RoleClassNameEn": "Parliamentarian",
          "RoleClassNameFr": "Parlementaire"
        }
      ]
    },
    {
      "PersonRoleId": 119357,
      "NameFr": "S\u00e9nateur",
      "StartDate": "1995-09-21T00:00:00Z",
      "StartDateIsApproximate": false,
      "EndDate": "1997-07-05T00:00:00Z",
      "EndDateIsApproximate": false,
      "EndReasonEn": null,
      "EndReasonFr": null,
      "EndReasonTypeEn": "Retirement",
      "EndReasonTypeFr": "Retraite",
      "SourceOfInformationEn": null,
      "SourceOfInformationFr": null,
      "IsActing": false,
      "ActingTextEn": null,
      "ActingTextFr": null,
      "HasCrossedTheFloor": false,
      "OrganizationId": 7803,
      "OrganizationLongEn": "Senate",
      "OrganizationLongFr": "S\u00e9nat",
      "OrganizationShortEn": "Sen",
      "OrganizationShortFr": "S\u00e9n",
      "OrganizationAcronymEn": "",
      "OrganizationAcronymFr": "",
      "OrganizationTypeId": 18,
      "OrganizationTypeEn": "Chamber of Parliament (Fed)",
      "OrganizationTypeFr": "Chambre du Parlement (F\u00e9d)",
      "OrganizationProvinceEn": null,
      "OrganizationProvinceFr": null,
      "OrganizationHasProfile": true,
      "IsSenatorialDivision": true,
      "ToBeStyledAsEn": "",
      "ToBeStyledAsFr": "",
      "GroupId": 0,
      "Source": null,
      "PortFolioEn": null,
      "PortFolioFr": null,
      "Committee": null,
      "GroupingTitleEn": "Parliamentarian",
      "GroupingTitleFr": "Parlementaire",
      "GroupingOrder": 1,
      "ParliamentStart": "1994-01-17T00:00:00Z",
      "ParliamentEnd": "1997-04-27T00:00:00Z",
      "ParliamentNumber": 35,
      "PartyOrganizationId": 4831,
      "PartyEn": "Liberal Party of Canada",
      "PartyFr": "Parti lib\u00e9ral du Canada",
      "PartyStartDate": "1995-09-21T00:00:00Z",
      "PartyEndDate": "1997-07-05T00:00:00Z",
      "PersonPersonId": 0,
      "PersonLastName": null,
      "PersonUsedFirstName": null,
      "PersonGender": null,
      "MemberOfParliament": null,
      "IsMP": false,
      "IsSenator": true,
      "GovernorGeneral": null,
      "Documents": null,
      "Senator": {
        "IsReappointed": false,
        "AppointmentAdvisorPersonId": 306,
        "AppointmentAdvisorName": "Joseph Jacques Jean Chr\u00e9tien",
        "NominationEndDate": "1997-01-01T00:00:00Z",
        "NominationEndDateIsApproximate": true,
        "ProvinceEn": "Prince Edward Island",
        "ProvinceFr": "\u00cele-du-Prince-\u00c9douard"
      },
      "NotesEn": null,
      "NotesFr": null,
      "InternalNotes": null,
      "IsCurrent": "False",
      "RoleId": 718,
      "NameEn": "Senator",
      "Ordinal": 390,
      "Classes": [
        {
          "RoleClassId": 50,
          "RoleClassOrdinal": 1,
          "RoleToRoleClassOrdinal": null,
          "RoleClassNameEn": "Salaries in the Senate",
          "RoleClassNameFr": "Salaires au Senate"
        },
        {
          "RoleClassId": 105,
          "RoleClassOrdinal": null,
          "RoleToRoleClassOrdinal": null,
          "RoleClassNameEn": "Parliamentarian",
          "RoleClassNameFr": "Parlementaire"
        }
      ]
    }
  ],
  "CommitteeMembership": [
    {
      "NameEn": "Chair",
      "NameFr": "Pr\u00e9sidente",
      "RoleId": 756,
      "OrganizationId": 1093,
      "OrganizationLongEn": "Subcommittee on Boreal Forest of the Standing Committee on Agriculture and Forestry",
      "OrganizationLongFr": "Sous-comit\u00e9 de la for\u00eat bor\u00e9ale du Comit\u00e9 permanent de l'agriculture et des for\u00eats",
      "OrganizationTypeEn": "Committee",
      "OrganizationTypeFr": "Comit\u00e9",
      "OrganizationTypeId": 27,
      "PartyEn": "Liberal Party of Canada",
      "PartyFr": "Parti lib\u00e9ral du Canada",
      "CompositionTypeLongEn": "Senate",
      "CompositionTypeLongFr": "S\u00e9nat",
      "CompositionTypeShortEn": "S",
      "CompositionTypeShortFr": "S",
      "CommitteeTypeEn": "Subcommittee",
      "CommitteeTypeFr": "Sous-comit\u00e9",
      "ParliamentNumber": 35,
      "SessionNumber": 2,
      "ShortEn": "2nd",
      "ShortFr": "2e"
    },
    {
      "NameEn": "Member",
      "NameFr": "Membre",
      "RoleId": 226,
      "OrganizationId": 431,
      "OrganizationLongEn": "Standing Senate Committee on Agriculture and Forestry",
      "OrganizationLongFr": "Comit\u00e9 s\u00e9natorial permanent de l\u2019agriculture et des for\u00eats",
      "OrganizationTypeEn": "Committee",
      "OrganizationTypeFr": "Comit\u00e9",
      "OrganizationTypeId": 27,
      "PartyEn": "Liberal Party of Canada",
      "PartyFr": "Parti lib\u00e9ral du Canada",
      "CompositionTypeLongEn": "Senate",
      "CompositionTypeLongFr": "S\u00e9nat",
      "CompositionTypeShortEn": "S",
      "CompositionTypeShortFr": "S",
      "CommitteeTypeEn": "Standing",
      "CommitteeTypeFr": "Permanent",
      "ParliamentNumber": 35,
      "SessionNumber": 2,
      "ShortEn": "2nd",
      "ShortFr": "2e"
    },
    {
      "NameEn": "Member",
      "NameFr": "Membre",
      "RoleId": 226,
      "OrganizationId": 10377,
      "OrganizationLongEn": "Standing Joint Committee on Scrutiny of Regulations",
      "OrganizationLongFr": "Comit\u00e9 mixte permanent d'examen de la r\u00e9glementation",
      "OrganizationTypeEn": "Committee",
      "OrganizationTypeFr": "Comit\u00e9",
      "OrganizationTypeId": 27,
      "PartyEn": "Liberal Party of Canada",
      "PartyFr": "Parti lib\u00e9ral du Canada",
      "CompositionTypeLongEn": "Joint",
      "CompositionTypeLongFr": "Mixte",
      "CompositionTypeShortEn": "J",
      "CompositionTypeShortFr": "J",
      "CommitteeTypeEn": "Standing",
      "CommitteeTypeFr": "Permanent",
      "ParliamentNumber": 35,
      "SessionNumber": 2,
      "ShortEn": "2nd",
      "ShortFr": "2e"
    },
    {
      "NameEn": "Member",
      "NameFr": "Membre",
      "RoleId": 226,
      "OrganizationId": 2835,
      "OrganizationLongEn": "Standing Senate Committee on Energy, the Environment and Natural Resources",
      "OrganizationLongFr": "Comit\u00e9 s\u00e9natorial permanent de l\u2019\u00e9nergie, de l\u2019environnement et des ressources naturelles",
      "OrganizationTypeEn": "Committee",
      "OrganizationTypeFr": "Comit\u00e9",
      "OrganizationTypeId": 27,
      "PartyEn": "Liberal Party of Canada",
      "PartyFr": "Parti lib\u00e9ral du Canada",
      "CompositionTypeLongEn": "Senate",
      "CompositionTypeLongFr": "S\u00e9nat",
      "CompositionTypeShortEn": "S",
      "CompositionTypeShortFr": "S",
      "CommitteeTypeEn": "Standing",
      "CommitteeTypeFr": "Permanent",
      "ParliamentNumber": 35,
      "SessionNumber": 2,
      "ShortEn": "2nd",
      "ShortFr": "2e"
    },
    {
      "NameEn": "Member",
      "NameFr": "Membre",
      "RoleId": 226,
      "OrganizationId": 1681,
      "OrganizationLongEn": "Special Committee on the Cape Breton Development Corporation",
      "OrganizationLongFr": "Comit\u00e9 sp\u00e9cial de la Soci\u00e9t\u00e9 de d\u00e9veloppement du Cap-Breton",
      "OrganizationTypeEn": "Committee",
      "OrganizationTypeFr": "Comit\u00e9",
      "OrganizationTypeId": 27,
      "PartyEn": "Liberal Party of Canada",
      "PartyFr": "Parti lib\u00e9ral du Canada",
      "CompositionTypeLongEn": "Senate",
      "CompositionTypeLongFr": "S\u00e9nat",
      "CompositionTypeShortEn": "S",
      "CompositionTypeShortFr": "S",
      "CommitteeTypeEn": "Special",
      "CommitteeTypeFr": "Sp\u00e9cial",
      "ParliamentNumber": 35,
      "SessionNumber": 2,
      "ShortEn": "2nd",
      "ShortFr": "2e"
    },
    {
      "NameEn": "Member",
      "NameFr": "Membre",
      "RoleId": 226,
      "OrganizationId": 384,
      "OrganizationLongEn": "Standing Committee on Aboriginal Peoples",
      "OrganizationLongFr": "Comit\u00e9 permanent des peuples autochtones",
      "OrganizationTypeEn": "Committee",
      "OrganizationTypeFr": "Comit\u00e9",
      "OrganizationTypeId": 27,
      "PartyEn": "Liberal Party of Canada",
      "PartyFr": "Parti lib\u00e9ral du Canada",
      "CompositionTypeLongEn": "Senate",
      "CompositionTypeLongFr": "S\u00e9nat",
      "CompositionTypeShortEn": "S",
      "CompositionTypeShortFr": "S",
      "CommitteeTypeEn": "Standing",
      "CommitteeTypeFr": "Permanent",
      "ParliamentNumber": 35,
      "SessionNumber": 2,
      "ShortEn": "2nd",
      "ShortFr": "2e"
    },
    {
      "NameEn": "Member",
      "NameFr": "Membre",
      "RoleId": 226,
      "OrganizationId": 7964,
      "OrganizationLongEn": "Standing Senate Committee on Social Affairs, Science and Technology",
      "OrganizationLongFr": "Comit\u00e9 s\u00e9natorial permanent des affaires sociales, des sciences et de la technologie",
      "OrganizationTypeEn": "Committee",
      "OrganizationTypeFr": "Comit\u00e9",
      "OrganizationTypeId": 27,
      "PartyEn": "Liberal Party of Canada",
      "PartyFr": "Parti lib\u00e9ral du Canada",
      "CompositionTypeLongEn": "Senate",
      "CompositionTypeLongFr": "S\u00e9nat",
      "CompositionTypeShortEn": "S",
      "CompositionTypeShortFr": "S",
      "CommitteeTypeEn": "Standing",
      "CommitteeTypeFr": "Permanent",
      "ParliamentNumber": 35,
      "SessionNumber": 2,
      "ShortEn": "2nd",
      "ShortFr": "2e"
    },
    {
      "NameEn": "Member",
      "NameFr": "Membre",
      "RoleId": 226,
      "OrganizationId": 9341,
      "OrganizationLongEn": "Standing Senate Committee on Transport and Communications",
      "OrganizationLongFr": "Comit\u00e9 s\u00e9natorial permanent des transports et des communications",
      "OrganizationTypeEn": "Committee",
      "OrganizationTypeFr": "Comit\u00e9",
      "OrganizationTypeId": 27,
      "PartyEn": "Liberal Party of Canada",
      "PartyFr": "Parti lib\u00e9ral du Canada",
      "CompositionTypeLongEn": "Senate",
      "CompositionTypeLongFr": "S\u00e9nat",
      "CompositionTypeShortEn": "S",
      "CompositionTypeShortFr": "S",
      "CommitteeTypeEn": "Standing",
      "CommitteeTypeFr": "Permanent",
      "ParliamentNumber": 35,
      "SessionNumber": 2,
      "ShortEn": "2nd",
      "ShortFr": "2e"
    },
    {
      "NameEn": "Member",
      "NameFr": "Membre",
      "RoleId": 226,
      "OrganizationId": 4561,
      "OrganizationLongEn": "Standing Senate Committee on Legal and Constitutional Affairs",
      "OrganizationLongFr": "Comit\u00e9 s\u00e9natorial permanent des affaires juridiques et constitutionnelles",
      "OrganizationTypeEn": "Committee",
      "OrganizationTypeFr": "Comit\u00e9",
      "OrganizationTypeId": 27,
      "PartyEn": "Liberal Party of Canada",
      "PartyFr": "Parti lib\u00e9ral du Canada",
      "CompositionTypeLongEn": "Senate",
      "CompositionTypeLongFr": "S\u00e9nat",
      "CompositionTypeShortEn": "S",
      "CompositionTypeShortFr": "S",
      "CommitteeTypeEn": "Standing",
      "CommitteeTypeFr": "Permanent",
      "ParliamentNumber": 35,
      "SessionNumber": 1,
      "ShortEn": "1st",
      "ShortFr": "1\u00e8re"
    }
  ],
  "PublicOfficeExperience": null,
  "ProvincialExperience": null,
  "MilitaryExperience": [
    {
      "PersonRoleId": 95913,
      "NameFr": "Officier divisionnaire",
      "StartDate": "1952-01-01T00:00:00Z",
      "StartDateIsApproximate": true,
      "EndDate": "1958-01-01T00:00:00Z",
      "EndDateIsApproximate": true,
      "EndReasonEn": null,
      "EndReasonFr": null,
      "EndReasonTypeEn": null,
      "EndReasonTypeFr": null,
      "SourceOfInformationEn": null,
      "SourceOfInformationFr": null,
      "IsActing": false,
      "ActingTextEn": null,
      "ActingTextFr": null,
      "HasCrossedTheFloor": false,
      "OrganizationId": 10050,
      "OrganizationLongEn": "Women's Royal Canadian Naval Service (Reserve)",
      "OrganizationLongFr": "Service f\u00e9minin de la Marine royale du Canada (R\u00e9serve)",
      "OrganizationShortEn": "",
      "OrganizationShortFr": "",
      "OrganizationAcronymEn": ".R.C.N. or Wren (Reserve)",
      "OrganizationAcronymFr": "",
      "OrganizationTypeId": 13,
      "OrganizationTypeEn": "Military",
      "OrganizationTypeFr": "Militaire",
      "OrganizationProvinceEn": null,
      "OrganizationProvinceFr": null,
      "OrganizationHasProfile": true,
      "IsSenatorialDivision": false,
      "ToBeStyledAsEn": "",
      "ToBeStyledAsFr": "",
      "GroupId": 0,
      "Source": null,
      "PortFolioEn": null,
      "PortFolioFr": null,
      "Committee": null,
      "GroupingTitleEn": null,
      "GroupingTitleFr": null,
      "GroupingOrder": 0,
      "ParliamentStart": null,
      "ParliamentEnd": null,
      "ParliamentNumber": 0,
      "PartyOrganizationId": 0,
      "PartyEn": null,
      "PartyFr": null,
      "PartyStartDate": null,
      "PartyEndDate": null,
      "PersonPersonId": 0,
      "PersonLastName": null,
      "PersonUsedFirstName": null,
      "PersonGender": null,
      "MemberOfParliament": null,
      "IsMP": false,
      "IsSenator": false,
      "GovernorGeneral": null,
      "Documents": null,
      "Senator": null,
      "NotesEn": null,
      "NotesFr": null,
      "InternalNotes": null,
      "IsCurrent": "False",
      "RoleId": 837,
      "NameEn": "Divisional Officer",
      "Ordinal": null,
      "Classes": [
        {
          "RoleClassId": 103,
          "RoleClassOrdinal": null,
          "RoleToRoleClassOrdinal": null,
          "RoleClassNameEn": "Military",
          "RoleClassNameFr": "Militaire"
        }
      ]
    }
  ],
  "MunicipalExperience": null,
  "FamilyTiesInParliament": null,
  "Family": null,
  "Education": [
    {
      "SchoolNameLongEn": "Acadia University",
      "SchoolNameLongFr": "Universit\u00e9 Acadia",
      "SchoolCityEn": "Wolfville",
      "SchoolCityFr": "Wolfville",
      "FieldOfStudyEn": "Science",
      "FieldOfStudyFr": "Sciences",
      "DiplomaLongEn": "Bachelor",
      "DiplomaLongFr": "Bachelier",
      "DiplomaShortEn": "B.A",
      "DiplomaShortFr": "B.A.",
      "GraduationYear": 1944
    },
    {
      "SchoolNameLongEn": "Cornell University",
      "SchoolNameLongFr": "Universit\u00e9 Cornell",
      "SchoolCityEn": "",
      "SchoolCityFr": "",
      "FieldOfStudyEn": "Science",
      "FieldOfStudyFr": "Sciences",
      "DiplomaLongEn": "Master",
      "DiplomaLongFr": "Ma\u00eetrise",
      "DiplomaShortEn": "M.A.",
      "DiplomaShortFr": "M.A.",
      "GraduationYear": 1951
    }
  ],
  "PictureId": 1523,
  "PictureCopyrightEn": "Michael Bedford  Photography,Ottawa",
  "PictureCopyrightFr": "Michael Bedford Photography, Ottawa",
  "PictureCreditEn": "Senate",
  "PictureCreditFr": "S\u00e9nat",
  "DisplayTitleEn": "The Hon. Doris Margaret Anderson, Senator",
  "DisplayTitleFr": "L'hon. Doris Margaret Anderson, s\u00e9natrice",
  "PlaceOfBirthEn": "St Peter's, Prince Edward Island, Canada",
  "PlaceOfBirthFr": "St Peter's, \u00cele-du-Prince-\u00c9douard, Canada",
  "ProfessionsEn": "professor, nutritionist",
  "ProfessionsFr": "professeure, nutritionniste",
  "PreferredLanguageEn": "English",
  "PreferredLanguageFr": "Anglais",
  "PlaceOfBurialEn": ", , ",
  "PlaceOfBurialFr": ", , "
}