{
  "Person": {
    "PersonId": 10145,
    "HOCPersonId": 0,
    "SenatePersonId": 0,
    "FormalFirstName": null,
    "UsedFirstName": "Duncan Kenneth",
    "MiddleName": null,
    "MaidenName": null,
    "LastName": "MacTavish",
    "IsDraftProfile": false,
    "MaidenSpeechNotFound": true,
    "DateOfBirth": "1899-08-03T00:00:00Z",
    "DateOfBirthIsApproximate": false,
    "DoNotDiscloseDateOfBirth": false,
    "DoNotDiscloseBirthLocation": false,
    "CityOfBirthEn": "Ottawa",
    "CityOfBirthFr": "Ottawa",
    "ProvinceOfBirthEn": "Ontario",
    "ProvinceOfBirthFr": "Ontario",
    "CountryOfBirthFr": "Canada",
    "CountryOfBirthEn": "Canada",
    "Gender": "M",
    "EthnicityLongEn": null,
    "EthnicityLongFr": null,
    "IsCanadianOrigin": true,
    "InternalNotes": null,
    "ExternalNotesEn": null,
    "ExternalNotesFr": null,
    "ReligionEn": null,
    "ReligionFr": null,
    "Professions": [
      {
        "NameEn": "lawyer",
        "NameFr": "avocat",
        "SearchKeyWordsEn": "",
        "SearchKeyWordsFr": "",
        "ProfessionTypeEn": "Law, social science, education, government services and religion - Professional occupations",
        "ProfessionTypeFr": "Droit, sciences sociales, enseignement, administration publique et religion - Personnel professionnel",
        "Ordinal": null
      }
    ],
    "Languages": null,
    "Education": [
      {
        "SchoolNameLongEn": "Osgoode Hall Law School",
        "SchoolNameLongFr": "Osgoode Hall Law School",
        "SchoolCityEn": "",
        "SchoolCityFr": "",
        "FieldOfStudyEn": "Laws",
        "FieldOfStudyFr": "Droit",
        "DiplomaLongEn": "Diploma",
        "DiplomaLongFr": "Dipl\u00f4me",
        "DiplomaShortEn": "",
        "DiplomaShortFr": "",
        "GraduationYear": null
      },
      {
        "SchoolNameLongEn": "Queen's University",
        "SchoolNameLongFr": "Universit\u00e9 Queen's",
        "SchoolCityEn": "",
        "SchoolCityFr": "",
        "FieldOfStudyEn": "Arts",
        "FieldOfStudyFr": "Arts",
        "DiplomaLongEn": "Bachelor",
        "DiplomaLongFr": "Bachelier",
        "DiplomaShortEn": "B.A",
        "DiplomaShortFr": "B.A.",
        "GraduationYear": null
      }
    ],
    "FamilyRelations": null,
    "Pictures": [
      {
        "PictureId": 2165,
        "PictureDate": null,
        "TypeEn": "Photographer",
        "TypeFr": "Photographe",
        "PhotographerEn": null,
        "PhotographerFr": null,
        "CreditsEn": "A. Malcolm MacTavish (son) Received January 31, 2002",
        "CreditsFr": "A. Malcolm MacTavish (fils) Re\u00e7ue le 31 janvier 2002",
        "CopyRightsEn": null,
        "CopyRightsFr": null,
        "DisplayForWeb": true,
        "InternalNotes": null
      }
    ],
    "Titles": [
      {
        "LongEn": "The Honourable",
        "LongFr": "L'honorable",
        "AcronymEn": "The Hon.",
        "AcronymFr": "L'hon.",
        "IsHonorific": false,
        "IsScholarity": false,
        "IsSalutation": true,
        "Ordinal": 0
      },
      {
        "LongEn": "Queen's Counsel (K.C. when king reigning)",
        "LongFr": "conseil de la reine",
        "AcronymEn": "Q.C.",
        "AcronymFr": "c.r.",
        "IsHonorific": true,
        "IsScholarity": false,
        "IsSalutation": false,
        "Ordinal": 0
      },
      {
        "LongEn": "Senator",
        "LongFr": "s\u00e9nateur",
        "AcronymEn": "Senator",
        "AcronymFr": "s\u00e9nateur",
        "IsHonorific": false,
        "IsScholarity": false,
        "IsSalutation": false,
        "Ordinal": 0
      }
    ],
    "Roles": [
      {
        "PersonRoleId": 110597,
        "NameFr": "Membre du parti",
        "StartDate": "1963-06-11T00:00:00Z",
        "StartDateIsApproximate": false,
        "EndDate": "1963-11-15T00:00:00Z",
        "EndDateIsApproximate": false,
        "EndReasonEn": null,
        "EndReasonFr": null,
        "EndReasonTypeEn": null,
        "EndReasonTypeFr": null,
        "SourceOfInformationEn": null,
        "SourceOfInformationFr": null,
        "IsActing": false,
        "ActingTextEn": null,
        "ActingTextFr": null,
        "HasCrossedTheFloor": false,
        "OrganizationId": 4831,
        "OrganizationLongEn": "Liberal Party of Canada",
        "OrganizationLongFr": "Parti lib\u00e9ral du Canada",
        "OrganizationShortEn": "Liberal",
        "OrganizationShortFr": "Lib\u00e9ral",
        "OrganizationAcronymEn": "Lib.",
        "OrganizationAcronymFr": "Lib.",
        "OrganizationTypeId": 4,
        "OrganizationTypeEn": "Party",
        "OrganizationTypeFr": "Parti",
        "OrganizationProvinceEn": null,
        "OrganizationProvinceFr": null,
        "OrganizationHasProfile": true,
        "IsSenatorialDivision": false,
        "ToBeStyledAsEn": "",
        "ToBeStyledAsFr": "",
        "GroupId": 0,
        "Source": null,
        "PortFolioEn": null,
        "PortFolioFr": null,
        "Committee": null,
        "GroupingTitleEn": "Parliamentarian",
        "GroupingTitleFr": "Parlementaire",
        "GroupingOrder": 1,
        "ParliamentStart": "1963-05-16T00:00:00Z",
        "ParliamentEnd": "1965-09-08T00:00:00Z",
        "ParliamentNumber": 26,
        "PartyOrganizationId": 4831,
        "PartyEn": "Liberal Party of Canada",
        "PartyFr": "Parti lib\u00e9ral du Canada",
        "PartyStartDate": "1963-06-11T00:00:00Z",
        "PartyEndDate": "1963-11-15T00:00:00Z",
        "PersonPersonId": 0,
        "PersonLastName": null,
        "PersonUsedFirstName": null,
        "PersonGender": null,
        "MemberOfParliament": null,
        "IsMP": false,
        "IsSenator": false,
        "GovernorGeneral": null,
        "Documents": null,
        "Senator": null,
        "NotesEn": null,
        "NotesFr": null,
        "InternalNotes": null,
        "IsCurrent": "False",
        "RoleId": 722,
        "NameEn": "Party Member",
        "Ordinal": null,
        "Classes": [
          {
            "RoleClassId": 105,
            "RoleClassOrdinal": null,
            "RoleToRoleClassOrdinal": null,
            "RoleClassNameEn": "Parliamentarian",
            "RoleClassNameFr": "Parlementaire"
          }
        ]
      },
      {
        "PersonRoleId": 127696,
        "NameFr": "Pr\u00e9sident",
        "StartDate": "1952-01-01T00:00:00Z",
        "StartDateIsApproximate": true,
        "EndDate": "1958-01-01T00:00:00Z",
        "EndDateIsApproximate": true,
        "EndReasonEn": null,
        "EndReasonFr": null,
        "EndReasonTypeEn": null,
        "EndReasonTypeFr": null,
        "SourceOfInformationEn": null,
        "SourceOfInformationFr": null,
        "IsActing": false,
        "ActingTextEn": null,
        "ActingTextFr": null,
        "HasCrossedTheFloor": false,
        "OrganizationId": 4831,
        "OrganizationLongEn": "Liberal Party of Canada",
        "OrganizationLongFr": "Parti lib\u00e9ral du Canada",
        "OrganizationShortEn": "Liberal",
        "OrganizationShortFr": "Lib\u00e9ral",
        "OrganizationAcronymEn": "Lib.",
        "OrganizationAcronymFr": "Lib.",
        "OrganizationTypeId": 4,
        "OrganizationTypeEn": "Party",
        "OrganizationTypeFr": "Parti",
        "OrganizationProvinceEn": null,
        "OrganizationProvinceFr": null,
        "OrganizationHasProfile": true,
        "IsSenatorialDivision": false,
        "ToBeStyledAsEn": "",
        "ToBeStyledAsFr": "",
        "GroupId": 0,
        "Source": null,
        "PortFolioEn": null,
        "PortFolioFr": null,
        "Committee": null,
        "GroupingTitleEn": "Political Party",
        "GroupingTitleFr": "Parti Politique",
        "GroupingOrder": 6,
        "ParliamentStart": "1953-11-12T00:00:00Z",
        "ParliamentEnd": "1957-04-12T00:00:00Z",
        "ParliamentNumber": 22,
        "PartyOrganizationId": 0,
        "PartyEn": null,
        "PartyFr": null,
        "PartyStartDate": null,
        "PartyEndDate": null,
        "PersonPersonId": 0,
        "PersonLastName": null,
        "PersonUsedFirstName": null,
        "PersonGender": null,
        "MemberOfParliament": null,
        "IsMP": false,
        "IsSenator": false,
        "GovernorGeneral": null,
        "Documents": null,
        "Senator": null,
        "NotesEn": null,
        "NotesFr": null,
        "InternalNotes": null,
        "IsCurrent": "False",
        "RoleId": 902,
        "NameEn": "President",
        "Ordinal": 0,
        "Classes": [
          {
            "RoleClassId": 35,
            "RoleClassOrdinal": null,
            "RoleToRoleClassOrdinal": null,
            "RoleClassNameEn": "Minister For Portfolio",
            "RoleClassNameFr": "Ministres pour portfolio"
          },
          {
            "RoleClassId": 37,
            "RoleClassOrdinal": 350,
            "RoleToRoleClassOrdinal": null,
            "RoleClassNameEn": "Officers of Party Caucuses and Executives",
            "RoleClassNameFr": "Officiers des caucus des partis et cadres"
          },
          {
            "RoleClassId": 40,
            "RoleClassOrdinal": null,
            "RoleToRoleClassOrdinal": null,
            "RoleClassNameEn": "Deputy Minister",
            "RoleClassNameFr": "Sous-ministres"
          },
          {
            "RoleClassId": 7,
            "RoleClassOrdinal": null,
            "RoleToRoleClassOrdinal": null,
            "RoleClassNameEn": "Political Party",
            "RoleClassNameFr": "Parti Politique"
          }
        ]
      },
      {
        "PersonRoleId": 42930,
        "NameFr": "Membre pour la circonscription",
        "StartDate": "1963-06-11T00:00:00Z",
        "StartDateIsApproximate": false,
        "EndDate": "1963-11-15T00:00:00Z",
        "EndDateIsApproximate": false,
        "EndReasonEn": null,
        "EndReasonFr": null,
        "EndReasonTypeEn": null,
        "EndReasonTypeFr": null,
        "SourceOfInformationEn": null,
        "SourceOfInformationFr": null,
        "IsActing": false,
        "ActingTextEn": null,
        "ActingTextFr": null,
        "HasCrossedTheFloor": false,
        "OrganizationId": 6184,
        "OrganizationLongEn": "Ontario",
        "OrganizationLongFr": "Ontario",
        "OrganizationShortEn": "",
        "OrganizationShortFr": "",
        "OrganizationAcronymEn": "",
        "OrganizationAcronymFr": "",
        "OrganizationTypeId": 50,
        "OrganizationTypeEn": "Senatorial Riding",
        "OrganizationTypeFr": "Circonscription s\u00e9natoriale",
        "OrganizationProvinceEn": "Ontario",
        "OrganizationProvinceFr": "Ontario",
        "OrganizationHasProfile": true,
        "IsSenatorialDivision": false,
        "ToBeStyledAsEn": "",
        "ToBeStyledAsFr": "",
        "GroupId": 0,
        "Source": null,
        "PortFolioEn": null,
        "PortFolioFr": null,
        "Committee": null,
        "GroupingTitleEn": "Parliamentarian",
        "GroupingTitleFr": "Parlementaire",
        "GroupingOrder": 1,
        "ParliamentStart": "1963-05-16T00:00:00Z",
        "ParliamentEnd": "1965-09-08T00:00:00Z",
        "ParliamentNumber": 26,
        "PartyOrganizationId": 4831,
        "PartyEn": "Liberal Party of Canada",
        "PartyFr": "Parti lib\u00e9ral du Canada",
        "PartyStartDate": "1963-06-11T00:00:00Z",
        "PartyEndDate": "1963-11-15T00:00:00Z",
        "PersonPersonId": 0,
        "PersonLastName": null,
        "PersonUsedFirstName": null,
        "PersonGender": null,
        "MemberOfParliament": {
          "OccupationTypeEn": "Continuous",
          "OccupationTypeFr": "Continue"
        },
        "IsMP": false,
        "IsSenator": true,
        "GovernorGeneral": null,
        "Documents": null,
        "Senator": null,
        "NotesEn": null,
        "NotesFr": null,
        "InternalNotes": null,
        "IsCurrent": "False",
        "RoleId": 719,
        "NameEn": "Constituency Member",
        "Ordinal": 240,
        "Classes": [
          {
            "RoleClassId": 49,
            "RoleClassOrdinal": 2,
            "RoleToRoleClassOrdinal": null,
            "RoleClassNameEn": "Salaries in the House of Commons",
            "RoleClassNameFr": "Salaires \u00e0 la Chambre des Communes"
          },
          {
            "RoleClassId": 105,
            "RoleClassOrdinal": null,
            "RoleToRoleClassOrdinal": null,
            "RoleClassNameEn": "Parliamentarian",
            "RoleClassNameFr": "Parlementaire"
          }
        ]
      },
      {
        "PersonRoleId": 69304,
        "NameFr": "S\u00e9nateur",
        "StartDate": "1963-06-11T00:00:00Z",
        "StartDateIsApproximate": false,
        "EndDate": "1963-11-15T00:00:00Z",
        "EndDateIsApproximate": false,
        "EndReasonEn": null,
        "EndReasonFr": null,
        "EndReasonTypeEn": "Death",
        "EndReasonTypeFr": "D\u00e9c\u00e8s",
        "SourceOfInformationEn": null,
        "SourceOfInformationFr": null,
        "IsActing": false,
        "ActingTextEn": null,
        "ActingTextFr": null,
        "HasCrossedTheFloor": false,
        "OrganizationId": 7803,
        "OrganizationLongEn": "Senate",
        "OrganizationLongFr": "S\u00e9nat",
        "OrganizationShortEn": "Sen",
        "OrganizationShortFr": "S\u00e9n",
        "OrganizationAcronymEn": "",
        "OrganizationAcronymFr": "",
        "OrganizationTypeId": 18,
        "OrganizationTypeEn": "Chamber of Parliament (Fed)",
        "OrganizationTypeFr": "Chambre du Parlement (F\u00e9d)",
        "OrganizationProvinceEn": null,
        "OrganizationProvinceFr": null,
        "OrganizationHasProfile": true,
        "IsSenatorialDivision": true,
        "ToBeStyledAsEn": "",
        "ToBeStyledAsFr": "",
        "GroupId": 0,
        "Source": null,
        "PortFolioEn": null,
        "PortFolioFr": null,
        "Committee": null,
        "GroupingTitleEn": "Parliamentarian",
        "GroupingTitleFr": "Parlementaire",
        "GroupingOrder": 1,
        "ParliamentStart": "1963-05-16T00:00:00Z",
        "ParliamentEnd": "1965-09-08T00:00:00Z",
        "ParliamentNumber": 26,
        "PartyOrganizationId": 4831,
        "PartyEn": "Liberal Party of Canada",
        "PartyFr": "Parti lib\u00e9ral du Canada",
        "PartyStartDate": "1963-06-11T00:00:00Z",
        "PartyEndDate": "1963-11-15T00:00:00Z",
        "PersonPersonId": 0,
        "PersonLastName": null,
        "PersonUsedFirstName": null,
        "PersonGender": null,
        "MemberOfParliament": null,
        "IsMP": false,
        "IsSenator": true,
        "GovernorGeneral": null,
        "Documents": null,
        "Senator": {
          "IsReappointed": false,
          "AppointmentAdvisorPersonId": 531,
          "AppointmentAdvisorName": "Lester Bowles Pearson",
          "NominationEndDate": "1963-11-15T05:00:00Z",
          "NominationEndDateIsApproximate": false,
          "ProvinceEn": "Ontario",
          "ProvinceFr": "Ontario"
        },
        "NotesEn": null,
        "NotesFr": null,
        "InternalNotes": null,
        "IsCurrent": "False",
        "RoleId": 718,
        "NameEn": "Senator",
        "Ordinal": 390,
        "Classes": [
          {
            "RoleClassId": 50,
            "RoleClassOrdinal": 1,
            "RoleToRoleClassOrdinal": null,
            "RoleClassNameEn": "Salaries in the Senate",
            "RoleClassNameFr": "Salaires au Senate"
          },
          {
            "RoleClassId": 105,
            "RoleClassOrdinal": null,
            "RoleToRoleClassOrdinal": null,
            "RoleClassNameEn": "Parliamentarian",
            "RoleClassNameFr": "Parlementaire"
          }
        ]
      }
    ],
    "HillAddresses": null,
    "ConstituencyAddresses": null,
    "WebLinks": null,
    "Bibliography": null,
    "ElectionCandidates": null,
    "Death": {
      "DateOfDeath": "1963-11-15T00:00:00Z",
      "DateOfDeathIsApproximate": false,
      "DeceasedOnDuty": true,
      "RecordNotFound": false,
      "CauseOfDeathEn": null,
      "CauseOfDeathFr": null,
      "CemetaryNameEn": null,
      "CemetaryNameFr": null,
      "CemetaryCityEn": null,
      "CemetaryCityFr": null,
      "CemetaryProvinceEn": null,
      "CemetaryProvinceFr": null,
      "CemetaryCountryEn": null,
      "CemetaryCountryFr": null,
      "FuneralDate": null,
      "StateLayFuneralLocationEn": null,
      "StateLayFuneralLocationFr": null,
      "StateLayFuneralStartDate": null,
      "StateLayFuneralEndDate": null,
      "ReferenceOfStateLay": null
    },
    "PrimeMinister": null,
    "Parliaments": null,
    "Age": 64,
    "DisplayName": "MacTavish, Duncan Kenneth",
    "StraightDisplayName": "Duncan Kenneth MacTavish",
    "PartyEn": "Liberal Party of Canada (1963/06/11 - 1963/11/15)<br>",
    "PartyFr": "Parti lib\u00e9ral du Canada (1963/06/11 - 1963/11/15)<br>",
    "ConstituencyEn": "Ontario (1963/06/11 - 1963/11/15)<br>",
    "ConstituencyFr": "Ontario (1963/06/11 - 1963/11/15)<br>",
    "CurrentPartyEn": "Liberal Party of Canada",
    "CurrentPartyFr": "Parti lib\u00e9ral du Canada",
    "CurrentConstituencyEn": "Ontario",
    "CurrentConstituencyFr": "Ontario",
    "ElectedInParliaments": "",
    "ServedInParliaments": "",
    "ProvinceEn": "Ontario<br>",
    "ProvinceFr": "Ontario<br>",
    "PrimeMinisterEn": "",
    "PrimeMinisterFr": "",
    "CabinetChairEn": "",
    "CabinetChairFr": "",
    "CabinetCommitteeMemberEn": "",
    "CabinetCommitteeMemberFr": "",
    "LeaderOpposition": "",
    "DeputyPrimeMinister": "",
    "SpeakerHouseOfCommons": "",
    "SpeakerSenate": "",
    "SpeakerProTempore": "",
    "DeputySpeaker": "",
    "AssistantDeputySpeakerChairEn": "",
    "AssistantDeputySpeakerChairFr": "",
    "MinisterOfEn": "",
    "MinisterOfFr": "",
    "AssociateMinisterOfEn": "",
    "AssociateMinisterOfFr": "",
    "MinisterOfStateOfEn": "",
    "MinisterOfStateOfFr": "",
    "SecretaryOfStateOfEn": "",
    "SecretaryOfStateOfFr": "",
    "ParliamentarySecretaryOfEn": "",
    "ParliamentarySecretaryOfFr": "",
    "ParliamentaryAssistantOfEn": "",
    "ParliamentaryAssistantOfFr": "",
    "PartyLeaderEn": "",
    "PartyLeaderFr": "",
    "HouseLeaderEn": "",
    "HouseLeaderFr": "",
    "DeputyHouseLeaderEn": "",
    "DeputyHouseLeaderFr": "",
    "WhipEn": "",
    "WhipFr": "",
    "DeputyWhipEn": "",
    "DeputyWhipFr": "",
    "CriticOfEn": "",
    "CriticOfFr": "",
    "AssistantCriticOfEn": "",
    "AssistantCriticOfFr": "",
    "TypeOfParliamentarianEn": "Senator (1963/06/11 - 1963/11/15)<br>",
    "TypeOfParliamentarianFr": "S\u00e9nateur (1963/06/11 - 1963/11/15)<br>",
    "MemberOfParliamentMandate": "",
    "SenateMandate": "1963/06/11 - 1963/11/15<br>",
    "DiedInOffice": false,
    "PremiershipExperienceEn": "",
    "PremiershipExperienceFr": "",
    "ProvincialExperienceEn": "",
    "ProvincialExperienceFr": "",
    "MunicipalExperienceEn": "",
    "MunicipalExperienceFr": "",
    "MilitaryServiceEn": "",
    "MilitaryServiceFr": "",
    "MinistryDurationEn": "",
    "MinistryDurationFr": "",
    "ProfessionsEn": ", lawyer",
    "ProfessionsFr": ", avocat",
    "LanguageEn": "",
    "LanguageFr": "",
    "IsPrimeMinister": false,
    "YearsOfServiceSegments": [
      {
        "TotalDays": 158,
        "Years": 0,
        "Months": 5,
        "Days": 5,
        "Hours": 0,
        "Minutes": 0,
        "Seconds": 0,
        "Milliseconds": 0
      }
    ],
    "YearsOfServiceSegmentsSenate": [
      {
        "TotalDays": 158,
        "Years": 0,
        "Months": 5,
        "Days": 5,
        "Hours": 0,
        "Minutes": 0,
        "Seconds": 0,
        "Milliseconds": 0
      }
    ],
    "YearsOfServiceSegmentsHouse": [],
    "IsCurrentlyInOffice": false,
    "IsCurrentlySenator": false,
    "IsCurrentlyMP": false,
    "HasMaidenSpeech": false,
    "_id": "59f8770be413e1389ffd1a03",
    "LastUpdatedId": "000000000000000000000000",
    "LastModified": "0001-01-01T00:00:00",
    "ModifiedBy": null
  },
  "FederalExperience": [
    {
      "PersonRoleId": 110597,
      "NameFr": "Membre du parti",
      "StartDate": "1963-06-11T00:00:00Z",
      "StartDateIsApproximate": false,
      "EndDate": "1963-11-15T00:00:00Z",
      "EndDateIsApproximate": false,
      "EndReasonEn": null,
      "EndReasonFr": null,
      "EndReasonTypeEn": null,
      "EndReasonTypeFr": null,
      "SourceOfInformationEn": null,
      "SourceOfInformationFr": null,
      "IsActing": false,
      "ActingTextEn": null,
      "ActingTextFr": null,
      "HasCrossedTheFloor": false,
      "OrganizationId": 4831,
      "OrganizationLongEn": "Liberal Party of Canada",
      "OrganizationLongFr": "Parti lib\u00e9ral du Canada",
      "OrganizationShortEn": "Liberal",
      "OrganizationShortFr": "Lib\u00e9ral",
      "OrganizationAcronymEn": "Lib.",
      "OrganizationAcronymFr": "Lib.",
      "OrganizationTypeId": 4,
      "OrganizationTypeEn": "Party",
      "OrganizationTypeFr": "Parti",
      "OrganizationProvinceEn": null,
      "OrganizationProvinceFr": null,
      "OrganizationHasProfile": true,
      "IsSenatorialDivision": false,
      "ToBeStyledAsEn": "",
      "ToBeStyledAsFr": "",
      "GroupId": 0,
      "Source": null,
      "PortFolioEn": null,
      "PortFolioFr": null,
      "Committee": null,
      "GroupingTitleEn": "Parliamentarian",
      "GroupingTitleFr": "Parlementaire",
      "GroupingOrder": 1,
      "ParliamentStart": "1963-05-16T00:00:00Z",
      "ParliamentEnd": "1965-09-08T00:00:00Z",
      "ParliamentNumber": 26,
      "PartyOrganizationId": 4831,
      "PartyEn": "Liberal Party of Canada",
      "PartyFr": "Parti lib\u00e9ral du Canada",
      "PartyStartDate": "1963-06-11T00:00:00Z",
      "PartyEndDate": "1963-11-15T00:00:00Z",
      "PersonPersonId": 0,
      "PersonLastName": null,
      "PersonUsedFirstName": null,
      "PersonGender": null,
      "MemberOfParliament": null,
      "IsMP": false,
      "IsSenator": false,
      "GovernorGeneral": null,
      "Documents": null,
      "Senator": null,
      "NotesEn": null,
      "NotesFr": null,
      "InternalNotes": null,
      "IsCurrent": "False",
      "RoleId": 722,
      "NameEn": "Party Member",
      "Ordinal": null,
      "Classes": [
        {
          "RoleClassId": 105,
          "RoleClassOrdinal": null,
          "RoleToRoleClassOrdinal": null,
          "RoleClassNameEn": "Parliamentarian",
          "RoleClassNameFr": "Parlementaire"
        }
      ]
    },
    {
      "PersonRoleId": 42930,
      "NameFr": "Membre pour la circonscription",
      "StartDate": "1963-06-11T00:00:00Z",
      "StartDateIsApproximate": false,
      "EndDate": "1963-11-15T00:00:00Z",
      "EndDateIsApproximate": false,
      "EndReasonEn": null,
      "EndReasonFr": null,
      "EndReasonTypeEn": null,
      "EndReasonTypeFr": null,
      "SourceOfInformationEn": null,
      "SourceOfInformationFr": null,
      "IsActing": false,
      "ActingTextEn": null,
      "ActingTextFr": null,
      "HasCrossedTheFloor": false,
      "OrganizationId": 6184,
      "OrganizationLongEn": "Ontario",
      "OrganizationLongFr": "Ontario",
      "OrganizationShortEn": "",
      "OrganizationShortFr": "",
      "OrganizationAcronymEn": "",
      "OrganizationAcronymFr": "",
      "OrganizationTypeId": 50,
      "OrganizationTypeEn": "Senatorial Riding",
      "OrganizationTypeFr": "Circonscription s\u00e9natoriale",
      "OrganizationProvinceEn": "Ontario",
      "OrganizationProvinceFr": "Ontario",
      "OrganizationHasProfile": true,
      "IsSenatorialDivision": false,
      "ToBeStyledAsEn": "",
      "ToBeStyledAsFr": "",
      "GroupId": 0,
      "Source": null,
      "PortFolioEn": null,
      "PortFolioFr": null,
      "Committee": null,
      "GroupingTitleEn": "Parliamentarian",
      "GroupingTitleFr": "Parlementaire",
      "GroupingOrder": 1,
      "ParliamentStart": "1963-05-16T00:00:00Z",
      "ParliamentEnd": "1965-09-08T00:00:00Z",
      "ParliamentNumber": 26,
      "PartyOrganizationId": 4831,
      "PartyEn": "Liberal Party of Canada",
      "PartyFr": "Parti lib\u00e9ral du Canada",
      "PartyStartDate": "1963-06-11T00:00:00Z",
      "PartyEndDate": "1963-11-15T00:00:00Z",
      "PersonPersonId": 0,
      "PersonLastName": null,
      "PersonUsedFirstName": null,
      "PersonGender": null,
      "MemberOfParliament": {
        "OccupationTypeEn": "Continuous",
        "OccupationTypeFr": "Continue"
      },
      "IsMP": false,
      "IsSenator": true,
      "GovernorGeneral": null,
      "Documents": null,
      "Senator": null,
      "NotesEn": null,
      "NotesFr": null,
      "InternalNotes": null,
      "IsCurrent": "False",
      "RoleId": 719,
      "NameEn": "Constituency Member",
      "Ordinal": 240,
      "Classes": [
        {
          "RoleClassId": 49,
          "RoleClassOrdinal": 2,
          "RoleToRoleClassOrdinal": null,
          "RoleClassNameEn": "Salaries in the House of Commons",
          "RoleClassNameFr": "Salaires \u00e0 la Chambre des Communes"
        },
        {
          "RoleClassId": 105,
          "RoleClassOrdinal": null,
          "RoleToRoleClassOrdinal": null,
          "RoleClassNameEn": "Parliamentarian",
          "RoleClassNameFr": "Parlementaire"
        }
      ]
    },
    {
      "PersonRoleId": 69304,
      "NameFr": "S\u00e9nateur",
      "StartDate": "1963-06-11T00:00:00Z",
      "StartDateIsApproximate": false,
      "EndDate": "1963-11-15T00:00:00Z",
      "EndDateIsApproximate": false,
      "EndReasonEn": null,
      "EndReasonFr": null,
      "EndReasonTypeEn": "Death",
      "EndReasonTypeFr": "D\u00e9c\u00e8s",
      "SourceOfInformationEn": null,
      "SourceOfInformationFr": null,
      "IsActing": false,
      "ActingTextEn": null,
      "ActingTextFr": null,
      "HasCrossedTheFloor": false,
      "OrganizationId": 7803,
      "OrganizationLongEn": "Senate",
      "OrganizationLongFr": "S\u00e9nat",
      "OrganizationShortEn": "Sen",
      "OrganizationShortFr": "S\u00e9n",
      "OrganizationAcronymEn": "",
      "OrganizationAcronymFr": "",
      "OrganizationTypeId": 18,
      "OrganizationTypeEn": "Chamber of Parliament (Fed)",
      "OrganizationTypeFr": "Chambre du Parlement (F\u00e9d)",
      "OrganizationProvinceEn": null,
      "OrganizationProvinceFr": null,
      "OrganizationHasProfile": true,
      "IsSenatorialDivision": true,
      "ToBeStyledAsEn": "",
      "ToBeStyledAsFr": "",
      "GroupId": 0,
      "Source": null,
      "PortFolioEn": null,
      "PortFolioFr": null,
      "Committee": null,
      "GroupingTitleEn": "Parliamentarian",
      "GroupingTitleFr": "Parlementaire",
      "GroupingOrder": 1,
      "ParliamentStart": "1963-05-16T00:00:00Z",
      "ParliamentEnd": "1965-09-08T00:00:00Z",
      "ParliamentNumber": 26,
      "PartyOrganizationId": 4831,
      "PartyEn": "Liberal Party of Canada",
      "PartyFr": "Parti lib\u00e9ral du Canada",
      "PartyStartDate": "1963-06-11T00:00:00Z",
      "PartyEndDate": "1963-11-15T00:00:00Z",
      "PersonPersonId": 0,
      "PersonLastName": null,
      "PersonUsedFirstName": null,
      "PersonGender": null,
      "MemberOfParliament": null,
      "IsMP": false,
      "IsSenator": true,
      "GovernorGeneral": null,
      "Documents": null,
      "Senator": {
        "IsReappointed": false,
        "AppointmentAdvisorPersonId": 531,
        "AppointmentAdvisorName": "Lester Bowles Pearson",
        "NominationEndDate": "1963-11-15T05:00:00Z",
        "NominationEndDateIsApproximate": false,
        "ProvinceEn": "Ontario",
        "ProvinceFr": "Ontario"
      },
      "NotesEn": null,
      "NotesFr": null,
      "InternalNotes": null,
      "IsCurrent": "False",
      "RoleId": 718,
      "NameEn": "Senator",
      "Ordinal": 390,
      "Classes": [
        {
          "RoleClassId": 50,
          "RoleClassOrdinal": 1,
          "RoleToRoleClassOrdinal": null,
          "RoleClassNameEn": "Salaries in the Senate",
          "RoleClassNameFr": "Salaires au Senate"
        },
        {
          "RoleClassId": 105,
          "RoleClassOrdinal": null,
          "RoleToRoleClassOrdinal": null,
          "RoleClassNameEn": "Parliamentarian",
          "RoleClassNameFr": "Parlementaire"
        }
      ]
    },
    {
      "PersonRoleId": 127696,
      "NameFr": "Pr\u00e9sident",
      "StartDate": "1952-01-01T00:00:00Z",
      "StartDateIsApproximate": true,
      "EndDate": "1958-01-01T00:00:00Z",
      "EndDateIsApproximate": true,
      "EndReasonEn": null,
      "EndReasonFr": null,
      "EndReasonTypeEn": null,
      "EndReasonTypeFr": null,
      "SourceOfInformationEn": null,
      "SourceOfInformationFr": null,
      "IsActing": false,
      "ActingTextEn": null,
      "ActingTextFr": null,
      "HasCrossedTheFloor": false,
      "OrganizationId": 4831,
      "OrganizationLongEn": "Liberal Party of Canada",
      "OrganizationLongFr": "Parti lib\u00e9ral du Canada",
      "OrganizationShortEn": "Liberal",
      "OrganizationShortFr": "Lib\u00e9ral",
      "OrganizationAcronymEn": "Lib.",
      "OrganizationAcronymFr": "Lib.",
      "OrganizationTypeId": 4,
      "OrganizationTypeEn": "Party",
      "OrganizationTypeFr": "Parti",
      "OrganizationProvinceEn": null,
      "OrganizationProvinceFr": null,
      "OrganizationHasProfile": true,
      "IsSenatorialDivision": false,
      "ToBeStyledAsEn": "",
      "ToBeStyledAsFr": "",
      "GroupId": 0,
      "Source": null,
      "PortFolioEn": null,
      "PortFolioFr": null,
      "Committee": null,
      "GroupingTitleEn": "Political Party",
      "GroupingTitleFr": "Parti Politique",
      "GroupingOrder": 6,
      "ParliamentStart": "1953-11-12T00:00:00Z",
      "ParliamentEnd": "1957-04-12T00:00:00Z",
      "ParliamentNumber": 22,
      "PartyOrganizationId": 0,
      "PartyEn": null,
      "PartyFr": null,
      "PartyStartDate": null,
      "PartyEndDate": null,
      "PersonPersonId": 0,
      "PersonLastName": null,
      "PersonUsedFirstName": null,
      "PersonGender": null,
      "MemberOfParliament": null,
      "IsMP": false,
      "IsSenator": false,
      "GovernorGeneral": null,
      "Documents": null,
      "Senator": null,
      "NotesEn": null,
      "NotesFr": null,
      "InternalNotes": null,
      "IsCurrent": "False",
      "RoleId": 902,
      "NameEn": "President",
      "Ordinal": 0,
      "Classes": [
        {
          "RoleClassId": 35,
          "RoleClassOrdinal": null,
          "RoleToRoleClassOrdinal": null,
          "RoleClassNameEn": "Minister For Portfolio",
          "RoleClassNameFr": "Ministres pour portfolio"
        },
        {
          "RoleClassId": 37,
          "RoleClassOrdinal": 350,
          "RoleToRoleClassOrdinal": null,
          "RoleClassNameEn": "Officers of Party Caucuses and Executives",
          "RoleClassNameFr": "Officiers des caucus des partis et cadres"
        },
        {
          "RoleClassId": 40,
          "RoleClassOrdinal": null,
          "RoleToRoleClassOrdinal": null,
          "RoleClassNameEn": "Deputy Minister",
          "RoleClassNameFr": "Sous-ministres"
        },
        {
          "RoleClassId": 7,
          "RoleClassOrdinal": null,
          "RoleToRoleClassOrdinal": null,
          "RoleClassNameEn": "Political Party",
          "RoleClassNameFr": "Parti Politique"
        }
      ]
    },
    {
      "PersonRoleId": 127696,
      "NameFr": "Pr\u00e9sident",
      "StartDate": "1952-01-01T00:00:00Z",
      "StartDateIsApproximate": true,
      "EndDate": "1958-01-01T00:00:00Z",
      "EndDateIsApproximate": true,
      "EndReasonEn": null,
      "EndReasonFr": null,
      "EndReasonTypeEn": null,
      "EndReasonTypeFr": null,
      "SourceOfInformationEn": null,
      "SourceOfInformationFr": null,
      "IsActing": false,
      "ActingTextEn": null,
      "ActingTextFr": null,
      "HasCrossedTheFloor": false,
      "OrganizationId": 4831,
      "OrganizationLongEn": "Liberal Party of Canada",
      "OrganizationLongFr": "Parti lib\u00e9ral du Canada",
      "OrganizationShortEn": "Liberal",
      "OrganizationShortFr": "Lib\u00e9ral",
      "OrganizationAcronymEn": "Lib.",
      "OrganizationAcronymFr": "Lib.",
      "OrganizationTypeId": 4,
      "OrganizationTypeEn": "Party",
      "OrganizationTypeFr": "Parti",
      "OrganizationProvinceEn": null,
      "OrganizationProvinceFr": null,
      "OrganizationHasProfile": true,
      "IsSenatorialDivision": false,
      "ToBeStyledAsEn": "",
      "ToBeStyledAsFr": "",
      "GroupId": 0,
      "Source": null,
      "PortFolioEn": null,
      "PortFolioFr": null,
      "Committee": null,
      "GroupingTitleEn": "Political Party",
      "GroupingTitleFr": "Parti Politique",
      "GroupingOrder": 7,
      "ParliamentStart": "1949-09-15T00:00:00Z",
      "ParliamentEnd": "1953-06-13T00:00:00Z",
      "ParliamentNumber": 21,
      "PartyOrganizationId": 0,
      "PartyEn": null,
      "PartyFr": null,
      "PartyStartDate": null,
      "PartyEndDate": null,
      "PersonPersonId": 0,
      "PersonLastName": null,
      "PersonUsedFirstName": null,
      "PersonGender": null,
      "MemberOfParliament": null,
      "IsMP": false,
      "IsSenator": false,
      "GovernorGeneral": null,
      "Documents": null,
      "Senator": null,
      "NotesEn": null,
      "NotesFr": null,
      "InternalNotes": null,
      "IsCurrent": "False",
      "RoleId": 902,
      "NameEn": "President",
      "Ordinal": 0,
      "Classes": [
        {
          "RoleClassId": 35,
          "RoleClassOrdinal": null,
          "RoleToRoleClassOrdinal": null,
          "RoleClassNameEn": "Minister For Portfolio",
          "RoleClassNameFr": "Ministres pour portfolio"
        },
        {
          "RoleClassId": 37,
          "RoleClassOrdinal": 350,
          "RoleToRoleClassOrdinal": null,
          "RoleClassNameEn": "Officers of Party Caucuses and Executives",
          "RoleClassNameFr": "Officiers des caucus des partis et cadres"
        },
        {
          "RoleClassId": 40,
          "RoleClassOrdinal": null,
          "RoleToRoleClassOrdinal": null,
          "RoleClassNameEn": "Deputy Minister",
          "RoleClassNameFr": "Sous-ministres"
        },
        {
          "RoleClassId": 7,
          "RoleClassOrdinal": null,
          "RoleToRoleClassOrdinal": null,
          "RoleClassNameEn": "Political Party",
          "RoleClassNameFr": "Parti Politique"
        }
      ]
    },
    {
      "PersonRoleId": 127696,
      "NameFr": "Pr\u00e9sident",
      "StartDate": "1952-01-01T00:00:00Z",
      "StartDateIsApproximate": true,
      "EndDate": "1958-01-01T00:00:00Z",
      "EndDateIsApproximate": true,
      "EndReasonEn": null,
      "EndReasonFr": null,
      "EndReasonTypeEn": null,
      "EndReasonTypeFr": null,
      "SourceOfInformationEn": null,
      "SourceOfInformationFr": null,
      "IsActing": false,
      "ActingTextEn": null,
      "ActingTextFr": null,
      "HasCrossedTheFloor": false,
      "OrganizationId": 4831,
      "OrganizationLongEn": "Liberal Party of Canada",
      "OrganizationLongFr": "Parti lib\u00e9ral du Canada",
      "OrganizationShortEn": "Liberal",
      "OrganizationShortFr": "Lib\u00e9ral",
      "OrganizationAcronymEn": "Lib.",
      "OrganizationAcronymFr": "Lib.",
      "OrganizationTypeId": 4,
      "OrganizationTypeEn": "Party",
      "OrganizationTypeFr": "Parti",
      "OrganizationProvinceEn": null,
      "OrganizationProvinceFr": null,
      "OrganizationHasProfile": true,
      "IsSenatorialDivision": false,
      "ToBeStyledAsEn": "",
      "ToBeStyledAsFr": "",
      "GroupId": 0,
      "Source": null,
      "PortFolioEn": null,
      "PortFolioFr": null,
      "Committee": null,
      "GroupingTitleEn": "Political Party",
      "GroupingTitleFr": "Parti Politique",
      "GroupingOrder": 7,
      "ParliamentStart": "1957-10-14T00:00:00Z",
      "ParliamentEnd": "1958-02-01T00:00:00Z",
      "ParliamentNumber": 23,
      "PartyOrganizationId": 0,
      "PartyEn": null,
      "PartyFr": null,
      "PartyStartDate": null,
      "PartyEndDate": null,
      "PersonPersonId": 0,
      "PersonLastName": null,
      "PersonUsedFirstName": null,
      "PersonGender": null,
      "MemberOfParliament": null,
      "IsMP": false,
      "IsSenator": false,
      "GovernorGeneral": null,
      "Documents": null,
      "Senator": null,
      "NotesEn": null,
      "NotesFr": null,
      "InternalNotes": null,
      "IsCurrent": "False",
      "RoleId": 902,
      "NameEn": "President",
      "Ordinal": 0,
      "Classes": [
        {
          "RoleClassId": 35,
          "RoleClassOrdinal": null,
          "RoleToRoleClassOrdinal": null,
          "RoleClassNameEn": "Minister For Portfolio",
          "RoleClassNameFr": "Ministres pour portfolio"
        },
        {
          "RoleClassId": 37,
          "RoleClassOrdinal": 350,
          "RoleToRoleClassOrdinal": null,
          "RoleClassNameEn": "Officers of Party Caucuses and Executives",
          "RoleClassNameFr": "Officiers des caucus des partis et cadres"
        },
        {
          "RoleClassId": 40,
          "RoleClassOrdinal": null,
          "RoleToRoleClassOrdinal": null,
          "RoleClassNameEn": "Deputy Minister",
          "RoleClassNameFr": "Sous-ministres"
        },
        {
          "RoleClassId": 7,
          "RoleClassOrdinal": null,
          "RoleToRoleClassOrdinal": null,
          "RoleClassNameEn": "Political Party",
          "RoleClassNameFr": "Parti Politique"
        }
      ]
    }
  ],
  "FederalExperienceList": [
    {
      "PersonRoleId": 110597,
      "NameFr": "Membre du parti",
      "StartDate": "1963-06-11T00:00:00Z",
      "StartDateIsApproximate": false,
      "EndDate": "1963-11-15T00:00:00Z",
      "EndDateIsApproximate": false,
      "EndReasonEn": null,
      "EndReasonFr": null,
      "EndReasonTypeEn": null,
      "EndReasonTypeFr": null,
      "SourceOfInformationEn": null,
      "SourceOfInformationFr": null,
      "IsActing": false,
      "ActingTextEn": null,
      "ActingTextFr": null,
      "HasCrossedTheFloor": false,
      "OrganizationId": 4831,
      "OrganizationLongEn": "Liberal Party of Canada",
      "OrganizationLongFr": "Parti lib\u00e9ral du Canada",
      "OrganizationShortEn": "Liberal",
      "OrganizationShortFr": "Lib\u00e9ral",
      "OrganizationAcronymEn": "Lib.",
      "OrganizationAcronymFr": "Lib.",
      "OrganizationTypeId": 4,
      "OrganizationTypeEn": "Party",
      "OrganizationTypeFr": "Parti",
      "OrganizationProvinceEn": null,
      "OrganizationProvinceFr": null,
      "OrganizationHasProfile": true,
      "IsSenatorialDivision": false,
      "ToBeStyledAsEn": "",
      "ToBeStyledAsFr": "",
      "GroupId": 0,
      "Source": null,
      "PortFolioEn": null,
      "PortFolioFr": null,
      "Committee": null,
      "GroupingTitleEn": "Parliamentarian",
      "GroupingTitleFr": "Parlementaire",
      "GroupingOrder": 1,
      "ParliamentStart": "1963-05-16T00:00:00Z",
      "ParliamentEnd": "1965-09-08T00:00:00Z",
      "ParliamentNumber": 26,
      "PartyOrganizationId": 4831,
      "PartyEn": "Liberal Party of Canada",
      "PartyFr": "Parti lib\u00e9ral du Canada",
      "PartyStartDate": "1963-06-11T00:00:00Z",
      "PartyEndDate": "1963-11-15T00:00:00Z",
      "PersonPersonId": 0,
      "PersonLastName": null,
      "PersonUsedFirstName": null,
      "PersonGender": null,
      "MemberOfParliament": null,
      "IsMP": false,
      "IsSenator": false,
      "GovernorGeneral": null,
      "Documents": null,
      "Senator": null,
      "NotesEn": null,
      "NotesFr": null,
      "InternalNotes": null,
      "IsCurrent": "False",
      "RoleId": 722,
      "NameEn": "Party Member",
      "Ordinal": null,
      "Classes": [
        {
          "RoleClassId": 105,
          "RoleClassOrdinal": null,
          "RoleToRoleClassOrdinal": null,
          "RoleClassNameEn": "Parliamentarian",
          "RoleClassNameFr": "Parlementaire"
        }
      ]
    },
    {
      "PersonRoleId": 42930,
      "NameFr": "Membre pour la circonscription",
      "StartDate": "1963-06-11T00:00:00Z",
      "StartDateIsApproximate": false,
      "EndDate": "1963-11-15T00:00:00Z",
      "EndDateIsApproximate": false,
      "EndReasonEn": null,
      "EndReasonFr": null,
      "EndReasonTypeEn": null,
      "EndReasonTypeFr": null,
      "SourceOfInformationEn": null,
      "SourceOfInformationFr": null,
      "IsActing": false,
      "ActingTextEn": null,
      "ActingTextFr": null,
      "HasCrossedTheFloor": false,
      "OrganizationId": 6184,
      "OrganizationLongEn": "Ontario",
      "OrganizationLongFr": "Ontario",
      "OrganizationShortEn": "",
      "OrganizationShortFr": "",
      "OrganizationAcronymEn": "",
      "OrganizationAcronymFr": "",
      "OrganizationTypeId": 50,
      "OrganizationTypeEn": "Senatorial Riding",
      "OrganizationTypeFr": "Circonscription s\u00e9natoriale",
      "OrganizationProvinceEn": "Ontario",
      "OrganizationProvinceFr": "Ontario",
      "OrganizationHasProfile": true,
      "IsSenatorialDivision": false,
      "ToBeStyledAsEn": "",
      "ToBeStyledAsFr": "",
      "GroupId": 0,
      "Source": null,
      "PortFolioEn": null,
      "PortFolioFr": null,
      "Committee": null,
      "GroupingTitleEn": "Parliamentarian",
      "GroupingTitleFr": "Parlementaire",
      "GroupingOrder": 1,
      "ParliamentStart": "1963-05-16T00:00:00Z",
      "ParliamentEnd": "1965-09-08T00:00:00Z",
      "ParliamentNumber": 26,
      "PartyOrganizationId": 4831,
      "PartyEn": "Liberal Party of Canada",
      "PartyFr": "Parti lib\u00e9ral du Canada",
      "PartyStartDate": "1963-06-11T00:00:00Z",
      "PartyEndDate": "1963-11-15T00:00:00Z",
      "PersonPersonId": 0,
      "PersonLastName": null,
      "PersonUsedFirstName": null,
      "PersonGender": null,
      "MemberOfParliament": {
        "OccupationTypeEn": "Continuous",
        "OccupationTypeFr": "Continue"
      },
      "IsMP": false,
      "IsSenator": true,
      "GovernorGeneral": null,
      "Documents": null,
      "Senator": null,
      "NotesEn": null,
      "NotesFr": null,
      "InternalNotes": null,
      "IsCurrent": "False",
      "RoleId": 719,
      "NameEn": "Constituency Member",
      "Ordinal": 240,
      "Classes": [
        {
          "RoleClassId": 49,
          "RoleClassOrdinal": 2,
          "RoleToRoleClassOrdinal": null,
          "RoleClassNameEn": "Salaries in the House of Commons",
          "RoleClassNameFr": "Salaires \u00e0 la Chambre des Communes"
        },
        {
          "RoleClassId": 105,
          "RoleClassOrdinal": null,
          "RoleToRoleClassOrdinal": null,
          "RoleClassNameEn": "Parliamentarian",
          "RoleClassNameFr": "Parlementaire"
        }
      ]
    },
    {
      "PersonRoleId": 69304,
      "NameFr": "S\u00e9nateur",
      "StartDate": "1963-06-11T00:00:00Z",
      "StartDateIsApproximate": false,
      "EndDate": "1963-11-15T00:00:00Z",
      "EndDateIsApproximate": false,
      "EndReasonEn": null,
      "EndReasonFr": null,
      "EndReasonTypeEn": "Death",
      "EndReasonTypeFr": "D\u00e9c\u00e8s",
      "SourceOfInformationEn": null,
      "SourceOfInformationFr": null,
      "IsActing": false,
      "ActingTextEn": null,
      "ActingTextFr": null,
      "HasCrossedTheFloor": false,
      "OrganizationId": 7803,
      "OrganizationLongEn": "Senate",
      "OrganizationLongFr": "S\u00e9nat",
      "OrganizationShortEn": "Sen",
      "OrganizationShortFr": "S\u00e9n",
      "OrganizationAcronymEn": "",
      "OrganizationAcronymFr": "",
      "OrganizationTypeId": 18,
      "OrganizationTypeEn": "Chamber of Parliament (Fed)",
      "OrganizationTypeFr": "Chambre du Parlement (F\u00e9d)",
      "OrganizationProvinceEn": null,
      "OrganizationProvinceFr": null,
      "OrganizationHasProfile": true,
      "IsSenatorialDivision": true,
      "ToBeStyledAsEn": "",
      "ToBeStyledAsFr": "",
      "GroupId": 0,
      "Source": null,
      "PortFolioEn": null,
      "PortFolioFr": null,
      "Committee": null,
      "GroupingTitleEn": "Parliamentarian",
      "GroupingTitleFr": "Parlementaire",
      "GroupingOrder": 1,
      "ParliamentStart": "1963-05-16T00:00:00Z",
      "ParliamentEnd": "1965-09-08T00:00:00Z",
      "ParliamentNumber": 26,
      "PartyOrganizationId": 4831,
      "PartyEn": "Liberal Party of Canada",
      "PartyFr": "Parti lib\u00e9ral du Canada",
      "PartyStartDate": "1963-06-11T00:00:00Z",
      "PartyEndDate": "1963-11-15T00:00:00Z",
      "PersonPersonId": 0,
      "PersonLastName": null,
      "PersonUsedFirstName": null,
      "PersonGender": null,
      "MemberOfParliament": null,
      "IsMP": false,
      "IsSenator": true,
      "GovernorGeneral": null,
      "Documents": null,
      "Senator": {
        "IsReappointed": false,
        "AppointmentAdvisorPersonId": 531,
        "AppointmentAdvisorName": "Lester Bowles Pearson",
        "NominationEndDate": "1963-11-15T05:00:00Z",
        "NominationEndDateIsApproximate": false,
        "ProvinceEn": "Ontario",
        "ProvinceFr": "Ontario"
      },
      "NotesEn": null,
      "NotesFr": null,
      "InternalNotes": null,
      "IsCurrent": "False",
      "RoleId": 718,
      "NameEn": "Senator",
      "Ordinal": 390,
      "Classes": [
        {
          "RoleClassId": 50,
          "RoleClassOrdinal": 1,
          "RoleToRoleClassOrdinal": null,
          "RoleClassNameEn": "Salaries in the Senate",
          "RoleClassNameFr": "Salaires au Senate"
        },
        {
          "RoleClassId": 105,
          "RoleClassOrdinal": null,
          "RoleToRoleClassOrdinal": null,
          "RoleClassNameEn": "Parliamentarian",
          "RoleClassNameFr": "Parlementaire"
        }
      ]
    },
    {
      "PersonRoleId": 127696,
      "NameFr": "Pr\u00e9sident",
      "StartDate": "1952-01-01T00:00:00Z",
      "StartDateIsApproximate": true,
      "EndDate": "1958-01-01T00:00:00Z",
      "EndDateIsApproximate": true,
      "EndReasonEn": null,
      "EndReasonFr": null,
      "EndReasonTypeEn": null,
      "EndReasonTypeFr": null,
      "SourceOfInformationEn": null,
      "SourceOfInformationFr": null,
      "IsActing": false,
      "ActingTextEn": null,
      "ActingTextFr": null,
      "HasCrossedTheFloor": false,
      "OrganizationId": 4831,
      "OrganizationLongEn": "Liberal Party of Canada",
      "OrganizationLongFr": "Parti lib\u00e9ral du Canada",
      "OrganizationShortEn": "Liberal",
      "OrganizationShortFr": "Lib\u00e9ral",
      "OrganizationAcronymEn": "Lib.",
      "OrganizationAcronymFr": "Lib.",
      "OrganizationTypeId": 4,
      "OrganizationTypeEn": "Party",
      "OrganizationTypeFr": "Parti",
      "OrganizationProvinceEn": null,
      "OrganizationProvinceFr": null,
      "OrganizationHasProfile": true,
      "IsSenatorialDivision": false,
      "ToBeStyledAsEn": "",
      "ToBeStyledAsFr": "",
      "GroupId": 0,
      "Source": null,
      "PortFolioEn": null,
      "PortFolioFr": null,
      "Committee": null,
      "GroupingTitleEn": "Political Party",
      "GroupingTitleFr": "Parti Politique",
      "GroupingOrder": 6,
      "ParliamentStart": "1953-11-12T00:00:00Z",
      "ParliamentEnd": "1957-04-12T00:00:00Z",
      "ParliamentNumber": 22,
      "PartyOrganizationId": 0,
      "PartyEn": null,
      "PartyFr": null,
      "PartyStartDate": null,
      "PartyEndDate": null,
      "PersonPersonId": 0,
      "PersonLastName": null,
      "PersonUsedFirstName": null,
      "PersonGender": null,
      "MemberOfParliament": null,
      "IsMP": false,
      "IsSenator": false,
      "GovernorGeneral": null,
      "Documents": null,
      "Senator": null,
      "NotesEn": null,
      "NotesFr": null,
      "InternalNotes": null,
      "IsCurrent": "False",
      "RoleId": 902,
      "NameEn": "President",
      "Ordinal": 0,
      "Classes": [
        {
          "RoleClassId": 35,
          "RoleClassOrdinal": null,
          "RoleToRoleClassOrdinal": null,
          "RoleClassNameEn": "Minister For Portfolio",
          "RoleClassNameFr": "Ministres pour portfolio"
        },
        {
          "RoleClassId": 37,
          "RoleClassOrdinal": 350,
          "RoleToRoleClassOrdinal": null,
          "RoleClassNameEn": "Officers of Party Caucuses and Executives",
          "RoleClassNameFr": "Officiers des caucus des partis et cadres"
        },
        {
          "RoleClassId": 40,
          "RoleClassOrdinal": null,
          "RoleToRoleClassOrdinal": null,
          "RoleClassNameEn": "Deputy Minister",
          "RoleClassNameFr": "Sous-ministres"
        },
        {
          "RoleClassId": 7,
          "RoleClassOrdinal": null,
          "RoleToRoleClassOrdinal": null,
          "RoleClassNameEn": "Political Party",
          "RoleClassNameFr": "Parti Politique"
        }
      ]
    }
  ],
  "CommitteeMembership": null,
  "PublicOfficeExperience": null,
  "ProvincialExperience": null,
  "MilitaryExperience": null,
  "MunicipalExperience": null,
  "FamilyTiesInParliament": null,
  "Family": null,
  "Education": [
    {
      "SchoolNameLongEn": "Osgoode Hall Law School",
      "SchoolNameLongFr": "Osgoode Hall Law School",
      "SchoolCityEn": "",
      "SchoolCityFr": "",
      "FieldOfStudyEn": "Laws",
      "FieldOfStudyFr": "Droit",
      "DiplomaLongEn": "Diploma",
      "DiplomaLongFr": "Dipl\u00f4me",
      "DiplomaShortEn": "",
      "DiplomaShortFr": "",
      "GraduationYear": null
    },
    {
      "SchoolNameLongEn": "Queen's University",
      "SchoolNameLongFr": "Universit\u00e9 Queen's",
      "SchoolCityEn": "",
      "SchoolCityFr": "",
      "FieldOfStudyEn": "Arts",
      "FieldOfStudyFr": "Arts",
      "DiplomaLongEn": "Bachelor",
      "DiplomaLongFr": "Bachelier",
      "DiplomaShortEn": "B.A",
      "DiplomaShortFr": "B.A.",
      "GraduationYear": null
    }
  ],
  "PictureId": 2165,
  "PictureCopyrightEn": null,
  "PictureCopyrightFr": null,
  "PictureCreditEn": "A. Malcolm MacTavish (son) Received January 31, 2002",
  "PictureCreditFr": "A. Malcolm MacTavish (fils) Re\u00e7ue le 31 janvier 2002",
  "DisplayTitleEn": "The Hon. Duncan Kenneth MacTavish, Q.C., Senator",
  "DisplayTitleFr": "L'hon. Duncan Kenneth MacTavish, c.r., s\u00e9nateur",
  "PlaceOfBirthEn": "Ottawa, Ontario, Canada",
  "PlaceOfBirthFr": "Ottawa, Ontario, Canada",
  "ProfessionsEn": "lawyer",
  "ProfessionsFr": "avocat",
  "PreferredLanguageEn": "",
  "PreferredLanguageFr": "",
  "PlaceOfBurialEn": ", , ",
  "PlaceOfBurialFr": ", , "
}