{
  "Person": {
    "PersonId": 10234,
    "HOCPersonId": 0,
    "SenatePersonId": 0,
    "FormalFirstName": null,
    "UsedFirstName": "Arthur Moren",
    "MiddleName": null,
    "MaidenName": null,
    "LastName": "Boutillier",
    "IsDraftProfile": false,
    "MaidenSpeechNotFound": false,
    "DateOfBirth": "1869-10-16T00:00:00Z",
    "DateOfBirthIsApproximate": false,
    "DoNotDiscloseDateOfBirth": false,
    "DoNotDiscloseBirthLocation": false,
    "CityOfBirthEn": "Halifax",
    "CityOfBirthFr": "Halifax",
    "ProvinceOfBirthEn": "Nova Scotia",
    "ProvinceOfBirthFr": "Nouvelle-\u00c9cosse",
    "CountryOfBirthFr": "Canada",
    "CountryOfBirthEn": "Canada",
    "Gender": "M",
    "EthnicityLongEn": "Francophone from Alberta",
    "EthnicityLongFr": "Francophone de l'Alberta",
    "IsCanadianOrigin": true,
    "InternalNotes": null,
    "ExternalNotesEn": null,
    "ExternalNotesFr": null,
    "ReligionEn": "Anglican",
    "ReligionFr": "Anglicane",
    "Professions": [
      {
        "NameEn": "farmer",
        "NameFr": "agriculteur",
        "SearchKeyWordsEn": "fermier",
        "SearchKeyWordsFr": "fermi\u00e8re",
        "ProfessionTypeEn": "Primary industry - Skilled occupations",
        "ProfessionTypeFr": "Secteur primaire - Personnel sp\u00e9cialis\u00e9",
        "Ordinal": null
      }
    ],
    "Languages": null,
    "Education": null,
    "FamilyRelations": null,
    "Pictures": [
      {
        "PictureId": 8681,
        "PictureDate": "1925-10-28T00:00:00Z",
        "TypeEn": "Photographer",
        "TypeFr": "Photographe",
        "PhotographerEn": null,
        "PhotographerFr": null,
        "CreditsEn": "Vegreville Observer, Oct. 28, 1925, p. 1",
        "CreditsFr": "Vegreville Observer, Oct. 28, 1925, p. 1",
        "CopyRightsEn": "Public Domain",
        "CopyRightsFr": "Du domaine public",
        "DisplayForWeb": false,
        "InternalNotes": null
      },
      {
        "PictureId": 8897,
        "PictureDate": "1925-10-28T00:00:00Z",
        "TypeEn": "Photographer",
        "TypeFr": "Photographe",
        "PhotographerEn": null,
        "PhotographerFr": null,
        "CreditsEn": "United Farmers Historical Society",
        "CreditsFr": "United Farmers Historical Society",
        "CopyRightsEn": "Public Domain",
        "CopyRightsFr": "Du domaine public",
        "DisplayForWeb": true,
        "InternalNotes": null
      }
    ],
    "Titles": [
      {
        "LongEn": null,
        "LongFr": null,
        "AcronymEn": null,
        "AcronymFr": null,
        "IsHonorific": false,
        "IsScholarity": false,
        "IsSalutation": true,
        "Ordinal": 0
      },
      {
        "LongEn": "Member of Parliament",
        "LongFr": "d\u00e9put\u00e9",
        "AcronymEn": "M.P.",
        "AcronymFr": "d\u00e9put\u00e9",
        "IsHonorific": false,
        "IsScholarity": false,
        "IsSalutation": false,
        "Ordinal": 0
      }
    ],
    "Roles": [
      {
        "PersonRoleId": 64145,
        "NameFr": "Membre du parti",
        "StartDate": "1925-10-29T00:00:00Z",
        "StartDateIsApproximate": false,
        "EndDate": "1926-09-13T00:00:00Z",
        "EndDateIsApproximate": false,
        "EndReasonEn": null,
        "EndReasonFr": null,
        "EndReasonTypeEn": null,
        "EndReasonTypeFr": null,
        "SourceOfInformationEn": null,
        "SourceOfInformationFr": null,
        "IsActing": false,
        "ActingTextEn": null,
        "ActingTextFr": null,
        "HasCrossedTheFloor": false,
        "OrganizationId": 6863,
        "OrganizationLongEn": "Progressive",
        "OrganizationLongFr": "Progressiste",
        "OrganizationShortEn": "Progressive",
        "OrganizationShortFr": "Progressiste",
        "OrganizationAcronymEn": "Prog.",
        "OrganizationAcronymFr": "Prog.",
        "OrganizationTypeId": 4,
        "OrganizationTypeEn": "Party",
        "OrganizationTypeFr": "Parti",
        "OrganizationProvinceEn": null,
        "OrganizationProvinceFr": null,
        "OrganizationHasProfile": false,
        "IsSenatorialDivision": false,
        "ToBeStyledAsEn": "",
        "ToBeStyledAsFr": "",
        "GroupId": 0,
        "Source": null,
        "PortFolioEn": null,
        "PortFolioFr": null,
        "Committee": null,
        "GroupingTitleEn": "Parliamentarian",
        "GroupingTitleFr": "Parlementaire",
        "GroupingOrder": 1,
        "ParliamentStart": "1926-01-07T00:00:00Z",
        "ParliamentEnd": "1926-07-02T00:00:00Z",
        "ParliamentNumber": 15,
        "PartyOrganizationId": 6863,
        "PartyEn": "Progressive",
        "PartyFr": "Progressiste",
        "PartyStartDate": "1925-10-29T00:00:00Z",
        "PartyEndDate": "1926-09-13T00:00:00Z",
        "PersonPersonId": 0,
        "PersonLastName": null,
        "PersonUsedFirstName": null,
        "PersonGender": null,
        "MemberOfParliament": null,
        "IsMP": false,
        "IsSenator": false,
        "GovernorGeneral": null,
        "Documents": null,
        "Senator": null,
        "NotesEn": null,
        "NotesFr": null,
        "InternalNotes": null,
        "IsCurrent": "False",
        "RoleId": 722,
        "NameEn": "Party Member",
        "Ordinal": null,
        "Classes": [
          {
            "RoleClassId": 105,
            "RoleClassOrdinal": null,
            "RoleToRoleClassOrdinal": null,
            "RoleClassNameEn": "Parliamentarian",
            "RoleClassNameFr": "Parlementaire"
          }
        ]
      },
      {
        "PersonRoleId": 41104,
        "NameFr": "Membre pour la circonscription",
        "StartDate": "1925-10-29T00:00:00Z",
        "StartDateIsApproximate": false,
        "EndDate": "1926-09-13T00:00:00Z",
        "EndDateIsApproximate": false,
        "EndReasonEn": null,
        "EndReasonFr": null,
        "EndReasonTypeEn": null,
        "EndReasonTypeFr": null,
        "SourceOfInformationEn": null,
        "SourceOfInformationFr": null,
        "IsActing": false,
        "ActingTextEn": null,
        "ActingTextFr": null,
        "HasCrossedTheFloor": false,
        "OrganizationId": 9570,
        "OrganizationLongEn": "Vegreville",
        "OrganizationLongFr": "Vegreville",
        "OrganizationShortEn": "",
        "OrganizationShortFr": "",
        "OrganizationAcronymEn": "",
        "OrganizationAcronymFr": "",
        "OrganizationTypeId": 35,
        "OrganizationTypeEn": "Constituency",
        "OrganizationTypeFr": "Circonscription",
        "OrganizationProvinceEn": "Alberta",
        "OrganizationProvinceFr": "Alberta",
        "OrganizationHasProfile": true,
        "IsSenatorialDivision": false,
        "ToBeStyledAsEn": "",
        "ToBeStyledAsFr": "",
        "GroupId": 0,
        "Source": null,
        "PortFolioEn": null,
        "PortFolioFr": null,
        "Committee": null,
        "GroupingTitleEn": "Parliamentarian",
        "GroupingTitleFr": "Parlementaire",
        "GroupingOrder": 1,
        "ParliamentStart": "1926-01-07T00:00:00Z",
        "ParliamentEnd": "1926-07-02T00:00:00Z",
        "ParliamentNumber": 15,
        "PartyOrganizationId": 6863,
        "PartyEn": "Progressive",
        "PartyFr": "Progressiste",
        "PartyStartDate": "1925-10-29T00:00:00Z",
        "PartyEndDate": "1926-09-13T00:00:00Z",
        "PersonPersonId": 0,
        "PersonLastName": null,
        "PersonUsedFirstName": null,
        "PersonGender": null,
        "MemberOfParliament": {
          "OccupationTypeEn": "Continuous",
          "OccupationTypeFr": "Continue"
        },
        "IsMP": true,
        "IsSenator": false,
        "GovernorGeneral": null,
        "Documents": null,
        "Senator": null,
        "NotesEn": null,
        "NotesFr": null,
        "InternalNotes": null,
        "IsCurrent": "False",
        "RoleId": 719,
        "NameEn": "Constituency Member",
        "Ordinal": 240,
        "Classes": [
          {
            "RoleClassId": 49,
            "RoleClassOrdinal": 2,
            "RoleToRoleClassOrdinal": null,
            "RoleClassNameEn": "Salaries in the House of Commons",
            "RoleClassNameFr": "Salaires \u00e0 la Chambre des Communes"
          },
          {
            "RoleClassId": 105,
            "RoleClassOrdinal": null,
            "RoleToRoleClassOrdinal": null,
            "RoleClassNameEn": "Parliamentarian",
            "RoleClassNameFr": "Parlementaire"
          }
        ]
      },
      {
        "PersonRoleId": 201321,
        "NameFr": "Membre",
        "StartDate": "1926-01-07T00:00:00Z",
        "StartDateIsApproximate": false,
        "EndDate": "1926-07-02T00:00:00Z",
        "EndDateIsApproximate": false,
        "EndReasonEn": null,
        "EndReasonFr": null,
        "EndReasonTypeEn": null,
        "EndReasonTypeFr": null,
        "SourceOfInformationEn": null,
        "SourceOfInformationFr": null,
        "IsActing": false,
        "ActingTextEn": null,
        "ActingTextFr": null,
        "HasCrossedTheFloor": false,
        "OrganizationId": 10294,
        "OrganizationLongEn": "Standing Committee on Standing Orders",
        "OrganizationLongFr": "Comit\u00e9 permanent du r\u00e8glement",
        "OrganizationShortEn": "Standing Orders",
        "OrganizationShortFr": "R\u00e8glement",
        "OrganizationAcronymEn": "",
        "OrganizationAcronymFr": "",
        "OrganizationTypeId": 27,
        "OrganizationTypeEn": "Committee",
        "OrganizationTypeFr": "Comit\u00e9",
        "OrganizationProvinceEn": null,
        "OrganizationProvinceFr": null,
        "OrganizationHasProfile": true,
        "IsSenatorialDivision": false,
        "ToBeStyledAsEn": "",
        "ToBeStyledAsFr": "",
        "GroupId": 0,
        "Source": null,
        "PortFolioEn": null,
        "PortFolioFr": null,
        "Committee": {
          "OrganizationId": 0,
          "SenateCommitteeId": 0,
          "CommitteeTypeId": 5,
          "CommitteeTypeEn": "Standing",
          "CommitteeTypeFr": "Permanent",
          "CompositionTypeId": 3,
          "CompositionTypeLongEn": "House of Commons",
          "CompositionTypeLongFr": "Chambre des communes",
          "CompositionTypeShortEn": "C",
          "CompositionTypeShortFr": "C",
          "Sessions": [
            {
              "SessionId": 0,
              "SessionNumber": 1,
              "ParliamentNumber": 15,
              "StartDate": "1926-01-07T00:00:00Z",
              "EndDate": "1926-07-02T00:00:00Z",
              "ShortEn": "1st",
              "ShortFr": "1\u00e8re"
            }
          ],
          "Mandates": null
        },
        "GroupingTitleEn": null,
        "GroupingTitleFr": null,
        "GroupingOrder": 0,
        "ParliamentStart": null,
        "ParliamentEnd": null,
        "ParliamentNumber": 0,
        "PartyOrganizationId": 6863,
        "PartyEn": "Progressive",
        "PartyFr": "Progressiste",
        "PartyStartDate": "1925-10-29T00:00:00Z",
        "PartyEndDate": "1926-09-13T00:00:00Z",
        "PersonPersonId": 0,
        "PersonLastName": null,
        "PersonUsedFirstName": null,
        "PersonGender": null,
        "MemberOfParliament": null,
        "IsMP": false,
        "IsSenator": false,
        "GovernorGeneral": null,
        "Documents": null,
        "Senator": null,
        "NotesEn": null,
        "NotesFr": null,
        "InternalNotes": null,
        "IsCurrent": "False",
        "RoleId": 226,
        "NameEn": "Member",
        "Ordinal": 300,
        "Classes": [
          {
            "RoleClassId": 33,
            "RoleClassOrdinal": null,
            "RoleToRoleClassOrdinal": null,
            "RoleClassNameEn": "Committee",
            "RoleClassNameFr": "Comit\u00e9"
          },
          {
            "RoleClassId": 113,
            "RoleClassOrdinal": null,
            "RoleToRoleClassOrdinal": null,
            "RoleClassNameEn": "ElectionProcessCloseDissolution",
            "RoleClassNameFr": "ElectionProcessCloseDissolution"
          }
        ]
      },
      {
        "PersonRoleId": 201560,
        "NameFr": "Membre",
        "StartDate": "1926-01-07T00:00:00Z",
        "StartDateIsApproximate": false,
        "EndDate": "1926-07-02T00:00:00Z",
        "EndDateIsApproximate": false,
        "EndReasonEn": null,
        "EndReasonFr": null,
        "EndReasonTypeEn": null,
        "EndReasonTypeFr": null,
        "SourceOfInformationEn": null,
        "SourceOfInformationFr": null,
        "IsActing": false,
        "ActingTextEn": null,
        "ActingTextFr": null,
        "HasCrossedTheFloor": false,
        "OrganizationId": 429,
        "OrganizationLongEn": "Standing Committee on Agriculture and Colonization",
        "OrganizationLongFr": "Comit\u00e9 permanent de l'agriculture et de la colonisation",
        "OrganizationShortEn": "Agriculture and Colonization",
        "OrganizationShortFr": "Agriculture et colonisation",
        "OrganizationAcronymEn": "",
        "OrganizationAcronymFr": "",
        "OrganizationTypeId": 27,
        "OrganizationTypeEn": "Committee",
        "OrganizationTypeFr": "Comit\u00e9",
        "OrganizationProvinceEn": null,
        "OrganizationProvinceFr": null,
        "OrganizationHasProfile": true,
        "IsSenatorialDivision": false,
        "ToBeStyledAsEn": "",
        "ToBeStyledAsFr": "",
        "GroupId": 0,
        "Source": null,
        "PortFolioEn": null,
        "PortFolioFr": null,
        "Committee": {
          "OrganizationId": 0,
          "SenateCommitteeId": 0,
          "CommitteeTypeId": 5,
          "CommitteeTypeEn": "Standing",
          "CommitteeTypeFr": "Permanent",
          "CompositionTypeId": 3,
          "CompositionTypeLongEn": "House of Commons",
          "CompositionTypeLongFr": "Chambre des communes",
          "CompositionTypeShortEn": "C",
          "CompositionTypeShortFr": "C",
          "Sessions": [
            {
              "SessionId": 0,
              "SessionNumber": 1,
              "ParliamentNumber": 15,
              "StartDate": "1926-01-07T00:00:00Z",
              "EndDate": "1926-07-02T00:00:00Z",
              "ShortEn": "1st",
              "ShortFr": "1\u00e8re"
            }
          ],
          "Mandates": null
        },
        "GroupingTitleEn": null,
        "GroupingTitleFr": null,
        "GroupingOrder": 0,
        "ParliamentStart": null,
        "ParliamentEnd": null,
        "ParliamentNumber": 0,
        "PartyOrganizationId": 6863,
        "PartyEn": "Progressive",
        "PartyFr": "Progressiste",
        "PartyStartDate": "1925-10-29T00:00:00Z",
        "PartyEndDate": "1926-09-13T00:00:00Z",
        "PersonPersonId": 0,
        "PersonLastName": null,
        "PersonUsedFirstName": null,
        "PersonGender": null,
        "MemberOfParliament": null,
        "IsMP": false,
        "IsSenator": false,
        "GovernorGeneral": null,
        "Documents": null,
        "Senator": null,
        "NotesEn": null,
        "NotesFr": null,
        "InternalNotes": null,
        "IsCurrent": "False",
        "RoleId": 226,
        "NameEn": "Member",
        "Ordinal": 300,
        "Classes": [
          {
            "RoleClassId": 33,
            "RoleClassOrdinal": null,
            "RoleToRoleClassOrdinal": null,
            "RoleClassNameEn": "Committee",
            "RoleClassNameFr": "Comit\u00e9"
          },
          {
            "RoleClassId": 113,
            "RoleClassOrdinal": null,
            "RoleToRoleClassOrdinal": null,
            "RoleClassNameEn": "ElectionProcessCloseDissolution",
            "RoleClassNameFr": "ElectionProcessCloseDissolution"
          }
        ]
      },
      {
        "PersonRoleId": 201689,
        "NameFr": "Membre",
        "StartDate": "1926-01-07T00:00:00Z",
        "StartDateIsApproximate": false,
        "EndDate": "1926-07-02T00:00:00Z",
        "EndDateIsApproximate": false,
        "EndReasonEn": null,
        "EndReasonFr": null,
        "EndReasonTypeEn": null,
        "EndReasonTypeFr": null,
        "SourceOfInformationEn": null,
        "SourceOfInformationFr": null,
        "IsActing": false,
        "ActingTextEn": null,
        "ActingTextFr": null,
        "HasCrossedTheFloor": false,
        "OrganizationId": 5130,
        "OrganizationLongEn": "Standing Committee on Marine and Fisheries",
        "OrganizationLongFr": "Comit\u00e9 permanent de la marine et p\u00eacheries",
        "OrganizationShortEn": "Marine and Fisheries",
        "OrganizationShortFr": "Marine et p\u00eacheries",
        "OrganizationAcronymEn": "",
        "OrganizationAcronymFr": "",
        "OrganizationTypeId": 27,
        "OrganizationTypeEn": "Committee",
        "OrganizationTypeFr": "Comit\u00e9",
        "OrganizationProvinceEn": null,
        "OrganizationProvinceFr": null,
        "OrganizationHasProfile": true,
        "IsSenatorialDivision": false,
        "ToBeStyledAsEn": "",
        "ToBeStyledAsFr": "",
        "GroupId": 0,
        "Source": null,
        "PortFolioEn": null,
        "PortFolioFr": null,
        "Committee": {
          "OrganizationId": 0,
          "SenateCommitteeId": 0,
          "CommitteeTypeId": 5,
          "CommitteeTypeEn": "Standing",
          "CommitteeTypeFr": "Permanent",
          "CompositionTypeId": 3,
          "CompositionTypeLongEn": "House of Commons",
          "CompositionTypeLongFr": "Chambre des communes",
          "CompositionTypeShortEn": "C",
          "CompositionTypeShortFr": "C",
          "Sessions": [
            {
              "SessionId": 0,
              "SessionNumber": 1,
              "ParliamentNumber": 15,
              "StartDate": "1926-01-07T00:00:00Z",
              "EndDate": "1926-07-02T00:00:00Z",
              "ShortEn": "1st",
              "ShortFr": "1\u00e8re"
            }
          ],
          "Mandates": null
        },
        "GroupingTitleEn": null,
        "GroupingTitleFr": null,
        "GroupingOrder": 0,
        "ParliamentStart": null,
        "ParliamentEnd": null,
        "ParliamentNumber": 0,
        "PartyOrganizationId": 6863,
        "PartyEn": "Progressive",
        "PartyFr": "Progressiste",
        "PartyStartDate": "1925-10-29T00:00:00Z",
        "PartyEndDate": "1926-09-13T00:00:00Z",
        "PersonPersonId": 0,
        "PersonLastName": null,
        "PersonUsedFirstName": null,
        "PersonGender": null,
        "MemberOfParliament": null,
        "IsMP": false,
        "IsSenator": false,
        "GovernorGeneral": null,
        "Documents": null,
        "Senator": null,
        "NotesEn": null,
        "NotesFr": null,
        "InternalNotes": null,
        "IsCurrent": "False",
        "RoleId": 226,
        "NameEn": "Member",
        "Ordinal": 300,
        "Classes": [
          {
            "RoleClassId": 33,
            "RoleClassOrdinal": null,
            "RoleToRoleClassOrdinal": null,
            "RoleClassNameEn": "Committee",
            "RoleClassNameFr": "Comit\u00e9"
          },
          {
            "RoleClassId": 113,
            "RoleClassOrdinal": null,
            "RoleToRoleClassOrdinal": null,
            "RoleClassNameEn": "ElectionProcessCloseDissolution",
            "RoleClassNameFr": "ElectionProcessCloseDissolution"
          }
        ]
      }
    ],
    "HillAddresses": null,
    "ConstituencyAddresses": null,
    "WebLinks": [
      {
        "TypeEn": "Maiden Speech",
        "TypeFr": "Premier discours",
        "TitleFr": "Premier discours \u00e0 la Chambre des communes",
        "TitleEn": "Maiden Speech in the House of Commons",
        "UrlEn": "http://parl.canadiana.ca/view/oop.debates_HOC1501_05/770?r=0&s=2",
        "UrlFr": "http://parl.canadiana.ca/view/oop.debates_CDC1501_05/773?r=0&s=2"
      }
    ],
    "Bibliography": null,
    "ElectionCandidates": [
      {
        "ElectionCandidateId": 1236,
        "ParliamentNumber": 15,
        "ElectionId": 326,
        "ElectionDate": "1925-10-29T00:00:00Z",
        "IsGeneral": true,
        "IsPreliminary": false,
        "OrganizationId": 9570,
        "ConstituencyEn": "Vegreville",
        "ConstituencyFr": "Vegreville",
        "ProvinceEn": null,
        "ProvinceFr": null,
        "PersonRoleId": null,
        "ElectionCanadaFirstName": "Arthur Moren",
        "ElectionCanadaLastName": "BOUTILLIER",
        "ElectionCanadaMiddleName": null,
        "Gender": "M",
        "OccupationEn": "Farmer",
        "OccupationFr": "Agriculteur",
        "PartyOrganizationId": 6863,
        "PartyNameEn": "Progressive",
        "PartyNameFr": "Progressiste",
        "Votes": 5103,
        "ResultLongEn": "Elected",
        "ResultLongFr": "\u00c9lu",
        "OtherResultLongEn": null,
        "OtherResultLongFr": null,
        "NotesEn": null,
        "NotesFr": null,
        "InternalNotes": null
      }
    ],
    "Death": {
      "DateOfDeath": "1955-02-24T00:00:00Z",
      "DateOfDeathIsApproximate": false,
      "DeceasedOnDuty": false,
      "RecordNotFound": false,
      "CauseOfDeathEn": null,
      "CauseOfDeathFr": null,
      "CemetaryNameEn": null,
      "CemetaryNameFr": null,
      "CemetaryCityEn": null,
      "CemetaryCityFr": null,
      "CemetaryProvinceEn": null,
      "CemetaryProvinceFr": null,
      "CemetaryCountryEn": null,
      "CemetaryCountryFr": null,
      "FuneralDate": null,
      "StateLayFuneralLocationEn": null,
      "StateLayFuneralLocationFr": null,
      "StateLayFuneralStartDate": null,
      "StateLayFuneralEndDate": null,
      "ReferenceOfStateLay": null
    },
    "PrimeMinister": null,
    "Parliaments": null,
    "Age": 85,
    "DisplayName": "Boutillier, Arthur Moren",
    "StraightDisplayName": "Arthur Moren Boutillier",
    "PartyEn": "Progressive (1925/10/29 - 1926/09/13)<br>",
    "PartyFr": "Progressiste (1925/10/29 - 1926/09/13)<br>",
    "ConstituencyEn": "Vegreville (1925/10/29 - 1926/09/13)<br>",
    "ConstituencyFr": "Vegreville (1925/10/29 - 1926/09/13)<br>",
    "CurrentPartyEn": "Progressive",
    "CurrentPartyFr": "Progressiste",
    "CurrentConstituencyEn": "Vegreville",
    "CurrentConstituencyFr": "Vegreville",
    "ElectedInParliaments": "15;",
    "ServedInParliaments": "15;",
    "ProvinceEn": "Alberta<br>",
    "ProvinceFr": "Alberta<br>",
    "PrimeMinisterEn": "",
    "PrimeMinisterFr": "",
    "CabinetChairEn": "",
    "CabinetChairFr": "",
    "CabinetCommitteeMemberEn": "",
    "CabinetCommitteeMemberFr": "",
    "LeaderOpposition": "",
    "DeputyPrimeMinister": "",
    "SpeakerHouseOfCommons": "",
    "SpeakerSenate": "",
    "SpeakerProTempore": "",
    "DeputySpeaker": "",
    "AssistantDeputySpeakerChairEn": "",
    "AssistantDeputySpeakerChairFr": "",
    "MinisterOfEn": "",
    "MinisterOfFr": "",
    "AssociateMinisterOfEn": "",
    "AssociateMinisterOfFr": "",
    "MinisterOfStateOfEn": "",
    "MinisterOfStateOfFr": "",
    "SecretaryOfStateOfEn": "",
    "SecretaryOfStateOfFr": "",
    "ParliamentarySecretaryOfEn": "",
    "ParliamentarySecretaryOfFr": "",
    "ParliamentaryAssistantOfEn": "",
    "ParliamentaryAssistantOfFr": "",
    "PartyLeaderEn": "",
    "PartyLeaderFr": "",
    "HouseLeaderEn": "",
    "HouseLeaderFr": "",
    "DeputyHouseLeaderEn": "",
    "DeputyHouseLeaderFr": "",
    "WhipEn": "",
    "WhipFr": "",
    "DeputyWhipEn": "",
    "DeputyWhipFr": "",
    "CriticOfEn": "",
    "CriticOfFr": "",
    "AssistantCriticOfEn": "",
    "AssistantCriticOfFr": "",
    "TypeOfParliamentarianEn": "MP (1925/10/29 - 1926/09/13)<br>",
    "TypeOfParliamentarianFr": "D\u00e9put\u00e9 (1925/10/29 - 1926/09/13)<br>",
    "MemberOfParliamentMandate": "1925/10/29 - 1926/09/13<br>",
    "SenateMandate": "",
    "DiedInOffice": false,
    "PremiershipExperienceEn": "",
    "PremiershipExperienceFr": "",
    "ProvincialExperienceEn": "",
    "ProvincialExperienceFr": "",
    "MunicipalExperienceEn": "",
    "MunicipalExperienceFr": "",
    "MilitaryServiceEn": "",
    "MilitaryServiceFr": "",
    "MinistryDurationEn": "",
    "MinistryDurationFr": "",
    "ProfessionsEn": ", farmer",
    "ProfessionsFr": ", agriculteur",
    "LanguageEn": "",
    "LanguageFr": "",
    "IsPrimeMinister": false,
    "YearsOfServiceSegments": [
      {
        "TotalDays": 320,
        "Years": 0,
        "Months": 10,
        "Days": 16,
        "Hours": 0,
        "Minutes": 0,
        "Seconds": 0,
        "Milliseconds": 0
      }
    ],
    "IsCurrentlyInOffice": false,
    "IsCurrentlySenator": false,
    "IsCurrentlyMP": false,
    "HasMaidenSpeech": true,
    "_id": "59f8770be413e1389ffd1a06",
    "LastUpdatedId": "000000000000000000000000",
    "LastModified": "0001-01-01T00:00:00",
    "ModifiedBy": null
  },
  "FederalExperience": [
    {
      "PersonRoleId": 41104,
      "NameFr": "Membre pour la circonscription",
      "StartDate": "1925-10-29T00:00:00Z",
      "StartDateIsApproximate": false,
      "EndDate": "1926-09-13T00:00:00Z",
      "EndDateIsApproximate": false,
      "EndReasonEn": null,
      "EndReasonFr": null,
      "EndReasonTypeEn": null,
      "EndReasonTypeFr": null,
      "SourceOfInformationEn": null,
      "SourceOfInformationFr": null,
      "IsActing": false,
      "ActingTextEn": null,
      "ActingTextFr": null,
      "HasCrossedTheFloor": false,
      "OrganizationId": 9570,
      "OrganizationLongEn": "Vegreville",
      "OrganizationLongFr": "Vegreville",
      "OrganizationShortEn": "",
      "OrganizationShortFr": "",
      "OrganizationAcronymEn": "",
      "OrganizationAcronymFr": "",
      "OrganizationTypeId": 35,
      "OrganizationTypeEn": "Constituency",
      "OrganizationTypeFr": "Circonscription",
      "OrganizationProvinceEn": "Alberta",
      "OrganizationProvinceFr": "Alberta",
      "OrganizationHasProfile": true,
      "IsSenatorialDivision": false,
      "ToBeStyledAsEn": "",
      "ToBeStyledAsFr": "",
      "GroupId": 0,
      "Source": null,
      "PortFolioEn": null,
      "PortFolioFr": null,
      "Committee": null,
      "GroupingTitleEn": "Parliamentarian",
      "GroupingTitleFr": "Parlementaire",
      "GroupingOrder": 1,
      "ParliamentStart": "1926-01-07T00:00:00Z",
      "ParliamentEnd": "1926-07-02T00:00:00Z",
      "ParliamentNumber": 15,
      "PartyOrganizationId": 6863,
      "PartyEn": "Progressive",
      "PartyFr": "Progressiste",
      "PartyStartDate": "1925-10-29T00:00:00Z",
      "PartyEndDate": "1926-09-13T00:00:00Z",
      "PersonPersonId": 0,
      "PersonLastName": null,
      "PersonUsedFirstName": null,
      "PersonGender": null,
      "MemberOfParliament": {
        "OccupationTypeEn": "Continuous",
        "OccupationTypeFr": "Continue"
      },
      "IsMP": true,
      "IsSenator": false,
      "GovernorGeneral": null,
      "Documents": null,
      "Senator": null,
      "NotesEn": null,
      "NotesFr": null,
      "InternalNotes": null,
      "IsCurrent": "False",
      "RoleId": 719,
      "NameEn": "Constituency Member",
      "Ordinal": 240,
      "Classes": [
        {
          "RoleClassId": 49,
          "RoleClassOrdinal": 2,
          "RoleToRoleClassOrdinal": null,
          "RoleClassNameEn": "Salaries in the House of Commons",
          "RoleClassNameFr": "Salaires \u00e0 la Chambre des Communes"
        },
        {
          "RoleClassId": 105,
          "RoleClassOrdinal": null,
          "RoleToRoleClassOrdinal": null,
          "RoleClassNameEn": "Parliamentarian",
          "RoleClassNameFr": "Parlementaire"
        }
      ]
    },
    {
      "PersonRoleId": 64145,
      "NameFr": "Membre du parti",
      "StartDate": "1925-10-29T00:00:00Z",
      "StartDateIsApproximate": false,
      "EndDate": "1926-09-13T00:00:00Z",
      "EndDateIsApproximate": false,
      "EndReasonEn": null,
      "EndReasonFr": null,
      "EndReasonTypeEn": null,
      "EndReasonTypeFr": null,
      "SourceOfInformationEn": null,
      "SourceOfInformationFr": null,
      "IsActing": false,
      "ActingTextEn": null,
      "ActingTextFr": null,
      "HasCrossedTheFloor": false,
      "OrganizationId": 6863,
      "OrganizationLongEn": "Progressive",
      "OrganizationLongFr": "Progressiste",
      "OrganizationShortEn": "Progressive",
      "OrganizationShortFr": "Progressiste",
      "OrganizationAcronymEn": "Prog.",
      "OrganizationAcronymFr": "Prog.",
      "OrganizationTypeId": 4,
      "OrganizationTypeEn": "Party",
      "OrganizationTypeFr": "Parti",
      "OrganizationProvinceEn": null,
      "OrganizationProvinceFr": null,
      "OrganizationHasProfile": false,
      "IsSenatorialDivision": false,
      "ToBeStyledAsEn": "",
      "ToBeStyledAsFr": "",
      "GroupId": 0,
      "Source": null,
      "PortFolioEn": null,
      "PortFolioFr": null,
      "Committee": null,
      "GroupingTitleEn": "Parliamentarian",
      "GroupingTitleFr": "Parlementaire",
      "GroupingOrder": 1,
      "ParliamentStart": "1926-01-07T00:00:00Z",
      "ParliamentEnd": "1926-07-02T00:00:00Z",
      "ParliamentNumber": 15,
      "PartyOrganizationId": 6863,
      "PartyEn": "Progressive",
      "PartyFr": "Progressiste",
      "PartyStartDate": "1925-10-29T00:00:00Z",
      "PartyEndDate": "1926-09-13T00:00:00Z",
      "PersonPersonId": 0,
      "PersonLastName": null,
      "PersonUsedFirstName": null,
      "PersonGender": null,
      "MemberOfParliament": null,
      "IsMP": false,
      "IsSenator": false,
      "GovernorGeneral": null,
      "Documents": null,
      "Senator": null,
      "NotesEn": null,
      "NotesFr": null,
      "InternalNotes": null,
      "IsCurrent": "False",
      "RoleId": 722,
      "NameEn": "Party Member",
      "Ordinal": null,
      "Classes": [
        {
          "RoleClassId": 105,
          "RoleClassOrdinal": null,
          "RoleToRoleClassOrdinal": null,
          "RoleClassNameEn": "Parliamentarian",
          "RoleClassNameFr": "Parlementaire"
        }
      ]
    }
  ],
  "FederalExperienceList": [
    {
      "PersonRoleId": 64145,
      "NameFr": "Membre du parti",
      "StartDate": "1925-10-29T00:00:00Z",
      "StartDateIsApproximate": false,
      "EndDate": "1926-09-13T00:00:00Z",
      "EndDateIsApproximate": false,
      "EndReasonEn": null,
      "EndReasonFr": null,
      "EndReasonTypeEn": null,
      "EndReasonTypeFr": null,
      "SourceOfInformationEn": null,
      "SourceOfInformationFr": null,
      "IsActing": false,
      "ActingTextEn": null,
      "ActingTextFr": null,
      "HasCrossedTheFloor": false,
      "OrganizationId": 6863,
      "OrganizationLongEn": "Progressive",
      "OrganizationLongFr": "Progressiste",
      "OrganizationShortEn": "Progressive",
      "OrganizationShortFr": "Progressiste",
      "OrganizationAcronymEn": "Prog.",
      "OrganizationAcronymFr": "Prog.",
      "OrganizationTypeId": 4,
      "OrganizationTypeEn": "Party",
      "OrganizationTypeFr": "Parti",
      "OrganizationProvinceEn": null,
      "OrganizationProvinceFr": null,
      "OrganizationHasProfile": false,
      "IsSenatorialDivision": false,
      "ToBeStyledAsEn": "",
      "ToBeStyledAsFr": "",
      "GroupId": 0,
      "Source": null,
      "PortFolioEn": null,
      "PortFolioFr": null,
      "Committee": null,
      "GroupingTitleEn": "Parliamentarian",
      "GroupingTitleFr": "Parlementaire",
      "GroupingOrder": 1,
      "ParliamentStart": "1926-01-07T00:00:00Z",
      "ParliamentEnd": "1926-07-02T00:00:00Z",
      "ParliamentNumber": 15,
      "PartyOrganizationId": 6863,
      "PartyEn": "Progressive",
      "PartyFr": "Progressiste",
      "PartyStartDate": "1925-10-29T00:00:00Z",
      "PartyEndDate": "1926-09-13T00:00:00Z",
      "PersonPersonId": 0,
      "PersonLastName": null,
      "PersonUsedFirstName": null,
      "PersonGender": null,
      "MemberOfParliament": null,
      "IsMP": false,
      "IsSenator": false,
      "GovernorGeneral": null,
      "Documents": null,
      "Senator": null,
      "NotesEn": null,
      "NotesFr": null,
      "InternalNotes": null,
      "IsCurrent": "False",
      "RoleId": 722,
      "NameEn": "Party Member",
      "Ordinal": null,
      "Classes": [
        {
          "RoleClassId": 105,
          "RoleClassOrdinal": null,
          "RoleToRoleClassOrdinal": null,
          "RoleClassNameEn": "Parliamentarian",
          "RoleClassNameFr": "Parlementaire"
        }
      ]
    },
    {
      "PersonRoleId": 41104,
      "NameFr": "Membre pour la circonscription",
      "StartDate": "1925-10-29T00:00:00Z",
      "StartDateIsApproximate": false,
      "EndDate": "1926-09-13T00:00:00Z",
      "EndDateIsApproximate": false,
      "EndReasonEn": null,
      "EndReasonFr": null,
      "EndReasonTypeEn": null,
      "EndReasonTypeFr": null,
      "SourceOfInformationEn": null,
      "SourceOfInformationFr": null,
      "IsActing": false,
      "ActingTextEn": null,
      "ActingTextFr": null,
      "HasCrossedTheFloor": false,
      "OrganizationId": 9570,
      "OrganizationLongEn": "Vegreville",
      "OrganizationLongFr": "Vegreville",
      "OrganizationShortEn": "",
      "OrganizationShortFr": "",
      "OrganizationAcronymEn": "",
      "OrganizationAcronymFr": "",
      "OrganizationTypeId": 35,
      "OrganizationTypeEn": "Constituency",
      "OrganizationTypeFr": "Circonscription",
      "OrganizationProvinceEn": "Alberta",
      "OrganizationProvinceFr": "Alberta",
      "OrganizationHasProfile": true,
      "IsSenatorialDivision": false,
      "ToBeStyledAsEn": "",
      "ToBeStyledAsFr": "",
      "GroupId": 0,
      "Source": null,
      "PortFolioEn": null,
      "PortFolioFr": null,
      "Committee": null,
      "GroupingTitleEn": "Parliamentarian",
      "GroupingTitleFr": "Parlementaire",
      "GroupingOrder": 1,
      "ParliamentStart": "1926-01-07T00:00:00Z",
      "ParliamentEnd": "1926-07-02T00:00:00Z",
      "ParliamentNumber": 15,
      "PartyOrganizationId": 6863,
      "PartyEn": "Progressive",
      "PartyFr": "Progressiste",
      "PartyStartDate": "1925-10-29T00:00:00Z",
      "PartyEndDate": "1926-09-13T00:00:00Z",
      "PersonPersonId": 0,
      "PersonLastName": null,
      "PersonUsedFirstName": null,
      "PersonGender": null,
      "MemberOfParliament": {
        "OccupationTypeEn": "Continuous",
        "OccupationTypeFr": "Continue"
      },
      "IsMP": true,
      "IsSenator": false,
      "GovernorGeneral": null,
      "Documents": null,
      "Senator": null,
      "NotesEn": null,
      "NotesFr": null,
      "InternalNotes": null,
      "IsCurrent": "False",
      "RoleId": 719,
      "NameEn": "Constituency Member",
      "Ordinal": 240,
      "Classes": [
        {
          "RoleClassId": 49,
          "RoleClassOrdinal": 2,
          "RoleToRoleClassOrdinal": null,
          "RoleClassNameEn": "Salaries in the House of Commons",
          "RoleClassNameFr": "Salaires \u00e0 la Chambre des Communes"
        },
        {
          "RoleClassId": 105,
          "RoleClassOrdinal": null,
          "RoleToRoleClassOrdinal": null,
          "RoleClassNameEn": "Parliamentarian",
          "RoleClassNameFr": "Parlementaire"
        }
      ]
    }
  ],
  "CommitteeMembership": [
    {
      "NameEn": "Member",
      "NameFr": "Membre",
      "RoleId": 226,
      "OrganizationId": 10294,
      "OrganizationLongEn": "Standing Committee on Standing Orders",
      "OrganizationLongFr": "Comit\u00e9 permanent du r\u00e8glement",
      "OrganizationTypeEn": "Committee",
      "OrganizationTypeFr": "Comit\u00e9",
      "OrganizationTypeId": 27,
      "PartyEn": "Progressive",
      "PartyFr": "Progressiste",
      "CompositionTypeLongEn": "House of Commons",
      "CompositionTypeLongFr": "Chambre des communes",
      "CompositionTypeShortEn": "C",
      "CompositionTypeShortFr": "C",
      "CommitteeTypeEn": "Standing",
      "CommitteeTypeFr": "Permanent",
      "ParliamentNumber": 15,
      "SessionNumber": 1,
      "ShortEn": "1st",
      "ShortFr": "1\u00e8re"
    },
    {
      "NameEn": "Member",
      "NameFr": "Membre",
      "RoleId": 226,
      "OrganizationId": 429,
      "OrganizationLongEn": "Standing Committee on Agriculture and Colonization",
      "OrganizationLongFr": "Comit\u00e9 permanent de l'agriculture et de la colonisation",
      "OrganizationTypeEn": "Committee",
      "OrganizationTypeFr": "Comit\u00e9",
      "OrganizationTypeId": 27,
      "PartyEn": "Progressive",
      "PartyFr": "Progressiste",
      "CompositionTypeLongEn": "House of Commons",
      "CompositionTypeLongFr": "Chambre des communes",
      "CompositionTypeShortEn": "C",
      "CompositionTypeShortFr": "C",
      "CommitteeTypeEn": "Standing",
      "CommitteeTypeFr": "Permanent",
      "ParliamentNumber": 15,
      "SessionNumber": 1,
      "ShortEn": "1st",
      "ShortFr": "1\u00e8re"
    },
    {
      "NameEn": "Member",
      "NameFr": "Membre",
      "RoleId": 226,
      "OrganizationId": 5130,
      "OrganizationLongEn": "Standing Committee on Marine and Fisheries",
      "OrganizationLongFr": "Comit\u00e9 permanent de la marine et p\u00eacheries",
      "OrganizationTypeEn": "Committee",
      "OrganizationTypeFr": "Comit\u00e9",
      "OrganizationTypeId": 27,
      "PartyEn": "Progressive",
      "PartyFr": "Progressiste",
      "CompositionTypeLongEn": "House of Commons",
      "CompositionTypeLongFr": "Chambre des communes",
      "CompositionTypeShortEn": "C",
      "CompositionTypeShortFr": "C",
      "CommitteeTypeEn": "Standing",
      "CommitteeTypeFr": "Permanent",
      "ParliamentNumber": 15,
      "SessionNumber": 1,
      "ShortEn": "1st",
      "ShortFr": "1\u00e8re"
    }
  ],
  "PublicOfficeExperience": null,
  "ProvincialExperience": null,
  "MilitaryExperience": null,
  "MunicipalExperience": null,
  "FamilyTiesInParliament": null,
  "Family": null,
  "Education": null,
  "PictureId": 8897,
  "PictureCopyrightEn": "Public Domain",
  "PictureCopyrightFr": "Du domaine public",
  "PictureCreditEn": "United Farmers Historical Society",
  "PictureCreditFr": "United Farmers Historical Society",
  "DisplayTitleEn": " Arthur Moren Boutillier, M.P.",
  "DisplayTitleFr": " Arthur Moren Boutillier, d\u00e9put\u00e9",
  "PlaceOfBirthEn": "Halifax, Nova Scotia, Canada",
  "PlaceOfBirthFr": "Halifax, Nouvelle-\u00c9cosse, Canada",
  "ProfessionsEn": "farmer",
  "ProfessionsFr": "agriculteur",
  "PreferredLanguageEn": "",
  "PreferredLanguageFr": "",
  "PlaceOfBurialEn": ", , ",
  "PlaceOfBurialFr": ", , "
}