{
  "Person": {
    "PersonId": 10362,
    "HOCPersonId": 0,
    "SenatePersonId": 0,
    "FormalFirstName": null,
    "UsedFirstName": "Joseph Alcide",
    "MiddleName": null,
    "MaidenName": null,
    "LastName": "Simard",
    "IsDraftProfile": false,
    "MaidenSpeechNotFound": false,
    "DateOfBirth": "1907-10-25T00:00:00Z",
    "DateOfBirthIsApproximate": false,
    "DoNotDiscloseDateOfBirth": false,
    "DoNotDiscloseBirthLocation": false,
    "CityOfBirthEn": "Saint-L\u00e9onard",
    "CityOfBirthFr": "Saint-L\u00e9onard",
    "ProvinceOfBirthEn": "Quebec",
    "ProvinceOfBirthFr": "Qu\u00e9bec",
    "CountryOfBirthFr": "Canada",
    "CountryOfBirthEn": "Canada",
    "Gender": "M",
    "EthnicityLongEn": null,
    "EthnicityLongFr": null,
    "IsCanadianOrigin": true,
    "InternalNotes": null,
    "ExternalNotesEn": null,
    "ExternalNotesFr": null,
    "ReligionEn": "Catholic",
    "ReligionFr": "Catholique",
    "Professions": [
      {
        "NameEn": "life insurance agent",
        "NameFr": "agent d'assurance-vie",
        "SearchKeyWordsEn": "",
        "SearchKeyWordsFr": "",
        "ProfessionTypeEn": "Sales and service - Skilled occupations",
        "ProfessionTypeFr": "Vente et services - Personnel sp\u00e9cialis\u00e9",
        "Ordinal": null
      }
    ],
    "Languages": null,
    "Education": [
      {
        "SchoolNameLongEn": "Unknown",
        "SchoolNameLongFr": "Inconnu",
        "SchoolCityEn": "",
        "SchoolCityFr": "",
        "FieldOfStudyEn": "Arts",
        "FieldOfStudyFr": "Arts",
        "DiplomaLongEn": "Bachelor",
        "DiplomaLongFr": "Bachelier",
        "DiplomaShortEn": "B.A",
        "DiplomaShortFr": "B.A.",
        "GraduationYear": null
      }
    ],
    "FamilyRelations": null,
    "Pictures": [
      {
        "PictureId": 2954,
        "PictureDate": null,
        "TypeEn": "Photographer",
        "TypeFr": "Photographe",
        "PhotographerEn": "Unknown",
        "PhotographerFr": "Inconnu",
        "CreditsEn": "House of Commons",
        "CreditsFr": "Chambre des communes",
        "CopyRightsEn": "House of Commons 1966",
        "CopyRightsFr": "Chambre des communes 1966",
        "DisplayForWeb": true,
        "InternalNotes": null
      }
    ],
    "Titles": [
      {
        "LongEn": null,
        "LongFr": null,
        "AcronymEn": null,
        "AcronymFr": null,
        "IsHonorific": false,
        "IsScholarity": false,
        "IsSalutation": true,
        "Ordinal": 0
      },
      {
        "LongEn": "Member of Parliament",
        "LongFr": "d\u00e9put\u00e9",
        "AcronymEn": "M.P.",
        "AcronymFr": "d\u00e9put\u00e9",
        "IsHonorific": false,
        "IsScholarity": false,
        "IsSalutation": false,
        "Ordinal": 0
      }
    ],
    "Roles": [
      {
        "PersonRoleId": 69627,
        "NameFr": "Membre du parti",
        "StartDate": "1965-11-08T00:00:00Z",
        "StartDateIsApproximate": false,
        "EndDate": "1968-06-24T00:00:00Z",
        "EndDateIsApproximate": false,
        "EndReasonEn": null,
        "EndReasonFr": null,
        "EndReasonTypeEn": null,
        "EndReasonTypeFr": null,
        "SourceOfInformationEn": null,
        "SourceOfInformationFr": null,
        "IsActing": false,
        "ActingTextEn": null,
        "ActingTextFr": null,
        "HasCrossedTheFloor": false,
        "OrganizationId": 7027,
        "OrganizationLongEn": "Ralliement des cr\u00e9ditistes",
        "OrganizationLongFr": "Ralliement des cr\u00e9ditistes",
        "OrganizationShortEn": "Ralliement Cr\u00e9ditiste",
        "OrganizationShortFr": "Ralliement cr\u00e9ditiste",
        "OrganizationAcronymEn": "Ral. Cr\u00e9d.",
        "OrganizationAcronymFr": "Ral. Cr\u00e9d.",
        "OrganizationTypeId": 4,
        "OrganizationTypeEn": "Party",
        "OrganizationTypeFr": "Parti",
        "OrganizationProvinceEn": null,
        "OrganizationProvinceFr": null,
        "OrganizationHasProfile": false,
        "IsSenatorialDivision": false,
        "ToBeStyledAsEn": "",
        "ToBeStyledAsFr": "",
        "GroupId": 0,
        "Source": null,
        "PortFolioEn": null,
        "PortFolioFr": null,
        "Committee": null,
        "GroupingTitleEn": "Parliamentarian",
        "GroupingTitleFr": "Parlementaire",
        "GroupingOrder": 1,
        "ParliamentStart": "1966-01-18T00:00:00Z",
        "ParliamentEnd": "1968-04-23T00:00:00Z",
        "ParliamentNumber": 27,
        "PartyOrganizationId": 7027,
        "PartyEn": "Ralliement des cr\u00e9ditistes",
        "PartyFr": "Ralliement des cr\u00e9ditistes",
        "PartyStartDate": "1965-11-08T00:00:00Z",
        "PartyEndDate": "1968-06-24T00:00:00Z",
        "PersonPersonId": 0,
        "PersonLastName": null,
        "PersonUsedFirstName": null,
        "PersonGender": null,
        "MemberOfParliament": null,
        "IsMP": false,
        "IsSenator": false,
        "GovernorGeneral": null,
        "Documents": null,
        "Senator": null,
        "NotesEn": null,
        "NotesFr": null,
        "InternalNotes": null,
        "IsCurrent": "False",
        "RoleId": 722,
        "NameEn": "Party Member",
        "Ordinal": null,
        "Classes": [
          {
            "RoleClassId": 105,
            "RoleClassOrdinal": null,
            "RoleToRoleClassOrdinal": null,
            "RoleClassNameEn": "Parliamentarian",
            "RoleClassNameFr": "Parlementaire"
          }
        ]
      },
      {
        "PersonRoleId": 24046,
        "NameFr": "Membre pour la circonscription",
        "StartDate": "1965-11-08T00:00:00Z",
        "StartDateIsApproximate": false,
        "EndDate": "1968-06-24T00:00:00Z",
        "EndDateIsApproximate": false,
        "EndReasonEn": null,
        "EndReasonFr": null,
        "EndReasonTypeEn": null,
        "EndReasonTypeFr": null,
        "SourceOfInformationEn": null,
        "SourceOfInformationFr": null,
        "IsActing": false,
        "ActingTextEn": null,
        "ActingTextFr": null,
        "HasCrossedTheFloor": false,
        "OrganizationId": 4366,
        "OrganizationLongEn": "Lac-Saint-Jean",
        "OrganizationLongFr": "Lac-Saint-Jean",
        "OrganizationShortEn": "",
        "OrganizationShortFr": "",
        "OrganizationAcronymEn": "",
        "OrganizationAcronymFr": "",
        "OrganizationTypeId": 35,
        "OrganizationTypeEn": "Constituency",
        "OrganizationTypeFr": "Circonscription",
        "OrganizationProvinceEn": "Quebec",
        "OrganizationProvinceFr": "Qu\u00e9bec",
        "OrganizationHasProfile": true,
        "IsSenatorialDivision": false,
        "ToBeStyledAsEn": "",
        "ToBeStyledAsFr": "",
        "GroupId": 0,
        "Source": null,
        "PortFolioEn": null,
        "PortFolioFr": null,
        "Committee": null,
        "GroupingTitleEn": "Parliamentarian",
        "GroupingTitleFr": "Parlementaire",
        "GroupingOrder": 1,
        "ParliamentStart": "1966-01-18T00:00:00Z",
        "ParliamentEnd": "1968-04-23T00:00:00Z",
        "ParliamentNumber": 27,
        "PartyOrganizationId": 7027,
        "PartyEn": "Ralliement des cr\u00e9ditistes",
        "PartyFr": "Ralliement des cr\u00e9ditistes",
        "PartyStartDate": "1965-11-08T00:00:00Z",
        "PartyEndDate": "1968-06-24T00:00:00Z",
        "PersonPersonId": 0,
        "PersonLastName": null,
        "PersonUsedFirstName": null,
        "PersonGender": null,
        "MemberOfParliament": {
          "OccupationTypeEn": "Continuous",
          "OccupationTypeFr": "Continue"
        },
        "IsMP": true,
        "IsSenator": false,
        "GovernorGeneral": null,
        "Documents": null,
        "Senator": null,
        "NotesEn": null,
        "NotesFr": null,
        "InternalNotes": null,
        "IsCurrent": "False",
        "RoleId": 719,
        "NameEn": "Constituency Member",
        "Ordinal": 240,
        "Classes": [
          {
            "RoleClassId": 49,
            "RoleClassOrdinal": 2,
            "RoleToRoleClassOrdinal": null,
            "RoleClassNameEn": "Salaries in the House of Commons",
            "RoleClassNameFr": "Salaires \u00e0 la Chambre des Communes"
          },
          {
            "RoleClassId": 105,
            "RoleClassOrdinal": null,
            "RoleToRoleClassOrdinal": null,
            "RoleClassNameEn": "Parliamentarian",
            "RoleClassNameFr": "Parlementaire"
          }
        ]
      },
      {
        "PersonRoleId": 136456,
        "NameFr": "Membre",
        "StartDate": "1966-01-18T00:00:00Z",
        "StartDateIsApproximate": false,
        "EndDate": "1967-05-07T00:00:00Z",
        "EndDateIsApproximate": false,
        "EndReasonEn": null,
        "EndReasonFr": null,
        "EndReasonTypeEn": null,
        "EndReasonTypeFr": null,
        "SourceOfInformationEn": null,
        "SourceOfInformationFr": null,
        "IsActing": false,
        "ActingTextEn": null,
        "ActingTextFr": null,
        "HasCrossedTheFloor": false,
        "OrganizationId": 6814,
        "OrganizationLongEn": "Standing Joint Committee on Printing",
        "OrganizationLongFr": "Comit\u00e9 mixte permanent des impressions",
        "OrganizationShortEn": "Printing",
        "OrganizationShortFr": "Impressions",
        "OrganizationAcronymEn": "",
        "OrganizationAcronymFr": "",
        "OrganizationTypeId": 27,
        "OrganizationTypeEn": "Committee",
        "OrganizationTypeFr": "Comit\u00e9",
        "OrganizationProvinceEn": null,
        "OrganizationProvinceFr": null,
        "OrganizationHasProfile": true,
        "IsSenatorialDivision": false,
        "ToBeStyledAsEn": "",
        "ToBeStyledAsFr": "",
        "GroupId": 0,
        "Source": null,
        "PortFolioEn": null,
        "PortFolioFr": null,
        "Committee": {
          "OrganizationId": 0,
          "SenateCommitteeId": 0,
          "CommitteeTypeId": 5,
          "CommitteeTypeEn": "Standing",
          "CommitteeTypeFr": "Permanent",
          "CompositionTypeId": 8,
          "CompositionTypeLongEn": "Joint",
          "CompositionTypeLongFr": "Mixte",
          "CompositionTypeShortEn": "J",
          "CompositionTypeShortFr": "J",
          "Sessions": [
            {
              "SessionId": 0,
              "SessionNumber": 1,
              "ParliamentNumber": 27,
              "StartDate": "1966-01-18T00:00:00Z",
              "EndDate": "1967-05-08T00:00:00Z",
              "ShortEn": "1st",
              "ShortFr": "1\u00e8re"
            }
          ],
          "Mandates": null
        },
        "GroupingTitleEn": null,
        "GroupingTitleFr": null,
        "GroupingOrder": 0,
        "ParliamentStart": null,
        "ParliamentEnd": null,
        "ParliamentNumber": 0,
        "PartyOrganizationId": 7027,
        "PartyEn": "Ralliement des cr\u00e9ditistes",
        "PartyFr": "Ralliement des cr\u00e9ditistes",
        "PartyStartDate": "1965-11-08T00:00:00Z",
        "PartyEndDate": "1968-06-24T00:00:00Z",
        "PersonPersonId": 0,
        "PersonLastName": null,
        "PersonUsedFirstName": null,
        "PersonGender": null,
        "MemberOfParliament": null,
        "IsMP": false,
        "IsSenator": false,
        "GovernorGeneral": null,
        "Documents": null,
        "Senator": null,
        "NotesEn": null,
        "NotesFr": null,
        "InternalNotes": null,
        "IsCurrent": "False",
        "RoleId": 226,
        "NameEn": "Member",
        "Ordinal": 300,
        "Classes": [
          {
            "RoleClassId": 33,
            "RoleClassOrdinal": null,
            "RoleToRoleClassOrdinal": null,
            "RoleClassNameEn": "Committee",
            "RoleClassNameFr": "Comit\u00e9"
          },
          {
            "RoleClassId": 113,
            "RoleClassOrdinal": null,
            "RoleToRoleClassOrdinal": null,
            "RoleClassNameEn": "ElectionProcessCloseDissolution",
            "RoleClassNameFr": "ElectionProcessCloseDissolution"
          }
        ]
      },
      {
        "PersonRoleId": 136490,
        "NameFr": "Membre",
        "StartDate": "1967-05-08T00:00:00Z",
        "StartDateIsApproximate": false,
        "EndDate": "1968-04-23T00:00:00Z",
        "EndDateIsApproximate": false,
        "EndReasonEn": null,
        "EndReasonFr": null,
        "EndReasonTypeEn": null,
        "EndReasonTypeFr": null,
        "SourceOfInformationEn": null,
        "SourceOfInformationFr": null,
        "IsActing": false,
        "ActingTextEn": null,
        "ActingTextFr": null,
        "HasCrossedTheFloor": false,
        "OrganizationId": 6814,
        "OrganizationLongEn": "Standing Joint Committee on Printing",
        "OrganizationLongFr": "Comit\u00e9 mixte permanent des impressions",
        "OrganizationShortEn": "Printing",
        "OrganizationShortFr": "Impressions",
        "OrganizationAcronymEn": "",
        "OrganizationAcronymFr": "",
        "OrganizationTypeId": 27,
        "OrganizationTypeEn": "Committee",
        "OrganizationTypeFr": "Comit\u00e9",
        "OrganizationProvinceEn": null,
        "OrganizationProvinceFr": null,
        "OrganizationHasProfile": true,
        "IsSenatorialDivision": false,
        "ToBeStyledAsEn": "",
        "ToBeStyledAsFr": "",
        "GroupId": 0,
        "Source": null,
        "PortFolioEn": null,
        "PortFolioFr": null,
        "Committee": {
          "OrganizationId": 0,
          "SenateCommitteeId": 0,
          "CommitteeTypeId": 5,
          "CommitteeTypeEn": "Standing",
          "CommitteeTypeFr": "Permanent",
          "CompositionTypeId": 8,
          "CompositionTypeLongEn": "Joint",
          "CompositionTypeLongFr": "Mixte",
          "CompositionTypeShortEn": "J",
          "CompositionTypeShortFr": "J",
          "Sessions": [
            {
              "SessionId": 0,
              "SessionNumber": 1,
              "ParliamentNumber": 27,
              "StartDate": "1966-01-18T00:00:00Z",
              "EndDate": "1967-05-08T00:00:00Z",
              "ShortEn": "1st",
              "ShortFr": "1\u00e8re"
            },
            {
              "SessionId": 0,
              "SessionNumber": 2,
              "ParliamentNumber": 27,
              "StartDate": "1967-05-08T00:00:00Z",
              "EndDate": "1968-04-23T00:00:00Z",
              "ShortEn": "2nd",
              "ShortFr": "2e"
            }
          ],
          "Mandates": null
        },
        "GroupingTitleEn": null,
        "GroupingTitleFr": null,
        "GroupingOrder": 0,
        "ParliamentStart": null,
        "ParliamentEnd": null,
        "ParliamentNumber": 0,
        "PartyOrganizationId": 7027,
        "PartyEn": "Ralliement des cr\u00e9ditistes",
        "PartyFr": "Ralliement des cr\u00e9ditistes",
        "PartyStartDate": "1965-11-08T00:00:00Z",
        "PartyEndDate": "1968-06-24T00:00:00Z",
        "PersonPersonId": 0,
        "PersonLastName": null,
        "PersonUsedFirstName": null,
        "PersonGender": null,
        "MemberOfParliament": null,
        "IsMP": false,
        "IsSenator": false,
        "GovernorGeneral": null,
        "Documents": null,
        "Senator": null,
        "NotesEn": null,
        "NotesFr": null,
        "InternalNotes": null,
        "IsCurrent": "False",
        "RoleId": 226,
        "NameEn": "Member",
        "Ordinal": 300,
        "Classes": [
          {
            "RoleClassId": 33,
            "RoleClassOrdinal": null,
            "RoleToRoleClassOrdinal": null,
            "RoleClassNameEn": "Committee",
            "RoleClassNameFr": "Comit\u00e9"
          },
          {
            "RoleClassId": 113,
            "RoleClassOrdinal": null,
            "RoleToRoleClassOrdinal": null,
            "RoleClassNameEn": "ElectionProcessCloseDissolution",
            "RoleClassNameFr": "ElectionProcessCloseDissolution"
          }
        ]
      },
      {
        "PersonRoleId": 136832,
        "NameFr": "Membre",
        "StartDate": "1966-01-18T00:00:00Z",
        "StartDateIsApproximate": false,
        "EndDate": "1967-05-07T00:00:00Z",
        "EndDateIsApproximate": false,
        "EndReasonEn": null,
        "EndReasonFr": null,
        "EndReasonTypeEn": null,
        "EndReasonTypeFr": null,
        "SourceOfInformationEn": null,
        "SourceOfInformationFr": null,
        "IsActing": false,
        "ActingTextEn": null,
        "ActingTextFr": null,
        "HasCrossedTheFloor": false,
        "OrganizationId": 7172,
        "OrganizationLongEn": "Standing Joint Committee on the Restaurant of Parliament",
        "OrganizationLongFr": "Comit\u00e9 mixte permanent du restaurant du Parlement",
        "OrganizationShortEn": "Restaurant of Parliament",
        "OrganizationShortFr": "Restaurant du Parlement",
        "OrganizationAcronymEn": "",
        "OrganizationAcronymFr": "",
        "OrganizationTypeId": 27,
        "OrganizationTypeEn": "Committee",
        "OrganizationTypeFr": "Comit\u00e9",
        "OrganizationProvinceEn": null,
        "OrganizationProvinceFr": null,
        "OrganizationHasProfile": true,
        "IsSenatorialDivision": false,
        "ToBeStyledAsEn": "",
        "ToBeStyledAsFr": "",
        "GroupId": 0,
        "Source": null,
        "PortFolioEn": null,
        "PortFolioFr": null,
        "Committee": {
          "OrganizationId": 0,
          "SenateCommitteeId": 0,
          "CommitteeTypeId": 5,
          "CommitteeTypeEn": "Standing",
          "CommitteeTypeFr": "Permanent",
          "CompositionTypeId": 8,
          "CompositionTypeLongEn": "Joint",
          "CompositionTypeLongFr": "Mixte",
          "CompositionTypeShortEn": "J",
          "CompositionTypeShortFr": "J",
          "Sessions": [
            {
              "SessionId": 0,
              "SessionNumber": 1,
              "ParliamentNumber": 27,
              "StartDate": "1966-01-18T00:00:00Z",
              "EndDate": "1967-05-08T00:00:00Z",
              "ShortEn": "1st",
              "ShortFr": "1\u00e8re"
            }
          ],
          "Mandates": null
        },
        "GroupingTitleEn": null,
        "GroupingTitleFr": null,
        "GroupingOrder": 0,
        "ParliamentStart": null,
        "ParliamentEnd": null,
        "ParliamentNumber": 0,
        "PartyOrganizationId": 7027,
        "PartyEn": "Ralliement des cr\u00e9ditistes",
        "PartyFr": "Ralliement des cr\u00e9ditistes",
        "PartyStartDate": "1965-11-08T00:00:00Z",
        "PartyEndDate": "1968-06-24T00:00:00Z",
        "PersonPersonId": 0,
        "PersonLastName": null,
        "PersonUsedFirstName": null,
        "PersonGender": null,
        "MemberOfParliament": null,
        "IsMP": false,
        "IsSenator": false,
        "GovernorGeneral": null,
        "Documents": null,
        "Senator": null,
        "NotesEn": null,
        "NotesFr": null,
        "InternalNotes": null,
        "IsCurrent": "False",
        "RoleId": 226,
        "NameEn": "Member",
        "Ordinal": 300,
        "Classes": [
          {
            "RoleClassId": 33,
            "RoleClassOrdinal": null,
            "RoleToRoleClassOrdinal": null,
            "RoleClassNameEn": "Committee",
            "RoleClassNameFr": "Comit\u00e9"
          },
          {
            "RoleClassId": 113,
            "RoleClassOrdinal": null,
            "RoleToRoleClassOrdinal": null,
            "RoleClassNameEn": "ElectionProcessCloseDissolution",
            "RoleClassNameFr": "ElectionProcessCloseDissolution"
          }
        ]
      },
      {
        "PersonRoleId": 140882,
        "NameFr": "Membre",
        "StartDate": "1966-01-18T00:00:00Z",
        "StartDateIsApproximate": false,
        "EndDate": "1967-05-08T00:00:00Z",
        "EndDateIsApproximate": false,
        "EndReasonEn": null,
        "EndReasonFr": null,
        "EndReasonTypeEn": null,
        "EndReasonTypeFr": null,
        "SourceOfInformationEn": null,
        "SourceOfInformationFr": null,
        "IsActing": false,
        "ActingTextEn": null,
        "ActingTextFr": null,
        "HasCrossedTheFloor": false,
        "OrganizationId": 3638,
        "OrganizationLongEn": "Standing Committee on Health and Welfare",
        "OrganizationLongFr": "Comit\u00e9 permanent de la sant\u00e9 et du bien-\u00eatre social",
        "OrganizationShortEn": "Health and Welfare",
        "OrganizationShortFr": "Sant\u00e9 et bien-\u00eatre social",
        "OrganizationAcronymEn": "",
        "OrganizationAcronymFr": "",
        "OrganizationTypeId": 27,
        "OrganizationTypeEn": "Committee",
        "OrganizationTypeFr": "Comit\u00e9",
        "OrganizationProvinceEn": null,
        "OrganizationProvinceFr": null,
        "OrganizationHasProfile": true,
        "IsSenatorialDivision": false,
        "ToBeStyledAsEn": "",
        "ToBeStyledAsFr": "",
        "GroupId": 0,
        "Source": null,
        "PortFolioEn": null,
        "PortFolioFr": null,
        "Committee": {
          "OrganizationId": 0,
          "SenateCommitteeId": 0,
          "CommitteeTypeId": 5,
          "CommitteeTypeEn": "Standing",
          "CommitteeTypeFr": "Permanent",
          "CompositionTypeId": 3,
          "CompositionTypeLongEn": "House of Commons",
          "CompositionTypeLongFr": "Chambre des communes",
          "CompositionTypeShortEn": "C",
          "CompositionTypeShortFr": "C",
          "Sessions": [
            {
              "SessionId": 0,
              "SessionNumber": 1,
              "ParliamentNumber": 27,
              "StartDate": "1966-01-18T00:00:00Z",
              "EndDate": "1967-05-08T00:00:00Z",
              "ShortEn": "1st",
              "ShortFr": "1\u00e8re"
            },
            {
              "SessionId": 0,
              "SessionNumber": 2,
              "ParliamentNumber": 27,
              "StartDate": "1967-05-08T00:00:00Z",
              "EndDate": "1968-04-23T00:00:00Z",
              "ShortEn": "2nd",
              "ShortFr": "2e"
            }
          ],
          "Mandates": null
        },
        "GroupingTitleEn": null,
        "GroupingTitleFr": null,
        "GroupingOrder": 0,
        "ParliamentStart": null,
        "ParliamentEnd": null,
        "ParliamentNumber": 0,
        "PartyOrganizationId": 7027,
        "PartyEn": "Ralliement des cr\u00e9ditistes",
        "PartyFr": "Ralliement des cr\u00e9ditistes",
        "PartyStartDate": "1965-11-08T00:00:00Z",
        "PartyEndDate": "1968-06-24T00:00:00Z",
        "PersonPersonId": 0,
        "PersonLastName": null,
        "PersonUsedFirstName": null,
        "PersonGender": null,
        "MemberOfParliament": null,
        "IsMP": false,
        "IsSenator": false,
        "GovernorGeneral": null,
        "Documents": null,
        "Senator": null,
        "NotesEn": null,
        "NotesFr": null,
        "InternalNotes": null,
        "IsCurrent": "False",
        "RoleId": 226,
        "NameEn": "Member",
        "Ordinal": 300,
        "Classes": [
          {
            "RoleClassId": 33,
            "RoleClassOrdinal": null,
            "RoleToRoleClassOrdinal": null,
            "RoleClassNameEn": "Committee",
            "RoleClassNameFr": "Comit\u00e9"
          },
          {
            "RoleClassId": 113,
            "RoleClassOrdinal": null,
            "RoleToRoleClassOrdinal": null,
            "RoleClassNameEn": "ElectionProcessCloseDissolution",
            "RoleClassNameFr": "ElectionProcessCloseDissolution"
          }
        ]
      },
      {
        "PersonRoleId": 141110,
        "NameFr": "Membre",
        "StartDate": "1966-01-18T00:00:00Z",
        "StartDateIsApproximate": false,
        "EndDate": "1967-05-08T00:00:00Z",
        "EndDateIsApproximate": false,
        "EndReasonEn": null,
        "EndReasonFr": null,
        "EndReasonTypeEn": null,
        "EndReasonTypeFr": null,
        "SourceOfInformationEn": null,
        "SourceOfInformationFr": null,
        "IsActing": false,
        "ActingTextEn": null,
        "ActingTextFr": null,
        "HasCrossedTheFloor": false,
        "OrganizationId": 10676,
        "OrganizationLongEn": "Standing Committee on Miscellaneous Private Bills",
        "OrganizationLongFr": "Comit\u00e9 permanent des projets de loi priv\u00e9s en g\u00e9n\u00e9ral",
        "OrganizationShortEn": "Miscellaneous Private Bills",
        "OrganizationShortFr": "Projets de loi priv\u00e9s en g\u00e9n\u00e9ral",
        "OrganizationAcronymEn": "",
        "OrganizationAcronymFr": "",
        "OrganizationTypeId": 27,
        "OrganizationTypeEn": "Committee",
        "OrganizationTypeFr": "Comit\u00e9",
        "OrganizationProvinceEn": null,
        "OrganizationProvinceFr": null,
        "OrganizationHasProfile": true,
        "IsSenatorialDivision": false,
        "ToBeStyledAsEn": "",
        "ToBeStyledAsFr": "",
        "GroupId": 0,
        "Source": null,
        "PortFolioEn": null,
        "PortFolioFr": null,
        "Committee": {
          "OrganizationId": 0,
          "SenateCommitteeId": 0,
          "CommitteeTypeId": 5,
          "CommitteeTypeEn": "Standing",
          "CommitteeTypeFr": "Permanent",
          "CompositionTypeId": 3,
          "CompositionTypeLongEn": "House of Commons",
          "CompositionTypeLongFr": "Chambre des communes",
          "CompositionTypeShortEn": "C",
          "CompositionTypeShortFr": "C",
          "Sessions": [
            {
              "SessionId": 0,
              "SessionNumber": 1,
              "ParliamentNumber": 27,
              "StartDate": "1966-01-18T00:00:00Z",
              "EndDate": "1967-05-08T00:00:00Z",
              "ShortEn": "1st",
              "ShortFr": "1\u00e8re"
            },
            {
              "SessionId": 0,
              "SessionNumber": 2,
              "ParliamentNumber": 27,
              "StartDate": "1967-05-08T00:00:00Z",
              "EndDate": "1968-04-23T00:00:00Z",
              "ShortEn": "2nd",
              "ShortFr": "2e"
            }
          ],
          "Mandates": null
        },
        "GroupingTitleEn": null,
        "GroupingTitleFr": null,
        "GroupingOrder": 0,
        "ParliamentStart": null,
        "ParliamentEnd": null,
        "ParliamentNumber": 0,
        "PartyOrganizationId": 7027,
        "PartyEn": "Ralliement des cr\u00e9ditistes",
        "PartyFr": "Ralliement des cr\u00e9ditistes",
        "PartyStartDate": "1965-11-08T00:00:00Z",
        "PartyEndDate": "1968-06-24T00:00:00Z",
        "PersonPersonId": 0,
        "PersonLastName": null,
        "PersonUsedFirstName": null,
        "PersonGender": null,
        "MemberOfParliament": null,
        "IsMP": false,
        "IsSenator": false,
        "GovernorGeneral": null,
        "Documents": null,
        "Senator": null,
        "NotesEn": null,
        "NotesFr": null,
        "InternalNotes": null,
        "IsCurrent": "False",
        "RoleId": 226,
        "NameEn": "Member",
        "Ordinal": 300,
        "Classes": [
          {
            "RoleClassId": 33,
            "RoleClassOrdinal": null,
            "RoleToRoleClassOrdinal": null,
            "RoleClassNameEn": "Committee",
            "RoleClassNameFr": "Comit\u00e9"
          },
          {
            "RoleClassId": 113,
            "RoleClassOrdinal": null,
            "RoleToRoleClassOrdinal": null,
            "RoleClassNameEn": "ElectionProcessCloseDissolution",
            "RoleClassNameFr": "ElectionProcessCloseDissolution"
          }
        ]
      },
      {
        "PersonRoleId": 141136,
        "NameFr": "Membre",
        "StartDate": "1967-05-08T00:00:00Z",
        "StartDateIsApproximate": false,
        "EndDate": "1968-04-23T00:00:00Z",
        "EndDateIsApproximate": false,
        "EndReasonEn": null,
        "EndReasonFr": null,
        "EndReasonTypeEn": null,
        "EndReasonTypeFr": null,
        "SourceOfInformationEn": null,
        "SourceOfInformationFr": null,
        "IsActing": false,
        "ActingTextEn": null,
        "ActingTextFr": null,
        "HasCrossedTheFloor": false,
        "OrganizationId": 1223,
        "OrganizationLongEn": "Standing Committee on Broadcasting, Films and Assistance to the Arts",
        "OrganizationLongFr": "Comit\u00e9 permanent sur la radiodiffusion, les films et l'assistance aux arts",
        "OrganizationShortEn": "Broadcasting, Films and Assistance to the Arts",
        "OrganizationShortFr": "Radiodiffusion, films et assistance aux arts",
        "OrganizationAcronymEn": "",
        "OrganizationAcronymFr": "",
        "OrganizationTypeId": 27,
        "OrganizationTypeEn": "Committee",
        "OrganizationTypeFr": "Comit\u00e9",
        "OrganizationProvinceEn": null,
        "OrganizationProvinceFr": null,
        "OrganizationHasProfile": true,
        "IsSenatorialDivision": false,
        "ToBeStyledAsEn": "",
        "ToBeStyledAsFr": "",
        "GroupId": 0,
        "Source": null,
        "PortFolioEn": null,
        "PortFolioFr": null,
        "Committee": {
          "OrganizationId": 0,
          "SenateCommitteeId": 0,
          "CommitteeTypeId": 5,
          "CommitteeTypeEn": "Standing",
          "CommitteeTypeFr": "Permanent",
          "CompositionTypeId": 3,
          "CompositionTypeLongEn": "House of Commons",
          "CompositionTypeLongFr": "Chambre des communes",
          "CompositionTypeShortEn": "C",
          "CompositionTypeShortFr": "C",
          "Sessions": [
            {
              "SessionId": 0,
              "SessionNumber": 1,
              "ParliamentNumber": 27,
              "StartDate": "1966-01-18T00:00:00Z",
              "EndDate": "1967-05-08T00:00:00Z",
              "ShortEn": "1st",
              "ShortFr": "1\u00e8re"
            },
            {
              "SessionId": 0,
              "SessionNumber": 2,
              "ParliamentNumber": 27,
              "StartDate": "1967-05-08T00:00:00Z",
              "EndDate": "1968-04-23T00:00:00Z",
              "ShortEn": "2nd",
              "ShortFr": "2e"
            }
          ],
          "Mandates": null
        },
        "GroupingTitleEn": null,
        "GroupingTitleFr": null,
        "GroupingOrder": 0,
        "ParliamentStart": null,
        "ParliamentEnd": null,
        "ParliamentNumber": 0,
        "PartyOrganizationId": 7027,
        "PartyEn": "Ralliement des cr\u00e9ditistes",
        "PartyFr": "Ralliement des cr\u00e9ditistes",
        "PartyStartDate": "1965-11-08T00:00:00Z",
        "PartyEndDate": "1968-06-24T00:00:00Z",
        "PersonPersonId": 0,
        "PersonLastName": null,
        "PersonUsedFirstName": null,
        "PersonGender": null,
        "MemberOfParliament": null,
        "IsMP": false,
        "IsSenator": false,
        "GovernorGeneral": null,
        "Documents": null,
        "Senator": null,
        "NotesEn": null,
        "NotesFr": null,
        "InternalNotes": null,
        "IsCurrent": "False",
        "RoleId": 226,
        "NameEn": "Member",
        "Ordinal": 300,
        "Classes": [
          {
            "RoleClassId": 33,
            "RoleClassOrdinal": null,
            "RoleToRoleClassOrdinal": null,
            "RoleClassNameEn": "Committee",
            "RoleClassNameFr": "Comit\u00e9"
          },
          {
            "RoleClassId": 113,
            "RoleClassOrdinal": null,
            "RoleToRoleClassOrdinal": null,
            "RoleClassNameEn": "ElectionProcessCloseDissolution",
            "RoleClassNameFr": "ElectionProcessCloseDissolution"
          }
        ]
      },
      {
        "PersonRoleId": 142184,
        "NameFr": "Membre",
        "StartDate": "1966-01-18T00:00:00Z",
        "StartDateIsApproximate": false,
        "EndDate": "1967-05-08T00:00:00Z",
        "EndDateIsApproximate": false,
        "EndReasonEn": null,
        "EndReasonFr": null,
        "EndReasonTypeEn": null,
        "EndReasonTypeFr": null,
        "SourceOfInformationEn": null,
        "SourceOfInformationFr": null,
        "IsActing": false,
        "ActingTextEn": null,
        "ActingTextFr": null,
        "HasCrossedTheFloor": false,
        "OrganizationId": 6005,
        "OrganizationLongEn": "Standing Committee on Northern Affairs and National Resources",
        "OrganizationLongFr": "Comit\u00e9 permanent du Nord canadien et des ressources nationales",
        "OrganizationShortEn": "Northern Affairs and National Resources",
        "OrganizationShortFr": "Nord canadien et ressources nationales",
        "OrganizationAcronymEn": "",
        "OrganizationAcronymFr": "",
        "OrganizationTypeId": 27,
        "OrganizationTypeEn": "Committee",
        "OrganizationTypeFr": "Comit\u00e9",
        "OrganizationProvinceEn": null,
        "OrganizationProvinceFr": null,
        "OrganizationHasProfile": true,
        "IsSenatorialDivision": false,
        "ToBeStyledAsEn": "",
        "ToBeStyledAsFr": "",
        "GroupId": 0,
        "Source": null,
        "PortFolioEn": null,
        "PortFolioFr": null,
        "Committee": {
          "OrganizationId": 0,
          "SenateCommitteeId": 0,
          "CommitteeTypeId": 5,
          "CommitteeTypeEn": "Standing",
          "CommitteeTypeFr": "Permanent",
          "CompositionTypeId": 3,
          "CompositionTypeLongEn": "House of Commons",
          "CompositionTypeLongFr": "Chambre des communes",
          "CompositionTypeShortEn": "C",
          "CompositionTypeShortFr": "C",
          "Sessions": [
            {
              "SessionId": 0,
              "SessionNumber": 1,
              "ParliamentNumber": 27,
              "StartDate": "1966-01-18T00:00:00Z",
              "EndDate": "1967-05-08T00:00:00Z",
              "ShortEn": "1st",
              "ShortFr": "1\u00e8re"
            },
            {
              "SessionId": 0,
              "SessionNumber": 2,
              "ParliamentNumber": 27,
              "StartDate": "1967-05-08T00:00:00Z",
              "EndDate": "1968-04-23T00:00:00Z",
              "ShortEn": "2nd",
              "ShortFr": "2e"
            }
          ],
          "Mandates": null
        },
        "GroupingTitleEn": null,
        "GroupingTitleFr": null,
        "GroupingOrder": 0,
        "ParliamentStart": null,
        "ParliamentEnd": null,
        "ParliamentNumber": 0,
        "PartyOrganizationId": 7027,
        "PartyEn": "Ralliement des cr\u00e9ditistes",
        "PartyFr": "Ralliement des cr\u00e9ditistes",
        "PartyStartDate": "1965-11-08T00:00:00Z",
        "PartyEndDate": "1968-06-24T00:00:00Z",
        "PersonPersonId": 0,
        "PersonLastName": null,
        "PersonUsedFirstName": null,
        "PersonGender": null,
        "MemberOfParliament": null,
        "IsMP": false,
        "IsSenator": false,
        "GovernorGeneral": null,
        "Documents": null,
        "Senator": null,
        "NotesEn": null,
        "NotesFr": null,
        "InternalNotes": null,
        "IsCurrent": "False",
        "RoleId": 226,
        "NameEn": "Member",
        "Ordinal": 300,
        "Classes": [
          {
            "RoleClassId": 33,
            "RoleClassOrdinal": null,
            "RoleToRoleClassOrdinal": null,
            "RoleClassNameEn": "Committee",
            "RoleClassNameFr": "Comit\u00e9"
          },
          {
            "RoleClassId": 113,
            "RoleClassOrdinal": null,
            "RoleToRoleClassOrdinal": null,
            "RoleClassNameEn": "ElectionProcessCloseDissolution",
            "RoleClassNameFr": "ElectionProcessCloseDissolution"
          }
        ]
      },
      {
        "PersonRoleId": 142899,
        "NameFr": "Membre",
        "StartDate": "1967-05-08T00:00:00Z",
        "StartDateIsApproximate": false,
        "EndDate": "1968-04-23T00:00:00Z",
        "EndDateIsApproximate": false,
        "EndReasonEn": null,
        "EndReasonFr": null,
        "EndReasonTypeEn": null,
        "EndReasonTypeFr": null,
        "SourceOfInformationEn": null,
        "SourceOfInformationFr": null,
        "IsActing": false,
        "ActingTextEn": null,
        "ActingTextFr": null,
        "HasCrossedTheFloor": false,
        "OrganizationId": 3638,
        "OrganizationLongEn": "Standing Committee on Health and Welfare",
        "OrganizationLongFr": "Comit\u00e9 permanent de la sant\u00e9 et du bien-\u00eatre social",
        "OrganizationShortEn": "Health and Welfare",
        "OrganizationShortFr": "Sant\u00e9 et bien-\u00eatre social",
        "OrganizationAcronymEn": "",
        "OrganizationAcronymFr": "",
        "OrganizationTypeId": 27,
        "OrganizationTypeEn": "Committee",
        "OrganizationTypeFr": "Comit\u00e9",
        "OrganizationProvinceEn": null,
        "OrganizationProvinceFr": null,
        "OrganizationHasProfile": true,
        "IsSenatorialDivision": false,
        "ToBeStyledAsEn": "",
        "ToBeStyledAsFr": "",
        "GroupId": 0,
        "Source": null,
        "PortFolioEn": null,
        "PortFolioFr": null,
        "Committee": {
          "OrganizationId": 0,
          "SenateCommitteeId": 0,
          "CommitteeTypeId": 5,
          "CommitteeTypeEn": "Standing",
          "CommitteeTypeFr": "Permanent",
          "CompositionTypeId": 3,
          "CompositionTypeLongEn": "House of Commons",
          "CompositionTypeLongFr": "Chambre des communes",
          "CompositionTypeShortEn": "C",
          "CompositionTypeShortFr": "C",
          "Sessions": [
            {
              "SessionId": 0,
              "SessionNumber": 1,
              "ParliamentNumber": 27,
              "StartDate": "1966-01-18T00:00:00Z",
              "EndDate": "1967-05-08T00:00:00Z",
              "ShortEn": "1st",
              "ShortFr": "1\u00e8re"
            },
            {
              "SessionId": 0,
              "SessionNumber": 2,
              "ParliamentNumber": 27,
              "StartDate": "1967-05-08T00:00:00Z",
              "EndDate": "1968-04-23T00:00:00Z",
              "ShortEn": "2nd",
              "ShortFr": "2e"
            }
          ],
          "Mandates": null
        },
        "GroupingTitleEn": null,
        "GroupingTitleFr": null,
        "GroupingOrder": 0,
        "ParliamentStart": null,
        "ParliamentEnd": null,
        "ParliamentNumber": 0,
        "PartyOrganizationId": 7027,
        "PartyEn": "Ralliement des cr\u00e9ditistes",
        "PartyFr": "Ralliement des cr\u00e9ditistes",
        "PartyStartDate": "1965-11-08T00:00:00Z",
        "PartyEndDate": "1968-06-24T00:00:00Z",
        "PersonPersonId": 0,
        "PersonLastName": null,
        "PersonUsedFirstName": null,
        "PersonGender": null,
        "MemberOfParliament": null,
        "IsMP": false,
        "IsSenator": false,
        "GovernorGeneral": null,
        "Documents": null,
        "Senator": null,
        "NotesEn": null,
        "NotesFr": null,
        "InternalNotes": null,
        "IsCurrent": "False",
        "RoleId": 226,
        "NameEn": "Member",
        "Ordinal": 300,
        "Classes": [
          {
            "RoleClassId": 33,
            "RoleClassOrdinal": null,
            "RoleToRoleClassOrdinal": null,
            "RoleClassNameEn": "Committee",
            "RoleClassNameFr": "Comit\u00e9"
          },
          {
            "RoleClassId": 113,
            "RoleClassOrdinal": null,
            "RoleToRoleClassOrdinal": null,
            "RoleClassNameEn": "ElectionProcessCloseDissolution",
            "RoleClassNameFr": "ElectionProcessCloseDissolution"
          }
        ]
      },
      {
        "PersonRoleId": 263367,
        "NameFr": "Membre",
        "StartDate": "1966-01-18T00:00:00Z",
        "StartDateIsApproximate": false,
        "EndDate": "1967-05-08T00:00:00Z",
        "EndDateIsApproximate": false,
        "EndReasonEn": null,
        "EndReasonFr": null,
        "EndReasonTypeEn": null,
        "EndReasonTypeFr": null,
        "SourceOfInformationEn": null,
        "SourceOfInformationFr": null,
        "IsActing": false,
        "ActingTextEn": null,
        "ActingTextFr": null,
        "HasCrossedTheFloor": false,
        "OrganizationId": 2820,
        "OrganizationLongEn": "Special Joint Committee on Employer-Employee Relations in the Public Service of Canada",
        "OrganizationLongFr": "Comit\u00e9 mixte sp\u00e9cial des relations employeur-employ\u00e9s dans la Fonction publique du Canada",
        "OrganizationShortEn": "Employer-Employee Relations in the Public Service",
        "OrganizationShortFr": "Relations employeur-employ\u00e9s dans la fonction publique",
        "OrganizationAcronymEn": "",
        "OrganizationAcronymFr": "",
        "OrganizationTypeId": 27,
        "OrganizationTypeEn": "Committee",
        "OrganizationTypeFr": "Comit\u00e9",
        "OrganizationProvinceEn": null,
        "OrganizationProvinceFr": null,
        "OrganizationHasProfile": true,
        "IsSenatorialDivision": false,
        "ToBeStyledAsEn": "",
        "ToBeStyledAsFr": "",
        "GroupId": 0,
        "Source": null,
        "PortFolioEn": null,
        "PortFolioFr": null,
        "Committee": {
          "OrganizationId": 0,
          "SenateCommitteeId": 0,
          "CommitteeTypeId": 4,
          "CommitteeTypeEn": "Special",
          "CommitteeTypeFr": "Sp\u00e9cial",
          "CompositionTypeId": 8,
          "CompositionTypeLongEn": "Joint",
          "CompositionTypeLongFr": "Mixte",
          "CompositionTypeShortEn": "J",
          "CompositionTypeShortFr": "J",
          "Sessions": [
            {
              "SessionId": 0,
              "SessionNumber": 1,
              "ParliamentNumber": 27,
              "StartDate": "1966-01-18T00:00:00Z",
              "EndDate": "1967-05-08T00:00:00Z",
              "ShortEn": "1st",
              "ShortFr": "1\u00e8re"
            },
            {
              "SessionId": 0,
              "SessionNumber": 2,
              "ParliamentNumber": 27,
              "StartDate": "1967-05-08T00:00:00Z",
              "EndDate": "1968-04-23T00:00:00Z",
              "ShortEn": "2nd",
              "ShortFr": "2e"
            }
          ],
          "Mandates": null
        },
        "GroupingTitleEn": null,
        "GroupingTitleFr": null,
        "GroupingOrder": 0,
        "ParliamentStart": null,
        "ParliamentEnd": null,
        "ParliamentNumber": 0,
        "PartyOrganizationId": 7027,
        "PartyEn": "Ralliement des cr\u00e9ditistes",
        "PartyFr": "Ralliement des cr\u00e9ditistes",
        "PartyStartDate": "1965-11-08T00:00:00Z",
        "PartyEndDate": "1968-06-24T00:00:00Z",
        "PersonPersonId": 0,
        "PersonLastName": null,
        "PersonUsedFirstName": null,
        "PersonGender": null,
        "MemberOfParliament": null,
        "IsMP": false,
        "IsSenator": false,
        "GovernorGeneral": null,
        "Documents": null,
        "Senator": null,
        "NotesEn": null,
        "NotesFr": null,
        "InternalNotes": null,
        "IsCurrent": "False",
        "RoleId": 226,
        "NameEn": "Member",
        "Ordinal": 300,
        "Classes": [
          {
            "RoleClassId": 33,
            "RoleClassOrdinal": null,
            "RoleToRoleClassOrdinal": null,
            "RoleClassNameEn": "Committee",
            "RoleClassNameFr": "Comit\u00e9"
          },
          {
            "RoleClassId": 113,
            "RoleClassOrdinal": null,
            "RoleToRoleClassOrdinal": null,
            "RoleClassNameEn": "ElectionProcessCloseDissolution",
            "RoleClassNameFr": "ElectionProcessCloseDissolution"
          }
        ]
      },
      {
        "PersonRoleId": 263375,
        "NameFr": "Membre",
        "StartDate": "1966-01-18T00:00:00Z",
        "StartDateIsApproximate": false,
        "EndDate": "1967-05-08T00:00:00Z",
        "EndDateIsApproximate": false,
        "EndReasonEn": null,
        "EndReasonFr": null,
        "EndReasonTypeEn": null,
        "EndReasonTypeFr": null,
        "SourceOfInformationEn": null,
        "SourceOfInformationFr": null,
        "IsActing": false,
        "ActingTextEn": null,
        "ActingTextFr": null,
        "HasCrossedTheFloor": false,
        "OrganizationId": 1223,
        "OrganizationLongEn": "Standing Committee on Broadcasting, Films and Assistance to the Arts",
        "OrganizationLongFr": "Comit\u00e9 permanent sur la radiodiffusion, les films et l'assistance aux arts",
        "OrganizationShortEn": "Broadcasting, Films and Assistance to the Arts",
        "OrganizationShortFr": "Radiodiffusion, films et assistance aux arts",
        "OrganizationAcronymEn": "",
        "OrganizationAcronymFr": "",
        "OrganizationTypeId": 27,
        "OrganizationTypeEn": "Committee",
        "OrganizationTypeFr": "Comit\u00e9",
        "OrganizationProvinceEn": null,
        "OrganizationProvinceFr": null,
        "OrganizationHasProfile": true,
        "IsSenatorialDivision": false,
        "ToBeStyledAsEn": "",
        "ToBeStyledAsFr": "",
        "GroupId": 0,
        "Source": null,
        "PortFolioEn": null,
        "PortFolioFr": null,
        "Committee": {
          "OrganizationId": 0,
          "SenateCommitteeId": 0,
          "CommitteeTypeId": 5,
          "CommitteeTypeEn": "Standing",
          "CommitteeTypeFr": "Permanent",
          "CompositionTypeId": 3,
          "CompositionTypeLongEn": "House of Commons",
          "CompositionTypeLongFr": "Chambre des communes",
          "CompositionTypeShortEn": "C",
          "CompositionTypeShortFr": "C",
          "Sessions": [
            {
              "SessionId": 0,
              "SessionNumber": 1,
              "ParliamentNumber": 27,
              "StartDate": "1966-01-18T00:00:00Z",
              "EndDate": "1967-05-08T00:00:00Z",
              "ShortEn": "1st",
              "ShortFr": "1\u00e8re"
            },
            {
              "SessionId": 0,
              "SessionNumber": 2,
              "ParliamentNumber": 27,
              "StartDate": "1967-05-08T00:00:00Z",
              "EndDate": "1968-04-23T00:00:00Z",
              "ShortEn": "2nd",
              "ShortFr": "2e"
            }
          ],
          "Mandates": null
        },
        "GroupingTitleEn": null,
        "GroupingTitleFr": null,
        "GroupingOrder": 0,
        "ParliamentStart": null,
        "ParliamentEnd": null,
        "ParliamentNumber": 0,
        "PartyOrganizationId": 7027,
        "PartyEn": "Ralliement des cr\u00e9ditistes",
        "PartyFr": "Ralliement des cr\u00e9ditistes",
        "PartyStartDate": "1965-11-08T00:00:00Z",
        "PartyEndDate": "1968-06-24T00:00:00Z",
        "PersonPersonId": 0,
        "PersonLastName": null,
        "PersonUsedFirstName": null,
        "PersonGender": null,
        "MemberOfParliament": null,
        "IsMP": false,
        "IsSenator": false,
        "GovernorGeneral": null,
        "Documents": null,
        "Senator": null,
        "NotesEn": null,
        "NotesFr": null,
        "InternalNotes": null,
        "IsCurrent": "False",
        "RoleId": 226,
        "NameEn": "Member",
        "Ordinal": 300,
        "Classes": [
          {
            "RoleClassId": 33,
            "RoleClassOrdinal": null,
            "RoleToRoleClassOrdinal": null,
            "RoleClassNameEn": "Committee",
            "RoleClassNameFr": "Comit\u00e9"
          },
          {
            "RoleClassId": 113,
            "RoleClassOrdinal": null,
            "RoleToRoleClassOrdinal": null,
            "RoleClassNameEn": "ElectionProcessCloseDissolution",
            "RoleClassNameFr": "ElectionProcessCloseDissolution"
          }
        ]
      },
      {
        "PersonRoleId": 263445,
        "NameFr": "Membre",
        "StartDate": "1967-05-08T00:00:00Z",
        "StartDateIsApproximate": false,
        "EndDate": "1968-04-23T00:00:00Z",
        "EndDateIsApproximate": false,
        "EndReasonEn": null,
        "EndReasonFr": null,
        "EndReasonTypeEn": null,
        "EndReasonTypeFr": null,
        "SourceOfInformationEn": null,
        "SourceOfInformationFr": null,
        "IsActing": false,
        "ActingTextEn": null,
        "ActingTextFr": null,
        "HasCrossedTheFloor": false,
        "OrganizationId": 8086,
        "OrganizationLongEn": "Special Committee on Procedure of the House",
        "OrganizationLongFr": "Comit\u00e9 sp\u00e9cial de la proc\u00e9dure de la Chambre",
        "OrganizationShortEn": "Procedure of the House",
        "OrganizationShortFr": "Proc\u00e9dure de la Chambre",
        "OrganizationAcronymEn": "",
        "OrganizationAcronymFr": "",
        "OrganizationTypeId": 27,
        "OrganizationTypeEn": "Committee",
        "OrganizationTypeFr": "Comit\u00e9",
        "OrganizationProvinceEn": null,
        "OrganizationProvinceFr": null,
        "OrganizationHasProfile": true,
        "IsSenatorialDivision": false,
        "ToBeStyledAsEn": "",
        "ToBeStyledAsFr": "",
        "GroupId": 0,
        "Source": null,
        "PortFolioEn": null,
        "PortFolioFr": null,
        "Committee": {
          "OrganizationId": 0,
          "SenateCommitteeId": 0,
          "CommitteeTypeId": 4,
          "CommitteeTypeEn": "Special",
          "CommitteeTypeFr": "Sp\u00e9cial",
          "CompositionTypeId": 3,
          "CompositionTypeLongEn": "House of Commons",
          "CompositionTypeLongFr": "Chambre des communes",
          "CompositionTypeShortEn": "C",
          "CompositionTypeShortFr": "C",
          "Sessions": [
            {
              "SessionId": 0,
              "SessionNumber": 1,
              "ParliamentNumber": 27,
              "StartDate": "1966-01-18T00:00:00Z",
              "EndDate": "1967-05-08T00:00:00Z",
              "ShortEn": "1st",
              "ShortFr": "1\u00e8re"
            },
            {
              "SessionId": 0,
              "SessionNumber": 2,
              "ParliamentNumber": 27,
              "StartDate": "1967-05-08T00:00:00Z",
              "EndDate": "1968-04-23T00:00:00Z",
              "ShortEn": "2nd",
              "ShortFr": "2e"
            }
          ],
          "Mandates": null
        },
        "GroupingTitleEn": null,
        "GroupingTitleFr": null,
        "GroupingOrder": 0,
        "ParliamentStart": null,
        "ParliamentEnd": null,
        "ParliamentNumber": 0,
        "PartyOrganizationId": 7027,
        "PartyEn": "Ralliement des cr\u00e9ditistes",
        "PartyFr": "Ralliement des cr\u00e9ditistes",
        "PartyStartDate": "1965-11-08T00:00:00Z",
        "PartyEndDate": "1968-06-24T00:00:00Z",
        "PersonPersonId": 0,
        "PersonLastName": null,
        "PersonUsedFirstName": null,
        "PersonGender": null,
        "MemberOfParliament": null,
        "IsMP": false,
        "IsSenator": false,
        "GovernorGeneral": null,
        "Documents": null,
        "Senator": null,
        "NotesEn": null,
        "NotesFr": null,
        "InternalNotes": null,
        "IsCurrent": "False",
        "RoleId": 226,
        "NameEn": "Member",
        "Ordinal": 300,
        "Classes": [
          {
            "RoleClassId": 33,
            "RoleClassOrdinal": null,
            "RoleToRoleClassOrdinal": null,
            "RoleClassNameEn": "Committee",
            "RoleClassNameFr": "Comit\u00e9"
          },
          {
            "RoleClassId": 113,
            "RoleClassOrdinal": null,
            "RoleToRoleClassOrdinal": null,
            "RoleClassNameEn": "ElectionProcessCloseDissolution",
            "RoleClassNameFr": "ElectionProcessCloseDissolution"
          }
        ]
      }
    ],
    "HillAddresses": null,
    "ConstituencyAddresses": null,
    "WebLinks": null,
    "Bibliography": null,
    "ElectionCandidates": [
      {
        "ElectionCandidateId": 7261,
        "ParliamentNumber": 27,
        "ElectionId": 506,
        "ElectionDate": "1965-11-08T00:00:00Z",
        "IsGeneral": true,
        "IsPreliminary": false,
        "OrganizationId": 4366,
        "ConstituencyEn": "Lac-Saint-Jean",
        "ConstituencyFr": "Lac-Saint-Jean",
        "ProvinceEn": null,
        "ProvinceFr": null,
        "PersonRoleId": null,
        "ElectionCanadaFirstName": "Joseph Alcide",
        "ElectionCanadaLastName": "SIMARD",
        "ElectionCanadaMiddleName": null,
        "Gender": "M",
        "OccupationEn": "Insurance agent",
        "OccupationFr": "Agent d'assurances",
        "PartyOrganizationId": 7027,
        "PartyNameEn": "Ralliement des cr\u00e9ditistes",
        "PartyNameFr": "Ralliement des cr\u00e9ditistes",
        "Votes": 5642,
        "ResultLongEn": "Elected",
        "ResultLongFr": "\u00c9lu",
        "OtherResultLongEn": null,
        "OtherResultLongFr": null,
        "NotesEn": null,
        "NotesFr": null,
        "InternalNotes": null
      },
      {
        "ElectionCandidateId": 7266,
        "ParliamentNumber": 28,
        "ElectionId": 521,
        "ElectionDate": "1968-06-25T00:00:00Z",
        "IsGeneral": true,
        "IsPreliminary": false,
        "OrganizationId": 4366,
        "ConstituencyEn": "Lac-Saint-Jean",
        "ConstituencyFr": "Lac-Saint-Jean",
        "ProvinceEn": null,
        "ProvinceFr": null,
        "PersonRoleId": null,
        "ElectionCanadaFirstName": "Joseph Alcide",
        "ElectionCanadaLastName": "SIMARD",
        "ElectionCanadaMiddleName": null,
        "Gender": "M",
        "OccupationEn": "Insurance agent",
        "OccupationFr": "Agent d'assurances",
        "PartyOrganizationId": 7027,
        "PartyNameEn": "Ralliement des cr\u00e9ditistes",
        "PartyNameFr": "Ralliement des cr\u00e9ditistes",
        "Votes": 8430,
        "ResultLongEn": "Defeated",
        "ResultLongFr": "D\u00e9fait",
        "OtherResultLongEn": null,
        "OtherResultLongFr": null,
        "NotesEn": null,
        "NotesFr": null,
        "InternalNotes": null
      }
    ],
    "Death": {
      "DateOfDeath": "1984-12-21T00:00:00Z",
      "DateOfDeathIsApproximate": false,
      "DeceasedOnDuty": false,
      "RecordNotFound": false,
      "CauseOfDeathEn": null,
      "CauseOfDeathFr": null,
      "CemetaryNameEn": null,
      "CemetaryNameFr": null,
      "CemetaryCityEn": null,
      "CemetaryCityFr": null,
      "CemetaryProvinceEn": null,
      "CemetaryProvinceFr": null,
      "CemetaryCountryEn": null,
      "CemetaryCountryFr": null,
      "FuneralDate": null,
      "StateLayFuneralLocationEn": null,
      "StateLayFuneralLocationFr": null,
      "StateLayFuneralStartDate": null,
      "StateLayFuneralEndDate": null,
      "ReferenceOfStateLay": null
    },
    "PrimeMinister": null,
    "Parliaments": null,
    "Age": 77,
    "DisplayName": "Simard, Joseph Alcide",
    "StraightDisplayName": "Joseph Alcide Simard",
    "PartyEn": "Ralliement des cr\u00e9ditistes (1965/11/08 - 1968/06/24)<br>",
    "PartyFr": "Ralliement des cr\u00e9ditistes (1965/11/08 - 1968/06/24)<br>",
    "ConstituencyEn": "Lac-Saint-Jean (1965/11/08 - 1968/06/24)<br>",
    "ConstituencyFr": "Lac-Saint-Jean (1965/11/08 - 1968/06/24)<br>",
    "CurrentPartyEn": "Ralliement des cr\u00e9ditistes",
    "CurrentPartyFr": "Ralliement des cr\u00e9ditistes",
    "CurrentConstituencyEn": "Lac-Saint-Jean",
    "CurrentConstituencyFr": "Lac-Saint-Jean",
    "ElectedInParliaments": "27;",
    "ServedInParliaments": "27;",
    "ProvinceEn": "Quebec<br>",
    "ProvinceFr": "Qu\u00e9bec<br>",
    "PrimeMinisterEn": "",
    "PrimeMinisterFr": "",
    "CabinetChairEn": "",
    "CabinetChairFr": "",
    "CabinetCommitteeMemberEn": "",
    "CabinetCommitteeMemberFr": "",
    "LeaderOpposition": "",
    "DeputyPrimeMinister": "",
    "SpeakerHouseOfCommons": "",
    "SpeakerSenate": "",
    "SpeakerProTempore": "",
    "DeputySpeaker": "",
    "AssistantDeputySpeakerChairEn": "",
    "AssistantDeputySpeakerChairFr": "",
    "MinisterOfEn": "",
    "MinisterOfFr": "",
    "AssociateMinisterOfEn": "",
    "AssociateMinisterOfFr": "",
    "MinisterOfStateOfEn": "",
    "MinisterOfStateOfFr": "",
    "SecretaryOfStateOfEn": "",
    "SecretaryOfStateOfFr": "",
    "ParliamentarySecretaryOfEn": "",
    "ParliamentarySecretaryOfFr": "",
    "ParliamentaryAssistantOfEn": "",
    "ParliamentaryAssistantOfFr": "",
    "PartyLeaderEn": "",
    "PartyLeaderFr": "",
    "HouseLeaderEn": "",
    "HouseLeaderFr": "",
    "DeputyHouseLeaderEn": "",
    "DeputyHouseLeaderFr": "",
    "WhipEn": "",
    "WhipFr": "",
    "DeputyWhipEn": "",
    "DeputyWhipFr": "",
    "CriticOfEn": "",
    "CriticOfFr": "",
    "AssistantCriticOfEn": "",
    "AssistantCriticOfFr": "",
    "TypeOfParliamentarianEn": "MP (1965/11/08 - 1968/06/24)<br>",
    "TypeOfParliamentarianFr": "D\u00e9put\u00e9 (1965/11/08 - 1968/06/24)<br>",
    "MemberOfParliamentMandate": "1965/11/08 - 1968/06/24<br>",
    "SenateMandate": "",
    "DiedInOffice": false,
    "PremiershipExperienceEn": "",
    "PremiershipExperienceFr": "",
    "ProvincialExperienceEn": "",
    "ProvincialExperienceFr": "",
    "MunicipalExperienceEn": "",
    "MunicipalExperienceFr": "",
    "MilitaryServiceEn": "",
    "MilitaryServiceFr": "",
    "MinistryDurationEn": "",
    "MinistryDurationFr": "",
    "ProfessionsEn": ", life insurance agent",
    "ProfessionsFr": ", agent d'assurance-vie",
    "LanguageEn": "",
    "LanguageFr": "",
    "IsPrimeMinister": false,
    "YearsOfServiceSegments": [
      {
        "TotalDays": 960,
        "Years": 2,
        "Months": 7,
        "Days": 17,
        "Hours": 0,
        "Minutes": 0,
        "Seconds": 0,
        "Milliseconds": 0
      }
    ],
    "YearsOfServiceSegmentsSenate": [],
    "YearsOfServiceSegmentsHouse": [
      {
        "TotalDays": 960,
        "Years": 2,
        "Months": 7,
        "Days": 17,
        "Hours": 0,
        "Minutes": 0,
        "Seconds": 0,
        "Milliseconds": 0
      }
    ],
    "IsCurrentlyInOffice": false,
    "IsCurrentlySenator": false,
    "IsCurrentlyMP": false,
    "HasMaidenSpeech": false,
    "_id": "59f8770be413e1389ffd1960",
    "LastUpdatedId": "000000000000000000000000",
    "LastModified": "0001-01-01T00:00:00",
    "ModifiedBy": null
  },
  "FederalExperience": [
    {
      "PersonRoleId": 24046,
      "NameFr": "Membre pour la circonscription",
      "StartDate": "1965-11-08T00:00:00Z",
      "StartDateIsApproximate": false,
      "EndDate": "1968-06-24T00:00:00Z",
      "EndDateIsApproximate": false,
      "EndReasonEn": null,
      "EndReasonFr": null,
      "EndReasonTypeEn": null,
      "EndReasonTypeFr": null,
      "SourceOfInformationEn": null,
      "SourceOfInformationFr": null,
      "IsActing": false,
      "ActingTextEn": null,
      "ActingTextFr": null,
      "HasCrossedTheFloor": false,
      "OrganizationId": 4366,
      "OrganizationLongEn": "Lac-Saint-Jean",
      "OrganizationLongFr": "Lac-Saint-Jean",
      "OrganizationShortEn": "",
      "OrganizationShortFr": "",
      "OrganizationAcronymEn": "",
      "OrganizationAcronymFr": "",
      "OrganizationTypeId": 35,
      "OrganizationTypeEn": "Constituency",
      "OrganizationTypeFr": "Circonscription",
      "OrganizationProvinceEn": "Quebec",
      "OrganizationProvinceFr": "Qu\u00e9bec",
      "OrganizationHasProfile": true,
      "IsSenatorialDivision": false,
      "ToBeStyledAsEn": "",
      "ToBeStyledAsFr": "",
      "GroupId": 0,
      "Source": null,
      "PortFolioEn": null,
      "PortFolioFr": null,
      "Committee": null,
      "GroupingTitleEn": "Parliamentarian",
      "GroupingTitleFr": "Parlementaire",
      "GroupingOrder": 1,
      "ParliamentStart": "1966-01-18T00:00:00Z",
      "ParliamentEnd": "1968-04-23T00:00:00Z",
      "ParliamentNumber": 27,
      "PartyOrganizationId": 7027,
      "PartyEn": "Ralliement des cr\u00e9ditistes",
      "PartyFr": "Ralliement des cr\u00e9ditistes",
      "PartyStartDate": "1965-11-08T00:00:00Z",
      "PartyEndDate": "1968-06-24T00:00:00Z",
      "PersonPersonId": 0,
      "PersonLastName": null,
      "PersonUsedFirstName": null,
      "PersonGender": null,
      "MemberOfParliament": {
        "OccupationTypeEn": "Continuous",
        "OccupationTypeFr": "Continue"
      },
      "IsMP": true,
      "IsSenator": false,
      "GovernorGeneral": null,
      "Documents": null,
      "Senator": null,
      "NotesEn": null,
      "NotesFr": null,
      "InternalNotes": null,
      "IsCurrent": "False",
      "RoleId": 719,
      "NameEn": "Constituency Member",
      "Ordinal": 240,
      "Classes": [
        {
          "RoleClassId": 49,
          "RoleClassOrdinal": 2,
          "RoleToRoleClassOrdinal": null,
          "RoleClassNameEn": "Salaries in the House of Commons",
          "RoleClassNameFr": "Salaires \u00e0 la Chambre des Communes"
        },
        {
          "RoleClassId": 105,
          "RoleClassOrdinal": null,
          "RoleToRoleClassOrdinal": null,
          "RoleClassNameEn": "Parliamentarian",
          "RoleClassNameFr": "Parlementaire"
        }
      ]
    },
    {
      "PersonRoleId": 69627,
      "NameFr": "Membre du parti",
      "StartDate": "1965-11-08T00:00:00Z",
      "StartDateIsApproximate": false,
      "EndDate": "1968-06-24T00:00:00Z",
      "EndDateIsApproximate": false,
      "EndReasonEn": null,
      "EndReasonFr": null,
      "EndReasonTypeEn": null,
      "EndReasonTypeFr": null,
      "SourceOfInformationEn": null,
      "SourceOfInformationFr": null,
      "IsActing": false,
      "ActingTextEn": null,
      "ActingTextFr": null,
      "HasCrossedTheFloor": false,
      "OrganizationId": 7027,
      "OrganizationLongEn": "Ralliement des cr\u00e9ditistes",
      "OrganizationLongFr": "Ralliement des cr\u00e9ditistes",
      "OrganizationShortEn": "Ralliement Cr\u00e9ditiste",
      "OrganizationShortFr": "Ralliement cr\u00e9ditiste",
      "OrganizationAcronymEn": "Ral. Cr\u00e9d.",
      "OrganizationAcronymFr": "Ral. Cr\u00e9d.",
      "OrganizationTypeId": 4,
      "OrganizationTypeEn": "Party",
      "OrganizationTypeFr": "Parti",
      "OrganizationProvinceEn": null,
      "OrganizationProvinceFr": null,
      "OrganizationHasProfile": false,
      "IsSenatorialDivision": false,
      "ToBeStyledAsEn": "",
      "ToBeStyledAsFr": "",
      "GroupId": 0,
      "Source": null,
      "PortFolioEn": null,
      "PortFolioFr": null,
      "Committee": null,
      "GroupingTitleEn": "Parliamentarian",
      "GroupingTitleFr": "Parlementaire",
      "GroupingOrder": 1,
      "ParliamentStart": "1966-01-18T00:00:00Z",
      "ParliamentEnd": "1968-04-23T00:00:00Z",
      "ParliamentNumber": 27,
      "PartyOrganizationId": 7027,
      "PartyEn": "Ralliement des cr\u00e9ditistes",
      "PartyFr": "Ralliement des cr\u00e9ditistes",
      "PartyStartDate": "1965-11-08T00:00:00Z",
      "PartyEndDate": "1968-06-24T00:00:00Z",
      "PersonPersonId": 0,
      "PersonLastName": null,
      "PersonUsedFirstName": null,
      "PersonGender": null,
      "MemberOfParliament": null,
      "IsMP": false,
      "IsSenator": false,
      "GovernorGeneral": null,
      "Documents": null,
      "Senator": null,
      "NotesEn": null,
      "NotesFr": null,
      "InternalNotes": null,
      "IsCurrent": "False",
      "RoleId": 722,
      "NameEn": "Party Member",
      "Ordinal": null,
      "Classes": [
        {
          "RoleClassId": 105,
          "RoleClassOrdinal": null,
          "RoleToRoleClassOrdinal": null,
          "RoleClassNameEn": "Parliamentarian",
          "RoleClassNameFr": "Parlementaire"
        }
      ]
    }
  ],
  "FederalExperienceList": [
    {
      "PersonRoleId": 69627,
      "NameFr": "Membre du parti",
      "StartDate": "1965-11-08T00:00:00Z",
      "StartDateIsApproximate": false,
      "EndDate": "1968-06-24T00:00:00Z",
      "EndDateIsApproximate": false,
      "EndReasonEn": null,
      "EndReasonFr": null,
      "EndReasonTypeEn": null,
      "EndReasonTypeFr": null,
      "SourceOfInformationEn": null,
      "SourceOfInformationFr": null,
      "IsActing": false,
      "ActingTextEn": null,
      "ActingTextFr": null,
      "HasCrossedTheFloor": false,
      "OrganizationId": 7027,
      "OrganizationLongEn": "Ralliement des cr\u00e9ditistes",
      "OrganizationLongFr": "Ralliement des cr\u00e9ditistes",
      "OrganizationShortEn": "Ralliement Cr\u00e9ditiste",
      "OrganizationShortFr": "Ralliement cr\u00e9ditiste",
      "OrganizationAcronymEn": "Ral. Cr\u00e9d.",
      "OrganizationAcronymFr": "Ral. Cr\u00e9d.",
      "OrganizationTypeId": 4,
      "OrganizationTypeEn": "Party",
      "OrganizationTypeFr": "Parti",
      "OrganizationProvinceEn": null,
      "OrganizationProvinceFr": null,
      "OrganizationHasProfile": false,
      "IsSenatorialDivision": false,
      "ToBeStyledAsEn": "",
      "ToBeStyledAsFr": "",
      "GroupId": 0,
      "Source": null,
      "PortFolioEn": null,
      "PortFolioFr": null,
      "Committee": null,
      "GroupingTitleEn": "Parliamentarian",
      "GroupingTitleFr": "Parlementaire",
      "GroupingOrder": 1,
      "ParliamentStart": "1966-01-18T00:00:00Z",
      "ParliamentEnd": "1968-04-23T00:00:00Z",
      "ParliamentNumber": 27,
      "PartyOrganizationId": 7027,
      "PartyEn": "Ralliement des cr\u00e9ditistes",
      "PartyFr": "Ralliement des cr\u00e9ditistes",
      "PartyStartDate": "1965-11-08T00:00:00Z",
      "PartyEndDate": "1968-06-24T00:00:00Z",
      "PersonPersonId": 0,
      "PersonLastName": null,
      "PersonUsedFirstName": null,
      "PersonGender": null,
      "MemberOfParliament": null,
      "IsMP": false,
      "IsSenator": false,
      "GovernorGeneral": null,
      "Documents": null,
      "Senator": null,
      "NotesEn": null,
      "NotesFr": null,
      "InternalNotes": null,
      "IsCurrent": "False",
      "RoleId": 722,
      "NameEn": "Party Member",
      "Ordinal": null,
      "Classes": [
        {
          "RoleClassId": 105,
          "RoleClassOrdinal": null,
          "RoleToRoleClassOrdinal": null,
          "RoleClassNameEn": "Parliamentarian",
          "RoleClassNameFr": "Parlementaire"
        }
      ]
    },
    {
      "PersonRoleId": 24046,
      "NameFr": "Membre pour la circonscription",
      "StartDate": "1965-11-08T00:00:00Z",
      "StartDateIsApproximate": false,
      "EndDate": "1968-06-24T00:00:00Z",
      "EndDateIsApproximate": false,
      "EndReasonEn": null,
      "EndReasonFr": null,
      "EndReasonTypeEn": null,
      "EndReasonTypeFr": null,
      "SourceOfInformationEn": null,
      "SourceOfInformationFr": null,
      "IsActing": false,
      "ActingTextEn": null,
      "ActingTextFr": null,
      "HasCrossedTheFloor": false,
      "OrganizationId": 4366,
      "OrganizationLongEn": "Lac-Saint-Jean",
      "OrganizationLongFr": "Lac-Saint-Jean",
      "OrganizationShortEn": "",
      "OrganizationShortFr": "",
      "OrganizationAcronymEn": "",
      "OrganizationAcronymFr": "",
      "OrganizationTypeId": 35,
      "OrganizationTypeEn": "Constituency",
      "OrganizationTypeFr": "Circonscription",
      "OrganizationProvinceEn": "Quebec",
      "OrganizationProvinceFr": "Qu\u00e9bec",
      "OrganizationHasProfile": true,
      "IsSenatorialDivision": false,
      "ToBeStyledAsEn": "",
      "ToBeStyledAsFr": "",
      "GroupId": 0,
      "Source": null,
      "PortFolioEn": null,
      "PortFolioFr": null,
      "Committee": null,
      "GroupingTitleEn": "Parliamentarian",
      "GroupingTitleFr": "Parlementaire",
      "GroupingOrder": 1,
      "ParliamentStart": "1966-01-18T00:00:00Z",
      "ParliamentEnd": "1968-04-23T00:00:00Z",
      "ParliamentNumber": 27,
      "PartyOrganizationId": 7027,
      "PartyEn": "Ralliement des cr\u00e9ditistes",
      "PartyFr": "Ralliement des cr\u00e9ditistes",
      "PartyStartDate": "1965-11-08T00:00:00Z",
      "PartyEndDate": "1968-06-24T00:00:00Z",
      "PersonPersonId": 0,
      "PersonLastName": null,
      "PersonUsedFirstName": null,
      "PersonGender": null,
      "MemberOfParliament": {
        "OccupationTypeEn": "Continuous",
        "OccupationTypeFr": "Continue"
      },
      "IsMP": true,
      "IsSenator": false,
      "GovernorGeneral": null,
      "Documents": null,
      "Senator": null,
      "NotesEn": null,
      "NotesFr": null,
      "InternalNotes": null,
      "IsCurrent": "False",
      "RoleId": 719,
      "NameEn": "Constituency Member",
      "Ordinal": 240,
      "Classes": [
        {
          "RoleClassId": 49,
          "RoleClassOrdinal": 2,
          "RoleToRoleClassOrdinal": null,
          "RoleClassNameEn": "Salaries in the House of Commons",
          "RoleClassNameFr": "Salaires \u00e0 la Chambre des Communes"
        },
        {
          "RoleClassId": 105,
          "RoleClassOrdinal": null,
          "RoleToRoleClassOrdinal": null,
          "RoleClassNameEn": "Parliamentarian",
          "RoleClassNameFr": "Parlementaire"
        }
      ]
    }
  ],
  "CommitteeMembership": [
    {
      "NameEn": "Member",
      "NameFr": "Membre",
      "RoleId": 226,
      "OrganizationId": 6814,
      "OrganizationLongEn": "Standing Joint Committee on Printing",
      "OrganizationLongFr": "Comit\u00e9 mixte permanent des impressions",
      "OrganizationTypeEn": "Committee",
      "OrganizationTypeFr": "Comit\u00e9",
      "OrganizationTypeId": 27,
      "PartyEn": "Ralliement des cr\u00e9ditistes",
      "PartyFr": "Ralliement des cr\u00e9ditistes",
      "CompositionTypeLongEn": "Joint",
      "CompositionTypeLongFr": "Mixte",
      "CompositionTypeShortEn": "J",
      "CompositionTypeShortFr": "J",
      "CommitteeTypeEn": "Standing",
      "CommitteeTypeFr": "Permanent",
      "ParliamentNumber": 27,
      "SessionNumber": 1,
      "ShortEn": "1st",
      "ShortFr": "1\u00e8re"
    },
    {
      "NameEn": "Member",
      "NameFr": "Membre",
      "RoleId": 226,
      "OrganizationId": 6814,
      "OrganizationLongEn": "Standing Joint Committee on Printing",
      "OrganizationLongFr": "Comit\u00e9 mixte permanent des impressions",
      "OrganizationTypeEn": "Committee",
      "OrganizationTypeFr": "Comit\u00e9",
      "OrganizationTypeId": 27,
      "PartyEn": "Ralliement des cr\u00e9ditistes",
      "PartyFr": "Ralliement des cr\u00e9ditistes",
      "CompositionTypeLongEn": "Joint",
      "CompositionTypeLongFr": "Mixte",
      "CompositionTypeShortEn": "J",
      "CompositionTypeShortFr": "J",
      "CommitteeTypeEn": "Standing",
      "CommitteeTypeFr": "Permanent",
      "ParliamentNumber": 27,
      "SessionNumber": 2,
      "ShortEn": "2nd",
      "ShortFr": "2e"
    },
    {
      "NameEn": "Member",
      "NameFr": "Membre",
      "RoleId": 226,
      "OrganizationId": 1223,
      "OrganizationLongEn": "Standing Committee on Broadcasting, Films and Assistance to the Arts",
      "OrganizationLongFr": "Comit\u00e9 permanent sur la radiodiffusion, les films et l'assistance aux arts",
      "OrganizationTypeEn": "Committee",
      "OrganizationTypeFr": "Comit\u00e9",
      "OrganizationTypeId": 27,
      "PartyEn": "Ralliement des cr\u00e9ditistes",
      "PartyFr": "Ralliement des cr\u00e9ditistes",
      "CompositionTypeLongEn": "House of Commons",
      "CompositionTypeLongFr": "Chambre des communes",
      "CompositionTypeShortEn": "C",
      "CompositionTypeShortFr": "C",
      "CommitteeTypeEn": "Standing",
      "CommitteeTypeFr": "Permanent",
      "ParliamentNumber": 27,
      "SessionNumber": 1,
      "ShortEn": "1st",
      "ShortFr": "1\u00e8re"
    },
    {
      "NameEn": "Member",
      "NameFr": "Membre",
      "RoleId": 226,
      "OrganizationId": 1223,
      "OrganizationLongEn": "Standing Committee on Broadcasting, Films and Assistance to the Arts",
      "OrganizationLongFr": "Comit\u00e9 permanent sur la radiodiffusion, les films et l'assistance aux arts",
      "OrganizationTypeEn": "Committee",
      "OrganizationTypeFr": "Comit\u00e9",
      "OrganizationTypeId": 27,
      "PartyEn": "Ralliement des cr\u00e9ditistes",
      "PartyFr": "Ralliement des cr\u00e9ditistes",
      "CompositionTypeLongEn": "House of Commons",
      "CompositionTypeLongFr": "Chambre des communes",
      "CompositionTypeShortEn": "C",
      "CompositionTypeShortFr": "C",
      "CommitteeTypeEn": "Standing",
      "CommitteeTypeFr": "Permanent",
      "ParliamentNumber": 27,
      "SessionNumber": 2,
      "ShortEn": "2nd",
      "ShortFr": "2e"
    },
    {
      "NameEn": "Member",
      "NameFr": "Membre",
      "RoleId": 226,
      "OrganizationId": 3638,
      "OrganizationLongEn": "Standing Committee on Health and Welfare",
      "OrganizationLongFr": "Comit\u00e9 permanent de la sant\u00e9 et du bien-\u00eatre social",
      "OrganizationTypeEn": "Committee",
      "OrganizationTypeFr": "Comit\u00e9",
      "OrganizationTypeId": 27,
      "PartyEn": "Ralliement des cr\u00e9ditistes",
      "PartyFr": "Ralliement des cr\u00e9ditistes",
      "CompositionTypeLongEn": "House of Commons",
      "CompositionTypeLongFr": "Chambre des communes",
      "CompositionTypeShortEn": "C",
      "CompositionTypeShortFr": "C",
      "CommitteeTypeEn": "Standing",
      "CommitteeTypeFr": "Permanent",
      "ParliamentNumber": 27,
      "SessionNumber": 1,
      "ShortEn": "1st",
      "ShortFr": "1\u00e8re"
    },
    {
      "NameEn": "Member",
      "NameFr": "Membre",
      "RoleId": 226,
      "OrganizationId": 3638,
      "OrganizationLongEn": "Standing Committee on Health and Welfare",
      "OrganizationLongFr": "Comit\u00e9 permanent de la sant\u00e9 et du bien-\u00eatre social",
      "OrganizationTypeEn": "Committee",
      "OrganizationTypeFr": "Comit\u00e9",
      "OrganizationTypeId": 27,
      "PartyEn": "Ralliement des cr\u00e9ditistes",
      "PartyFr": "Ralliement des cr\u00e9ditistes",
      "CompositionTypeLongEn": "House of Commons",
      "CompositionTypeLongFr": "Chambre des communes",
      "CompositionTypeShortEn": "C",
      "CompositionTypeShortFr": "C",
      "CommitteeTypeEn": "Standing",
      "CommitteeTypeFr": "Permanent",
      "ParliamentNumber": 27,
      "SessionNumber": 2,
      "ShortEn": "2nd",
      "ShortFr": "2e"
    },
    {
      "NameEn": "Member",
      "NameFr": "Membre",
      "RoleId": 226,
      "OrganizationId": 8086,
      "OrganizationLongEn": "Special Committee on Procedure of the House",
      "OrganizationLongFr": "Comit\u00e9 sp\u00e9cial de la proc\u00e9dure de la Chambre",
      "OrganizationTypeEn": "Committee",
      "OrganizationTypeFr": "Comit\u00e9",
      "OrganizationTypeId": 27,
      "PartyEn": "Ralliement des cr\u00e9ditistes",
      "PartyFr": "Ralliement des cr\u00e9ditistes",
      "CompositionTypeLongEn": "House of Commons",
      "CompositionTypeLongFr": "Chambre des communes",
      "CompositionTypeShortEn": "C",
      "CompositionTypeShortFr": "C",
      "CommitteeTypeEn": "Special",
      "CommitteeTypeFr": "Sp\u00e9cial",
      "ParliamentNumber": 27,
      "SessionNumber": 1,
      "ShortEn": "1st",
      "ShortFr": "1\u00e8re"
    },
    {
      "NameEn": "Member",
      "NameFr": "Membre",
      "RoleId": 226,
      "OrganizationId": 8086,
      "OrganizationLongEn": "Special Committee on Procedure of the House",
      "OrganizationLongFr": "Comit\u00e9 sp\u00e9cial de la proc\u00e9dure de la Chambre",
      "OrganizationTypeEn": "Committee",
      "OrganizationTypeFr": "Comit\u00e9",
      "OrganizationTypeId": 27,
      "PartyEn": "Ralliement des cr\u00e9ditistes",
      "PartyFr": "Ralliement des cr\u00e9ditistes",
      "CompositionTypeLongEn": "House of Commons",
      "CompositionTypeLongFr": "Chambre des communes",
      "CompositionTypeShortEn": "C",
      "CompositionTypeShortFr": "C",
      "CommitteeTypeEn": "Special",
      "CommitteeTypeFr": "Sp\u00e9cial",
      "ParliamentNumber": 27,
      "SessionNumber": 2,
      "ShortEn": "2nd",
      "ShortFr": "2e"
    },
    {
      "NameEn": "Member",
      "NameFr": "Membre",
      "RoleId": 226,
      "OrganizationId": 7172,
      "OrganizationLongEn": "Standing Joint Committee on the Restaurant of Parliament",
      "OrganizationLongFr": "Comit\u00e9 mixte permanent du restaurant du Parlement",
      "OrganizationTypeEn": "Committee",
      "OrganizationTypeFr": "Comit\u00e9",
      "OrganizationTypeId": 27,
      "PartyEn": "Ralliement des cr\u00e9ditistes",
      "PartyFr": "Ralliement des cr\u00e9ditistes",
      "CompositionTypeLongEn": "Joint",
      "CompositionTypeLongFr": "Mixte",
      "CompositionTypeShortEn": "J",
      "CompositionTypeShortFr": "J",
      "CommitteeTypeEn": "Standing",
      "CommitteeTypeFr": "Permanent",
      "ParliamentNumber": 27,
      "SessionNumber": 1,
      "ShortEn": "1st",
      "ShortFr": "1\u00e8re"
    },
    {
      "NameEn": "Member",
      "NameFr": "Membre",
      "RoleId": 226,
      "OrganizationId": 10676,
      "OrganizationLongEn": "Standing Committee on Miscellaneous Private Bills",
      "OrganizationLongFr": "Comit\u00e9 permanent des projets de loi priv\u00e9s en g\u00e9n\u00e9ral",
      "OrganizationTypeEn": "Committee",
      "OrganizationTypeFr": "Comit\u00e9",
      "OrganizationTypeId": 27,
      "PartyEn": "Ralliement des cr\u00e9ditistes",
      "PartyFr": "Ralliement des cr\u00e9ditistes",
      "CompositionTypeLongEn": "House of Commons",
      "CompositionTypeLongFr": "Chambre des communes",
      "CompositionTypeShortEn": "C",
      "CompositionTypeShortFr": "C",
      "CommitteeTypeEn": "Standing",
      "CommitteeTypeFr": "Permanent",
      "ParliamentNumber": 27,
      "SessionNumber": 1,
      "ShortEn": "1st",
      "ShortFr": "1\u00e8re"
    },
    {
      "NameEn": "Member",
      "NameFr": "Membre",
      "RoleId": 226,
      "OrganizationId": 10676,
      "OrganizationLongEn": "Standing Committee on Miscellaneous Private Bills",
      "OrganizationLongFr": "Comit\u00e9 permanent des projets de loi priv\u00e9s en g\u00e9n\u00e9ral",
      "OrganizationTypeEn": "Committee",
      "OrganizationTypeFr": "Comit\u00e9",
      "OrganizationTypeId": 27,
      "PartyEn": "Ralliement des cr\u00e9ditistes",
      "PartyFr": "Ralliement des cr\u00e9ditistes",
      "CompositionTypeLongEn": "House of Commons",
      "CompositionTypeLongFr": "Chambre des communes",
      "CompositionTypeShortEn": "C",
      "CompositionTypeShortFr": "C",
      "CommitteeTypeEn": "Standing",
      "CommitteeTypeFr": "Permanent",
      "ParliamentNumber": 27,
      "SessionNumber": 2,
      "ShortEn": "2nd",
      "ShortFr": "2e"
    },
    {
      "NameEn": "Member",
      "NameFr": "Membre",
      "RoleId": 226,
      "OrganizationId": 6005,
      "OrganizationLongEn": "Standing Committee on Northern Affairs and National Resources",
      "OrganizationLongFr": "Comit\u00e9 permanent du Nord canadien et des ressources nationales",
      "OrganizationTypeEn": "Committee",
      "OrganizationTypeFr": "Comit\u00e9",
      "OrganizationTypeId": 27,
      "PartyEn": "Ralliement des cr\u00e9ditistes",
      "PartyFr": "Ralliement des cr\u00e9ditistes",
      "CompositionTypeLongEn": "House of Commons",
      "CompositionTypeLongFr": "Chambre des communes",
      "CompositionTypeShortEn": "C",
      "CompositionTypeShortFr": "C",
      "CommitteeTypeEn": "Standing",
      "CommitteeTypeFr": "Permanent",
      "ParliamentNumber": 27,
      "SessionNumber": 1,
      "ShortEn": "1st",
      "ShortFr": "1\u00e8re"
    },
    {
      "NameEn": "Member",
      "NameFr": "Membre",
      "RoleId": 226,
      "OrganizationId": 6005,
      "OrganizationLongEn": "Standing Committee on Northern Affairs and National Resources",
      "OrganizationLongFr": "Comit\u00e9 permanent du Nord canadien et des ressources nationales",
      "OrganizationTypeEn": "Committee",
      "OrganizationTypeFr": "Comit\u00e9",
      "OrganizationTypeId": 27,
      "PartyEn": "Ralliement des cr\u00e9ditistes",
      "PartyFr": "Ralliement des cr\u00e9ditistes",
      "CompositionTypeLongEn": "House of Commons",
      "CompositionTypeLongFr": "Chambre des communes",
      "CompositionTypeShortEn": "C",
      "CompositionTypeShortFr": "C",
      "CommitteeTypeEn": "Standing",
      "CommitteeTypeFr": "Permanent",
      "ParliamentNumber": 27,
      "SessionNumber": 2,
      "ShortEn": "2nd",
      "ShortFr": "2e"
    },
    {
      "NameEn": "Member",
      "NameFr": "Membre",
      "RoleId": 226,
      "OrganizationId": 2820,
      "OrganizationLongEn": "Special Joint Committee on Employer-Employee Relations in the Public Service of Canada",
      "OrganizationLongFr": "Comit\u00e9 mixte sp\u00e9cial des relations employeur-employ\u00e9s dans la Fonction publique du Canada",
      "OrganizationTypeEn": "Committee",
      "OrganizationTypeFr": "Comit\u00e9",
      "OrganizationTypeId": 27,
      "PartyEn": "Ralliement des cr\u00e9ditistes",
      "PartyFr": "Ralliement des cr\u00e9ditistes",
      "CompositionTypeLongEn": "Joint",
      "CompositionTypeLongFr": "Mixte",
      "CompositionTypeShortEn": "J",
      "CompositionTypeShortFr": "J",
      "CommitteeTypeEn": "Special",
      "CommitteeTypeFr": "Sp\u00e9cial",
      "ParliamentNumber": 27,
      "SessionNumber": 1,
      "ShortEn": "1st",
      "ShortFr": "1\u00e8re"
    },
    {
      "NameEn": "Member",
      "NameFr": "Membre",
      "RoleId": 226,
      "OrganizationId": 2820,
      "OrganizationLongEn": "Special Joint Committee on Employer-Employee Relations in the Public Service of Canada",
      "OrganizationLongFr": "Comit\u00e9 mixte sp\u00e9cial des relations employeur-employ\u00e9s dans la Fonction publique du Canada",
      "OrganizationTypeEn": "Committee",
      "OrganizationTypeFr": "Comit\u00e9",
      "OrganizationTypeId": 27,
      "PartyEn": "Ralliement des cr\u00e9ditistes",
      "PartyFr": "Ralliement des cr\u00e9ditistes",
      "CompositionTypeLongEn": "Joint",
      "CompositionTypeLongFr": "Mixte",
      "CompositionTypeShortEn": "J",
      "CompositionTypeShortFr": "J",
      "CommitteeTypeEn": "Special",
      "CommitteeTypeFr": "Sp\u00e9cial",
      "ParliamentNumber": 27,
      "SessionNumber": 2,
      "ShortEn": "2nd",
      "ShortFr": "2e"
    }
  ],
  "PublicOfficeExperience": null,
  "ProvincialExperience": null,
  "MilitaryExperience": null,
  "MunicipalExperience": null,
  "FamilyTiesInParliament": null,
  "Family": null,
  "Education": [
    {
      "SchoolNameLongEn": "Unknown",
      "SchoolNameLongFr": "Inconnu",
      "SchoolCityEn": "",
      "SchoolCityFr": "",
      "FieldOfStudyEn": "Arts",
      "FieldOfStudyFr": "Arts",
      "DiplomaLongEn": "Bachelor",
      "DiplomaLongFr": "Bachelier",
      "DiplomaShortEn": "B.A",
      "DiplomaShortFr": "B.A.",
      "GraduationYear": null
    }
  ],
  "PictureId": 2954,
  "PictureCopyrightEn": "House of Commons 1966",
  "PictureCopyrightFr": "Chambre des communes 1966",
  "PictureCreditEn": "House of Commons",
  "PictureCreditFr": "Chambre des communes",
  "DisplayTitleEn": " Joseph Alcide Simard, M.P.",
  "DisplayTitleFr": " Joseph Alcide Simard, d\u00e9put\u00e9",
  "PlaceOfBirthEn": "Saint-L\u00e9onard, Quebec, Canada",
  "PlaceOfBirthFr": "Saint-L\u00e9onard, Qu\u00e9bec, Canada",
  "ProfessionsEn": "life insurance agent",
  "ProfessionsFr": "agent d'assurance-vie",
  "PreferredLanguageEn": "",
  "PreferredLanguageFr": "",
  "PlaceOfBurialEn": ", , ",
  "PlaceOfBurialFr": ", , "
}