{
  "Person": {
    "PersonId": 10430,
    "HOCPersonId": 0,
    "SenatePersonId": 0,
    "FormalFirstName": null,
    "UsedFirstName": "Marcel",
    "MiddleName": null,
    "MaidenName": null,
    "LastName": "Deschambault",
    "IsDraftProfile": false,
    "MaidenSpeechNotFound": false,
    "DateOfBirth": "1916-10-29T00:00:00Z",
    "DateOfBirthIsApproximate": false,
    "DoNotDiscloseDateOfBirth": false,
    "DoNotDiscloseBirthLocation": false,
    "CityOfBirthEn": "Saint-J\u00e9r\u00f4me",
    "CityOfBirthFr": "Saint-J\u00e9r\u00f4me",
    "ProvinceOfBirthEn": "Quebec",
    "ProvinceOfBirthFr": "Qu\u00e9bec",
    "CountryOfBirthFr": "Canada",
    "CountryOfBirthEn": "Canada",
    "Gender": "M",
    "EthnicityLongEn": null,
    "EthnicityLongFr": null,
    "IsCanadianOrigin": true,
    "InternalNotes": null,
    "ExternalNotesEn": null,
    "ExternalNotesFr": null,
    "ReligionEn": "Catholic",
    "ReligionFr": "Catholique",
    "Professions": [
      {
        "NameEn": "accountant",
        "NameFr": "comptable",
        "SearchKeyWordsEn": "",
        "SearchKeyWordsFr": "",
        "ProfessionTypeEn": "Business and finance - Professional occupations",
        "ProfessionTypeFr": "Gestion des affaires et finance - Personnel professionnel",
        "Ordinal": null
      }
    ],
    "Languages": null,
    "Education": null,
    "FamilyRelations": null,
    "Pictures": [
      {
        "PictureId": 1760,
        "PictureDate": null,
        "TypeEn": "Photographer",
        "TypeFr": "Photographe",
        "PhotographerEn": "Arthur Roy",
        "PhotographerFr": "Arthur Roy",
        "CreditsEn": "PA 047109",
        "CreditsFr": "PA 047109",
        "CopyRightsEn": "Public Domain",
        "CopyRightsFr": "Du domaine public",
        "DisplayForWeb": true,
        "InternalNotes": null
      }
    ],
    "Titles": [
      {
        "LongEn": null,
        "LongFr": null,
        "AcronymEn": null,
        "AcronymFr": null,
        "IsHonorific": false,
        "IsScholarity": false,
        "IsSalutation": true,
        "Ordinal": 0
      },
      {
        "LongEn": "Member of Parliament",
        "LongFr": "d\u00e9put\u00e9",
        "AcronymEn": "M.P.",
        "AcronymFr": "d\u00e9put\u00e9",
        "IsHonorific": false,
        "IsScholarity": false,
        "IsSalutation": false,
        "Ordinal": 0
      }
    ],
    "Roles": [
      {
        "PersonRoleId": 72200,
        "NameFr": "Membre du parti",
        "StartDate": "1958-03-31T00:00:00Z",
        "StartDateIsApproximate": false,
        "EndDate": "1962-06-17T00:00:00Z",
        "EndDateIsApproximate": false,
        "EndReasonEn": null,
        "EndReasonFr": null,
        "EndReasonTypeEn": null,
        "EndReasonTypeFr": null,
        "SourceOfInformationEn": null,
        "SourceOfInformationFr": null,
        "IsActing": false,
        "ActingTextEn": null,
        "ActingTextFr": null,
        "HasCrossedTheFloor": false,
        "OrganizationId": 6876,
        "OrganizationLongEn": "Progressive Conservative Party",
        "OrganizationLongFr": "Parti progressiste-conservateur",
        "OrganizationShortEn": "Progressive Conservative",
        "OrganizationShortFr": "Progressiste-conservateur",
        "OrganizationAcronymEn": "P.C.",
        "OrganizationAcronymFr": "P.-C.",
        "OrganizationTypeId": 4,
        "OrganizationTypeEn": "Party",
        "OrganizationTypeFr": "Parti",
        "OrganizationProvinceEn": null,
        "OrganizationProvinceFr": null,
        "OrganizationHasProfile": true,
        "IsSenatorialDivision": false,
        "ToBeStyledAsEn": "",
        "ToBeStyledAsFr": "",
        "GroupId": 0,
        "Source": null,
        "PortFolioEn": null,
        "PortFolioFr": null,
        "Committee": null,
        "GroupingTitleEn": "Parliamentarian",
        "GroupingTitleFr": "Parlementaire",
        "GroupingOrder": 1,
        "ParliamentStart": "1958-05-12T00:00:00Z",
        "ParliamentEnd": "1962-04-19T00:00:00Z",
        "ParliamentNumber": 24,
        "PartyOrganizationId": 6876,
        "PartyEn": "Progressive Conservative Party",
        "PartyFr": "Parti progressiste-conservateur",
        "PartyStartDate": "1958-03-31T00:00:00Z",
        "PartyEndDate": "1962-06-17T00:00:00Z",
        "PersonPersonId": 0,
        "PersonLastName": null,
        "PersonUsedFirstName": null,
        "PersonGender": null,
        "MemberOfParliament": null,
        "IsMP": false,
        "IsSenator": false,
        "GovernorGeneral": null,
        "Documents": null,
        "Senator": null,
        "NotesEn": null,
        "NotesFr": null,
        "InternalNotes": null,
        "IsCurrent": "False",
        "RoleId": 722,
        "NameEn": "Party Member",
        "Ordinal": null,
        "Classes": [
          {
            "RoleClassId": 105,
            "RoleClassOrdinal": null,
            "RoleToRoleClassOrdinal": null,
            "RoleClassNameEn": "Parliamentarian",
            "RoleClassNameFr": "Parlementaire"
          }
        ]
      },
      {
        "PersonRoleId": 148447,
        "NameFr": "Vice-pr\u00e9sident",
        "StartDate": "1958-05-12T00:00:00Z",
        "StartDateIsApproximate": false,
        "EndDate": "1958-09-06T00:00:00Z",
        "EndDateIsApproximate": false,
        "EndReasonEn": null,
        "EndReasonFr": null,
        "EndReasonTypeEn": null,
        "EndReasonTypeFr": null,
        "SourceOfInformationEn": null,
        "SourceOfInformationFr": null,
        "IsActing": false,
        "ActingTextEn": null,
        "ActingTextFr": null,
        "HasCrossedTheFloor": false,
        "OrganizationId": 766,
        "OrganizationLongEn": "Standing Committee on Banking and Commerce",
        "OrganizationLongFr": "Comit\u00e9 permanent des banques et du commerce",
        "OrganizationShortEn": "Banking and Commerce",
        "OrganizationShortFr": "Banques et commerce",
        "OrganizationAcronymEn": "",
        "OrganizationAcronymFr": "",
        "OrganizationTypeId": 27,
        "OrganizationTypeEn": "Committee",
        "OrganizationTypeFr": "Comit\u00e9",
        "OrganizationProvinceEn": null,
        "OrganizationProvinceFr": null,
        "OrganizationHasProfile": true,
        "IsSenatorialDivision": false,
        "ToBeStyledAsEn": "",
        "ToBeStyledAsFr": "",
        "GroupId": 0,
        "Source": null,
        "PortFolioEn": null,
        "PortFolioFr": null,
        "Committee": {
          "OrganizationId": 0,
          "SenateCommitteeId": 0,
          "CommitteeTypeId": 5,
          "CommitteeTypeEn": "Standing",
          "CommitteeTypeFr": "Permanent",
          "CompositionTypeId": 3,
          "CompositionTypeLongEn": "House of Commons",
          "CompositionTypeLongFr": "Chambre des communes",
          "CompositionTypeShortEn": "C",
          "CompositionTypeShortFr": "C",
          "Sessions": [
            {
              "SessionId": 0,
              "SessionNumber": 1,
              "ParliamentNumber": 24,
              "StartDate": "1958-05-12T00:00:00Z",
              "EndDate": "1958-09-06T00:00:00Z",
              "ShortEn": "1st",
              "ShortFr": "1\u00e8re"
            }
          ],
          "Mandates": null
        },
        "GroupingTitleEn": null,
        "GroupingTitleFr": null,
        "GroupingOrder": 0,
        "ParliamentStart": null,
        "ParliamentEnd": null,
        "ParliamentNumber": 0,
        "PartyOrganizationId": 6876,
        "PartyEn": "Progressive Conservative Party",
        "PartyFr": "Parti progressiste-conservateur",
        "PartyStartDate": "1958-03-31T00:00:00Z",
        "PartyEndDate": "1962-06-17T00:00:00Z",
        "PersonPersonId": 0,
        "PersonLastName": null,
        "PersonUsedFirstName": null,
        "PersonGender": null,
        "MemberOfParliament": null,
        "IsMP": false,
        "IsSenator": false,
        "GovernorGeneral": null,
        "Documents": null,
        "Senator": null,
        "NotesEn": null,
        "NotesFr": null,
        "InternalNotes": null,
        "IsCurrent": "False",
        "RoleId": 1175,
        "NameEn": "Vice-Chair",
        "Ordinal": 200,
        "Classes": [
          {
            "RoleClassId": 33,
            "RoleClassOrdinal": null,
            "RoleToRoleClassOrdinal": null,
            "RoleClassNameEn": "Committee",
            "RoleClassNameFr": "Comit\u00e9"
          },
          {
            "RoleClassId": 113,
            "RoleClassOrdinal": null,
            "RoleToRoleClassOrdinal": null,
            "RoleClassNameEn": "ElectionProcessCloseDissolution",
            "RoleClassNameFr": "ElectionProcessCloseDissolution"
          }
        ]
      },
      {
        "PersonRoleId": 151098,
        "NameFr": "Vice-pr\u00e9sident",
        "StartDate": "1959-01-15T00:00:00Z",
        "StartDateIsApproximate": false,
        "EndDate": "1959-07-18T00:00:00Z",
        "EndDateIsApproximate": false,
        "EndReasonEn": null,
        "EndReasonFr": null,
        "EndReasonTypeEn": null,
        "EndReasonTypeFr": null,
        "SourceOfInformationEn": null,
        "SourceOfInformationFr": null,
        "IsActing": false,
        "ActingTextEn": null,
        "ActingTextFr": null,
        "HasCrossedTheFloor": false,
        "OrganizationId": 6838,
        "OrganizationLongEn": "Standing Committee on Privileges and Elections",
        "OrganizationLongFr": "Comit\u00e9 permanent des privil\u00e8ges et \u00e9lections",
        "OrganizationShortEn": "Privileges and Elections",
        "OrganizationShortFr": "Privil\u00e8ges et \u00e9lections",
        "OrganizationAcronymEn": "",
        "OrganizationAcronymFr": "",
        "OrganizationTypeId": 27,
        "OrganizationTypeEn": "Committee",
        "OrganizationTypeFr": "Comit\u00e9",
        "OrganizationProvinceEn": null,
        "OrganizationProvinceFr": null,
        "OrganizationHasProfile": true,
        "IsSenatorialDivision": false,
        "ToBeStyledAsEn": "",
        "ToBeStyledAsFr": "",
        "GroupId": 0,
        "Source": null,
        "PortFolioEn": null,
        "PortFolioFr": null,
        "Committee": {
          "OrganizationId": 0,
          "SenateCommitteeId": 0,
          "CommitteeTypeId": 5,
          "CommitteeTypeEn": "Standing",
          "CommitteeTypeFr": "Permanent",
          "CompositionTypeId": 3,
          "CompositionTypeLongEn": "House of Commons",
          "CompositionTypeLongFr": "Chambre des communes",
          "CompositionTypeShortEn": "C",
          "CompositionTypeShortFr": "C",
          "Sessions": [
            {
              "SessionId": 0,
              "SessionNumber": 2,
              "ParliamentNumber": 24,
              "StartDate": "1959-01-15T00:00:00Z",
              "EndDate": "1959-07-18T00:00:00Z",
              "ShortEn": "2nd",
              "ShortFr": "2e"
            }
          ],
          "Mandates": null
        },
        "GroupingTitleEn": null,
        "GroupingTitleFr": null,
        "GroupingOrder": 0,
        "ParliamentStart": null,
        "ParliamentEnd": null,
        "ParliamentNumber": 0,
        "PartyOrganizationId": 6876,
        "PartyEn": "Progressive Conservative Party",
        "PartyFr": "Parti progressiste-conservateur",
        "PartyStartDate": "1958-03-31T00:00:00Z",
        "PartyEndDate": "1962-06-17T00:00:00Z",
        "PersonPersonId": 0,
        "PersonLastName": null,
        "PersonUsedFirstName": null,
        "PersonGender": null,
        "MemberOfParliament": null,
        "IsMP": false,
        "IsSenator": false,
        "GovernorGeneral": null,
        "Documents": null,
        "Senator": null,
        "NotesEn": null,
        "NotesFr": null,
        "InternalNotes": null,
        "IsCurrent": "False",
        "RoleId": 1175,
        "NameEn": "Vice-Chair",
        "Ordinal": 200,
        "Classes": [
          {
            "RoleClassId": 33,
            "RoleClassOrdinal": null,
            "RoleToRoleClassOrdinal": null,
            "RoleClassNameEn": "Committee",
            "RoleClassNameFr": "Comit\u00e9"
          },
          {
            "RoleClassId": 113,
            "RoleClassOrdinal": null,
            "RoleToRoleClassOrdinal": null,
            "RoleClassNameEn": "ElectionProcessCloseDissolution",
            "RoleClassNameFr": "ElectionProcessCloseDissolution"
          }
        ]
      },
      {
        "PersonRoleId": 85662,
        "NameFr": "Membre pour la circonscription",
        "StartDate": "1958-03-31T00:00:00Z",
        "StartDateIsApproximate": false,
        "EndDate": "1962-06-17T00:00:00Z",
        "EndDateIsApproximate": false,
        "EndReasonEn": null,
        "EndReasonFr": null,
        "EndReasonTypeEn": null,
        "EndReasonTypeFr": null,
        "SourceOfInformationEn": null,
        "SourceOfInformationFr": null,
        "IsActing": false,
        "ActingTextEn": null,
        "ActingTextFr": null,
        "HasCrossedTheFloor": false,
        "OrganizationId": 9151,
        "OrganizationLongEn": "Terrebonne",
        "OrganizationLongFr": "Terrebonne",
        "OrganizationShortEn": "",
        "OrganizationShortFr": "",
        "OrganizationAcronymEn": "",
        "OrganizationAcronymFr": "",
        "OrganizationTypeId": 35,
        "OrganizationTypeEn": "Constituency",
        "OrganizationTypeFr": "Circonscription",
        "OrganizationProvinceEn": "Quebec",
        "OrganizationProvinceFr": "Qu\u00e9bec",
        "OrganizationHasProfile": true,
        "IsSenatorialDivision": false,
        "ToBeStyledAsEn": "",
        "ToBeStyledAsFr": "",
        "GroupId": 0,
        "Source": null,
        "PortFolioEn": null,
        "PortFolioFr": null,
        "Committee": null,
        "GroupingTitleEn": "Parliamentarian",
        "GroupingTitleFr": "Parlementaire",
        "GroupingOrder": 1,
        "ParliamentStart": "1958-05-12T00:00:00Z",
        "ParliamentEnd": "1962-04-19T00:00:00Z",
        "ParliamentNumber": 24,
        "PartyOrganizationId": 6876,
        "PartyEn": "Progressive Conservative Party",
        "PartyFr": "Parti progressiste-conservateur",
        "PartyStartDate": "1958-03-31T00:00:00Z",
        "PartyEndDate": "1962-06-17T00:00:00Z",
        "PersonPersonId": 0,
        "PersonLastName": null,
        "PersonUsedFirstName": null,
        "PersonGender": null,
        "MemberOfParliament": {
          "OccupationTypeEn": "Continuous",
          "OccupationTypeFr": "Continue"
        },
        "IsMP": true,
        "IsSenator": false,
        "GovernorGeneral": null,
        "Documents": null,
        "Senator": null,
        "NotesEn": null,
        "NotesFr": null,
        "InternalNotes": null,
        "IsCurrent": "False",
        "RoleId": 719,
        "NameEn": "Constituency Member",
        "Ordinal": 240,
        "Classes": [
          {
            "RoleClassId": 49,
            "RoleClassOrdinal": 2,
            "RoleToRoleClassOrdinal": null,
            "RoleClassNameEn": "Salaries in the House of Commons",
            "RoleClassNameFr": "Salaires \u00e0 la Chambre des Communes"
          },
          {
            "RoleClassId": 105,
            "RoleClassOrdinal": null,
            "RoleToRoleClassOrdinal": null,
            "RoleClassNameEn": "Parliamentarian",
            "RoleClassNameFr": "Parlementaire"
          }
        ]
      },
      {
        "PersonRoleId": 149238,
        "NameFr": "Membre",
        "StartDate": "1958-05-12T00:00:00Z",
        "StartDateIsApproximate": false,
        "EndDate": "1958-09-06T00:00:00Z",
        "EndDateIsApproximate": false,
        "EndReasonEn": null,
        "EndReasonFr": null,
        "EndReasonTypeEn": null,
        "EndReasonTypeFr": null,
        "SourceOfInformationEn": null,
        "SourceOfInformationFr": null,
        "IsActing": false,
        "ActingTextEn": null,
        "ActingTextFr": null,
        "HasCrossedTheFloor": false,
        "OrganizationId": 6838,
        "OrganizationLongEn": "Standing Committee on Privileges and Elections",
        "OrganizationLongFr": "Comit\u00e9 permanent des privil\u00e8ges et \u00e9lections",
        "OrganizationShortEn": "Privileges and Elections",
        "OrganizationShortFr": "Privil\u00e8ges et \u00e9lections",
        "OrganizationAcronymEn": "",
        "OrganizationAcronymFr": "",
        "OrganizationTypeId": 27,
        "OrganizationTypeEn": "Committee",
        "OrganizationTypeFr": "Comit\u00e9",
        "OrganizationProvinceEn": null,
        "OrganizationProvinceFr": null,
        "OrganizationHasProfile": true,
        "IsSenatorialDivision": false,
        "ToBeStyledAsEn": "",
        "ToBeStyledAsFr": "",
        "GroupId": 0,
        "Source": null,
        "PortFolioEn": null,
        "PortFolioFr": null,
        "Committee": {
          "OrganizationId": 0,
          "SenateCommitteeId": 0,
          "CommitteeTypeId": 5,
          "CommitteeTypeEn": "Standing",
          "CommitteeTypeFr": "Permanent",
          "CompositionTypeId": 3,
          "CompositionTypeLongEn": "House of Commons",
          "CompositionTypeLongFr": "Chambre des communes",
          "CompositionTypeShortEn": "C",
          "CompositionTypeShortFr": "C",
          "Sessions": [
            {
              "SessionId": 0,
              "SessionNumber": 1,
              "ParliamentNumber": 24,
              "StartDate": "1958-05-12T00:00:00Z",
              "EndDate": "1958-09-06T00:00:00Z",
              "ShortEn": "1st",
              "ShortFr": "1\u00e8re"
            }
          ],
          "Mandates": null
        },
        "GroupingTitleEn": null,
        "GroupingTitleFr": null,
        "GroupingOrder": 0,
        "ParliamentStart": null,
        "ParliamentEnd": null,
        "ParliamentNumber": 0,
        "PartyOrganizationId": 6876,
        "PartyEn": "Progressive Conservative Party",
        "PartyFr": "Parti progressiste-conservateur",
        "PartyStartDate": "1958-03-31T00:00:00Z",
        "PartyEndDate": "1962-06-17T00:00:00Z",
        "PersonPersonId": 0,
        "PersonLastName": null,
        "PersonUsedFirstName": null,
        "PersonGender": null,
        "MemberOfParliament": null,
        "IsMP": false,
        "IsSenator": false,
        "GovernorGeneral": null,
        "Documents": null,
        "Senator": null,
        "NotesEn": null,
        "NotesFr": null,
        "InternalNotes": null,
        "IsCurrent": "False",
        "RoleId": 226,
        "NameEn": "Member",
        "Ordinal": 300,
        "Classes": [
          {
            "RoleClassId": 33,
            "RoleClassOrdinal": null,
            "RoleToRoleClassOrdinal": null,
            "RoleClassNameEn": "Committee",
            "RoleClassNameFr": "Comit\u00e9"
          },
          {
            "RoleClassId": 113,
            "RoleClassOrdinal": null,
            "RoleToRoleClassOrdinal": null,
            "RoleClassNameEn": "ElectionProcessCloseDissolution",
            "RoleClassNameFr": "ElectionProcessCloseDissolution"
          }
        ]
      },
      {
        "PersonRoleId": 149346,
        "NameFr": "Membre",
        "StartDate": "1958-05-12T00:00:00Z",
        "StartDateIsApproximate": false,
        "EndDate": "1958-09-06T00:00:00Z",
        "EndDateIsApproximate": false,
        "EndReasonEn": null,
        "EndReasonFr": null,
        "EndReasonTypeEn": null,
        "EndReasonTypeFr": null,
        "SourceOfInformationEn": null,
        "SourceOfInformationFr": null,
        "IsActing": false,
        "ActingTextEn": null,
        "ActingTextFr": null,
        "HasCrossedTheFloor": false,
        "OrganizationId": 6814,
        "OrganizationLongEn": "Standing Joint Committee on Printing",
        "OrganizationLongFr": "Comit\u00e9 mixte permanent des impressions",
        "OrganizationShortEn": "Printing",
        "OrganizationShortFr": "Impressions",
        "OrganizationAcronymEn": "",
        "OrganizationAcronymFr": "",
        "OrganizationTypeId": 27,
        "OrganizationTypeEn": "Committee",
        "OrganizationTypeFr": "Comit\u00e9",
        "OrganizationProvinceEn": null,
        "OrganizationProvinceFr": null,
        "OrganizationHasProfile": true,
        "IsSenatorialDivision": false,
        "ToBeStyledAsEn": "",
        "ToBeStyledAsFr": "",
        "GroupId": 0,
        "Source": null,
        "PortFolioEn": null,
        "PortFolioFr": null,
        "Committee": {
          "OrganizationId": 0,
          "SenateCommitteeId": 0,
          "CommitteeTypeId": 5,
          "CommitteeTypeEn": "Standing",
          "CommitteeTypeFr": "Permanent",
          "CompositionTypeId": 8,
          "CompositionTypeLongEn": "Joint",
          "CompositionTypeLongFr": "Mixte",
          "CompositionTypeShortEn": "J",
          "CompositionTypeShortFr": "J",
          "Sessions": [
            {
              "SessionId": 0,
              "SessionNumber": 1,
              "ParliamentNumber": 24,
              "StartDate": "1958-05-12T00:00:00Z",
              "EndDate": "1958-09-06T00:00:00Z",
              "ShortEn": "1st",
              "ShortFr": "1\u00e8re"
            }
          ],
          "Mandates": null
        },
        "GroupingTitleEn": null,
        "GroupingTitleFr": null,
        "GroupingOrder": 0,
        "ParliamentStart": null,
        "ParliamentEnd": null,
        "ParliamentNumber": 0,
        "PartyOrganizationId": 6876,
        "PartyEn": "Progressive Conservative Party",
        "PartyFr": "Parti progressiste-conservateur",
        "PartyStartDate": "1958-03-31T00:00:00Z",
        "PartyEndDate": "1962-06-17T00:00:00Z",
        "PersonPersonId": 0,
        "PersonLastName": null,
        "PersonUsedFirstName": null,
        "PersonGender": null,
        "MemberOfParliament": null,
        "IsMP": false,
        "IsSenator": false,
        "GovernorGeneral": null,
        "Documents": null,
        "Senator": null,
        "NotesEn": null,
        "NotesFr": null,
        "InternalNotes": null,
        "IsCurrent": "False",
        "RoleId": 226,
        "NameEn": "Member",
        "Ordinal": 300,
        "Classes": [
          {
            "RoleClassId": 33,
            "RoleClassOrdinal": null,
            "RoleToRoleClassOrdinal": null,
            "RoleClassNameEn": "Committee",
            "RoleClassNameFr": "Comit\u00e9"
          },
          {
            "RoleClassId": 113,
            "RoleClassOrdinal": null,
            "RoleToRoleClassOrdinal": null,
            "RoleClassNameEn": "ElectionProcessCloseDissolution",
            "RoleClassNameFr": "ElectionProcessCloseDissolution"
          }
        ]
      },
      {
        "PersonRoleId": 150543,
        "NameFr": "Membre",
        "StartDate": "1959-01-15T00:00:00Z",
        "StartDateIsApproximate": false,
        "EndDate": "1959-07-18T00:00:00Z",
        "EndDateIsApproximate": false,
        "EndReasonEn": null,
        "EndReasonFr": null,
        "EndReasonTypeEn": null,
        "EndReasonTypeFr": null,
        "SourceOfInformationEn": null,
        "SourceOfInformationFr": null,
        "IsActing": false,
        "ActingTextEn": null,
        "ActingTextFr": null,
        "HasCrossedTheFloor": false,
        "OrganizationId": 766,
        "OrganizationLongEn": "Standing Committee on Banking and Commerce",
        "OrganizationLongFr": "Comit\u00e9 permanent des banques et du commerce",
        "OrganizationShortEn": "Banking and Commerce",
        "OrganizationShortFr": "Banques et commerce",
        "OrganizationAcronymEn": "",
        "OrganizationAcronymFr": "",
        "OrganizationTypeId": 27,
        "OrganizationTypeEn": "Committee",
        "OrganizationTypeFr": "Comit\u00e9",
        "OrganizationProvinceEn": null,
        "OrganizationProvinceFr": null,
        "OrganizationHasProfile": true,
        "IsSenatorialDivision": false,
        "ToBeStyledAsEn": "",
        "ToBeStyledAsFr": "",
        "GroupId": 0,
        "Source": null,
        "PortFolioEn": null,
        "PortFolioFr": null,
        "Committee": {
          "OrganizationId": 0,
          "SenateCommitteeId": 0,
          "CommitteeTypeId": 5,
          "CommitteeTypeEn": "Standing",
          "CommitteeTypeFr": "Permanent",
          "CompositionTypeId": 3,
          "CompositionTypeLongEn": "House of Commons",
          "CompositionTypeLongFr": "Chambre des communes",
          "CompositionTypeShortEn": "C",
          "CompositionTypeShortFr": "C",
          "Sessions": [
            {
              "SessionId": 0,
              "SessionNumber": 2,
              "ParliamentNumber": 24,
              "StartDate": "1959-01-15T00:00:00Z",
              "EndDate": "1959-07-18T00:00:00Z",
              "ShortEn": "2nd",
              "ShortFr": "2e"
            }
          ],
          "Mandates": null
        },
        "GroupingTitleEn": null,
        "GroupingTitleFr": null,
        "GroupingOrder": 0,
        "ParliamentStart": null,
        "ParliamentEnd": null,
        "ParliamentNumber": 0,
        "PartyOrganizationId": 6876,
        "PartyEn": "Progressive Conservative Party",
        "PartyFr": "Parti progressiste-conservateur",
        "PartyStartDate": "1958-03-31T00:00:00Z",
        "PartyEndDate": "1962-06-17T00:00:00Z",
        "PersonPersonId": 0,
        "PersonLastName": null,
        "PersonUsedFirstName": null,
        "PersonGender": null,
        "MemberOfParliament": null,
        "IsMP": false,
        "IsSenator": false,
        "GovernorGeneral": null,
        "Documents": null,
        "Senator": null,
        "NotesEn": null,
        "NotesFr": null,
        "InternalNotes": null,
        "IsCurrent": "False",
        "RoleId": 226,
        "NameEn": "Member",
        "Ordinal": 300,
        "Classes": [
          {
            "RoleClassId": 33,
            "RoleClassOrdinal": null,
            "RoleToRoleClassOrdinal": null,
            "RoleClassNameEn": "Committee",
            "RoleClassNameFr": "Comit\u00e9"
          },
          {
            "RoleClassId": 113,
            "RoleClassOrdinal": null,
            "RoleToRoleClassOrdinal": null,
            "RoleClassNameEn": "ElectionProcessCloseDissolution",
            "RoleClassNameFr": "ElectionProcessCloseDissolution"
          }
        ]
      },
      {
        "PersonRoleId": 151307,
        "NameFr": "Membre",
        "StartDate": "1959-01-15T00:00:00Z",
        "StartDateIsApproximate": false,
        "EndDate": "1959-07-18T00:00:00Z",
        "EndDateIsApproximate": false,
        "EndReasonEn": null,
        "EndReasonFr": null,
        "EndReasonTypeEn": null,
        "EndReasonTypeFr": null,
        "SourceOfInformationEn": null,
        "SourceOfInformationFr": null,
        "IsActing": false,
        "ActingTextEn": null,
        "ActingTextFr": null,
        "HasCrossedTheFloor": false,
        "OrganizationId": 6814,
        "OrganizationLongEn": "Standing Joint Committee on Printing",
        "OrganizationLongFr": "Comit\u00e9 mixte permanent des impressions",
        "OrganizationShortEn": "Printing",
        "OrganizationShortFr": "Impressions",
        "OrganizationAcronymEn": "",
        "OrganizationAcronymFr": "",
        "OrganizationTypeId": 27,
        "OrganizationTypeEn": "Committee",
        "OrganizationTypeFr": "Comit\u00e9",
        "OrganizationProvinceEn": null,
        "OrganizationProvinceFr": null,
        "OrganizationHasProfile": true,
        "IsSenatorialDivision": false,
        "ToBeStyledAsEn": "",
        "ToBeStyledAsFr": "",
        "GroupId": 0,
        "Source": null,
        "PortFolioEn": null,
        "PortFolioFr": null,
        "Committee": {
          "OrganizationId": 0,
          "SenateCommitteeId": 0,
          "CommitteeTypeId": 5,
          "CommitteeTypeEn": "Standing",
          "CommitteeTypeFr": "Permanent",
          "CompositionTypeId": 8,
          "CompositionTypeLongEn": "Joint",
          "CompositionTypeLongFr": "Mixte",
          "CompositionTypeShortEn": "J",
          "CompositionTypeShortFr": "J",
          "Sessions": [
            {
              "SessionId": 0,
              "SessionNumber": 2,
              "ParliamentNumber": 24,
              "StartDate": "1959-01-15T00:00:00Z",
              "EndDate": "1959-07-18T00:00:00Z",
              "ShortEn": "2nd",
              "ShortFr": "2e"
            }
          ],
          "Mandates": null
        },
        "GroupingTitleEn": null,
        "GroupingTitleFr": null,
        "GroupingOrder": 0,
        "ParliamentStart": null,
        "ParliamentEnd": null,
        "ParliamentNumber": 0,
        "PartyOrganizationId": 6876,
        "PartyEn": "Progressive Conservative Party",
        "PartyFr": "Parti progressiste-conservateur",
        "PartyStartDate": "1958-03-31T00:00:00Z",
        "PartyEndDate": "1962-06-17T00:00:00Z",
        "PersonPersonId": 0,
        "PersonLastName": null,
        "PersonUsedFirstName": null,
        "PersonGender": null,
        "MemberOfParliament": null,
        "IsMP": false,
        "IsSenator": false,
        "GovernorGeneral": null,
        "Documents": null,
        "Senator": null,
        "NotesEn": null,
        "NotesFr": null,
        "InternalNotes": null,
        "IsCurrent": "False",
        "RoleId": 226,
        "NameEn": "Member",
        "Ordinal": 300,
        "Classes": [
          {
            "RoleClassId": 33,
            "RoleClassOrdinal": null,
            "RoleToRoleClassOrdinal": null,
            "RoleClassNameEn": "Committee",
            "RoleClassNameFr": "Comit\u00e9"
          },
          {
            "RoleClassId": 113,
            "RoleClassOrdinal": null,
            "RoleToRoleClassOrdinal": null,
            "RoleClassNameEn": "ElectionProcessCloseDissolution",
            "RoleClassNameFr": "ElectionProcessCloseDissolution"
          }
        ]
      },
      {
        "PersonRoleId": 151440,
        "NameFr": "Membre",
        "StartDate": "1960-11-17T00:00:00Z",
        "StartDateIsApproximate": false,
        "EndDate": "1961-09-29T00:00:00Z",
        "EndDateIsApproximate": false,
        "EndReasonEn": null,
        "EndReasonFr": null,
        "EndReasonTypeEn": null,
        "EndReasonTypeFr": null,
        "SourceOfInformationEn": null,
        "SourceOfInformationFr": null,
        "IsActing": false,
        "ActingTextEn": null,
        "ActingTextFr": null,
        "HasCrossedTheFloor": false,
        "OrganizationId": 6838,
        "OrganizationLongEn": "Standing Committee on Privileges and Elections",
        "OrganizationLongFr": "Comit\u00e9 permanent des privil\u00e8ges et \u00e9lections",
        "OrganizationShortEn": "Privileges and Elections",
        "OrganizationShortFr": "Privil\u00e8ges et \u00e9lections",
        "OrganizationAcronymEn": "",
        "OrganizationAcronymFr": "",
        "OrganizationTypeId": 27,
        "OrganizationTypeEn": "Committee",
        "OrganizationTypeFr": "Comit\u00e9",
        "OrganizationProvinceEn": null,
        "OrganizationProvinceFr": null,
        "OrganizationHasProfile": true,
        "IsSenatorialDivision": false,
        "ToBeStyledAsEn": "",
        "ToBeStyledAsFr": "",
        "GroupId": 0,
        "Source": null,
        "PortFolioEn": null,
        "PortFolioFr": null,
        "Committee": {
          "OrganizationId": 0,
          "SenateCommitteeId": 0,
          "CommitteeTypeId": 5,
          "CommitteeTypeEn": "Standing",
          "CommitteeTypeFr": "Permanent",
          "CompositionTypeId": 3,
          "CompositionTypeLongEn": "House of Commons",
          "CompositionTypeLongFr": "Chambre des communes",
          "CompositionTypeShortEn": "C",
          "CompositionTypeShortFr": "C",
          "Sessions": [
            {
              "SessionId": 0,
              "SessionNumber": 4,
              "ParliamentNumber": 24,
              "StartDate": "1960-11-17T00:00:00Z",
              "EndDate": "1961-09-29T00:00:00Z",
              "ShortEn": "4th",
              "ShortFr": "4e"
            }
          ],
          "Mandates": null
        },
        "GroupingTitleEn": null,
        "GroupingTitleFr": null,
        "GroupingOrder": 0,
        "ParliamentStart": null,
        "ParliamentEnd": null,
        "ParliamentNumber": 0,
        "PartyOrganizationId": 6876,
        "PartyEn": "Progressive Conservative Party",
        "PartyFr": "Parti progressiste-conservateur",
        "PartyStartDate": "1958-03-31T00:00:00Z",
        "PartyEndDate": "1962-06-17T00:00:00Z",
        "PersonPersonId": 0,
        "PersonLastName": null,
        "PersonUsedFirstName": null,
        "PersonGender": null,
        "MemberOfParliament": null,
        "IsMP": false,
        "IsSenator": false,
        "GovernorGeneral": null,
        "Documents": null,
        "Senator": null,
        "NotesEn": null,
        "NotesFr": null,
        "InternalNotes": null,
        "IsCurrent": "False",
        "RoleId": 226,
        "NameEn": "Member",
        "Ordinal": 300,
        "Classes": [
          {
            "RoleClassId": 33,
            "RoleClassOrdinal": null,
            "RoleToRoleClassOrdinal": null,
            "RoleClassNameEn": "Committee",
            "RoleClassNameFr": "Comit\u00e9"
          },
          {
            "RoleClassId": 113,
            "RoleClassOrdinal": null,
            "RoleToRoleClassOrdinal": null,
            "RoleClassNameEn": "ElectionProcessCloseDissolution",
            "RoleClassNameFr": "ElectionProcessCloseDissolution"
          }
        ]
      },
      {
        "PersonRoleId": 152001,
        "NameFr": "Membre",
        "StartDate": "1960-01-14T00:00:00Z",
        "StartDateIsApproximate": false,
        "EndDate": "1960-08-10T00:00:00Z",
        "EndDateIsApproximate": false,
        "EndReasonEn": null,
        "EndReasonFr": null,
        "EndReasonTypeEn": null,
        "EndReasonTypeFr": null,
        "SourceOfInformationEn": null,
        "SourceOfInformationFr": null,
        "IsActing": false,
        "ActingTextEn": null,
        "ActingTextFr": null,
        "HasCrossedTheFloor": false,
        "OrganizationId": 6838,
        "OrganizationLongEn": "Standing Committee on Privileges and Elections",
        "OrganizationLongFr": "Comit\u00e9 permanent des privil\u00e8ges et \u00e9lections",
        "OrganizationShortEn": "Privileges and Elections",
        "OrganizationShortFr": "Privil\u00e8ges et \u00e9lections",
        "OrganizationAcronymEn": "",
        "OrganizationAcronymFr": "",
        "OrganizationTypeId": 27,
        "OrganizationTypeEn": "Committee",
        "OrganizationTypeFr": "Comit\u00e9",
        "OrganizationProvinceEn": null,
        "OrganizationProvinceFr": null,
        "OrganizationHasProfile": true,
        "IsSenatorialDivision": false,
        "ToBeStyledAsEn": "",
        "ToBeStyledAsFr": "",
        "GroupId": 0,
        "Source": null,
        "PortFolioEn": null,
        "PortFolioFr": null,
        "Committee": {
          "OrganizationId": 0,
          "SenateCommitteeId": 0,
          "CommitteeTypeId": 5,
          "CommitteeTypeEn": "Standing",
          "CommitteeTypeFr": "Permanent",
          "CompositionTypeId": 3,
          "CompositionTypeLongEn": "House of Commons",
          "CompositionTypeLongFr": "Chambre des communes",
          "CompositionTypeShortEn": "C",
          "CompositionTypeShortFr": "C",
          "Sessions": [
            {
              "SessionId": 0,
              "SessionNumber": 3,
              "ParliamentNumber": 24,
              "StartDate": "1960-01-14T00:00:00Z",
              "EndDate": "1960-08-10T00:00:00Z",
              "ShortEn": "3rd",
              "ShortFr": "3e"
            }
          ],
          "Mandates": null
        },
        "GroupingTitleEn": null,
        "GroupingTitleFr": null,
        "GroupingOrder": 0,
        "ParliamentStart": null,
        "ParliamentEnd": null,
        "ParliamentNumber": 0,
        "PartyOrganizationId": 6876,
        "PartyEn": "Progressive Conservative Party",
        "PartyFr": "Parti progressiste-conservateur",
        "PartyStartDate": "1958-03-31T00:00:00Z",
        "PartyEndDate": "1962-06-17T00:00:00Z",
        "PersonPersonId": 0,
        "PersonLastName": null,
        "PersonUsedFirstName": null,
        "PersonGender": null,
        "MemberOfParliament": null,
        "IsMP": false,
        "IsSenator": false,
        "GovernorGeneral": null,
        "Documents": null,
        "Senator": null,
        "NotesEn": null,
        "NotesFr": null,
        "InternalNotes": null,
        "IsCurrent": "False",
        "RoleId": 226,
        "NameEn": "Member",
        "Ordinal": 300,
        "Classes": [
          {
            "RoleClassId": 33,
            "RoleClassOrdinal": null,
            "RoleToRoleClassOrdinal": null,
            "RoleClassNameEn": "Committee",
            "RoleClassNameFr": "Comit\u00e9"
          },
          {
            "RoleClassId": 113,
            "RoleClassOrdinal": null,
            "RoleToRoleClassOrdinal": null,
            "RoleClassNameEn": "ElectionProcessCloseDissolution",
            "RoleClassNameFr": "ElectionProcessCloseDissolution"
          }
        ]
      },
      {
        "PersonRoleId": 153234,
        "NameFr": "Membre",
        "StartDate": "1960-11-17T00:00:00Z",
        "StartDateIsApproximate": false,
        "EndDate": "1961-09-29T00:00:00Z",
        "EndDateIsApproximate": false,
        "EndReasonEn": null,
        "EndReasonFr": null,
        "EndReasonTypeEn": null,
        "EndReasonTypeFr": null,
        "SourceOfInformationEn": null,
        "SourceOfInformationFr": null,
        "IsActing": false,
        "ActingTextEn": null,
        "ActingTextFr": null,
        "HasCrossedTheFloor": false,
        "OrganizationId": 6814,
        "OrganizationLongEn": "Standing Joint Committee on Printing",
        "OrganizationLongFr": "Comit\u00e9 mixte permanent des impressions",
        "OrganizationShortEn": "Printing",
        "OrganizationShortFr": "Impressions",
        "OrganizationAcronymEn": "",
        "OrganizationAcronymFr": "",
        "OrganizationTypeId": 27,
        "OrganizationTypeEn": "Committee",
        "OrganizationTypeFr": "Comit\u00e9",
        "OrganizationProvinceEn": null,
        "OrganizationProvinceFr": null,
        "OrganizationHasProfile": true,
        "IsSenatorialDivision": false,
        "ToBeStyledAsEn": "",
        "ToBeStyledAsFr": "",
        "GroupId": 0,
        "Source": null,
        "PortFolioEn": null,
        "PortFolioFr": null,
        "Committee": {
          "OrganizationId": 0,
          "SenateCommitteeId": 0,
          "CommitteeTypeId": 5,
          "CommitteeTypeEn": "Standing",
          "CommitteeTypeFr": "Permanent",
          "CompositionTypeId": 8,
          "CompositionTypeLongEn": "Joint",
          "CompositionTypeLongFr": "Mixte",
          "CompositionTypeShortEn": "J",
          "CompositionTypeShortFr": "J",
          "Sessions": [
            {
              "SessionId": 0,
              "SessionNumber": 4,
              "ParliamentNumber": 24,
              "StartDate": "1960-11-17T00:00:00Z",
              "EndDate": "1961-09-29T00:00:00Z",
              "ShortEn": "4th",
              "ShortFr": "4e"
            }
          ],
          "Mandates": null
        },
        "GroupingTitleEn": null,
        "GroupingTitleFr": null,
        "GroupingOrder": 0,
        "ParliamentStart": null,
        "ParliamentEnd": null,
        "ParliamentNumber": 0,
        "PartyOrganizationId": 6876,
        "PartyEn": "Progressive Conservative Party",
        "PartyFr": "Parti progressiste-conservateur",
        "PartyStartDate": "1958-03-31T00:00:00Z",
        "PartyEndDate": "1962-06-17T00:00:00Z",
        "PersonPersonId": 0,
        "PersonLastName": null,
        "PersonUsedFirstName": null,
        "PersonGender": null,
        "MemberOfParliament": null,
        "IsMP": false,
        "IsSenator": false,
        "GovernorGeneral": null,
        "Documents": null,
        "Senator": null,
        "NotesEn": null,
        "NotesFr": null,
        "InternalNotes": null,
        "IsCurrent": "False",
        "RoleId": 226,
        "NameEn": "Member",
        "Ordinal": 300,
        "Classes": [
          {
            "RoleClassId": 33,
            "RoleClassOrdinal": null,
            "RoleToRoleClassOrdinal": null,
            "RoleClassNameEn": "Committee",
            "RoleClassNameFr": "Comit\u00e9"
          },
          {
            "RoleClassId": 113,
            "RoleClassOrdinal": null,
            "RoleToRoleClassOrdinal": null,
            "RoleClassNameEn": "ElectionProcessCloseDissolution",
            "RoleClassNameFr": "ElectionProcessCloseDissolution"
          }
        ]
      },
      {
        "PersonRoleId": 154915,
        "NameFr": "Membre",
        "StartDate": "1960-01-14T00:00:00Z",
        "StartDateIsApproximate": false,
        "EndDate": "1960-08-10T00:00:00Z",
        "EndDateIsApproximate": false,
        "EndReasonEn": null,
        "EndReasonFr": null,
        "EndReasonTypeEn": null,
        "EndReasonTypeFr": null,
        "SourceOfInformationEn": null,
        "SourceOfInformationFr": null,
        "IsActing": false,
        "ActingTextEn": null,
        "ActingTextFr": null,
        "HasCrossedTheFloor": false,
        "OrganizationId": 766,
        "OrganizationLongEn": "Standing Committee on Banking and Commerce",
        "OrganizationLongFr": "Comit\u00e9 permanent des banques et du commerce",
        "OrganizationShortEn": "Banking and Commerce",
        "OrganizationShortFr": "Banques et commerce",
        "OrganizationAcronymEn": "",
        "OrganizationAcronymFr": "",
        "OrganizationTypeId": 27,
        "OrganizationTypeEn": "Committee",
        "OrganizationTypeFr": "Comit\u00e9",
        "OrganizationProvinceEn": null,
        "OrganizationProvinceFr": null,
        "OrganizationHasProfile": true,
        "IsSenatorialDivision": false,
        "ToBeStyledAsEn": "",
        "ToBeStyledAsFr": "",
        "GroupId": 0,
        "Source": null,
        "PortFolioEn": null,
        "PortFolioFr": null,
        "Committee": {
          "OrganizationId": 0,
          "SenateCommitteeId": 0,
          "CommitteeTypeId": 5,
          "CommitteeTypeEn": "Standing",
          "CommitteeTypeFr": "Permanent",
          "CompositionTypeId": 3,
          "CompositionTypeLongEn": "House of Commons",
          "CompositionTypeLongFr": "Chambre des communes",
          "CompositionTypeShortEn": "C",
          "CompositionTypeShortFr": "C",
          "Sessions": [
            {
              "SessionId": 0,
              "SessionNumber": 3,
              "ParliamentNumber": 24,
              "StartDate": "1960-01-14T00:00:00Z",
              "EndDate": "1960-08-10T00:00:00Z",
              "ShortEn": "3rd",
              "ShortFr": "3e"
            }
          ],
          "Mandates": null
        },
        "GroupingTitleEn": null,
        "GroupingTitleFr": null,
        "GroupingOrder": 0,
        "ParliamentStart": null,
        "ParliamentEnd": null,
        "ParliamentNumber": 0,
        "PartyOrganizationId": 6876,
        "PartyEn": "Progressive Conservative Party",
        "PartyFr": "Parti progressiste-conservateur",
        "PartyStartDate": "1958-03-31T00:00:00Z",
        "PartyEndDate": "1962-06-17T00:00:00Z",
        "PersonPersonId": 0,
        "PersonLastName": null,
        "PersonUsedFirstName": null,
        "PersonGender": null,
        "MemberOfParliament": null,
        "IsMP": false,
        "IsSenator": false,
        "GovernorGeneral": null,
        "Documents": null,
        "Senator": null,
        "NotesEn": null,
        "NotesFr": null,
        "InternalNotes": null,
        "IsCurrent": "False",
        "RoleId": 226,
        "NameEn": "Member",
        "Ordinal": 300,
        "Classes": [
          {
            "RoleClassId": 33,
            "RoleClassOrdinal": null,
            "RoleToRoleClassOrdinal": null,
            "RoleClassNameEn": "Committee",
            "RoleClassNameFr": "Comit\u00e9"
          },
          {
            "RoleClassId": 113,
            "RoleClassOrdinal": null,
            "RoleToRoleClassOrdinal": null,
            "RoleClassNameEn": "ElectionProcessCloseDissolution",
            "RoleClassNameFr": "ElectionProcessCloseDissolution"
          }
        ]
      },
      {
        "PersonRoleId": 155043,
        "NameFr": "Membre",
        "StartDate": "1960-01-14T00:00:00Z",
        "StartDateIsApproximate": false,
        "EndDate": "1960-08-10T00:00:00Z",
        "EndDateIsApproximate": false,
        "EndReasonEn": null,
        "EndReasonFr": null,
        "EndReasonTypeEn": null,
        "EndReasonTypeFr": null,
        "SourceOfInformationEn": null,
        "SourceOfInformationFr": null,
        "IsActing": false,
        "ActingTextEn": null,
        "ActingTextFr": null,
        "HasCrossedTheFloor": false,
        "OrganizationId": 6814,
        "OrganizationLongEn": "Standing Joint Committee on Printing",
        "OrganizationLongFr": "Comit\u00e9 mixte permanent des impressions",
        "OrganizationShortEn": "Printing",
        "OrganizationShortFr": "Impressions",
        "OrganizationAcronymEn": "",
        "OrganizationAcronymFr": "",
        "OrganizationTypeId": 27,
        "OrganizationTypeEn": "Committee",
        "OrganizationTypeFr": "Comit\u00e9",
        "OrganizationProvinceEn": null,
        "OrganizationProvinceFr": null,
        "OrganizationHasProfile": true,
        "IsSenatorialDivision": false,
        "ToBeStyledAsEn": "",
        "ToBeStyledAsFr": "",
        "GroupId": 0,
        "Source": null,
        "PortFolioEn": null,
        "PortFolioFr": null,
        "Committee": {
          "OrganizationId": 0,
          "SenateCommitteeId": 0,
          "CommitteeTypeId": 5,
          "CommitteeTypeEn": "Standing",
          "CommitteeTypeFr": "Permanent",
          "CompositionTypeId": 8,
          "CompositionTypeLongEn": "Joint",
          "CompositionTypeLongFr": "Mixte",
          "CompositionTypeShortEn": "J",
          "CompositionTypeShortFr": "J",
          "Sessions": [
            {
              "SessionId": 0,
              "SessionNumber": 3,
              "ParliamentNumber": 24,
              "StartDate": "1960-01-14T00:00:00Z",
              "EndDate": "1960-08-10T00:00:00Z",
              "ShortEn": "3rd",
              "ShortFr": "3e"
            }
          ],
          "Mandates": null
        },
        "GroupingTitleEn": null,
        "GroupingTitleFr": null,
        "GroupingOrder": 0,
        "ParliamentStart": null,
        "ParliamentEnd": null,
        "ParliamentNumber": 0,
        "PartyOrganizationId": 6876,
        "PartyEn": "Progressive Conservative Party",
        "PartyFr": "Parti progressiste-conservateur",
        "PartyStartDate": "1958-03-31T00:00:00Z",
        "PartyEndDate": "1962-06-17T00:00:00Z",
        "PersonPersonId": 0,
        "PersonLastName": null,
        "PersonUsedFirstName": null,
        "PersonGender": null,
        "MemberOfParliament": null,
        "IsMP": false,
        "IsSenator": false,
        "GovernorGeneral": null,
        "Documents": null,
        "Senator": null,
        "NotesEn": null,
        "NotesFr": null,
        "InternalNotes": null,
        "IsCurrent": "False",
        "RoleId": 226,
        "NameEn": "Member",
        "Ordinal": 300,
        "Classes": [
          {
            "RoleClassId": 33,
            "RoleClassOrdinal": null,
            "RoleToRoleClassOrdinal": null,
            "RoleClassNameEn": "Committee",
            "RoleClassNameFr": "Comit\u00e9"
          },
          {
            "RoleClassId": 113,
            "RoleClassOrdinal": null,
            "RoleToRoleClassOrdinal": null,
            "RoleClassNameEn": "ElectionProcessCloseDissolution",
            "RoleClassNameFr": "ElectionProcessCloseDissolution"
          }
        ]
      },
      {
        "PersonRoleId": 155186,
        "NameFr": "Membre",
        "StartDate": "1962-01-18T00:00:00Z",
        "StartDateIsApproximate": false,
        "EndDate": "1962-04-19T00:00:00Z",
        "EndDateIsApproximate": false,
        "EndReasonEn": null,
        "EndReasonFr": null,
        "EndReasonTypeEn": null,
        "EndReasonTypeFr": null,
        "SourceOfInformationEn": null,
        "SourceOfInformationFr": null,
        "IsActing": false,
        "ActingTextEn": null,
        "ActingTextFr": null,
        "HasCrossedTheFloor": false,
        "OrganizationId": 6838,
        "OrganizationLongEn": "Standing Committee on Privileges and Elections",
        "OrganizationLongFr": "Comit\u00e9 permanent des privil\u00e8ges et \u00e9lections",
        "OrganizationShortEn": "Privileges and Elections",
        "OrganizationShortFr": "Privil\u00e8ges et \u00e9lections",
        "OrganizationAcronymEn": "",
        "OrganizationAcronymFr": "",
        "OrganizationTypeId": 27,
        "OrganizationTypeEn": "Committee",
        "OrganizationTypeFr": "Comit\u00e9",
        "OrganizationProvinceEn": null,
        "OrganizationProvinceFr": null,
        "OrganizationHasProfile": true,
        "IsSenatorialDivision": false,
        "ToBeStyledAsEn": "",
        "ToBeStyledAsFr": "",
        "GroupId": 0,
        "Source": null,
        "PortFolioEn": null,
        "PortFolioFr": null,
        "Committee": {
          "OrganizationId": 0,
          "SenateCommitteeId": 0,
          "CommitteeTypeId": 5,
          "CommitteeTypeEn": "Standing",
          "CommitteeTypeFr": "Permanent",
          "CompositionTypeId": 3,
          "CompositionTypeLongEn": "House of Commons",
          "CompositionTypeLongFr": "Chambre des communes",
          "CompositionTypeShortEn": "C",
          "CompositionTypeShortFr": "C",
          "Sessions": [
            {
              "SessionId": 0,
              "SessionNumber": 5,
              "ParliamentNumber": 24,
              "StartDate": "1962-01-18T00:00:00Z",
              "EndDate": "1962-04-19T00:00:00Z",
              "ShortEn": "5th",
              "ShortFr": "5e"
            }
          ],
          "Mandates": null
        },
        "GroupingTitleEn": null,
        "GroupingTitleFr": null,
        "GroupingOrder": 0,
        "ParliamentStart": null,
        "ParliamentEnd": null,
        "ParliamentNumber": 0,
        "PartyOrganizationId": 6876,
        "PartyEn": "Progressive Conservative Party",
        "PartyFr": "Parti progressiste-conservateur",
        "PartyStartDate": "1958-03-31T00:00:00Z",
        "PartyEndDate": "1962-06-17T00:00:00Z",
        "PersonPersonId": 0,
        "PersonLastName": null,
        "PersonUsedFirstName": null,
        "PersonGender": null,
        "MemberOfParliament": null,
        "IsMP": false,
        "IsSenator": false,
        "GovernorGeneral": null,
        "Documents": null,
        "Senator": null,
        "NotesEn": null,
        "NotesFr": null,
        "InternalNotes": null,
        "IsCurrent": "False",
        "RoleId": 226,
        "NameEn": "Member",
        "Ordinal": 300,
        "Classes": [
          {
            "RoleClassId": 33,
            "RoleClassOrdinal": null,
            "RoleToRoleClassOrdinal": null,
            "RoleClassNameEn": "Committee",
            "RoleClassNameFr": "Comit\u00e9"
          },
          {
            "RoleClassId": 113,
            "RoleClassOrdinal": null,
            "RoleToRoleClassOrdinal": null,
            "RoleClassNameEn": "ElectionProcessCloseDissolution",
            "RoleClassNameFr": "ElectionProcessCloseDissolution"
          }
        ]
      },
      {
        "PersonRoleId": 155956,
        "NameFr": "Membre",
        "StartDate": "1962-01-18T00:00:00Z",
        "StartDateIsApproximate": false,
        "EndDate": "1962-04-19T00:00:00Z",
        "EndDateIsApproximate": false,
        "EndReasonEn": null,
        "EndReasonFr": null,
        "EndReasonTypeEn": null,
        "EndReasonTypeFr": null,
        "SourceOfInformationEn": null,
        "SourceOfInformationFr": null,
        "IsActing": false,
        "ActingTextEn": null,
        "ActingTextFr": null,
        "HasCrossedTheFloor": false,
        "OrganizationId": 6814,
        "OrganizationLongEn": "Standing Joint Committee on Printing",
        "OrganizationLongFr": "Comit\u00e9 mixte permanent des impressions",
        "OrganizationShortEn": "Printing",
        "OrganizationShortFr": "Impressions",
        "OrganizationAcronymEn": "",
        "OrganizationAcronymFr": "",
        "OrganizationTypeId": 27,
        "OrganizationTypeEn": "Committee",
        "OrganizationTypeFr": "Comit\u00e9",
        "OrganizationProvinceEn": null,
        "OrganizationProvinceFr": null,
        "OrganizationHasProfile": true,
        "IsSenatorialDivision": false,
        "ToBeStyledAsEn": "",
        "ToBeStyledAsFr": "",
        "GroupId": 0,
        "Source": null,
        "PortFolioEn": null,
        "PortFolioFr": null,
        "Committee": {
          "OrganizationId": 0,
          "SenateCommitteeId": 0,
          "CommitteeTypeId": 5,
          "CommitteeTypeEn": "Standing",
          "CommitteeTypeFr": "Permanent",
          "CompositionTypeId": 8,
          "CompositionTypeLongEn": "Joint",
          "CompositionTypeLongFr": "Mixte",
          "CompositionTypeShortEn": "J",
          "CompositionTypeShortFr": "J",
          "Sessions": [
            {
              "SessionId": 0,
              "SessionNumber": 5,
              "ParliamentNumber": 24,
              "StartDate": "1962-01-18T00:00:00Z",
              "EndDate": "1962-04-19T00:00:00Z",
              "ShortEn": "5th",
              "ShortFr": "5e"
            }
          ],
          "Mandates": null
        },
        "GroupingTitleEn": null,
        "GroupingTitleFr": null,
        "GroupingOrder": 0,
        "ParliamentStart": null,
        "ParliamentEnd": null,
        "ParliamentNumber": 0,
        "PartyOrganizationId": 6876,
        "PartyEn": "Progressive Conservative Party",
        "PartyFr": "Parti progressiste-conservateur",
        "PartyStartDate": "1958-03-31T00:00:00Z",
        "PartyEndDate": "1962-06-17T00:00:00Z",
        "PersonPersonId": 0,
        "PersonLastName": null,
        "PersonUsedFirstName": null,
        "PersonGender": null,
        "MemberOfParliament": null,
        "IsMP": false,
        "IsSenator": false,
        "GovernorGeneral": null,
        "Documents": null,
        "Senator": null,
        "NotesEn": null,
        "NotesFr": null,
        "InternalNotes": null,
        "IsCurrent": "False",
        "RoleId": 226,
        "NameEn": "Member",
        "Ordinal": 300,
        "Classes": [
          {
            "RoleClassId": 33,
            "RoleClassOrdinal": null,
            "RoleToRoleClassOrdinal": null,
            "RoleClassNameEn": "Committee",
            "RoleClassNameFr": "Comit\u00e9"
          },
          {
            "RoleClassId": 113,
            "RoleClassOrdinal": null,
            "RoleToRoleClassOrdinal": null,
            "RoleClassNameEn": "ElectionProcessCloseDissolution",
            "RoleClassNameFr": "ElectionProcessCloseDissolution"
          }
        ]
      }
    ],
    "HillAddresses": null,
    "ConstituencyAddresses": null,
    "WebLinks": [
      {
        "TypeEn": "Maiden Speech",
        "TypeFr": "Premier discours",
        "TitleFr": "Premier discours \u00e0 la Chambre des communes",
        "TitleEn": "Maiden Speech in the House of Commons",
        "UrlEn": "https://parl.canadiana.ca/view/oop.debates_HOC2404_02/391?r=0&s=1",
        "UrlFr": "https://parl.canadiana.ca/view/oop.debates_CDC2404_02/403?r=0&s=1"
      }
    ],
    "Bibliography": null,
    "ElectionCandidates": [
      {
        "ElectionCandidateId": 2332,
        "ParliamentNumber": 23,
        "ElectionId": 657,
        "ElectionDate": "1957-06-10T00:00:00Z",
        "IsGeneral": true,
        "OrganizationId": 9151,
        "ConstituencyEn": "Terrebonne",
        "ConstituencyFr": "Terrebonne",
        "ProvinceEn": null,
        "ProvinceFr": null,
        "PersonRoleId": null,
        "ElectionCanadaFirstName": "Marcel",
        "ElectionCanadaLastName": "DESCHAMBAULT",
        "ElectionCanadaMiddleName": null,
        "Gender": "M",
        "OccupationEn": "Accountant",
        "OccupationFr": "Comptable",
        "PartyOrganizationId": 6876,
        "PartyNameEn": "Progressive Conservative Party",
        "PartyNameFr": "Parti progressiste-conservateur",
        "Votes": 12973,
        "ResultLongEn": "Defeated",
        "ResultLongFr": "D\u00e9fait",
        "OtherResultLongEn": null,
        "OtherResultLongFr": null,
        "NotesEn": null,
        "NotesFr": null,
        "InternalNotes": null
      },
      {
        "ElectionCandidateId": 2333,
        "ParliamentNumber": 24,
        "ElectionId": 695,
        "ElectionDate": "1958-03-31T00:00:00Z",
        "IsGeneral": true,
        "OrganizationId": 9151,
        "ConstituencyEn": "Terrebonne",
        "ConstituencyFr": "Terrebonne",
        "ProvinceEn": null,
        "ProvinceFr": null,
        "PersonRoleId": null,
        "ElectionCanadaFirstName": "Marcel",
        "ElectionCanadaLastName": "DESCHAMBAULT",
        "ElectionCanadaMiddleName": null,
        "Gender": "M",
        "OccupationEn": "Accountant",
        "OccupationFr": "Comptable",
        "PartyOrganizationId": 6876,
        "PartyNameEn": "Progressive Conservative Party",
        "PartyNameFr": "Parti progressiste-conservateur",
        "Votes": 19319,
        "ResultLongEn": "Elected",
        "ResultLongFr": "\u00c9lu",
        "OtherResultLongEn": null,
        "OtherResultLongFr": null,
        "NotesEn": null,
        "NotesFr": null,
        "InternalNotes": null
      },
      {
        "ElectionCandidateId": 2334,
        "ParliamentNumber": 25,
        "ElectionId": 355,
        "ElectionDate": "1962-06-18T00:00:00Z",
        "IsGeneral": true,
        "OrganizationId": 9151,
        "ConstituencyEn": "Terrebonne",
        "ConstituencyFr": "Terrebonne",
        "ProvinceEn": null,
        "ProvinceFr": null,
        "PersonRoleId": null,
        "ElectionCanadaFirstName": "Marcel",
        "ElectionCanadaLastName": "DESCHAMBAULT",
        "ElectionCanadaMiddleName": null,
        "Gender": "M",
        "OccupationEn": "Accountant",
        "OccupationFr": "Comptable",
        "PartyOrganizationId": 6876,
        "PartyNameEn": "Progressive Conservative Party",
        "PartyNameFr": "Parti progressiste-conservateur",
        "Votes": 11155,
        "ResultLongEn": "Defeated",
        "ResultLongFr": "D\u00e9fait",
        "OtherResultLongEn": null,
        "OtherResultLongFr": null,
        "NotesEn": null,
        "NotesFr": null,
        "InternalNotes": null
      }
    ],
    "Death": {
      "DateOfDeath": "1969-06-11T00:00:00Z",
      "DateOfDeathIsApproximate": false,
      "DeceasedOnDuty": false,
      "RecordNotFound": false,
      "CauseOfDeathEn": null,
      "CauseOfDeathFr": null,
      "CemetaryNameEn": null,
      "CemetaryNameFr": null,
      "CemetaryCityEn": null,
      "CemetaryCityFr": null,
      "CemetaryProvinceEn": null,
      "CemetaryProvinceFr": null,
      "CemetaryCountryEn": null,
      "CemetaryCountryFr": null,
      "FuneralDate": null,
      "StateLayFuneralLocationEn": null,
      "StateLayFuneralLocationFr": null,
      "StateLayFuneralStartDate": null,
      "StateLayFuneralEndDate": null,
      "ReferenceOfStateLay": null
    },
    "PrimeMinister": null,
    "Parliaments": null,
    "Age": 52,
    "DisplayName": "Deschambault, Marcel",
    "StraightDisplayName": "Marcel Deschambault",
    "PartyEn": "Progressive Conservative Party (1958/03/31 - 1962/06/17)<br>",
    "PartyFr": "Parti progressiste-conservateur (1958/03/31 - 1962/06/17)<br>",
    "ConstituencyEn": "Terrebonne (1958/03/31 - 1962/06/17)<br>",
    "ConstituencyFr": "Terrebonne (1958/03/31 - 1962/06/17)<br>",
    "CurrentPartyEn": "Progressive Conservative Party",
    "CurrentPartyFr": "Parti progressiste-conservateur",
    "CurrentConstituencyEn": "Terrebonne",
    "CurrentConstituencyFr": "Terrebonne",
    "ElectedInParliaments": "24;",
    "ServedInParliaments": "24;",
    "ProvinceEn": "Quebec<br>",
    "ProvinceFr": "Qu\u00e9bec<br>",
    "PrimeMinisterEn": "",
    "PrimeMinisterFr": "",
    "CabinetChairEn": "",
    "CabinetChairFr": "",
    "CabinetCommitteeMemberEn": "",
    "CabinetCommitteeMemberFr": "",
    "LeaderOpposition": "",
    "DeputyPrimeMinister": "",
    "SpeakerHouseOfCommons": "",
    "SpeakerSenate": "",
    "SpeakerProTempore": "",
    "DeputySpeaker": "",
    "AssistantDeputySpeakerChairEn": "",
    "AssistantDeputySpeakerChairFr": "",
    "MinisterOfEn": "",
    "MinisterOfFr": "",
    "AssociateMinisterOfEn": "",
    "AssociateMinisterOfFr": "",
    "MinisterOfStateOfEn": "",
    "MinisterOfStateOfFr": "",
    "SecretaryOfStateOfEn": "",
    "SecretaryOfStateOfFr": "",
    "ParliamentarySecretaryOfEn": "",
    "ParliamentarySecretaryOfFr": "",
    "ParliamentaryAssistantOfEn": "",
    "ParliamentaryAssistantOfFr": "",
    "PartyLeaderEn": "",
    "PartyLeaderFr": "",
    "HouseLeaderEn": "",
    "HouseLeaderFr": "",
    "DeputyHouseLeaderEn": "",
    "DeputyHouseLeaderFr": "",
    "WhipEn": "",
    "WhipFr": "",
    "DeputyWhipEn": "",
    "DeputyWhipFr": "",
    "CriticOfEn": "",
    "CriticOfFr": "",
    "AssistantCriticOfEn": "",
    "AssistantCriticOfFr": "",
    "TypeOfParliamentarianEn": "MP (1958/03/31 - 1962/06/17)<br>",
    "TypeOfParliamentarianFr": "D\u00e9put\u00e9 (1958/03/31 - 1962/06/17)<br>",
    "MemberOfParliamentMandate": "1958/03/31 - 1962/06/17<br>",
    "SenateMandate": "",
    "DiedInOffice": false,
    "PremiershipExperienceEn": "",
    "PremiershipExperienceFr": "",
    "ProvincialExperienceEn": "",
    "ProvincialExperienceFr": "",
    "MunicipalExperienceEn": "",
    "MunicipalExperienceFr": "",
    "MilitaryServiceEn": "",
    "MilitaryServiceFr": "",
    "MinistryDurationEn": "",
    "MinistryDurationFr": "",
    "ProfessionsEn": ", accountant",
    "ProfessionsFr": ", comptable",
    "LanguageEn": "",
    "LanguageFr": "",
    "IsPrimeMinister": false,
    "YearsOfServiceSegments": [
      {
        "TotalDays": 1540,
        "Years": 4,
        "Months": 2,
        "Days": 18,
        "Hours": 0,
        "Minutes": 0,
        "Seconds": 0,
        "Milliseconds": 0
      }
    ],
    "IsCurrentlyInOffice": false,
    "IsCurrentlySenator": false,
    "IsCurrentlyMP": false,
    "HasMaidenSpeech": true,
    "_id": "59f8770be413e1389ffd1beb",
    "LastUpdatedId": "000000000000000000000000",
    "LastModified": "0001-01-01T00:00:00",
    "ModifiedBy": null
  },
  "FederalExperience": [
    {
      "PersonRoleId": 85662,
      "NameFr": "Membre pour la circonscription",
      "StartDate": "1958-03-31T00:00:00Z",
      "StartDateIsApproximate": false,
      "EndDate": "1962-06-17T00:00:00Z",
      "EndDateIsApproximate": false,
      "EndReasonEn": null,
      "EndReasonFr": null,
      "EndReasonTypeEn": null,
      "EndReasonTypeFr": null,
      "SourceOfInformationEn": null,
      "SourceOfInformationFr": null,
      "IsActing": false,
      "ActingTextEn": null,
      "ActingTextFr": null,
      "HasCrossedTheFloor": false,
      "OrganizationId": 9151,
      "OrganizationLongEn": "Terrebonne",
      "OrganizationLongFr": "Terrebonne",
      "OrganizationShortEn": "",
      "OrganizationShortFr": "",
      "OrganizationAcronymEn": "",
      "OrganizationAcronymFr": "",
      "OrganizationTypeId": 35,
      "OrganizationTypeEn": "Constituency",
      "OrganizationTypeFr": "Circonscription",
      "OrganizationProvinceEn": "Quebec",
      "OrganizationProvinceFr": "Qu\u00e9bec",
      "OrganizationHasProfile": true,
      "IsSenatorialDivision": false,
      "ToBeStyledAsEn": "",
      "ToBeStyledAsFr": "",
      "GroupId": 0,
      "Source": null,
      "PortFolioEn": null,
      "PortFolioFr": null,
      "Committee": null,
      "GroupingTitleEn": "Parliamentarian",
      "GroupingTitleFr": "Parlementaire",
      "GroupingOrder": 1,
      "ParliamentStart": "1958-05-12T00:00:00Z",
      "ParliamentEnd": "1962-04-19T00:00:00Z",
      "ParliamentNumber": 24,
      "PartyOrganizationId": 6876,
      "PartyEn": "Progressive Conservative Party",
      "PartyFr": "Parti progressiste-conservateur",
      "PartyStartDate": "1958-03-31T00:00:00Z",
      "PartyEndDate": "1962-06-17T00:00:00Z",
      "PersonPersonId": 0,
      "PersonLastName": null,
      "PersonUsedFirstName": null,
      "PersonGender": null,
      "MemberOfParliament": {
        "OccupationTypeEn": "Continuous",
        "OccupationTypeFr": "Continue"
      },
      "IsMP": true,
      "IsSenator": false,
      "GovernorGeneral": null,
      "Documents": null,
      "Senator": null,
      "NotesEn": null,
      "NotesFr": null,
      "InternalNotes": null,
      "IsCurrent": "False",
      "RoleId": 719,
      "NameEn": "Constituency Member",
      "Ordinal": 240,
      "Classes": [
        {
          "RoleClassId": 49,
          "RoleClassOrdinal": 2,
          "RoleToRoleClassOrdinal": null,
          "RoleClassNameEn": "Salaries in the House of Commons",
          "RoleClassNameFr": "Salaires \u00e0 la Chambre des Communes"
        },
        {
          "RoleClassId": 105,
          "RoleClassOrdinal": null,
          "RoleToRoleClassOrdinal": null,
          "RoleClassNameEn": "Parliamentarian",
          "RoleClassNameFr": "Parlementaire"
        }
      ]
    },
    {
      "PersonRoleId": 72200,
      "NameFr": "Membre du parti",
      "StartDate": "1958-03-31T00:00:00Z",
      "StartDateIsApproximate": false,
      "EndDate": "1962-06-17T00:00:00Z",
      "EndDateIsApproximate": false,
      "EndReasonEn": null,
      "EndReasonFr": null,
      "EndReasonTypeEn": null,
      "EndReasonTypeFr": null,
      "SourceOfInformationEn": null,
      "SourceOfInformationFr": null,
      "IsActing": false,
      "ActingTextEn": null,
      "ActingTextFr": null,
      "HasCrossedTheFloor": false,
      "OrganizationId": 6876,
      "OrganizationLongEn": "Progressive Conservative Party",
      "OrganizationLongFr": "Parti progressiste-conservateur",
      "OrganizationShortEn": "Progressive Conservative",
      "OrganizationShortFr": "Progressiste-conservateur",
      "OrganizationAcronymEn": "P.C.",
      "OrganizationAcronymFr": "P.-C.",
      "OrganizationTypeId": 4,
      "OrganizationTypeEn": "Party",
      "OrganizationTypeFr": "Parti",
      "OrganizationProvinceEn": null,
      "OrganizationProvinceFr": null,
      "OrganizationHasProfile": true,
      "IsSenatorialDivision": false,
      "ToBeStyledAsEn": "",
      "ToBeStyledAsFr": "",
      "GroupId": 0,
      "Source": null,
      "PortFolioEn": null,
      "PortFolioFr": null,
      "Committee": null,
      "GroupingTitleEn": "Parliamentarian",
      "GroupingTitleFr": "Parlementaire",
      "GroupingOrder": 1,
      "ParliamentStart": "1958-05-12T00:00:00Z",
      "ParliamentEnd": "1962-04-19T00:00:00Z",
      "ParliamentNumber": 24,
      "PartyOrganizationId": 6876,
      "PartyEn": "Progressive Conservative Party",
      "PartyFr": "Parti progressiste-conservateur",
      "PartyStartDate": "1958-03-31T00:00:00Z",
      "PartyEndDate": "1962-06-17T00:00:00Z",
      "PersonPersonId": 0,
      "PersonLastName": null,
      "PersonUsedFirstName": null,
      "PersonGender": null,
      "MemberOfParliament": null,
      "IsMP": false,
      "IsSenator": false,
      "GovernorGeneral": null,
      "Documents": null,
      "Senator": null,
      "NotesEn": null,
      "NotesFr": null,
      "InternalNotes": null,
      "IsCurrent": "False",
      "RoleId": 722,
      "NameEn": "Party Member",
      "Ordinal": null,
      "Classes": [
        {
          "RoleClassId": 105,
          "RoleClassOrdinal": null,
          "RoleToRoleClassOrdinal": null,
          "RoleClassNameEn": "Parliamentarian",
          "RoleClassNameFr": "Parlementaire"
        }
      ]
    }
  ],
  "FederalExperienceList": [
    {
      "PersonRoleId": 72200,
      "NameFr": "Membre du parti",
      "StartDate": "1958-03-31T00:00:00Z",
      "StartDateIsApproximate": false,
      "EndDate": "1962-06-17T00:00:00Z",
      "EndDateIsApproximate": false,
      "EndReasonEn": null,
      "EndReasonFr": null,
      "EndReasonTypeEn": null,
      "EndReasonTypeFr": null,
      "SourceOfInformationEn": null,
      "SourceOfInformationFr": null,
      "IsActing": false,
      "ActingTextEn": null,
      "ActingTextFr": null,
      "HasCrossedTheFloor": false,
      "OrganizationId": 6876,
      "OrganizationLongEn": "Progressive Conservative Party",
      "OrganizationLongFr": "Parti progressiste-conservateur",
      "OrganizationShortEn": "Progressive Conservative",
      "OrganizationShortFr": "Progressiste-conservateur",
      "OrganizationAcronymEn": "P.C.",
      "OrganizationAcronymFr": "P.-C.",
      "OrganizationTypeId": 4,
      "OrganizationTypeEn": "Party",
      "OrganizationTypeFr": "Parti",
      "OrganizationProvinceEn": null,
      "OrganizationProvinceFr": null,
      "OrganizationHasProfile": true,
      "IsSenatorialDivision": false,
      "ToBeStyledAsEn": "",
      "ToBeStyledAsFr": "",
      "GroupId": 0,
      "Source": null,
      "PortFolioEn": null,
      "PortFolioFr": null,
      "Committee": null,
      "GroupingTitleEn": "Parliamentarian",
      "GroupingTitleFr": "Parlementaire",
      "GroupingOrder": 1,
      "ParliamentStart": "1958-05-12T00:00:00Z",
      "ParliamentEnd": "1962-04-19T00:00:00Z",
      "ParliamentNumber": 24,
      "PartyOrganizationId": 6876,
      "PartyEn": "Progressive Conservative Party",
      "PartyFr": "Parti progressiste-conservateur",
      "PartyStartDate": "1958-03-31T00:00:00Z",
      "PartyEndDate": "1962-06-17T00:00:00Z",
      "PersonPersonId": 0,
      "PersonLastName": null,
      "PersonUsedFirstName": null,
      "PersonGender": null,
      "MemberOfParliament": null,
      "IsMP": false,
      "IsSenator": false,
      "GovernorGeneral": null,
      "Documents": null,
      "Senator": null,
      "NotesEn": null,
      "NotesFr": null,
      "InternalNotes": null,
      "IsCurrent": "False",
      "RoleId": 722,
      "NameEn": "Party Member",
      "Ordinal": null,
      "Classes": [
        {
          "RoleClassId": 105,
          "RoleClassOrdinal": null,
          "RoleToRoleClassOrdinal": null,
          "RoleClassNameEn": "Parliamentarian",
          "RoleClassNameFr": "Parlementaire"
        }
      ]
    },
    {
      "PersonRoleId": 85662,
      "NameFr": "Membre pour la circonscription",
      "StartDate": "1958-03-31T00:00:00Z",
      "StartDateIsApproximate": false,
      "EndDate": "1962-06-17T00:00:00Z",
      "EndDateIsApproximate": false,
      "EndReasonEn": null,
      "EndReasonFr": null,
      "EndReasonTypeEn": null,
      "EndReasonTypeFr": null,
      "SourceOfInformationEn": null,
      "SourceOfInformationFr": null,
      "IsActing": false,
      "ActingTextEn": null,
      "ActingTextFr": null,
      "HasCrossedTheFloor": false,
      "OrganizationId": 9151,
      "OrganizationLongEn": "Terrebonne",
      "OrganizationLongFr": "Terrebonne",
      "OrganizationShortEn": "",
      "OrganizationShortFr": "",
      "OrganizationAcronymEn": "",
      "OrganizationAcronymFr": "",
      "OrganizationTypeId": 35,
      "OrganizationTypeEn": "Constituency",
      "OrganizationTypeFr": "Circonscription",
      "OrganizationProvinceEn": "Quebec",
      "OrganizationProvinceFr": "Qu\u00e9bec",
      "OrganizationHasProfile": true,
      "IsSenatorialDivision": false,
      "ToBeStyledAsEn": "",
      "ToBeStyledAsFr": "",
      "GroupId": 0,
      "Source": null,
      "PortFolioEn": null,
      "PortFolioFr": null,
      "Committee": null,
      "GroupingTitleEn": "Parliamentarian",
      "GroupingTitleFr": "Parlementaire",
      "GroupingOrder": 1,
      "ParliamentStart": "1958-05-12T00:00:00Z",
      "ParliamentEnd": "1962-04-19T00:00:00Z",
      "ParliamentNumber": 24,
      "PartyOrganizationId": 6876,
      "PartyEn": "Progressive Conservative Party",
      "PartyFr": "Parti progressiste-conservateur",
      "PartyStartDate": "1958-03-31T00:00:00Z",
      "PartyEndDate": "1962-06-17T00:00:00Z",
      "PersonPersonId": 0,
      "PersonLastName": null,
      "PersonUsedFirstName": null,
      "PersonGender": null,
      "MemberOfParliament": {
        "OccupationTypeEn": "Continuous",
        "OccupationTypeFr": "Continue"
      },
      "IsMP": true,
      "IsSenator": false,
      "GovernorGeneral": null,
      "Documents": null,
      "Senator": null,
      "NotesEn": null,
      "NotesFr": null,
      "InternalNotes": null,
      "IsCurrent": "False",
      "RoleId": 719,
      "NameEn": "Constituency Member",
      "Ordinal": 240,
      "Classes": [
        {
          "RoleClassId": 49,
          "RoleClassOrdinal": 2,
          "RoleToRoleClassOrdinal": null,
          "RoleClassNameEn": "Salaries in the House of Commons",
          "RoleClassNameFr": "Salaires \u00e0 la Chambre des Communes"
        },
        {
          "RoleClassId": 105,
          "RoleClassOrdinal": null,
          "RoleToRoleClassOrdinal": null,
          "RoleClassNameEn": "Parliamentarian",
          "RoleClassNameFr": "Parlementaire"
        }
      ]
    }
  ],
  "CommitteeMembership": [
    {
      "NameEn": "Member",
      "NameFr": "Membre",
      "RoleId": 226,
      "OrganizationId": 6838,
      "OrganizationLongEn": "Standing Committee on Privileges and Elections",
      "OrganizationLongFr": "Comit\u00e9 permanent des privil\u00e8ges et \u00e9lections",
      "OrganizationTypeEn": "Committee",
      "OrganizationTypeFr": "Comit\u00e9",
      "OrganizationTypeId": 27,
      "PartyEn": "Progressive Conservative Party",
      "PartyFr": "Parti progressiste-conservateur",
      "CompositionTypeLongEn": "House of Commons",
      "CompositionTypeLongFr": "Chambre des communes",
      "CompositionTypeShortEn": "C",
      "CompositionTypeShortFr": "C",
      "CommitteeTypeEn": "Standing",
      "CommitteeTypeFr": "Permanent",
      "ParliamentNumber": 24,
      "SessionNumber": 5,
      "ShortEn": "5th",
      "ShortFr": "5e"
    },
    {
      "NameEn": "Member",
      "NameFr": "Membre",
      "RoleId": 226,
      "OrganizationId": 6814,
      "OrganizationLongEn": "Standing Joint Committee on Printing",
      "OrganizationLongFr": "Comit\u00e9 mixte permanent des impressions",
      "OrganizationTypeEn": "Committee",
      "OrganizationTypeFr": "Comit\u00e9",
      "OrganizationTypeId": 27,
      "PartyEn": "Progressive Conservative Party",
      "PartyFr": "Parti progressiste-conservateur",
      "CompositionTypeLongEn": "Joint",
      "CompositionTypeLongFr": "Mixte",
      "CompositionTypeShortEn": "J",
      "CompositionTypeShortFr": "J",
      "CommitteeTypeEn": "Standing",
      "CommitteeTypeFr": "Permanent",
      "ParliamentNumber": 24,
      "SessionNumber": 5,
      "ShortEn": "5th",
      "ShortFr": "5e"
    },
    {
      "NameEn": "Member",
      "NameFr": "Membre",
      "RoleId": 226,
      "OrganizationId": 6838,
      "OrganizationLongEn": "Standing Committee on Privileges and Elections",
      "OrganizationLongFr": "Comit\u00e9 permanent des privil\u00e8ges et \u00e9lections",
      "OrganizationTypeEn": "Committee",
      "OrganizationTypeFr": "Comit\u00e9",
      "OrganizationTypeId": 27,
      "PartyEn": "Progressive Conservative Party",
      "PartyFr": "Parti progressiste-conservateur",
      "CompositionTypeLongEn": "House of Commons",
      "CompositionTypeLongFr": "Chambre des communes",
      "CompositionTypeShortEn": "C",
      "CompositionTypeShortFr": "C",
      "CommitteeTypeEn": "Standing",
      "CommitteeTypeFr": "Permanent",
      "ParliamentNumber": 24,
      "SessionNumber": 4,
      "ShortEn": "4th",
      "ShortFr": "4e"
    },
    {
      "NameEn": "Member",
      "NameFr": "Membre",
      "RoleId": 226,
      "OrganizationId": 6814,
      "OrganizationLongEn": "Standing Joint Committee on Printing",
      "OrganizationLongFr": "Comit\u00e9 mixte permanent des impressions",
      "OrganizationTypeEn": "Committee",
      "OrganizationTypeFr": "Comit\u00e9",
      "OrganizationTypeId": 27,
      "PartyEn": "Progressive Conservative Party",
      "PartyFr": "Parti progressiste-conservateur",
      "CompositionTypeLongEn": "Joint",
      "CompositionTypeLongFr": "Mixte",
      "CompositionTypeShortEn": "J",
      "CompositionTypeShortFr": "J",
      "CommitteeTypeEn": "Standing",
      "CommitteeTypeFr": "Permanent",
      "ParliamentNumber": 24,
      "SessionNumber": 4,
      "ShortEn": "4th",
      "ShortFr": "4e"
    },
    {
      "NameEn": "Member",
      "NameFr": "Membre",
      "RoleId": 226,
      "OrganizationId": 6838,
      "OrganizationLongEn": "Standing Committee on Privileges and Elections",
      "OrganizationLongFr": "Comit\u00e9 permanent des privil\u00e8ges et \u00e9lections",
      "OrganizationTypeEn": "Committee",
      "OrganizationTypeFr": "Comit\u00e9",
      "OrganizationTypeId": 27,
      "PartyEn": "Progressive Conservative Party",
      "PartyFr": "Parti progressiste-conservateur",
      "CompositionTypeLongEn": "House of Commons",
      "CompositionTypeLongFr": "Chambre des communes",
      "CompositionTypeShortEn": "C",
      "CompositionTypeShortFr": "C",
      "CommitteeTypeEn": "Standing",
      "CommitteeTypeFr": "Permanent",
      "ParliamentNumber": 24,
      "SessionNumber": 3,
      "ShortEn": "3rd",
      "ShortFr": "3e"
    },
    {
      "NameEn": "Member",
      "NameFr": "Membre",
      "RoleId": 226,
      "OrganizationId": 766,
      "OrganizationLongEn": "Standing Committee on Banking and Commerce",
      "OrganizationLongFr": "Comit\u00e9 permanent des banques et du commerce",
      "OrganizationTypeEn": "Committee",
      "OrganizationTypeFr": "Comit\u00e9",
      "OrganizationTypeId": 27,
      "PartyEn": "Progressive Conservative Party",
      "PartyFr": "Parti progressiste-conservateur",
      "CompositionTypeLongEn": "House of Commons",
      "CompositionTypeLongFr": "Chambre des communes",
      "CompositionTypeShortEn": "C",
      "CompositionTypeShortFr": "C",
      "CommitteeTypeEn": "Standing",
      "CommitteeTypeFr": "Permanent",
      "ParliamentNumber": 24,
      "SessionNumber": 3,
      "ShortEn": "3rd",
      "ShortFr": "3e"
    },
    {
      "NameEn": "Member",
      "NameFr": "Membre",
      "RoleId": 226,
      "OrganizationId": 6814,
      "OrganizationLongEn": "Standing Joint Committee on Printing",
      "OrganizationLongFr": "Comit\u00e9 mixte permanent des impressions",
      "OrganizationTypeEn": "Committee",
      "OrganizationTypeFr": "Comit\u00e9",
      "OrganizationTypeId": 27,
      "PartyEn": "Progressive Conservative Party",
      "PartyFr": "Parti progressiste-conservateur",
      "CompositionTypeLongEn": "Joint",
      "CompositionTypeLongFr": "Mixte",
      "CompositionTypeShortEn": "J",
      "CompositionTypeShortFr": "J",
      "CommitteeTypeEn": "Standing",
      "CommitteeTypeFr": "Permanent",
      "ParliamentNumber": 24,
      "SessionNumber": 3,
      "ShortEn": "3rd",
      "ShortFr": "3e"
    },
    {
      "NameEn": "Vice-Chair",
      "NameFr": "Vice-pr\u00e9sident",
      "RoleId": 1175,
      "OrganizationId": 6838,
      "OrganizationLongEn": "Standing Committee on Privileges and Elections",
      "OrganizationLongFr": "Comit\u00e9 permanent des privil\u00e8ges et \u00e9lections",
      "OrganizationTypeEn": "Committee",
      "OrganizationTypeFr": "Comit\u00e9",
      "OrganizationTypeId": 27,
      "PartyEn": "Progressive Conservative Party",
      "PartyFr": "Parti progressiste-conservateur",
      "CompositionTypeLongEn": "House of Commons",
      "CompositionTypeLongFr": "Chambre des communes",
      "CompositionTypeShortEn": "C",
      "CompositionTypeShortFr": "C",
      "CommitteeTypeEn": "Standing",
      "CommitteeTypeFr": "Permanent",
      "ParliamentNumber": 24,
      "SessionNumber": 2,
      "ShortEn": "2nd",
      "ShortFr": "2e"
    },
    {
      "NameEn": "Member",
      "NameFr": "Membre",
      "RoleId": 226,
      "OrganizationId": 766,
      "OrganizationLongEn": "Standing Committee on Banking and Commerce",
      "OrganizationLongFr": "Comit\u00e9 permanent des banques et du commerce",
      "OrganizationTypeEn": "Committee",
      "OrganizationTypeFr": "Comit\u00e9",
      "OrganizationTypeId": 27,
      "PartyEn": "Progressive Conservative Party",
      "PartyFr": "Parti progressiste-conservateur",
      "CompositionTypeLongEn": "House of Commons",
      "CompositionTypeLongFr": "Chambre des communes",
      "CompositionTypeShortEn": "C",
      "CompositionTypeShortFr": "C",
      "CommitteeTypeEn": "Standing",
      "CommitteeTypeFr": "Permanent",
      "ParliamentNumber": 24,
      "SessionNumber": 2,
      "ShortEn": "2nd",
      "ShortFr": "2e"
    },
    {
      "NameEn": "Member",
      "NameFr": "Membre",
      "RoleId": 226,
      "OrganizationId": 6814,
      "OrganizationLongEn": "Standing Joint Committee on Printing",
      "OrganizationLongFr": "Comit\u00e9 mixte permanent des impressions",
      "OrganizationTypeEn": "Committee",
      "OrganizationTypeFr": "Comit\u00e9",
      "OrganizationTypeId": 27,
      "PartyEn": "Progressive Conservative Party",
      "PartyFr": "Parti progressiste-conservateur",
      "CompositionTypeLongEn": "Joint",
      "CompositionTypeLongFr": "Mixte",
      "CompositionTypeShortEn": "J",
      "CompositionTypeShortFr": "J",
      "CommitteeTypeEn": "Standing",
      "CommitteeTypeFr": "Permanent",
      "ParliamentNumber": 24,
      "SessionNumber": 2,
      "ShortEn": "2nd",
      "ShortFr": "2e"
    },
    {
      "NameEn": "Vice-Chair",
      "NameFr": "Vice-pr\u00e9sident",
      "RoleId": 1175,
      "OrganizationId": 766,
      "OrganizationLongEn": "Standing Committee on Banking and Commerce",
      "OrganizationLongFr": "Comit\u00e9 permanent des banques et du commerce",
      "OrganizationTypeEn": "Committee",
      "OrganizationTypeFr": "Comit\u00e9",
      "OrganizationTypeId": 27,
      "PartyEn": "Progressive Conservative Party",
      "PartyFr": "Parti progressiste-conservateur",
      "CompositionTypeLongEn": "House of Commons",
      "CompositionTypeLongFr": "Chambre des communes",
      "CompositionTypeShortEn": "C",
      "CompositionTypeShortFr": "C",
      "CommitteeTypeEn": "Standing",
      "CommitteeTypeFr": "Permanent",
      "ParliamentNumber": 24,
      "SessionNumber": 1,
      "ShortEn": "1st",
      "ShortFr": "1\u00e8re"
    },
    {
      "NameEn": "Member",
      "NameFr": "Membre",
      "RoleId": 226,
      "OrganizationId": 6838,
      "OrganizationLongEn": "Standing Committee on Privileges and Elections",
      "OrganizationLongFr": "Comit\u00e9 permanent des privil\u00e8ges et \u00e9lections",
      "OrganizationTypeEn": "Committee",
      "OrganizationTypeFr": "Comit\u00e9",
      "OrganizationTypeId": 27,
      "PartyEn": "Progressive Conservative Party",
      "PartyFr": "Parti progressiste-conservateur",
      "CompositionTypeLongEn": "House of Commons",
      "CompositionTypeLongFr": "Chambre des communes",
      "CompositionTypeShortEn": "C",
      "CompositionTypeShortFr": "C",
      "CommitteeTypeEn": "Standing",
      "CommitteeTypeFr": "Permanent",
      "ParliamentNumber": 24,
      "SessionNumber": 1,
      "ShortEn": "1st",
      "ShortFr": "1\u00e8re"
    },
    {
      "NameEn": "Member",
      "NameFr": "Membre",
      "RoleId": 226,
      "OrganizationId": 6814,
      "OrganizationLongEn": "Standing Joint Committee on Printing",
      "OrganizationLongFr": "Comit\u00e9 mixte permanent des impressions",
      "OrganizationTypeEn": "Committee",
      "OrganizationTypeFr": "Comit\u00e9",
      "OrganizationTypeId": 27,
      "PartyEn": "Progressive Conservative Party",
      "PartyFr": "Parti progressiste-conservateur",
      "CompositionTypeLongEn": "Joint",
      "CompositionTypeLongFr": "Mixte",
      "CompositionTypeShortEn": "J",
      "CompositionTypeShortFr": "J",
      "CommitteeTypeEn": "Standing",
      "CommitteeTypeFr": "Permanent",
      "ParliamentNumber": 24,
      "SessionNumber": 1,
      "ShortEn": "1st",
      "ShortFr": "1\u00e8re"
    }
  ],
  "PublicOfficeExperience": null,
  "ProvincialExperience": null,
  "MilitaryExperience": null,
  "MunicipalExperience": null,
  "FamilyTiesInParliament": null,
  "Family": null,
  "Education": null,
  "PictureId": 1760,
  "PictureCopyrightEn": "Public Domain",
  "PictureCopyrightFr": "Du domaine public",
  "PictureCreditEn": "PA 047109",
  "PictureCreditFr": "PA 047109",
  "DisplayTitleEn": " Marcel Deschambault, M.P.",
  "DisplayTitleFr": " Marcel Deschambault, d\u00e9put\u00e9",
  "PlaceOfBirthEn": "Saint-J\u00e9r\u00f4me, Quebec, Canada",
  "PlaceOfBirthFr": "Saint-J\u00e9r\u00f4me, Qu\u00e9bec, Canada",
  "ProfessionsEn": "accountant",
  "ProfessionsFr": "comptable",
  "PreferredLanguageEn": "",
  "PreferredLanguageFr": "",
  "PlaceOfBurialEn": ", , ",
  "PlaceOfBurialFr": ", , "
}