{
  "Person": {
    "PersonId": 10638,
    "HOCPersonId": 0,
    "SenatePersonId": 0,
    "FormalFirstName": null,
    "UsedFirstName": "Angus",
    "MiddleName": null,
    "MaidenName": null,
    "LastName": "McKay",
    "IsDraftProfile": false,
    "MaidenSpeechNotFound": true,
    "DateOfBirth": "1836-11-01T00:00:00Z",
    "DateOfBirthIsApproximate": false,
    "DoNotDiscloseDateOfBirth": false,
    "DoNotDiscloseBirthLocation": false,
    "CityOfBirthEn": "Edmonton",
    "CityOfBirthFr": "Edmonton",
    "ProvinceOfBirthEn": "Alberta",
    "ProvinceOfBirthFr": "Alberta",
    "CountryOfBirthFr": "Canada",
    "CountryOfBirthEn": "Canada",
    "Gender": "M",
    "EthnicityLongEn": "M\u00e9tis",
    "EthnicityLongFr": "M\u00e9tis",
    "IsCanadianOrigin": true,
    "InternalNotes": null,
    "ExternalNotesEn": "Of M\u00e9tis origin.<p>\r\n\r\nIn the first federal elections in Manitoba, held on 2 and 3 March 1871, the riding of Marquette had returned two candidates. Angus C. McKay, a Conservative, and Dr. James S. Lynch, a Liberal, received the same number of votes, 282. Both men journeyed to Ottawa, swore the oath to enter Parliament, signed the roll and took their seats in the chamber, after which they immediately withdrew. Their actions followed the procedure for dealing with controverted elections. All members \"returned upon double returns (are) to withdraw until their returns are determined.\" Subsequently, the House of Commons Committee on Privileges and Elections decided in May 1872 to give the candidates six weeks to submit lists of voters whose names they questioned. Before the six-week period had elapsed and prior to a resolution, the Commons had prorogued. Thus, the Marquette seat was not occupied during the session.",
    "ExternalNotesFr": "D'origine m\u00e9tisse.<p>\r\n\r\nLors des premi\u00e8res \u00e9lections f\u00e9d\u00e9rales tenues au Manitoba, les 2 et 3 mars 1871, la circonscription \u00e9lectorale de Marquette avait fourni deux candidats. Angus C. McKay, un conservateur, avait obtenu le m\u00eame nombre de votes, \u00e0 savoir 282, que son opposant lib\u00e9ral, le Dr James S. Lynch. Les deux hommes sont venus \u00e0 Ottawa, ont pr\u00eat\u00e9 serment pour entrer au Parlement, sign\u00e9 le registre et pris place \u00e0 la Chambre, apr\u00e8s quoi ils se sont imm\u00e9diatement retir\u00e9s. Leurs gestes respectaient la proc\u00e9dure \u00e9tablie dans le cas d\u2019\u00e9lections contest\u00e9es : tous les d\u00e9put\u00e9s \u00ab retourn\u00e9s \u00e0 la suite d\u2019un double retour (doivent) se retirer jusqu\u2019\u00e0 ce que leur retour soit d\u00e9termin\u00e9 \u00bb. Les cas des d\u00e9put\u00e9s en devenir du Manitoba ont \u00e9t\u00e9 achemin\u00e9s au Comit\u00e9 des privil\u00e8ges et \u00e9lections qui, en mai, a d\u00e9cid\u00e9 d\u2019accorder aux candidats six semaines pour soumettre une liste des \u00e9lecteurs dont les noms \u00e9taient mis en doute. Avant la fin de cette p\u00e9riode, la Chambre des communes avait \u00e9t\u00e9 prorog\u00e9e. Par cons\u00e9quent, le si\u00e8ge de Marquette n\u2019a pas \u00e9t\u00e9 occup\u00e9 durant la session de 1872. ",
    "ReligionEn": "Catholic",
    "ReligionFr": "Catholique",
    "Professions": null,
    "Languages": null,
    "Education": null,
    "FamilyRelations": null,
    "Pictures": [
      {
        "PictureId": 8120,
        "PictureDate": null,
        "TypeEn": "Collection",
        "TypeFr": "Collection",
        "PhotographerEn": null,
        "PhotographerFr": null,
        "CreditsEn": "Archives of Manitoba, Personalities",
        "CreditsFr": "Archives du Manitoba, Personnalit\u00e9s",
        "CopyRightsEn": null,
        "CopyRightsFr": null,
        "DisplayForWeb": true,
        "InternalNotes": null
      }
    ],
    "Titles": [
      {
        "LongEn": null,
        "LongFr": null,
        "AcronymEn": null,
        "AcronymFr": null,
        "IsHonorific": false,
        "IsScholarity": false,
        "IsSalutation": true,
        "Ordinal": 0
      },
      {
        "LongEn": "Member of Parliament",
        "LongFr": "d\u00e9put\u00e9",
        "AcronymEn": "M.P.",
        "AcronymFr": "d\u00e9put\u00e9",
        "IsHonorific": false,
        "IsScholarity": false,
        "IsSalutation": false,
        "Ordinal": 0
      }
    ],
    "Roles": [
      {
        "PersonRoleId": 75987,
        "NameFr": "Membre de circonscription provinciale",
        "StartDate": "1870-12-27T00:00:00Z",
        "StartDateIsApproximate": false,
        "EndDate": "1876-12-01T00:00:00Z",
        "EndDateIsApproximate": true,
        "EndReasonEn": null,
        "EndReasonFr": null,
        "EndReasonTypeEn": null,
        "EndReasonTypeFr": null,
        "SourceOfInformationEn": null,
        "SourceOfInformationFr": null,
        "IsActing": false,
        "ActingTextEn": null,
        "ActingTextFr": null,
        "HasCrossedTheFloor": false,
        "OrganizationId": 4397,
        "OrganizationLongEn": "Lake Manitoba",
        "OrganizationLongFr": "Lake Manitoba",
        "OrganizationShortEn": "",
        "OrganizationShortFr": "",
        "OrganizationAcronymEn": "",
        "OrganizationAcronymFr": "",
        "OrganizationTypeId": 8,
        "OrganizationTypeEn": "Provincial Constituency",
        "OrganizationTypeFr": "Compt\u00e9 Provincial",
        "OrganizationProvinceEn": null,
        "OrganizationProvinceFr": null,
        "OrganizationHasProfile": true,
        "IsSenatorialDivision": false,
        "ToBeStyledAsEn": "",
        "ToBeStyledAsFr": "",
        "GroupId": 0,
        "Source": null,
        "PortFolioEn": null,
        "PortFolioFr": null,
        "Committee": null,
        "GroupingTitleEn": "Provincial Experience",
        "GroupingTitleFr": "Exp\u00e9rience Provinciale",
        "GroupingOrder": 0,
        "ParliamentStart": null,
        "ParliamentEnd": null,
        "ParliamentNumber": 0,
        "PartyOrganizationId": 2148,
        "PartyEn": "Conservative",
        "PartyFr": "Conservateur",
        "PartyStartDate": "1870-12-27T00:00:00Z",
        "PartyEndDate": "1876-12-01T00:00:00Z",
        "PersonPersonId": 0,
        "PersonLastName": null,
        "PersonUsedFirstName": null,
        "PersonGender": null,
        "MemberOfParliament": null,
        "IsMP": false,
        "IsSenator": false,
        "GovernorGeneral": null,
        "Documents": null,
        "Senator": null,
        "NotesEn": null,
        "NotesFr": null,
        "InternalNotes": null,
        "IsCurrent": "False",
        "RoleId": 2997,
        "NameEn": "Provincial Constituency Member",
        "Ordinal": null,
        "Classes": [
          {
            "RoleClassId": 111,
            "RoleClassOrdinal": null,
            "RoleToRoleClassOrdinal": null,
            "RoleClassNameEn": "Prov",
            "RoleClassNameFr": "Prov"
          }
        ]
      },
      {
        "PersonRoleId": 71993,
        "NameFr": "Membre du parti",
        "StartDate": "1871-03-02T00:00:00Z",
        "StartDateIsApproximate": false,
        "EndDate": "1872-10-11T00:00:00Z",
        "EndDateIsApproximate": false,
        "EndReasonEn": null,
        "EndReasonFr": null,
        "EndReasonTypeEn": null,
        "EndReasonTypeFr": null,
        "SourceOfInformationEn": null,
        "SourceOfInformationFr": null,
        "IsActing": false,
        "ActingTextEn": null,
        "ActingTextFr": null,
        "HasCrossedTheFloor": false,
        "OrganizationId": 2158,
        "OrganizationLongEn": "Conservative (1867-1942)",
        "OrganizationLongFr": "Conservateur (1867-1942)",
        "OrganizationShortEn": "Conservative (1867-1942)",
        "OrganizationShortFr": "Conservateur (1867-1942)",
        "OrganizationAcronymEn": "Cons.",
        "OrganizationAcronymFr": "Cons.",
        "OrganizationTypeId": 4,
        "OrganizationTypeEn": "Party",
        "OrganizationTypeFr": "Parti",
        "OrganizationProvinceEn": null,
        "OrganizationProvinceFr": null,
        "OrganizationHasProfile": true,
        "IsSenatorialDivision": false,
        "ToBeStyledAsEn": "",
        "ToBeStyledAsFr": "",
        "GroupId": 0,
        "Source": null,
        "PortFolioEn": null,
        "PortFolioFr": null,
        "Committee": null,
        "GroupingTitleEn": "Parliamentarian",
        "GroupingTitleFr": "Parlementaire",
        "GroupingOrder": 1,
        "ParliamentStart": "1867-11-06T00:00:00Z",
        "ParliamentEnd": "1872-07-08T00:00:00Z",
        "ParliamentNumber": 1,
        "PartyOrganizationId": 2158,
        "PartyEn": "Conservative (1867-1942)",
        "PartyFr": "Conservateur (1867-1942)",
        "PartyStartDate": "1871-03-02T00:00:00Z",
        "PartyEndDate": "1872-10-11T00:00:00Z",
        "PersonPersonId": 0,
        "PersonLastName": null,
        "PersonUsedFirstName": null,
        "PersonGender": null,
        "MemberOfParliament": null,
        "IsMP": false,
        "IsSenator": false,
        "GovernorGeneral": null,
        "Documents": null,
        "Senator": null,
        "NotesEn": null,
        "NotesFr": null,
        "InternalNotes": null,
        "IsCurrent": "False",
        "RoleId": 722,
        "NameEn": "Party Member",
        "Ordinal": null,
        "Classes": [
          {
            "RoleClassId": 105,
            "RoleClassOrdinal": null,
            "RoleToRoleClassOrdinal": null,
            "RoleClassNameEn": "Parliamentarian",
            "RoleClassNameFr": "Parlementaire"
          }
        ]
      },
      {
        "PersonRoleId": 90005,
        "NameFr": "Membre du parti",
        "StartDate": "1870-12-27T00:00:00Z",
        "StartDateIsApproximate": false,
        "EndDate": "1876-12-01T00:00:00Z",
        "EndDateIsApproximate": true,
        "EndReasonEn": null,
        "EndReasonFr": null,
        "EndReasonTypeEn": null,
        "EndReasonTypeFr": null,
        "SourceOfInformationEn": null,
        "SourceOfInformationFr": null,
        "IsActing": false,
        "ActingTextEn": null,
        "ActingTextFr": null,
        "HasCrossedTheFloor": false,
        "OrganizationId": 2148,
        "OrganizationLongEn": "Conservative",
        "OrganizationLongFr": "Conservateur",
        "OrganizationShortEn": "Conservative",
        "OrganizationShortFr": "Conservateur",
        "OrganizationAcronymEn": "Cons.",
        "OrganizationAcronymFr": "Cons.",
        "OrganizationTypeId": 31,
        "OrganizationTypeEn": "Provincial Party",
        "OrganizationTypeFr": "Parti Provincial",
        "OrganizationProvinceEn": null,
        "OrganizationProvinceFr": null,
        "OrganizationHasProfile": true,
        "IsSenatorialDivision": false,
        "ToBeStyledAsEn": "",
        "ToBeStyledAsFr": "",
        "GroupId": 0,
        "Source": null,
        "PortFolioEn": null,
        "PortFolioFr": null,
        "Committee": null,
        "GroupingTitleEn": "Provincial Experience",
        "GroupingTitleFr": "Exp\u00e9rience Provinciale",
        "GroupingOrder": 0,
        "ParliamentStart": "1867-11-06T00:00:00Z",
        "ParliamentEnd": "1872-07-08T00:00:00Z",
        "ParliamentNumber": 1,
        "PartyOrganizationId": 2148,
        "PartyEn": "Conservative",
        "PartyFr": "Conservateur",
        "PartyStartDate": "1870-12-27T00:00:00Z",
        "PartyEndDate": "1876-12-01T00:00:00Z",
        "PersonPersonId": 0,
        "PersonLastName": null,
        "PersonUsedFirstName": null,
        "PersonGender": null,
        "MemberOfParliament": null,
        "IsMP": false,
        "IsSenator": false,
        "GovernorGeneral": null,
        "Documents": null,
        "Senator": null,
        "NotesEn": null,
        "NotesFr": null,
        "InternalNotes": null,
        "IsCurrent": "False",
        "RoleId": 722,
        "NameEn": "Party Member",
        "Ordinal": null,
        "Classes": [
          {
            "RoleClassId": 105,
            "RoleClassOrdinal": null,
            "RoleToRoleClassOrdinal": null,
            "RoleClassNameEn": "Parliamentarian",
            "RoleClassNameFr": "Parlementaire"
          }
        ]
      },
      {
        "PersonRoleId": 6844,
        "NameFr": "Repr\u00e9sentant \u00e9lu",
        "StartDate": "1870-12-27T00:00:00Z",
        "StartDateIsApproximate": false,
        "EndDate": "1876-12-01T00:00:00Z",
        "EndDateIsApproximate": true,
        "EndReasonEn": null,
        "EndReasonFr": null,
        "EndReasonTypeEn": null,
        "EndReasonTypeFr": null,
        "SourceOfInformationEn": null,
        "SourceOfInformationFr": null,
        "IsActing": false,
        "ActingTextEn": null,
        "ActingTextFr": null,
        "HasCrossedTheFloor": false,
        "OrganizationId": 4578,
        "OrganizationLongEn": "Legislative Assembly of Manitoba",
        "OrganizationLongFr": "Assembl\u00e9e l\u00e9gislative du Manitoba",
        "OrganizationShortEn": "Legislative Assembly",
        "OrganizationShortFr": "Assembl\u00e9e l\u00e9gislative",
        "OrganizationAcronymEn": "",
        "OrganizationAcronymFr": "",
        "OrganizationTypeId": 6,
        "OrganizationTypeEn": "Chamber Of Parliament (Prov)",
        "OrganizationTypeFr": "Chambre de Parlement (Prov)",
        "OrganizationProvinceEn": null,
        "OrganizationProvinceFr": null,
        "OrganizationHasProfile": true,
        "IsSenatorialDivision": false,
        "ToBeStyledAsEn": "",
        "ToBeStyledAsFr": "",
        "GroupId": 0,
        "Source": null,
        "PortFolioEn": null,
        "PortFolioFr": null,
        "Committee": null,
        "GroupingTitleEn": "Provincial Experience",
        "GroupingTitleFr": "Exp\u00e9rience Provinciale",
        "GroupingOrder": 0,
        "ParliamentStart": "1867-11-06T00:00:00Z",
        "ParliamentEnd": "1872-07-08T00:00:00Z",
        "ParliamentNumber": 1,
        "PartyOrganizationId": 2148,
        "PartyEn": "Conservative",
        "PartyFr": "Conservateur",
        "PartyStartDate": "1870-12-27T00:00:00Z",
        "PartyEndDate": "1876-12-01T00:00:00Z",
        "PersonPersonId": 0,
        "PersonLastName": null,
        "PersonUsedFirstName": null,
        "PersonGender": null,
        "MemberOfParliament": null,
        "IsMP": false,
        "IsSenator": false,
        "GovernorGeneral": null,
        "Documents": null,
        "Senator": null,
        "NotesEn": null,
        "NotesFr": null,
        "InternalNotes": null,
        "IsCurrent": "False",
        "RoleId": 720,
        "NameEn": "Elected Representative",
        "Ordinal": 0,
        "Classes": [
          {
            "RoleClassId": 12,
            "RoleClassOrdinal": 50,
            "RoleToRoleClassOrdinal": null,
            "RoleClassNameEn": "Minister",
            "RoleClassNameFr": "Ministre"
          },
          {
            "RoleClassId": 45,
            "RoleClassOrdinal": null,
            "RoleToRoleClassOrdinal": null,
            "RoleClassNameEn": "Provincial and Territorial Responsabilities",
            "RoleClassNameFr": "Provinces et Territoires - Responsabilit\u00e9s"
          }
        ]
      },
      {
        "PersonRoleId": 24564,
        "NameFr": "Membre pour la circonscription",
        "StartDate": "1871-03-02T00:00:00Z",
        "StartDateIsApproximate": false,
        "EndDate": "1872-10-11T00:00:00Z",
        "EndDateIsApproximate": false,
        "EndReasonEn": null,
        "EndReasonFr": null,
        "EndReasonTypeEn": null,
        "EndReasonTypeFr": null,
        "SourceOfInformationEn": null,
        "SourceOfInformationFr": null,
        "IsActing": false,
        "ActingTextEn": null,
        "ActingTextFr": null,
        "HasCrossedTheFloor": false,
        "OrganizationId": 5160,
        "OrganizationLongEn": "Marquette",
        "OrganizationLongFr": "Marquette",
        "OrganizationShortEn": "",
        "OrganizationShortFr": "",
        "OrganizationAcronymEn": "",
        "OrganizationAcronymFr": "",
        "OrganizationTypeId": 35,
        "OrganizationTypeEn": "Constituency",
        "OrganizationTypeFr": "Circonscription",
        "OrganizationProvinceEn": "Manitoba",
        "OrganizationProvinceFr": "Manitoba",
        "OrganizationHasProfile": true,
        "IsSenatorialDivision": false,
        "ToBeStyledAsEn": null,
        "ToBeStyledAsFr": null,
        "GroupId": 0,
        "Source": null,
        "PortFolioEn": null,
        "PortFolioFr": null,
        "Committee": null,
        "GroupingTitleEn": "Parliamentarian",
        "GroupingTitleFr": "Parlementaire",
        "GroupingOrder": 1,
        "ParliamentStart": "1867-11-06T00:00:00Z",
        "ParliamentEnd": "1872-07-08T00:00:00Z",
        "ParliamentNumber": 1,
        "PartyOrganizationId": 2158,
        "PartyEn": "Conservative (1867-1942)",
        "PartyFr": "Conservateur (1867-1942)",
        "PartyStartDate": "1871-03-02T00:00:00Z",
        "PartyEndDate": "1872-10-11T00:00:00Z",
        "PersonPersonId": 0,
        "PersonLastName": null,
        "PersonUsedFirstName": null,
        "PersonGender": null,
        "MemberOfParliament": {
          "OccupationTypeEn": "Continuous",
          "OccupationTypeFr": "Continue"
        },
        "IsMP": true,
        "IsSenator": false,
        "GovernorGeneral": null,
        "Documents": null,
        "Senator": null,
        "NotesEn": "",
        "NotesFr": null,
        "InternalNotes": null,
        "IsCurrent": "False",
        "RoleId": 719,
        "NameEn": "Constituency Member",
        "Ordinal": 240,
        "Classes": [
          {
            "RoleClassId": 49,
            "RoleClassOrdinal": 2,
            "RoleToRoleClassOrdinal": null,
            "RoleClassNameEn": "Salaries in the House of Commons",
            "RoleClassNameFr": "Salaires \u00e0 la Chambre des Communes"
          },
          {
            "RoleClassId": 105,
            "RoleClassOrdinal": null,
            "RoleToRoleClassOrdinal": null,
            "RoleClassNameEn": "Parliamentarian",
            "RoleClassNameFr": "Parlementaire"
          }
        ]
      }
    ],
    "HillAddresses": null,
    "ConstituencyAddresses": null,
    "WebLinks": null,
    "Bibliography": null,
    "ElectionCandidates": [
      {
        "ElectionCandidateId": 10654,
        "ParliamentNumber": 1,
        "ElectionId": 54,
        "ElectionDate": "1871-03-02T00:00:00Z",
        "IsGeneral": false,
        "IsPreliminary": false,
        "OrganizationId": 5160,
        "ConstituencyEn": "Marquette",
        "ConstituencyFr": "Marquette",
        "ProvinceEn": null,
        "ProvinceFr": null,
        "PersonRoleId": null,
        "ElectionCanadaFirstName": "Angus",
        "ElectionCanadaLastName": "McKay",
        "ElectionCanadaMiddleName": null,
        "Gender": "M",
        "OccupationEn": null,
        "OccupationFr": null,
        "PartyOrganizationId": 2158,
        "PartyNameEn": "Conservative (1867-1942)",
        "PartyNameFr": "Conservateur (1867-1942)",
        "Votes": 282,
        "ResultLongEn": "Elected",
        "ResultLongFr": "\u00c9lu",
        "OtherResultLongEn": null,
        "OtherResultLongFr": null,
        "NotesEn": "As a result of Manitoba joining Confederation, 1870/07/15",
        "NotesFr": "Entr\u00e9\u00e9 du Manitoba dans la Conf\u00e9d\u00e9ration, 1870/07/15",
        "InternalNotes": null
      }
    ],
    "Death": {
      "DateOfDeath": "1910-09-01T00:00:00Z",
      "DateOfDeathIsApproximate": false,
      "DeceasedOnDuty": false,
      "RecordNotFound": false,
      "CauseOfDeathEn": null,
      "CauseOfDeathFr": null,
      "CemetaryNameEn": null,
      "CemetaryNameFr": null,
      "CemetaryCityEn": null,
      "CemetaryCityFr": null,
      "CemetaryProvinceEn": null,
      "CemetaryProvinceFr": null,
      "CemetaryCountryEn": null,
      "CemetaryCountryFr": null,
      "FuneralDate": null,
      "StateLayFuneralLocationEn": null,
      "StateLayFuneralLocationFr": null,
      "StateLayFuneralStartDate": null,
      "StateLayFuneralEndDate": null,
      "ReferenceOfStateLay": null
    },
    "PrimeMinister": null,
    "Parliaments": null,
    "Age": 73,
    "DisplayName": "McKay, Angus",
    "StraightDisplayName": "Angus McKay",
    "PartyEn": "Conservative (1867-1942) (1871/03/02 - 1872/10/11)<br>",
    "PartyFr": "Conservateur (1867-1942) (1871/03/02 - 1872/10/11)<br>",
    "ConstituencyEn": "Marquette (1871/03/02 - 1872/10/11)<br>",
    "ConstituencyFr": "Marquette (1871/03/02 - 1872/10/11)<br>",
    "CurrentPartyEn": "Conservative (1867-1942)",
    "CurrentPartyFr": "Conservateur (1867-1942)",
    "CurrentConstituencyEn": "Marquette",
    "CurrentConstituencyFr": "Marquette",
    "ElectedInParliaments": "1;",
    "ServedInParliaments": "1;",
    "ProvinceEn": "Manitoba<br>",
    "ProvinceFr": "Manitoba<br>",
    "PrimeMinisterEn": "",
    "PrimeMinisterFr": "",
    "CabinetChairEn": "",
    "CabinetChairFr": "",
    "CabinetCommitteeMemberEn": "",
    "CabinetCommitteeMemberFr": "",
    "LeaderOpposition": "",
    "DeputyPrimeMinister": "",
    "SpeakerHouseOfCommons": "",
    "SpeakerSenate": "",
    "SpeakerProTempore": "",
    "DeputySpeaker": "",
    "AssistantDeputySpeakerChairEn": "",
    "AssistantDeputySpeakerChairFr": "",
    "MinisterOfEn": "",
    "MinisterOfFr": "",
    "AssociateMinisterOfEn": "",
    "AssociateMinisterOfFr": "",
    "MinisterOfStateOfEn": "",
    "MinisterOfStateOfFr": "",
    "SecretaryOfStateOfEn": "",
    "SecretaryOfStateOfFr": "",
    "ParliamentarySecretaryOfEn": "",
    "ParliamentarySecretaryOfFr": "",
    "ParliamentaryAssistantOfEn": "",
    "ParliamentaryAssistantOfFr": "",
    "PartyLeaderEn": "",
    "PartyLeaderFr": "",
    "HouseLeaderEn": "",
    "HouseLeaderFr": "",
    "DeputyHouseLeaderEn": "",
    "DeputyHouseLeaderFr": "",
    "WhipEn": "",
    "WhipFr": "",
    "DeputyWhipEn": "",
    "DeputyWhipFr": "",
    "CriticOfEn": "",
    "CriticOfFr": "",
    "AssistantCriticOfEn": "",
    "AssistantCriticOfFr": "",
    "TypeOfParliamentarianEn": "MP (1871/03/02 - 1872/10/11)<br>",
    "TypeOfParliamentarianFr": "D\u00e9put\u00e9 (1871/03/02 - 1872/10/11)<br>",
    "MemberOfParliamentMandate": "1871/03/02 - 1872/10/11<br>",
    "SenateMandate": "",
    "DiedInOffice": false,
    "PremiershipExperienceEn": "",
    "PremiershipExperienceFr": "",
    "ProvincialExperienceEn": "Lake Manitoba - Provincial Constituency Member (1870/12/27 - 1876)<br>Conservative - Party Member (1870/12/27 - 1876)<br>Legislative Assembly of Manitoba - Elected Representative (1870/12/27 - 1876)<br>",
    "ProvincialExperienceFr": "Lake Manitoba - Membre de circonscription provinciale (1870/12/27 - 1876)<br>Conservateur - Membre du parti (1870/12/27 - 1876)<br>Assembl\u00e9e l\u00e9gislative du Manitoba - Repr\u00e9sentant \u00e9lu (1870/12/27 - 1876)<br>",
    "MunicipalExperienceEn": "",
    "MunicipalExperienceFr": "",
    "MilitaryServiceEn": "",
    "MilitaryServiceFr": "",
    "MinistryDurationEn": "",
    "MinistryDurationFr": "",
    "ProfessionsEn": "",
    "ProfessionsFr": "",
    "LanguageEn": "",
    "LanguageFr": "",
    "IsPrimeMinister": false,
    "YearsOfServiceSegments": [
      {
        "TotalDays": 590,
        "Years": 1,
        "Months": 7,
        "Days": 10,
        "Hours": 0,
        "Minutes": 0,
        "Seconds": 0,
        "Milliseconds": 0
      }
    ],
    "IsCurrentlyInOffice": false,
    "IsCurrentlySenator": false,
    "IsCurrentlyMP": false,
    "HasMaidenSpeech": false,
    "_id": "59f8770ce413e1389ffd1c40",
    "LastUpdatedId": "000000000000000000000000",
    "LastModified": "0001-01-01T00:00:00",
    "ModifiedBy": null
  },
  "FederalExperience": [
    {
      "PersonRoleId": 24564,
      "NameFr": "Membre pour la circonscription",
      "StartDate": "1871-03-02T00:00:00Z",
      "StartDateIsApproximate": false,
      "EndDate": "1872-10-11T00:00:00Z",
      "EndDateIsApproximate": false,
      "EndReasonEn": null,
      "EndReasonFr": null,
      "EndReasonTypeEn": null,
      "EndReasonTypeFr": null,
      "SourceOfInformationEn": null,
      "SourceOfInformationFr": null,
      "IsActing": false,
      "ActingTextEn": null,
      "ActingTextFr": null,
      "HasCrossedTheFloor": false,
      "OrganizationId": 5160,
      "OrganizationLongEn": "Marquette",
      "OrganizationLongFr": "Marquette",
      "OrganizationShortEn": "",
      "OrganizationShortFr": "",
      "OrganizationAcronymEn": "",
      "OrganizationAcronymFr": "",
      "OrganizationTypeId": 35,
      "OrganizationTypeEn": "Constituency",
      "OrganizationTypeFr": "Circonscription",
      "OrganizationProvinceEn": "Manitoba",
      "OrganizationProvinceFr": "Manitoba",
      "OrganizationHasProfile": true,
      "IsSenatorialDivision": false,
      "ToBeStyledAsEn": null,
      "ToBeStyledAsFr": null,
      "GroupId": 0,
      "Source": null,
      "PortFolioEn": null,
      "PortFolioFr": null,
      "Committee": null,
      "GroupingTitleEn": "Parliamentarian",
      "GroupingTitleFr": "Parlementaire",
      "GroupingOrder": 1,
      "ParliamentStart": "1867-11-06T00:00:00Z",
      "ParliamentEnd": "1872-07-08T00:00:00Z",
      "ParliamentNumber": 1,
      "PartyOrganizationId": 2158,
      "PartyEn": "Conservative (1867-1942)",
      "PartyFr": "Conservateur (1867-1942)",
      "PartyStartDate": "1871-03-02T00:00:00Z",
      "PartyEndDate": "1872-10-11T00:00:00Z",
      "PersonPersonId": 0,
      "PersonLastName": null,
      "PersonUsedFirstName": null,
      "PersonGender": null,
      "MemberOfParliament": {
        "OccupationTypeEn": "Continuous",
        "OccupationTypeFr": "Continue"
      },
      "IsMP": true,
      "IsSenator": false,
      "GovernorGeneral": null,
      "Documents": null,
      "Senator": null,
      "NotesEn": "",
      "NotesFr": null,
      "InternalNotes": null,
      "IsCurrent": "False",
      "RoleId": 719,
      "NameEn": "Constituency Member",
      "Ordinal": 240,
      "Classes": [
        {
          "RoleClassId": 49,
          "RoleClassOrdinal": 2,
          "RoleToRoleClassOrdinal": null,
          "RoleClassNameEn": "Salaries in the House of Commons",
          "RoleClassNameFr": "Salaires \u00e0 la Chambre des Communes"
        },
        {
          "RoleClassId": 105,
          "RoleClassOrdinal": null,
          "RoleToRoleClassOrdinal": null,
          "RoleClassNameEn": "Parliamentarian",
          "RoleClassNameFr": "Parlementaire"
        }
      ]
    },
    {
      "PersonRoleId": 71993,
      "NameFr": "Membre du parti",
      "StartDate": "1871-03-02T00:00:00Z",
      "StartDateIsApproximate": false,
      "EndDate": "1872-10-11T00:00:00Z",
      "EndDateIsApproximate": false,
      "EndReasonEn": null,
      "EndReasonFr": null,
      "EndReasonTypeEn": null,
      "EndReasonTypeFr": null,
      "SourceOfInformationEn": null,
      "SourceOfInformationFr": null,
      "IsActing": false,
      "ActingTextEn": null,
      "ActingTextFr": null,
      "HasCrossedTheFloor": false,
      "OrganizationId": 2158,
      "OrganizationLongEn": "Conservative (1867-1942)",
      "OrganizationLongFr": "Conservateur (1867-1942)",
      "OrganizationShortEn": "Conservative (1867-1942)",
      "OrganizationShortFr": "Conservateur (1867-1942)",
      "OrganizationAcronymEn": "Cons.",
      "OrganizationAcronymFr": "Cons.",
      "OrganizationTypeId": 4,
      "OrganizationTypeEn": "Party",
      "OrganizationTypeFr": "Parti",
      "OrganizationProvinceEn": null,
      "OrganizationProvinceFr": null,
      "OrganizationHasProfile": true,
      "IsSenatorialDivision": false,
      "ToBeStyledAsEn": "",
      "ToBeStyledAsFr": "",
      "GroupId": 0,
      "Source": null,
      "PortFolioEn": null,
      "PortFolioFr": null,
      "Committee": null,
      "GroupingTitleEn": "Parliamentarian",
      "GroupingTitleFr": "Parlementaire",
      "GroupingOrder": 1,
      "ParliamentStart": "1867-11-06T00:00:00Z",
      "ParliamentEnd": "1872-07-08T00:00:00Z",
      "ParliamentNumber": 1,
      "PartyOrganizationId": 2158,
      "PartyEn": "Conservative (1867-1942)",
      "PartyFr": "Conservateur (1867-1942)",
      "PartyStartDate": "1871-03-02T00:00:00Z",
      "PartyEndDate": "1872-10-11T00:00:00Z",
      "PersonPersonId": 0,
      "PersonLastName": null,
      "PersonUsedFirstName": null,
      "PersonGender": null,
      "MemberOfParliament": null,
      "IsMP": false,
      "IsSenator": false,
      "GovernorGeneral": null,
      "Documents": null,
      "Senator": null,
      "NotesEn": null,
      "NotesFr": null,
      "InternalNotes": null,
      "IsCurrent": "False",
      "RoleId": 722,
      "NameEn": "Party Member",
      "Ordinal": null,
      "Classes": [
        {
          "RoleClassId": 105,
          "RoleClassOrdinal": null,
          "RoleToRoleClassOrdinal": null,
          "RoleClassNameEn": "Parliamentarian",
          "RoleClassNameFr": "Parlementaire"
        }
      ]
    }
  ],
  "FederalExperienceList": [
    {
      "PersonRoleId": 71993,
      "NameFr": "Membre du parti",
      "StartDate": "1871-03-02T00:00:00Z",
      "StartDateIsApproximate": false,
      "EndDate": "1872-10-11T00:00:00Z",
      "EndDateIsApproximate": false,
      "EndReasonEn": null,
      "EndReasonFr": null,
      "EndReasonTypeEn": null,
      "EndReasonTypeFr": null,
      "SourceOfInformationEn": null,
      "SourceOfInformationFr": null,
      "IsActing": false,
      "ActingTextEn": null,
      "ActingTextFr": null,
      "HasCrossedTheFloor": false,
      "OrganizationId": 2158,
      "OrganizationLongEn": "Conservative (1867-1942)",
      "OrganizationLongFr": "Conservateur (1867-1942)",
      "OrganizationShortEn": "Conservative (1867-1942)",
      "OrganizationShortFr": "Conservateur (1867-1942)",
      "OrganizationAcronymEn": "Cons.",
      "OrganizationAcronymFr": "Cons.",
      "OrganizationTypeId": 4,
      "OrganizationTypeEn": "Party",
      "OrganizationTypeFr": "Parti",
      "OrganizationProvinceEn": null,
      "OrganizationProvinceFr": null,
      "OrganizationHasProfile": true,
      "IsSenatorialDivision": false,
      "ToBeStyledAsEn": "",
      "ToBeStyledAsFr": "",
      "GroupId": 0,
      "Source": null,
      "PortFolioEn": null,
      "PortFolioFr": null,
      "Committee": null,
      "GroupingTitleEn": "Parliamentarian",
      "GroupingTitleFr": "Parlementaire",
      "GroupingOrder": 1,
      "ParliamentStart": "1867-11-06T00:00:00Z",
      "ParliamentEnd": "1872-07-08T00:00:00Z",
      "ParliamentNumber": 1,
      "PartyOrganizationId": 2158,
      "PartyEn": "Conservative (1867-1942)",
      "PartyFr": "Conservateur (1867-1942)",
      "PartyStartDate": "1871-03-02T00:00:00Z",
      "PartyEndDate": "1872-10-11T00:00:00Z",
      "PersonPersonId": 0,
      "PersonLastName": null,
      "PersonUsedFirstName": null,
      "PersonGender": null,
      "MemberOfParliament": null,
      "IsMP": false,
      "IsSenator": false,
      "GovernorGeneral": null,
      "Documents": null,
      "Senator": null,
      "NotesEn": null,
      "NotesFr": null,
      "InternalNotes": null,
      "IsCurrent": "False",
      "RoleId": 722,
      "NameEn": "Party Member",
      "Ordinal": null,
      "Classes": [
        {
          "RoleClassId": 105,
          "RoleClassOrdinal": null,
          "RoleToRoleClassOrdinal": null,
          "RoleClassNameEn": "Parliamentarian",
          "RoleClassNameFr": "Parlementaire"
        }
      ]
    },
    {
      "PersonRoleId": 24564,
      "NameFr": "Membre pour la circonscription",
      "StartDate": "1871-03-02T00:00:00Z",
      "StartDateIsApproximate": false,
      "EndDate": "1872-10-11T00:00:00Z",
      "EndDateIsApproximate": false,
      "EndReasonEn": null,
      "EndReasonFr": null,
      "EndReasonTypeEn": null,
      "EndReasonTypeFr": null,
      "SourceOfInformationEn": null,
      "SourceOfInformationFr": null,
      "IsActing": false,
      "ActingTextEn": null,
      "ActingTextFr": null,
      "HasCrossedTheFloor": false,
      "OrganizationId": 5160,
      "OrganizationLongEn": "Marquette",
      "OrganizationLongFr": "Marquette",
      "OrganizationShortEn": "",
      "OrganizationShortFr": "",
      "OrganizationAcronymEn": "",
      "OrganizationAcronymFr": "",
      "OrganizationTypeId": 35,
      "OrganizationTypeEn": "Constituency",
      "OrganizationTypeFr": "Circonscription",
      "OrganizationProvinceEn": "Manitoba",
      "OrganizationProvinceFr": "Manitoba",
      "OrganizationHasProfile": true,
      "IsSenatorialDivision": false,
      "ToBeStyledAsEn": null,
      "ToBeStyledAsFr": null,
      "GroupId": 0,
      "Source": null,
      "PortFolioEn": null,
      "PortFolioFr": null,
      "Committee": null,
      "GroupingTitleEn": "Parliamentarian",
      "GroupingTitleFr": "Parlementaire",
      "GroupingOrder": 1,
      "ParliamentStart": "1867-11-06T00:00:00Z",
      "ParliamentEnd": "1872-07-08T00:00:00Z",
      "ParliamentNumber": 1,
      "PartyOrganizationId": 2158,
      "PartyEn": "Conservative (1867-1942)",
      "PartyFr": "Conservateur (1867-1942)",
      "PartyStartDate": "1871-03-02T00:00:00Z",
      "PartyEndDate": "1872-10-11T00:00:00Z",
      "PersonPersonId": 0,
      "PersonLastName": null,
      "PersonUsedFirstName": null,
      "PersonGender": null,
      "MemberOfParliament": {
        "OccupationTypeEn": "Continuous",
        "OccupationTypeFr": "Continue"
      },
      "IsMP": true,
      "IsSenator": false,
      "GovernorGeneral": null,
      "Documents": null,
      "Senator": null,
      "NotesEn": "",
      "NotesFr": null,
      "InternalNotes": null,
      "IsCurrent": "False",
      "RoleId": 719,
      "NameEn": "Constituency Member",
      "Ordinal": 240,
      "Classes": [
        {
          "RoleClassId": 49,
          "RoleClassOrdinal": 2,
          "RoleToRoleClassOrdinal": null,
          "RoleClassNameEn": "Salaries in the House of Commons",
          "RoleClassNameFr": "Salaires \u00e0 la Chambre des Communes"
        },
        {
          "RoleClassId": 105,
          "RoleClassOrdinal": null,
          "RoleToRoleClassOrdinal": null,
          "RoleClassNameEn": "Parliamentarian",
          "RoleClassNameFr": "Parlementaire"
        }
      ]
    }
  ],
  "CommitteeMembership": null,
  "PublicOfficeExperience": null,
  "ProvincialExperience": [
    {
      "PersonRoleId": 75987,
      "NameFr": "Membre de circonscription provinciale",
      "StartDate": "1870-12-27T00:00:00Z",
      "StartDateIsApproximate": false,
      "EndDate": "1876-12-01T00:00:00Z",
      "EndDateIsApproximate": true,
      "EndReasonEn": null,
      "EndReasonFr": null,
      "EndReasonTypeEn": null,
      "EndReasonTypeFr": null,
      "SourceOfInformationEn": null,
      "SourceOfInformationFr": null,
      "IsActing": false,
      "ActingTextEn": null,
      "ActingTextFr": null,
      "HasCrossedTheFloor": false,
      "OrganizationId": 4397,
      "OrganizationLongEn": "Lake Manitoba",
      "OrganizationLongFr": "Lake Manitoba",
      "OrganizationShortEn": "",
      "OrganizationShortFr": "",
      "OrganizationAcronymEn": "",
      "OrganizationAcronymFr": "",
      "OrganizationTypeId": 8,
      "OrganizationTypeEn": "Provincial Constituency",
      "OrganizationTypeFr": "Compt\u00e9 Provincial",
      "OrganizationProvinceEn": null,
      "OrganizationProvinceFr": null,
      "OrganizationHasProfile": true,
      "IsSenatorialDivision": false,
      "ToBeStyledAsEn": "",
      "ToBeStyledAsFr": "",
      "GroupId": 0,
      "Source": null,
      "PortFolioEn": null,
      "PortFolioFr": null,
      "Committee": null,
      "GroupingTitleEn": "Provincial Experience",
      "GroupingTitleFr": "Exp\u00e9rience Provinciale",
      "GroupingOrder": 0,
      "ParliamentStart": null,
      "ParliamentEnd": null,
      "ParliamentNumber": 0,
      "PartyOrganizationId": 2148,
      "PartyEn": "Conservative",
      "PartyFr": "Conservateur",
      "PartyStartDate": "1870-12-27T00:00:00Z",
      "PartyEndDate": "1876-12-01T00:00:00Z",
      "PersonPersonId": 0,
      "PersonLastName": null,
      "PersonUsedFirstName": null,
      "PersonGender": null,
      "MemberOfParliament": null,
      "IsMP": false,
      "IsSenator": false,
      "GovernorGeneral": null,
      "Documents": null,
      "Senator": null,
      "NotesEn": null,
      "NotesFr": null,
      "InternalNotes": null,
      "IsCurrent": "False",
      "RoleId": 2997,
      "NameEn": "Provincial Constituency Member",
      "Ordinal": null,
      "Classes": [
        {
          "RoleClassId": 111,
          "RoleClassOrdinal": null,
          "RoleToRoleClassOrdinal": null,
          "RoleClassNameEn": "Prov",
          "RoleClassNameFr": "Prov"
        }
      ]
    },
    {
      "PersonRoleId": 90005,
      "NameFr": "Membre du parti",
      "StartDate": "1870-12-27T00:00:00Z",
      "StartDateIsApproximate": false,
      "EndDate": "1876-12-01T00:00:00Z",
      "EndDateIsApproximate": true,
      "EndReasonEn": null,
      "EndReasonFr": null,
      "EndReasonTypeEn": null,
      "EndReasonTypeFr": null,
      "SourceOfInformationEn": null,
      "SourceOfInformationFr": null,
      "IsActing": false,
      "ActingTextEn": null,
      "ActingTextFr": null,
      "HasCrossedTheFloor": false,
      "OrganizationId": 2148,
      "OrganizationLongEn": "Conservative",
      "OrganizationLongFr": "Conservateur",
      "OrganizationShortEn": "Conservative",
      "OrganizationShortFr": "Conservateur",
      "OrganizationAcronymEn": "Cons.",
      "OrganizationAcronymFr": "Cons.",
      "OrganizationTypeId": 31,
      "OrganizationTypeEn": "Provincial Party",
      "OrganizationTypeFr": "Parti Provincial",
      "OrganizationProvinceEn": null,
      "OrganizationProvinceFr": null,
      "OrganizationHasProfile": true,
      "IsSenatorialDivision": false,
      "ToBeStyledAsEn": "",
      "ToBeStyledAsFr": "",
      "GroupId": 0,
      "Source": null,
      "PortFolioEn": null,
      "PortFolioFr": null,
      "Committee": null,
      "GroupingTitleEn": "Provincial Experience",
      "GroupingTitleFr": "Exp\u00e9rience Provinciale",
      "GroupingOrder": 0,
      "ParliamentStart": "1867-11-06T00:00:00Z",
      "ParliamentEnd": "1872-07-08T00:00:00Z",
      "ParliamentNumber": 1,
      "PartyOrganizationId": 2148,
      "PartyEn": "Conservative",
      "PartyFr": "Conservateur",
      "PartyStartDate": "1870-12-27T00:00:00Z",
      "PartyEndDate": "1876-12-01T00:00:00Z",
      "PersonPersonId": 0,
      "PersonLastName": null,
      "PersonUsedFirstName": null,
      "PersonGender": null,
      "MemberOfParliament": null,
      "IsMP": false,
      "IsSenator": false,
      "GovernorGeneral": null,
      "Documents": null,
      "Senator": null,
      "NotesEn": null,
      "NotesFr": null,
      "InternalNotes": null,
      "IsCurrent": "False",
      "RoleId": 722,
      "NameEn": "Party Member",
      "Ordinal": null,
      "Classes": [
        {
          "RoleClassId": 105,
          "RoleClassOrdinal": null,
          "RoleToRoleClassOrdinal": null,
          "RoleClassNameEn": "Parliamentarian",
          "RoleClassNameFr": "Parlementaire"
        }
      ]
    },
    {
      "PersonRoleId": 6844,
      "NameFr": "Repr\u00e9sentant \u00e9lu",
      "StartDate": "1870-12-27T00:00:00Z",
      "StartDateIsApproximate": false,
      "EndDate": "1876-12-01T00:00:00Z",
      "EndDateIsApproximate": true,
      "EndReasonEn": null,
      "EndReasonFr": null,
      "EndReasonTypeEn": null,
      "EndReasonTypeFr": null,
      "SourceOfInformationEn": null,
      "SourceOfInformationFr": null,
      "IsActing": false,
      "ActingTextEn": null,
      "ActingTextFr": null,
      "HasCrossedTheFloor": false,
      "OrganizationId": 4578,
      "OrganizationLongEn": "Legislative Assembly of Manitoba",
      "OrganizationLongFr": "Assembl\u00e9e l\u00e9gislative du Manitoba",
      "OrganizationShortEn": "Legislative Assembly",
      "OrganizationShortFr": "Assembl\u00e9e l\u00e9gislative",
      "OrganizationAcronymEn": "",
      "OrganizationAcronymFr": "",
      "OrganizationTypeId": 6,
      "OrganizationTypeEn": "Chamber Of Parliament (Prov)",
      "OrganizationTypeFr": "Chambre de Parlement (Prov)",
      "OrganizationProvinceEn": null,
      "OrganizationProvinceFr": null,
      "OrganizationHasProfile": true,
      "IsSenatorialDivision": false,
      "ToBeStyledAsEn": "",
      "ToBeStyledAsFr": "",
      "GroupId": 0,
      "Source": null,
      "PortFolioEn": null,
      "PortFolioFr": null,
      "Committee": null,
      "GroupingTitleEn": "Provincial Experience",
      "GroupingTitleFr": "Exp\u00e9rience Provinciale",
      "GroupingOrder": 0,
      "ParliamentStart": "1867-11-06T00:00:00Z",
      "ParliamentEnd": "1872-07-08T00:00:00Z",
      "ParliamentNumber": 1,
      "PartyOrganizationId": 2148,
      "PartyEn": "Conservative",
      "PartyFr": "Conservateur",
      "PartyStartDate": "1870-12-27T00:00:00Z",
      "PartyEndDate": "1876-12-01T00:00:00Z",
      "PersonPersonId": 0,
      "PersonLastName": null,
      "PersonUsedFirstName": null,
      "PersonGender": null,
      "MemberOfParliament": null,
      "IsMP": false,
      "IsSenator": false,
      "GovernorGeneral": null,
      "Documents": null,
      "Senator": null,
      "NotesEn": null,
      "NotesFr": null,
      "InternalNotes": null,
      "IsCurrent": "False",
      "RoleId": 720,
      "NameEn": "Elected Representative",
      "Ordinal": 0,
      "Classes": [
        {
          "RoleClassId": 12,
          "RoleClassOrdinal": 50,
          "RoleToRoleClassOrdinal": null,
          "RoleClassNameEn": "Minister",
          "RoleClassNameFr": "Ministre"
        },
        {
          "RoleClassId": 45,
          "RoleClassOrdinal": null,
          "RoleToRoleClassOrdinal": null,
          "RoleClassNameEn": "Provincial and Territorial Responsabilities",
          "RoleClassNameFr": "Provinces et Territoires - Responsabilit\u00e9s"
        }
      ]
    }
  ],
  "MilitaryExperience": null,
  "MunicipalExperience": null,
  "FamilyTiesInParliament": null,
  "Family": null,
  "Education": null,
  "PictureId": 8120,
  "PictureCopyrightEn": null,
  "PictureCopyrightFr": null,
  "PictureCreditEn": "Archives of Manitoba, Personalities",
  "PictureCreditFr": "Archives du Manitoba, Personnalit\u00e9s",
  "DisplayTitleEn": " Angus McKay, M.P.",
  "DisplayTitleFr": " Angus McKay, d\u00e9put\u00e9",
  "PlaceOfBirthEn": "Edmonton, Alberta, Canada",
  "PlaceOfBirthFr": "Edmonton, Alberta, Canada",
  "ProfessionsEn": "",
  "ProfessionsFr": "",
  "PreferredLanguageEn": "",
  "PreferredLanguageFr": "",
  "PlaceOfBurialEn": ", , ",
  "PlaceOfBurialFr": ", , "
}