{
  "Person": {
    "PersonId": 10691,
    "HOCPersonId": 0,
    "SenatePersonId": 0,
    "FormalFirstName": null,
    "UsedFirstName": "Arthur",
    "MiddleName": null,
    "MaidenName": null,
    "LastName": "Mass\u00e9",
    "IsDraftProfile": false,
    "MaidenSpeechNotFound": false,
    "DateOfBirth": "1894-10-30T00:00:00Z",
    "DateOfBirthIsApproximate": false,
    "DoNotDiscloseDateOfBirth": false,
    "DoNotDiscloseBirthLocation": false,
    "CityOfBirthEn": "Kamouraska",
    "CityOfBirthFr": "Kamouraska",
    "ProvinceOfBirthEn": "Quebec",
    "ProvinceOfBirthFr": "Qu\u00e9bec",
    "CountryOfBirthFr": "Canada",
    "CountryOfBirthEn": "Canada",
    "Gender": "M",
    "EthnicityLongEn": null,
    "EthnicityLongFr": null,
    "IsCanadianOrigin": true,
    "InternalNotes": null,
    "ExternalNotesEn": null,
    "ExternalNotesFr": null,
    "ReligionEn": "Catholic",
    "ReligionFr": "Catholique",
    "Professions": [
      {
        "NameEn": "professor",
        "NameFr": "professeur",
        "SearchKeyWordsEn": "",
        "SearchKeyWordsFr": "",
        "ProfessionTypeEn": "Law, social science, education, government services and religion - Professional occupations",
        "ProfessionTypeFr": "Droit, sciences sociales, enseignement, administration publique et religion - Personnel professionnel",
        "Ordinal": null
      },
      {
        "NameEn": "land surveyor",
        "NameFr": "arpenteur-g\u00e9om\u00e8tre",
        "SearchKeyWordsEn": "",
        "SearchKeyWordsFr": "",
        "ProfessionTypeEn": "Natural and applied sciences - Professional occupations",
        "ProfessionTypeFr": "Sciences naturelles et appliqu\u00e9es - Personnel professionnel",
        "Ordinal": null
      },
      {
        "NameEn": "forest engineer",
        "NameFr": "ing\u00e9nieur forestier",
        "SearchKeyWordsEn": "",
        "SearchKeyWordsFr": "",
        "ProfessionTypeEn": "Natural and applied sciences - Professional occupations",
        "ProfessionTypeFr": "Sciences naturelles et appliqu\u00e9es - Personnel professionnel",
        "Ordinal": null
      }
    ],
    "Languages": null,
    "Education": [
      {
        "SchoolNameLongEn": "Coll\u00e8ge Sainte-Anne-de-la-Pocati\u00e8re",
        "SchoolNameLongFr": "Coll\u00e8ge Sainte-Anne-de-la-Pocati\u00e8re",
        "SchoolCityEn": "",
        "SchoolCityFr": "",
        "FieldOfStudyEn": "Unknown",
        "FieldOfStudyFr": "Inconnu",
        "DiplomaLongEn": "Unknown",
        "DiplomaLongFr": "Inconnu",
        "DiplomaShortEn": "",
        "DiplomaShortFr": "",
        "GraduationYear": null
      },
      {
        "SchoolNameLongEn": "Laval University",
        "SchoolNameLongFr": "Universit\u00e9 Laval",
        "SchoolCityEn": "",
        "SchoolCityFr": "",
        "FieldOfStudyEn": "Arts",
        "FieldOfStudyFr": "Arts",
        "DiplomaLongEn": "Bachelor",
        "DiplomaLongFr": "Bachelier",
        "DiplomaShortEn": "B.A",
        "DiplomaShortFr": "B.A.",
        "GraduationYear": null
      }
    ],
    "FamilyRelations": null,
    "Pictures": [
      {
        "PictureId": 1769,
        "PictureDate": null,
        "TypeEn": "Photographer",
        "TypeFr": "Photographe",
        "PhotographerEn": "Unknown",
        "PhotographerFr": "Inconnu",
        "CreditsEn": "House of Commons",
        "CreditsFr": "Chambre des communes",
        "CopyRightsEn": "House of Commons 1953",
        "CopyRightsFr": "Chambre des communes 1953",
        "DisplayForWeb": true,
        "InternalNotes": null
      }
    ],
    "Titles": [
      {
        "LongEn": null,
        "LongFr": null,
        "AcronymEn": null,
        "AcronymFr": null,
        "IsHonorific": false,
        "IsScholarity": false,
        "IsSalutation": true,
        "Ordinal": 0
      },
      {
        "LongEn": "Member of Parliament",
        "LongFr": "d\u00e9put\u00e9",
        "AcronymEn": "M.P.",
        "AcronymFr": "d\u00e9put\u00e9",
        "IsHonorific": false,
        "IsScholarity": false,
        "IsSalutation": false,
        "Ordinal": 0
      }
    ],
    "Roles": [
      {
        "PersonRoleId": 113425,
        "NameFr": "Membre du parti",
        "StartDate": "1949-10-24T00:00:00Z",
        "StartDateIsApproximate": false,
        "EndDate": "1957-06-09T00:00:00Z",
        "EndDateIsApproximate": false,
        "EndReasonEn": null,
        "EndReasonFr": null,
        "EndReasonTypeEn": null,
        "EndReasonTypeFr": null,
        "SourceOfInformationEn": null,
        "SourceOfInformationFr": null,
        "IsActing": false,
        "ActingTextEn": null,
        "ActingTextFr": null,
        "HasCrossedTheFloor": false,
        "OrganizationId": 3863,
        "OrganizationLongEn": "Independent Liberal",
        "OrganizationLongFr": "Ind\u00e9pendant lib\u00e9ral",
        "OrganizationShortEn": "Independent Liberal",
        "OrganizationShortFr": "Ind\u00e9pendant lib\u00e9ral",
        "OrganizationAcronymEn": "Ind. Lib.",
        "OrganizationAcronymFr": "Ind. lib.",
        "OrganizationTypeId": 4,
        "OrganizationTypeEn": "Party",
        "OrganizationTypeFr": "Parti",
        "OrganizationProvinceEn": null,
        "OrganizationProvinceFr": null,
        "OrganizationHasProfile": false,
        "IsSenatorialDivision": false,
        "ToBeStyledAsEn": "",
        "ToBeStyledAsFr": "",
        "GroupId": 0,
        "Source": null,
        "PortFolioEn": null,
        "PortFolioFr": null,
        "Committee": null,
        "GroupingTitleEn": "Parliamentarian",
        "GroupingTitleFr": "Parlementaire",
        "GroupingOrder": 1,
        "ParliamentStart": "1953-11-12T00:00:00Z",
        "ParliamentEnd": "1957-04-12T00:00:00Z",
        "ParliamentNumber": 22,
        "PartyOrganizationId": 3863,
        "PartyEn": "Independent Liberal",
        "PartyFr": "Ind\u00e9pendant lib\u00e9ral",
        "PartyStartDate": "1949-10-24T00:00:00Z",
        "PartyEndDate": "1957-06-09T00:00:00Z",
        "PersonPersonId": 0,
        "PersonLastName": null,
        "PersonUsedFirstName": null,
        "PersonGender": null,
        "MemberOfParliament": null,
        "IsMP": false,
        "IsSenator": false,
        "GovernorGeneral": null,
        "Documents": null,
        "Senator": null,
        "NotesEn": null,
        "NotesFr": null,
        "InternalNotes": null,
        "IsCurrent": "False",
        "RoleId": 722,
        "NameEn": "Party Member",
        "Ordinal": null,
        "Classes": [
          {
            "RoleClassId": 105,
            "RoleClassOrdinal": null,
            "RoleToRoleClassOrdinal": null,
            "RoleClassNameEn": "Parliamentarian",
            "RoleClassNameFr": "Parlementaire"
          }
        ]
      },
      {
        "PersonRoleId": 13315,
        "NameFr": "Membre pour la circonscription",
        "StartDate": "1949-10-24T00:00:00Z",
        "StartDateIsApproximate": false,
        "EndDate": "1957-06-09T00:00:00Z",
        "EndDateIsApproximate": false,
        "EndReasonEn": null,
        "EndReasonFr": null,
        "EndReasonTypeEn": null,
        "EndReasonTypeFr": null,
        "SourceOfInformationEn": null,
        "SourceOfInformationFr": null,
        "IsActing": false,
        "ActingTextEn": null,
        "ActingTextFr": null,
        "HasCrossedTheFloor": false,
        "OrganizationId": 4083,
        "OrganizationLongEn": "Kamouraska",
        "OrganizationLongFr": "Kamouraska",
        "OrganizationShortEn": "",
        "OrganizationShortFr": "",
        "OrganizationAcronymEn": "",
        "OrganizationAcronymFr": "",
        "OrganizationTypeId": 35,
        "OrganizationTypeEn": "Constituency",
        "OrganizationTypeFr": "Circonscription",
        "OrganizationProvinceEn": "Quebec",
        "OrganizationProvinceFr": "Qu\u00e9bec",
        "OrganizationHasProfile": true,
        "IsSenatorialDivision": false,
        "ToBeStyledAsEn": "",
        "ToBeStyledAsFr": "",
        "GroupId": 0,
        "Source": null,
        "PortFolioEn": null,
        "PortFolioFr": null,
        "Committee": null,
        "GroupingTitleEn": "Parliamentarian",
        "GroupingTitleFr": "Parlementaire",
        "GroupingOrder": 1,
        "ParliamentStart": "1953-11-12T00:00:00Z",
        "ParliamentEnd": "1957-04-12T00:00:00Z",
        "ParliamentNumber": 22,
        "PartyOrganizationId": 3863,
        "PartyEn": "Independent Liberal",
        "PartyFr": "Ind\u00e9pendant lib\u00e9ral",
        "PartyStartDate": "1949-10-24T00:00:00Z",
        "PartyEndDate": "1957-06-09T00:00:00Z",
        "PersonPersonId": 0,
        "PersonLastName": null,
        "PersonUsedFirstName": null,
        "PersonGender": null,
        "MemberOfParliament": {
          "OccupationTypeEn": "Continuous",
          "OccupationTypeFr": "Continue"
        },
        "IsMP": true,
        "IsSenator": false,
        "GovernorGeneral": null,
        "Documents": null,
        "Senator": null,
        "NotesEn": null,
        "NotesFr": null,
        "InternalNotes": null,
        "IsCurrent": "False",
        "RoleId": 719,
        "NameEn": "Constituency Member",
        "Ordinal": 240,
        "Classes": [
          {
            "RoleClassId": 49,
            "RoleClassOrdinal": 2,
            "RoleToRoleClassOrdinal": null,
            "RoleClassNameEn": "Salaries in the House of Commons",
            "RoleClassNameFr": "Salaires \u00e0 la Chambre des Communes"
          },
          {
            "RoleClassId": 105,
            "RoleClassOrdinal": null,
            "RoleToRoleClassOrdinal": null,
            "RoleClassNameEn": "Parliamentarian",
            "RoleClassNameFr": "Parlementaire"
          }
        ]
      },
      {
        "PersonRoleId": 157625,
        "NameFr": "Membre",
        "StartDate": "1957-01-08T00:00:00Z",
        "StartDateIsApproximate": false,
        "EndDate": "1957-04-12T00:00:00Z",
        "EndDateIsApproximate": false,
        "EndReasonEn": null,
        "EndReasonFr": null,
        "EndReasonTypeEn": null,
        "EndReasonTypeFr": null,
        "SourceOfInformationEn": null,
        "SourceOfInformationFr": null,
        "IsActing": false,
        "ActingTextEn": null,
        "ActingTextFr": null,
        "HasCrossedTheFloor": false,
        "OrganizationId": 429,
        "OrganizationLongEn": "Standing Committee on Agriculture and Colonization",
        "OrganizationLongFr": "Comit\u00e9 permanent de l'agriculture et de la colonisation",
        "OrganizationShortEn": "Agriculture and Colonization",
        "OrganizationShortFr": "Agriculture et colonisation",
        "OrganizationAcronymEn": "",
        "OrganizationAcronymFr": "",
        "OrganizationTypeId": 27,
        "OrganizationTypeEn": "Committee",
        "OrganizationTypeFr": "Comit\u00e9",
        "OrganizationProvinceEn": null,
        "OrganizationProvinceFr": null,
        "OrganizationHasProfile": true,
        "IsSenatorialDivision": false,
        "ToBeStyledAsEn": "",
        "ToBeStyledAsFr": "",
        "GroupId": 0,
        "Source": null,
        "PortFolioEn": null,
        "PortFolioFr": null,
        "Committee": {
          "OrganizationId": 0,
          "SenateCommitteeId": 0,
          "CommitteeTypeId": 5,
          "CommitteeTypeEn": "Standing",
          "CommitteeTypeFr": "Permanent",
          "CompositionTypeId": 3,
          "CompositionTypeLongEn": "House of Commons",
          "CompositionTypeLongFr": "Chambre des communes",
          "CompositionTypeShortEn": "C",
          "CompositionTypeShortFr": "C",
          "Sessions": [
            {
              "SessionId": 0,
              "SessionNumber": 4,
              "ParliamentNumber": 22,
              "StartDate": "1956-11-26T00:00:00Z",
              "EndDate": "1957-01-08T00:00:00Z",
              "ShortEn": "4th",
              "ShortFr": "4e"
            },
            {
              "SessionId": 0,
              "SessionNumber": 5,
              "ParliamentNumber": 22,
              "StartDate": "1957-01-08T00:00:00Z",
              "EndDate": "1957-04-12T00:00:00Z",
              "ShortEn": "5th",
              "ShortFr": "5e"
            }
          ],
          "Mandates": null
        },
        "GroupingTitleEn": null,
        "GroupingTitleFr": null,
        "GroupingOrder": 0,
        "ParliamentStart": null,
        "ParliamentEnd": null,
        "ParliamentNumber": 0,
        "PartyOrganizationId": 3863,
        "PartyEn": "Independent Liberal",
        "PartyFr": "Ind\u00e9pendant lib\u00e9ral",
        "PartyStartDate": "1949-10-24T00:00:00Z",
        "PartyEndDate": "1957-06-09T00:00:00Z",
        "PersonPersonId": 0,
        "PersonLastName": null,
        "PersonUsedFirstName": null,
        "PersonGender": null,
        "MemberOfParliament": null,
        "IsMP": false,
        "IsSenator": false,
        "GovernorGeneral": null,
        "Documents": null,
        "Senator": null,
        "NotesEn": null,
        "NotesFr": null,
        "InternalNotes": null,
        "IsCurrent": "False",
        "RoleId": 226,
        "NameEn": "Member",
        "Ordinal": 300,
        "Classes": [
          {
            "RoleClassId": 33,
            "RoleClassOrdinal": null,
            "RoleToRoleClassOrdinal": null,
            "RoleClassNameEn": "Committee",
            "RoleClassNameFr": "Comit\u00e9"
          },
          {
            "RoleClassId": 113,
            "RoleClassOrdinal": null,
            "RoleToRoleClassOrdinal": null,
            "RoleClassNameEn": "ElectionProcessCloseDissolution",
            "RoleClassNameFr": "ElectionProcessCloseDissolution"
          }
        ]
      },
      {
        "PersonRoleId": 157961,
        "NameFr": "Membre",
        "StartDate": "1957-01-08T00:00:00Z",
        "StartDateIsApproximate": false,
        "EndDate": "1957-04-12T00:00:00Z",
        "EndDateIsApproximate": false,
        "EndReasonEn": null,
        "EndReasonFr": null,
        "EndReasonTypeEn": null,
        "EndReasonTypeFr": null,
        "SourceOfInformationEn": null,
        "SourceOfInformationFr": null,
        "IsActing": false,
        "ActingTextEn": null,
        "ActingTextFr": null,
        "HasCrossedTheFloor": false,
        "OrganizationId": 7172,
        "OrganizationLongEn": "Standing Joint Committee on the Restaurant of Parliament",
        "OrganizationLongFr": "Comit\u00e9 mixte permanent du restaurant du Parlement",
        "OrganizationShortEn": "Restaurant of Parliament",
        "OrganizationShortFr": "Restaurant du Parlement",
        "OrganizationAcronymEn": "",
        "OrganizationAcronymFr": "",
        "OrganizationTypeId": 27,
        "OrganizationTypeEn": "Committee",
        "OrganizationTypeFr": "Comit\u00e9",
        "OrganizationProvinceEn": null,
        "OrganizationProvinceFr": null,
        "OrganizationHasProfile": true,
        "IsSenatorialDivision": false,
        "ToBeStyledAsEn": "",
        "ToBeStyledAsFr": "",
        "GroupId": 0,
        "Source": null,
        "PortFolioEn": null,
        "PortFolioFr": null,
        "Committee": {
          "OrganizationId": 0,
          "SenateCommitteeId": 0,
          "CommitteeTypeId": 5,
          "CommitteeTypeEn": "Standing",
          "CommitteeTypeFr": "Permanent",
          "CompositionTypeId": 8,
          "CompositionTypeLongEn": "Joint",
          "CompositionTypeLongFr": "Mixte",
          "CompositionTypeShortEn": "J",
          "CompositionTypeShortFr": "J",
          "Sessions": [
            {
              "SessionId": 0,
              "SessionNumber": 4,
              "ParliamentNumber": 22,
              "StartDate": "1956-11-26T00:00:00Z",
              "EndDate": "1957-01-08T00:00:00Z",
              "ShortEn": "4th",
              "ShortFr": "4e"
            },
            {
              "SessionId": 0,
              "SessionNumber": 5,
              "ParliamentNumber": 22,
              "StartDate": "1957-01-08T00:00:00Z",
              "EndDate": "1957-04-12T00:00:00Z",
              "ShortEn": "5th",
              "ShortFr": "5e"
            }
          ],
          "Mandates": null
        },
        "GroupingTitleEn": null,
        "GroupingTitleFr": null,
        "GroupingOrder": 0,
        "ParliamentStart": null,
        "ParliamentEnd": null,
        "ParliamentNumber": 0,
        "PartyOrganizationId": 3863,
        "PartyEn": "Independent Liberal",
        "PartyFr": "Ind\u00e9pendant lib\u00e9ral",
        "PartyStartDate": "1949-10-24T00:00:00Z",
        "PartyEndDate": "1957-06-09T00:00:00Z",
        "PersonPersonId": 0,
        "PersonLastName": null,
        "PersonUsedFirstName": null,
        "PersonGender": null,
        "MemberOfParliament": null,
        "IsMP": false,
        "IsSenator": false,
        "GovernorGeneral": null,
        "Documents": null,
        "Senator": null,
        "NotesEn": null,
        "NotesFr": null,
        "InternalNotes": null,
        "IsCurrent": "False",
        "RoleId": 226,
        "NameEn": "Member",
        "Ordinal": 300,
        "Classes": [
          {
            "RoleClassId": 33,
            "RoleClassOrdinal": null,
            "RoleToRoleClassOrdinal": null,
            "RoleClassNameEn": "Committee",
            "RoleClassNameFr": "Comit\u00e9"
          },
          {
            "RoleClassId": 113,
            "RoleClassOrdinal": null,
            "RoleToRoleClassOrdinal": null,
            "RoleClassNameEn": "ElectionProcessCloseDissolution",
            "RoleClassNameFr": "ElectionProcessCloseDissolution"
          }
        ]
      },
      {
        "PersonRoleId": 158170,
        "NameFr": "Membre",
        "StartDate": "1953-11-12T00:00:00Z",
        "StartDateIsApproximate": false,
        "EndDate": "1954-06-26T00:00:00Z",
        "EndDateIsApproximate": false,
        "EndReasonEn": null,
        "EndReasonFr": null,
        "EndReasonTypeEn": null,
        "EndReasonTypeFr": null,
        "SourceOfInformationEn": null,
        "SourceOfInformationFr": null,
        "IsActing": false,
        "ActingTextEn": null,
        "ActingTextFr": null,
        "HasCrossedTheFloor": false,
        "OrganizationId": 429,
        "OrganizationLongEn": "Standing Committee on Agriculture and Colonization",
        "OrganizationLongFr": "Comit\u00e9 permanent de l'agriculture et de la colonisation",
        "OrganizationShortEn": "Agriculture and Colonization",
        "OrganizationShortFr": "Agriculture et colonisation",
        "OrganizationAcronymEn": "",
        "OrganizationAcronymFr": "",
        "OrganizationTypeId": 27,
        "OrganizationTypeEn": "Committee",
        "OrganizationTypeFr": "Comit\u00e9",
        "OrganizationProvinceEn": null,
        "OrganizationProvinceFr": null,
        "OrganizationHasProfile": true,
        "IsSenatorialDivision": false,
        "ToBeStyledAsEn": "",
        "ToBeStyledAsFr": "",
        "GroupId": 0,
        "Source": null,
        "PortFolioEn": null,
        "PortFolioFr": null,
        "Committee": {
          "OrganizationId": 0,
          "SenateCommitteeId": 0,
          "CommitteeTypeId": 5,
          "CommitteeTypeEn": "Standing",
          "CommitteeTypeFr": "Permanent",
          "CompositionTypeId": 3,
          "CompositionTypeLongEn": "House of Commons",
          "CompositionTypeLongFr": "Chambre des communes",
          "CompositionTypeShortEn": "C",
          "CompositionTypeShortFr": "C",
          "Sessions": [
            {
              "SessionId": 0,
              "SessionNumber": 1,
              "ParliamentNumber": 22,
              "StartDate": "1953-11-12T00:00:00Z",
              "EndDate": "1954-06-26T00:00:00Z",
              "ShortEn": "1st",
              "ShortFr": "1\u00e8re"
            }
          ],
          "Mandates": null
        },
        "GroupingTitleEn": null,
        "GroupingTitleFr": null,
        "GroupingOrder": 0,
        "ParliamentStart": null,
        "ParliamentEnd": null,
        "ParliamentNumber": 0,
        "PartyOrganizationId": 3863,
        "PartyEn": "Independent Liberal",
        "PartyFr": "Ind\u00e9pendant lib\u00e9ral",
        "PartyStartDate": "1949-10-24T00:00:00Z",
        "PartyEndDate": "1957-06-09T00:00:00Z",
        "PersonPersonId": 0,
        "PersonLastName": null,
        "PersonUsedFirstName": null,
        "PersonGender": null,
        "MemberOfParliament": null,
        "IsMP": false,
        "IsSenator": false,
        "GovernorGeneral": null,
        "Documents": null,
        "Senator": null,
        "NotesEn": null,
        "NotesFr": null,
        "InternalNotes": null,
        "IsCurrent": "False",
        "RoleId": 226,
        "NameEn": "Member",
        "Ordinal": 300,
        "Classes": [
          {
            "RoleClassId": 33,
            "RoleClassOrdinal": null,
            "RoleToRoleClassOrdinal": null,
            "RoleClassNameEn": "Committee",
            "RoleClassNameFr": "Comit\u00e9"
          },
          {
            "RoleClassId": 113,
            "RoleClassOrdinal": null,
            "RoleToRoleClassOrdinal": null,
            "RoleClassNameEn": "ElectionProcessCloseDissolution",
            "RoleClassNameFr": "ElectionProcessCloseDissolution"
          }
        ]
      },
      {
        "PersonRoleId": 159579,
        "NameFr": "Membre",
        "StartDate": "1956-01-10T00:00:00Z",
        "StartDateIsApproximate": false,
        "EndDate": "1956-08-14T00:00:00Z",
        "EndDateIsApproximate": false,
        "EndReasonEn": null,
        "EndReasonFr": null,
        "EndReasonTypeEn": null,
        "EndReasonTypeFr": null,
        "SourceOfInformationEn": null,
        "SourceOfInformationFr": null,
        "IsActing": false,
        "ActingTextEn": null,
        "ActingTextFr": null,
        "HasCrossedTheFloor": false,
        "OrganizationId": 429,
        "OrganizationLongEn": "Standing Committee on Agriculture and Colonization",
        "OrganizationLongFr": "Comit\u00e9 permanent de l'agriculture et de la colonisation",
        "OrganizationShortEn": "Agriculture and Colonization",
        "OrganizationShortFr": "Agriculture et colonisation",
        "OrganizationAcronymEn": "",
        "OrganizationAcronymFr": "",
        "OrganizationTypeId": 27,
        "OrganizationTypeEn": "Committee",
        "OrganizationTypeFr": "Comit\u00e9",
        "OrganizationProvinceEn": null,
        "OrganizationProvinceFr": null,
        "OrganizationHasProfile": true,
        "IsSenatorialDivision": false,
        "ToBeStyledAsEn": "",
        "ToBeStyledAsFr": "",
        "GroupId": 0,
        "Source": null,
        "PortFolioEn": null,
        "PortFolioFr": null,
        "Committee": {
          "OrganizationId": 0,
          "SenateCommitteeId": 0,
          "CommitteeTypeId": 5,
          "CommitteeTypeEn": "Standing",
          "CommitteeTypeFr": "Permanent",
          "CompositionTypeId": 3,
          "CompositionTypeLongEn": "House of Commons",
          "CompositionTypeLongFr": "Chambre des communes",
          "CompositionTypeShortEn": "C",
          "CompositionTypeShortFr": "C",
          "Sessions": [
            {
              "SessionId": 0,
              "SessionNumber": 3,
              "ParliamentNumber": 22,
              "StartDate": "1956-01-10T00:00:00Z",
              "EndDate": "1956-08-14T00:00:00Z",
              "ShortEn": "3rd",
              "ShortFr": "3e"
            }
          ],
          "Mandates": null
        },
        "GroupingTitleEn": null,
        "GroupingTitleFr": null,
        "GroupingOrder": 0,
        "ParliamentStart": null,
        "ParliamentEnd": null,
        "ParliamentNumber": 0,
        "PartyOrganizationId": 3863,
        "PartyEn": "Independent Liberal",
        "PartyFr": "Ind\u00e9pendant lib\u00e9ral",
        "PartyStartDate": "1949-10-24T00:00:00Z",
        "PartyEndDate": "1957-06-09T00:00:00Z",
        "PersonPersonId": 0,
        "PersonLastName": null,
        "PersonUsedFirstName": null,
        "PersonGender": null,
        "MemberOfParliament": null,
        "IsMP": false,
        "IsSenator": false,
        "GovernorGeneral": null,
        "Documents": null,
        "Senator": null,
        "NotesEn": null,
        "NotesFr": null,
        "InternalNotes": null,
        "IsCurrent": "False",
        "RoleId": 226,
        "NameEn": "Member",
        "Ordinal": 300,
        "Classes": [
          {
            "RoleClassId": 33,
            "RoleClassOrdinal": null,
            "RoleToRoleClassOrdinal": null,
            "RoleClassNameEn": "Committee",
            "RoleClassNameFr": "Comit\u00e9"
          },
          {
            "RoleClassId": 113,
            "RoleClassOrdinal": null,
            "RoleToRoleClassOrdinal": null,
            "RoleClassNameEn": "ElectionProcessCloseDissolution",
            "RoleClassNameFr": "ElectionProcessCloseDissolution"
          }
        ]
      },
      {
        "PersonRoleId": 162106,
        "NameFr": "Membre",
        "StartDate": "1953-11-12T00:00:00Z",
        "StartDateIsApproximate": false,
        "EndDate": "1954-06-26T00:00:00Z",
        "EndDateIsApproximate": false,
        "EndReasonEn": null,
        "EndReasonFr": null,
        "EndReasonTypeEn": null,
        "EndReasonTypeFr": null,
        "SourceOfInformationEn": null,
        "SourceOfInformationFr": null,
        "IsActing": false,
        "ActingTextEn": null,
        "ActingTextFr": null,
        "HasCrossedTheFloor": false,
        "OrganizationId": 7172,
        "OrganizationLongEn": "Standing Joint Committee on the Restaurant of Parliament",
        "OrganizationLongFr": "Comit\u00e9 mixte permanent du restaurant du Parlement",
        "OrganizationShortEn": "Restaurant of Parliament",
        "OrganizationShortFr": "Restaurant du Parlement",
        "OrganizationAcronymEn": "",
        "OrganizationAcronymFr": "",
        "OrganizationTypeId": 27,
        "OrganizationTypeEn": "Committee",
        "OrganizationTypeFr": "Comit\u00e9",
        "OrganizationProvinceEn": null,
        "OrganizationProvinceFr": null,
        "OrganizationHasProfile": true,
        "IsSenatorialDivision": false,
        "ToBeStyledAsEn": "",
        "ToBeStyledAsFr": "",
        "GroupId": 0,
        "Source": null,
        "PortFolioEn": null,
        "PortFolioFr": null,
        "Committee": {
          "OrganizationId": 0,
          "SenateCommitteeId": 0,
          "CommitteeTypeId": 5,
          "CommitteeTypeEn": "Standing",
          "CommitteeTypeFr": "Permanent",
          "CompositionTypeId": 8,
          "CompositionTypeLongEn": "Joint",
          "CompositionTypeLongFr": "Mixte",
          "CompositionTypeShortEn": "J",
          "CompositionTypeShortFr": "J",
          "Sessions": [
            {
              "SessionId": 0,
              "SessionNumber": 1,
              "ParliamentNumber": 22,
              "StartDate": "1953-11-12T00:00:00Z",
              "EndDate": "1954-06-26T00:00:00Z",
              "ShortEn": "1st",
              "ShortFr": "1\u00e8re"
            }
          ],
          "Mandates": null
        },
        "GroupingTitleEn": null,
        "GroupingTitleFr": null,
        "GroupingOrder": 0,
        "ParliamentStart": null,
        "ParliamentEnd": null,
        "ParliamentNumber": 0,
        "PartyOrganizationId": 3863,
        "PartyEn": "Independent Liberal",
        "PartyFr": "Ind\u00e9pendant lib\u00e9ral",
        "PartyStartDate": "1949-10-24T00:00:00Z",
        "PartyEndDate": "1957-06-09T00:00:00Z",
        "PersonPersonId": 0,
        "PersonLastName": null,
        "PersonUsedFirstName": null,
        "PersonGender": null,
        "MemberOfParliament": null,
        "IsMP": false,
        "IsSenator": false,
        "GovernorGeneral": null,
        "Documents": null,
        "Senator": null,
        "NotesEn": null,
        "NotesFr": null,
        "InternalNotes": null,
        "IsCurrent": "False",
        "RoleId": 226,
        "NameEn": "Member",
        "Ordinal": 300,
        "Classes": [
          {
            "RoleClassId": 33,
            "RoleClassOrdinal": null,
            "RoleToRoleClassOrdinal": null,
            "RoleClassNameEn": "Committee",
            "RoleClassNameFr": "Comit\u00e9"
          },
          {
            "RoleClassId": 113,
            "RoleClassOrdinal": null,
            "RoleToRoleClassOrdinal": null,
            "RoleClassNameEn": "ElectionProcessCloseDissolution",
            "RoleClassNameFr": "ElectionProcessCloseDissolution"
          }
        ]
      },
      {
        "PersonRoleId": 162860,
        "NameFr": "Membre",
        "StartDate": "1955-01-07T00:00:00Z",
        "StartDateIsApproximate": false,
        "EndDate": "1955-07-28T00:00:00Z",
        "EndDateIsApproximate": false,
        "EndReasonEn": null,
        "EndReasonFr": null,
        "EndReasonTypeEn": null,
        "EndReasonTypeFr": null,
        "SourceOfInformationEn": null,
        "SourceOfInformationFr": null,
        "IsActing": false,
        "ActingTextEn": null,
        "ActingTextFr": null,
        "HasCrossedTheFloor": false,
        "OrganizationId": 429,
        "OrganizationLongEn": "Standing Committee on Agriculture and Colonization",
        "OrganizationLongFr": "Comit\u00e9 permanent de l'agriculture et de la colonisation",
        "OrganizationShortEn": "Agriculture and Colonization",
        "OrganizationShortFr": "Agriculture et colonisation",
        "OrganizationAcronymEn": "",
        "OrganizationAcronymFr": "",
        "OrganizationTypeId": 27,
        "OrganizationTypeEn": "Committee",
        "OrganizationTypeFr": "Comit\u00e9",
        "OrganizationProvinceEn": null,
        "OrganizationProvinceFr": null,
        "OrganizationHasProfile": true,
        "IsSenatorialDivision": false,
        "ToBeStyledAsEn": "",
        "ToBeStyledAsFr": "",
        "GroupId": 0,
        "Source": null,
        "PortFolioEn": null,
        "PortFolioFr": null,
        "Committee": {
          "OrganizationId": 0,
          "SenateCommitteeId": 0,
          "CommitteeTypeId": 5,
          "CommitteeTypeEn": "Standing",
          "CommitteeTypeFr": "Permanent",
          "CompositionTypeId": 3,
          "CompositionTypeLongEn": "House of Commons",
          "CompositionTypeLongFr": "Chambre des communes",
          "CompositionTypeShortEn": "C",
          "CompositionTypeShortFr": "C",
          "Sessions": [
            {
              "SessionId": 0,
              "SessionNumber": 2,
              "ParliamentNumber": 22,
              "StartDate": "1955-01-07T00:00:00Z",
              "EndDate": "1955-07-28T00:00:00Z",
              "ShortEn": "2nd",
              "ShortFr": "2e"
            }
          ],
          "Mandates": null
        },
        "GroupingTitleEn": null,
        "GroupingTitleFr": null,
        "GroupingOrder": 0,
        "ParliamentStart": null,
        "ParliamentEnd": null,
        "ParliamentNumber": 0,
        "PartyOrganizationId": 3863,
        "PartyEn": "Independent Liberal",
        "PartyFr": "Ind\u00e9pendant lib\u00e9ral",
        "PartyStartDate": "1949-10-24T00:00:00Z",
        "PartyEndDate": "1957-06-09T00:00:00Z",
        "PersonPersonId": 0,
        "PersonLastName": null,
        "PersonUsedFirstName": null,
        "PersonGender": null,
        "MemberOfParliament": null,
        "IsMP": false,
        "IsSenator": false,
        "GovernorGeneral": null,
        "Documents": null,
        "Senator": null,
        "NotesEn": null,
        "NotesFr": null,
        "InternalNotes": null,
        "IsCurrent": "False",
        "RoleId": 226,
        "NameEn": "Member",
        "Ordinal": 300,
        "Classes": [
          {
            "RoleClassId": 33,
            "RoleClassOrdinal": null,
            "RoleToRoleClassOrdinal": null,
            "RoleClassNameEn": "Committee",
            "RoleClassNameFr": "Comit\u00e9"
          },
          {
            "RoleClassId": 113,
            "RoleClassOrdinal": null,
            "RoleToRoleClassOrdinal": null,
            "RoleClassNameEn": "ElectionProcessCloseDissolution",
            "RoleClassNameFr": "ElectionProcessCloseDissolution"
          }
        ]
      },
      {
        "PersonRoleId": 165457,
        "NameFr": "Membre",
        "StartDate": "1951-01-30T00:00:00Z",
        "StartDateIsApproximate": false,
        "EndDate": "1951-10-09T00:00:00Z",
        "EndDateIsApproximate": false,
        "EndReasonEn": null,
        "EndReasonFr": null,
        "EndReasonTypeEn": null,
        "EndReasonTypeFr": null,
        "SourceOfInformationEn": null,
        "SourceOfInformationFr": null,
        "IsActing": false,
        "ActingTextEn": null,
        "ActingTextFr": null,
        "HasCrossedTheFloor": false,
        "OrganizationId": 429,
        "OrganizationLongEn": "Standing Committee on Agriculture and Colonization",
        "OrganizationLongFr": "Comit\u00e9 permanent de l'agriculture et de la colonisation",
        "OrganizationShortEn": "Agriculture and Colonization",
        "OrganizationShortFr": "Agriculture et colonisation",
        "OrganizationAcronymEn": "",
        "OrganizationAcronymFr": "",
        "OrganizationTypeId": 27,
        "OrganizationTypeEn": "Committee",
        "OrganizationTypeFr": "Comit\u00e9",
        "OrganizationProvinceEn": null,
        "OrganizationProvinceFr": null,
        "OrganizationHasProfile": true,
        "IsSenatorialDivision": false,
        "ToBeStyledAsEn": "",
        "ToBeStyledAsFr": "",
        "GroupId": 0,
        "Source": null,
        "PortFolioEn": null,
        "PortFolioFr": null,
        "Committee": {
          "OrganizationId": 0,
          "SenateCommitteeId": 0,
          "CommitteeTypeId": 5,
          "CommitteeTypeEn": "Standing",
          "CommitteeTypeFr": "Permanent",
          "CompositionTypeId": 3,
          "CompositionTypeLongEn": "House of Commons",
          "CompositionTypeLongFr": "Chambre des communes",
          "CompositionTypeShortEn": "C",
          "CompositionTypeShortFr": "C",
          "Sessions": [
            {
              "SessionId": 0,
              "SessionNumber": 4,
              "ParliamentNumber": 21,
              "StartDate": "1951-01-30T00:00:00Z",
              "EndDate": "1951-10-09T00:00:00Z",
              "ShortEn": "4th",
              "ShortFr": "4e"
            },
            {
              "SessionId": 0,
              "SessionNumber": 5,
              "ParliamentNumber": 21,
              "StartDate": "1951-10-09T00:00:00Z",
              "EndDate": "1951-12-29T00:00:00Z",
              "ShortEn": "5th",
              "ShortFr": "5e"
            }
          ],
          "Mandates": null
        },
        "GroupingTitleEn": null,
        "GroupingTitleFr": null,
        "GroupingOrder": 0,
        "ParliamentStart": null,
        "ParliamentEnd": null,
        "ParliamentNumber": 0,
        "PartyOrganizationId": 3863,
        "PartyEn": "Independent Liberal",
        "PartyFr": "Ind\u00e9pendant lib\u00e9ral",
        "PartyStartDate": "1949-10-24T00:00:00Z",
        "PartyEndDate": "1957-06-09T00:00:00Z",
        "PersonPersonId": 0,
        "PersonLastName": null,
        "PersonUsedFirstName": null,
        "PersonGender": null,
        "MemberOfParliament": null,
        "IsMP": false,
        "IsSenator": false,
        "GovernorGeneral": null,
        "Documents": null,
        "Senator": null,
        "NotesEn": null,
        "NotesFr": null,
        "InternalNotes": null,
        "IsCurrent": "False",
        "RoleId": 226,
        "NameEn": "Member",
        "Ordinal": 300,
        "Classes": [
          {
            "RoleClassId": 33,
            "RoleClassOrdinal": null,
            "RoleToRoleClassOrdinal": null,
            "RoleClassNameEn": "Committee",
            "RoleClassNameFr": "Comit\u00e9"
          },
          {
            "RoleClassId": 113,
            "RoleClassOrdinal": null,
            "RoleToRoleClassOrdinal": null,
            "RoleClassNameEn": "ElectionProcessCloseDissolution",
            "RoleClassNameFr": "ElectionProcessCloseDissolution"
          }
        ]
      },
      {
        "PersonRoleId": 166482,
        "NameFr": "Membre",
        "StartDate": "1951-10-09T00:00:00Z",
        "StartDateIsApproximate": false,
        "EndDate": "1951-12-29T00:00:00Z",
        "EndDateIsApproximate": false,
        "EndReasonEn": null,
        "EndReasonFr": null,
        "EndReasonTypeEn": null,
        "EndReasonTypeFr": null,
        "SourceOfInformationEn": null,
        "SourceOfInformationFr": null,
        "IsActing": false,
        "ActingTextEn": null,
        "ActingTextFr": null,
        "HasCrossedTheFloor": false,
        "OrganizationId": 429,
        "OrganizationLongEn": "Standing Committee on Agriculture and Colonization",
        "OrganizationLongFr": "Comit\u00e9 permanent de l'agriculture et de la colonisation",
        "OrganizationShortEn": "Agriculture and Colonization",
        "OrganizationShortFr": "Agriculture et colonisation",
        "OrganizationAcronymEn": "",
        "OrganizationAcronymFr": "",
        "OrganizationTypeId": 27,
        "OrganizationTypeEn": "Committee",
        "OrganizationTypeFr": "Comit\u00e9",
        "OrganizationProvinceEn": null,
        "OrganizationProvinceFr": null,
        "OrganizationHasProfile": true,
        "IsSenatorialDivision": false,
        "ToBeStyledAsEn": "",
        "ToBeStyledAsFr": "",
        "GroupId": 0,
        "Source": null,
        "PortFolioEn": null,
        "PortFolioFr": null,
        "Committee": {
          "OrganizationId": 0,
          "SenateCommitteeId": 0,
          "CommitteeTypeId": 5,
          "CommitteeTypeEn": "Standing",
          "CommitteeTypeFr": "Permanent",
          "CompositionTypeId": 3,
          "CompositionTypeLongEn": "House of Commons",
          "CompositionTypeLongFr": "Chambre des communes",
          "CompositionTypeShortEn": "C",
          "CompositionTypeShortFr": "C",
          "Sessions": [
            {
              "SessionId": 0,
              "SessionNumber": 4,
              "ParliamentNumber": 21,
              "StartDate": "1951-01-30T00:00:00Z",
              "EndDate": "1951-10-09T00:00:00Z",
              "ShortEn": "4th",
              "ShortFr": "4e"
            },
            {
              "SessionId": 0,
              "SessionNumber": 5,
              "ParliamentNumber": 21,
              "StartDate": "1951-10-09T00:00:00Z",
              "EndDate": "1951-12-29T00:00:00Z",
              "ShortEn": "5th",
              "ShortFr": "5e"
            }
          ],
          "Mandates": null
        },
        "GroupingTitleEn": null,
        "GroupingTitleFr": null,
        "GroupingOrder": 0,
        "ParliamentStart": null,
        "ParliamentEnd": null,
        "ParliamentNumber": 0,
        "PartyOrganizationId": 3863,
        "PartyEn": "Independent Liberal",
        "PartyFr": "Ind\u00e9pendant lib\u00e9ral",
        "PartyStartDate": "1949-10-24T00:00:00Z",
        "PartyEndDate": "1957-06-09T00:00:00Z",
        "PersonPersonId": 0,
        "PersonLastName": null,
        "PersonUsedFirstName": null,
        "PersonGender": null,
        "MemberOfParliament": null,
        "IsMP": false,
        "IsSenator": false,
        "GovernorGeneral": null,
        "Documents": null,
        "Senator": null,
        "NotesEn": null,
        "NotesFr": null,
        "InternalNotes": null,
        "IsCurrent": "False",
        "RoleId": 226,
        "NameEn": "Member",
        "Ordinal": 300,
        "Classes": [
          {
            "RoleClassId": 33,
            "RoleClassOrdinal": null,
            "RoleToRoleClassOrdinal": null,
            "RoleClassNameEn": "Committee",
            "RoleClassNameFr": "Comit\u00e9"
          },
          {
            "RoleClassId": 113,
            "RoleClassOrdinal": null,
            "RoleToRoleClassOrdinal": null,
            "RoleClassNameEn": "ElectionProcessCloseDissolution",
            "RoleClassNameFr": "ElectionProcessCloseDissolution"
          }
        ]
      },
      {
        "PersonRoleId": 167272,
        "NameFr": "Membre",
        "StartDate": "1955-01-07T00:00:00Z",
        "StartDateIsApproximate": false,
        "EndDate": "1955-07-28T00:00:00Z",
        "EndDateIsApproximate": false,
        "EndReasonEn": null,
        "EndReasonFr": null,
        "EndReasonTypeEn": null,
        "EndReasonTypeFr": null,
        "SourceOfInformationEn": null,
        "SourceOfInformationFr": null,
        "IsActing": false,
        "ActingTextEn": null,
        "ActingTextFr": null,
        "HasCrossedTheFloor": false,
        "OrganizationId": 7172,
        "OrganizationLongEn": "Standing Joint Committee on the Restaurant of Parliament",
        "OrganizationLongFr": "Comit\u00e9 mixte permanent du restaurant du Parlement",
        "OrganizationShortEn": "Restaurant of Parliament",
        "OrganizationShortFr": "Restaurant du Parlement",
        "OrganizationAcronymEn": "",
        "OrganizationAcronymFr": "",
        "OrganizationTypeId": 27,
        "OrganizationTypeEn": "Committee",
        "OrganizationTypeFr": "Comit\u00e9",
        "OrganizationProvinceEn": null,
        "OrganizationProvinceFr": null,
        "OrganizationHasProfile": true,
        "IsSenatorialDivision": false,
        "ToBeStyledAsEn": "",
        "ToBeStyledAsFr": "",
        "GroupId": 0,
        "Source": null,
        "PortFolioEn": null,
        "PortFolioFr": null,
        "Committee": {
          "OrganizationId": 0,
          "SenateCommitteeId": 0,
          "CommitteeTypeId": 5,
          "CommitteeTypeEn": "Standing",
          "CommitteeTypeFr": "Permanent",
          "CompositionTypeId": 8,
          "CompositionTypeLongEn": "Joint",
          "CompositionTypeLongFr": "Mixte",
          "CompositionTypeShortEn": "J",
          "CompositionTypeShortFr": "J",
          "Sessions": [
            {
              "SessionId": 0,
              "SessionNumber": 2,
              "ParliamentNumber": 22,
              "StartDate": "1955-01-07T00:00:00Z",
              "EndDate": "1955-07-28T00:00:00Z",
              "ShortEn": "2nd",
              "ShortFr": "2e"
            }
          ],
          "Mandates": null
        },
        "GroupingTitleEn": null,
        "GroupingTitleFr": null,
        "GroupingOrder": 0,
        "ParliamentStart": null,
        "ParliamentEnd": null,
        "ParliamentNumber": 0,
        "PartyOrganizationId": 3863,
        "PartyEn": "Independent Liberal",
        "PartyFr": "Ind\u00e9pendant lib\u00e9ral",
        "PartyStartDate": "1949-10-24T00:00:00Z",
        "PartyEndDate": "1957-06-09T00:00:00Z",
        "PersonPersonId": 0,
        "PersonLastName": null,
        "PersonUsedFirstName": null,
        "PersonGender": null,
        "MemberOfParliament": null,
        "IsMP": false,
        "IsSenator": false,
        "GovernorGeneral": null,
        "Documents": null,
        "Senator": null,
        "NotesEn": null,
        "NotesFr": null,
        "InternalNotes": null,
        "IsCurrent": "False",
        "RoleId": 226,
        "NameEn": "Member",
        "Ordinal": 300,
        "Classes": [
          {
            "RoleClassId": 33,
            "RoleClassOrdinal": null,
            "RoleToRoleClassOrdinal": null,
            "RoleClassNameEn": "Committee",
            "RoleClassNameFr": "Comit\u00e9"
          },
          {
            "RoleClassId": 113,
            "RoleClassOrdinal": null,
            "RoleToRoleClassOrdinal": null,
            "RoleClassNameEn": "ElectionProcessCloseDissolution",
            "RoleClassNameFr": "ElectionProcessCloseDissolution"
          }
        ]
      },
      {
        "PersonRoleId": 168206,
        "NameFr": "Membre",
        "StartDate": "1952-02-28T00:00:00Z",
        "StartDateIsApproximate": false,
        "EndDate": "1952-11-20T00:00:00Z",
        "EndDateIsApproximate": false,
        "EndReasonEn": null,
        "EndReasonFr": null,
        "EndReasonTypeEn": null,
        "EndReasonTypeFr": null,
        "SourceOfInformationEn": null,
        "SourceOfInformationFr": null,
        "IsActing": false,
        "ActingTextEn": null,
        "ActingTextFr": null,
        "HasCrossedTheFloor": false,
        "OrganizationId": 429,
        "OrganizationLongEn": "Standing Committee on Agriculture and Colonization",
        "OrganizationLongFr": "Comit\u00e9 permanent de l'agriculture et de la colonisation",
        "OrganizationShortEn": "Agriculture and Colonization",
        "OrganizationShortFr": "Agriculture et colonisation",
        "OrganizationAcronymEn": "",
        "OrganizationAcronymFr": "",
        "OrganizationTypeId": 27,
        "OrganizationTypeEn": "Committee",
        "OrganizationTypeFr": "Comit\u00e9",
        "OrganizationProvinceEn": null,
        "OrganizationProvinceFr": null,
        "OrganizationHasProfile": true,
        "IsSenatorialDivision": false,
        "ToBeStyledAsEn": "",
        "ToBeStyledAsFr": "",
        "GroupId": 0,
        "Source": null,
        "PortFolioEn": null,
        "PortFolioFr": null,
        "Committee": {
          "OrganizationId": 0,
          "SenateCommitteeId": 0,
          "CommitteeTypeId": 5,
          "CommitteeTypeEn": "Standing",
          "CommitteeTypeFr": "Permanent",
          "CompositionTypeId": 3,
          "CompositionTypeLongEn": "House of Commons",
          "CompositionTypeLongFr": "Chambre des communes",
          "CompositionTypeShortEn": "C",
          "CompositionTypeShortFr": "C",
          "Sessions": [
            {
              "SessionId": 0,
              "SessionNumber": 6,
              "ParliamentNumber": 21,
              "StartDate": "1952-02-28T00:00:00Z",
              "EndDate": "1952-11-20T00:00:00Z",
              "ShortEn": "6th",
              "ShortFr": "6e"
            },
            {
              "SessionId": 0,
              "SessionNumber": 7,
              "ParliamentNumber": 21,
              "StartDate": "1952-11-20T00:00:00Z",
              "EndDate": "1953-05-14T00:00:00Z",
              "ShortEn": "7th",
              "ShortFr": "7e"
            }
          ],
          "Mandates": null
        },
        "GroupingTitleEn": null,
        "GroupingTitleFr": null,
        "GroupingOrder": 0,
        "ParliamentStart": null,
        "ParliamentEnd": null,
        "ParliamentNumber": 0,
        "PartyOrganizationId": 3863,
        "PartyEn": "Independent Liberal",
        "PartyFr": "Ind\u00e9pendant lib\u00e9ral",
        "PartyStartDate": "1949-10-24T00:00:00Z",
        "PartyEndDate": "1957-06-09T00:00:00Z",
        "PersonPersonId": 0,
        "PersonLastName": null,
        "PersonUsedFirstName": null,
        "PersonGender": null,
        "MemberOfParliament": null,
        "IsMP": false,
        "IsSenator": false,
        "GovernorGeneral": null,
        "Documents": null,
        "Senator": null,
        "NotesEn": null,
        "NotesFr": null,
        "InternalNotes": null,
        "IsCurrent": "False",
        "RoleId": 226,
        "NameEn": "Member",
        "Ordinal": 300,
        "Classes": [
          {
            "RoleClassId": 33,
            "RoleClassOrdinal": null,
            "RoleToRoleClassOrdinal": null,
            "RoleClassNameEn": "Committee",
            "RoleClassNameFr": "Comit\u00e9"
          },
          {
            "RoleClassId": 113,
            "RoleClassOrdinal": null,
            "RoleToRoleClassOrdinal": null,
            "RoleClassNameEn": "ElectionProcessCloseDissolution",
            "RoleClassNameFr": "ElectionProcessCloseDissolution"
          }
        ]
      },
      {
        "PersonRoleId": 168805,
        "NameFr": "Membre",
        "StartDate": "1952-11-20T00:00:00Z",
        "StartDateIsApproximate": false,
        "EndDate": "1953-05-14T00:00:00Z",
        "EndDateIsApproximate": false,
        "EndReasonEn": null,
        "EndReasonFr": null,
        "EndReasonTypeEn": null,
        "EndReasonTypeFr": null,
        "SourceOfInformationEn": null,
        "SourceOfInformationFr": null,
        "IsActing": false,
        "ActingTextEn": null,
        "ActingTextFr": null,
        "HasCrossedTheFloor": false,
        "OrganizationId": 7172,
        "OrganizationLongEn": "Standing Joint Committee on the Restaurant of Parliament",
        "OrganizationLongFr": "Comit\u00e9 mixte permanent du restaurant du Parlement",
        "OrganizationShortEn": "Restaurant of Parliament",
        "OrganizationShortFr": "Restaurant du Parlement",
        "OrganizationAcronymEn": "",
        "OrganizationAcronymFr": "",
        "OrganizationTypeId": 27,
        "OrganizationTypeEn": "Committee",
        "OrganizationTypeFr": "Comit\u00e9",
        "OrganizationProvinceEn": null,
        "OrganizationProvinceFr": null,
        "OrganizationHasProfile": true,
        "IsSenatorialDivision": false,
        "ToBeStyledAsEn": "",
        "ToBeStyledAsFr": "",
        "GroupId": 0,
        "Source": null,
        "PortFolioEn": null,
        "PortFolioFr": null,
        "Committee": {
          "OrganizationId": 0,
          "SenateCommitteeId": 0,
          "CommitteeTypeId": 5,
          "CommitteeTypeEn": "Standing",
          "CommitteeTypeFr": "Permanent",
          "CompositionTypeId": 8,
          "CompositionTypeLongEn": "Joint",
          "CompositionTypeLongFr": "Mixte",
          "CompositionTypeShortEn": "J",
          "CompositionTypeShortFr": "J",
          "Sessions": [
            {
              "SessionId": 0,
              "SessionNumber": 6,
              "ParliamentNumber": 21,
              "StartDate": "1952-02-28T00:00:00Z",
              "EndDate": "1952-11-20T00:00:00Z",
              "ShortEn": "6th",
              "ShortFr": "6e"
            },
            {
              "SessionId": 0,
              "SessionNumber": 7,
              "ParliamentNumber": 21,
              "StartDate": "1952-11-20T00:00:00Z",
              "EndDate": "1953-05-14T00:00:00Z",
              "ShortEn": "7th",
              "ShortFr": "7e"
            }
          ],
          "Mandates": null
        },
        "GroupingTitleEn": null,
        "GroupingTitleFr": null,
        "GroupingOrder": 0,
        "ParliamentStart": null,
        "ParliamentEnd": null,
        "ParliamentNumber": 0,
        "PartyOrganizationId": 3863,
        "PartyEn": "Independent Liberal",
        "PartyFr": "Ind\u00e9pendant lib\u00e9ral",
        "PartyStartDate": "1949-10-24T00:00:00Z",
        "PartyEndDate": "1957-06-09T00:00:00Z",
        "PersonPersonId": 0,
        "PersonLastName": null,
        "PersonUsedFirstName": null,
        "PersonGender": null,
        "MemberOfParliament": null,
        "IsMP": false,
        "IsSenator": false,
        "GovernorGeneral": null,
        "Documents": null,
        "Senator": null,
        "NotesEn": null,
        "NotesFr": null,
        "InternalNotes": null,
        "IsCurrent": "False",
        "RoleId": 226,
        "NameEn": "Member",
        "Ordinal": 300,
        "Classes": [
          {
            "RoleClassId": 33,
            "RoleClassOrdinal": null,
            "RoleToRoleClassOrdinal": null,
            "RoleClassNameEn": "Committee",
            "RoleClassNameFr": "Comit\u00e9"
          },
          {
            "RoleClassId": 113,
            "RoleClassOrdinal": null,
            "RoleToRoleClassOrdinal": null,
            "RoleClassNameEn": "ElectionProcessCloseDissolution",
            "RoleClassNameFr": "ElectionProcessCloseDissolution"
          }
        ]
      },
      {
        "PersonRoleId": 255478,
        "NameFr": "Membre",
        "StartDate": "1956-01-10T00:00:00Z",
        "StartDateIsApproximate": false,
        "EndDate": "1956-08-14T00:00:00Z",
        "EndDateIsApproximate": false,
        "EndReasonEn": null,
        "EndReasonFr": null,
        "EndReasonTypeEn": null,
        "EndReasonTypeFr": null,
        "SourceOfInformationEn": null,
        "SourceOfInformationFr": null,
        "IsActing": false,
        "ActingTextEn": null,
        "ActingTextFr": null,
        "HasCrossedTheFloor": false,
        "OrganizationId": 7172,
        "OrganizationLongEn": "Standing Joint Committee on the Restaurant of Parliament",
        "OrganizationLongFr": "Comit\u00e9 mixte permanent du restaurant du Parlement",
        "OrganizationShortEn": "Restaurant of Parliament",
        "OrganizationShortFr": "Restaurant du Parlement",
        "OrganizationAcronymEn": "",
        "OrganizationAcronymFr": "",
        "OrganizationTypeId": 27,
        "OrganizationTypeEn": "Committee",
        "OrganizationTypeFr": "Comit\u00e9",
        "OrganizationProvinceEn": null,
        "OrganizationProvinceFr": null,
        "OrganizationHasProfile": true,
        "IsSenatorialDivision": false,
        "ToBeStyledAsEn": "",
        "ToBeStyledAsFr": "",
        "GroupId": 0,
        "Source": null,
        "PortFolioEn": null,
        "PortFolioFr": null,
        "Committee": {
          "OrganizationId": 0,
          "SenateCommitteeId": 0,
          "CommitteeTypeId": 5,
          "CommitteeTypeEn": "Standing",
          "CommitteeTypeFr": "Permanent",
          "CompositionTypeId": 8,
          "CompositionTypeLongEn": "Joint",
          "CompositionTypeLongFr": "Mixte",
          "CompositionTypeShortEn": "J",
          "CompositionTypeShortFr": "J",
          "Sessions": [
            {
              "SessionId": 0,
              "SessionNumber": 3,
              "ParliamentNumber": 22,
              "StartDate": "1956-01-10T00:00:00Z",
              "EndDate": "1956-08-14T00:00:00Z",
              "ShortEn": "3rd",
              "ShortFr": "3e"
            }
          ],
          "Mandates": null
        },
        "GroupingTitleEn": null,
        "GroupingTitleFr": null,
        "GroupingOrder": 0,
        "ParliamentStart": null,
        "ParliamentEnd": null,
        "ParliamentNumber": 0,
        "PartyOrganizationId": 3863,
        "PartyEn": "Independent Liberal",
        "PartyFr": "Ind\u00e9pendant lib\u00e9ral",
        "PartyStartDate": "1949-10-24T00:00:00Z",
        "PartyEndDate": "1957-06-09T00:00:00Z",
        "PersonPersonId": 0,
        "PersonLastName": null,
        "PersonUsedFirstName": null,
        "PersonGender": null,
        "MemberOfParliament": null,
        "IsMP": false,
        "IsSenator": false,
        "GovernorGeneral": null,
        "Documents": null,
        "Senator": null,
        "NotesEn": null,
        "NotesFr": null,
        "InternalNotes": null,
        "IsCurrent": "False",
        "RoleId": 226,
        "NameEn": "Member",
        "Ordinal": 300,
        "Classes": [
          {
            "RoleClassId": 33,
            "RoleClassOrdinal": null,
            "RoleToRoleClassOrdinal": null,
            "RoleClassNameEn": "Committee",
            "RoleClassNameFr": "Comit\u00e9"
          },
          {
            "RoleClassId": 113,
            "RoleClassOrdinal": null,
            "RoleToRoleClassOrdinal": null,
            "RoleClassNameEn": "ElectionProcessCloseDissolution",
            "RoleClassNameFr": "ElectionProcessCloseDissolution"
          }
        ]
      },
      {
        "PersonRoleId": 262325,
        "NameFr": "Membre",
        "StartDate": "1952-11-20T00:00:00Z",
        "StartDateIsApproximate": false,
        "EndDate": "1953-05-14T00:00:00Z",
        "EndDateIsApproximate": false,
        "EndReasonEn": null,
        "EndReasonFr": null,
        "EndReasonTypeEn": null,
        "EndReasonTypeFr": null,
        "SourceOfInformationEn": null,
        "SourceOfInformationFr": null,
        "IsActing": false,
        "ActingTextEn": null,
        "ActingTextFr": null,
        "HasCrossedTheFloor": false,
        "OrganizationId": 429,
        "OrganizationLongEn": "Standing Committee on Agriculture and Colonization",
        "OrganizationLongFr": "Comit\u00e9 permanent de l'agriculture et de la colonisation",
        "OrganizationShortEn": "Agriculture and Colonization",
        "OrganizationShortFr": "Agriculture et colonisation",
        "OrganizationAcronymEn": "",
        "OrganizationAcronymFr": "",
        "OrganizationTypeId": 27,
        "OrganizationTypeEn": "Committee",
        "OrganizationTypeFr": "Comit\u00e9",
        "OrganizationProvinceEn": null,
        "OrganizationProvinceFr": null,
        "OrganizationHasProfile": true,
        "IsSenatorialDivision": false,
        "ToBeStyledAsEn": "",
        "ToBeStyledAsFr": "",
        "GroupId": 0,
        "Source": null,
        "PortFolioEn": null,
        "PortFolioFr": null,
        "Committee": {
          "OrganizationId": 0,
          "SenateCommitteeId": 0,
          "CommitteeTypeId": 5,
          "CommitteeTypeEn": "Standing",
          "CommitteeTypeFr": "Permanent",
          "CompositionTypeId": 3,
          "CompositionTypeLongEn": "House of Commons",
          "CompositionTypeLongFr": "Chambre des communes",
          "CompositionTypeShortEn": "C",
          "CompositionTypeShortFr": "C",
          "Sessions": [
            {
              "SessionId": 0,
              "SessionNumber": 6,
              "ParliamentNumber": 21,
              "StartDate": "1952-02-28T00:00:00Z",
              "EndDate": "1952-11-20T00:00:00Z",
              "ShortEn": "6th",
              "ShortFr": "6e"
            },
            {
              "SessionId": 0,
              "SessionNumber": 7,
              "ParliamentNumber": 21,
              "StartDate": "1952-11-20T00:00:00Z",
              "EndDate": "1953-05-14T00:00:00Z",
              "ShortEn": "7th",
              "ShortFr": "7e"
            }
          ],
          "Mandates": null
        },
        "GroupingTitleEn": null,
        "GroupingTitleFr": null,
        "GroupingOrder": 0,
        "ParliamentStart": null,
        "ParliamentEnd": null,
        "ParliamentNumber": 0,
        "PartyOrganizationId": 3863,
        "PartyEn": "Independent Liberal",
        "PartyFr": "Ind\u00e9pendant lib\u00e9ral",
        "PartyStartDate": "1949-10-24T00:00:00Z",
        "PartyEndDate": "1957-06-09T00:00:00Z",
        "PersonPersonId": 0,
        "PersonLastName": null,
        "PersonUsedFirstName": null,
        "PersonGender": null,
        "MemberOfParliament": null,
        "IsMP": false,
        "IsSenator": false,
        "GovernorGeneral": null,
        "Documents": null,
        "Senator": null,
        "NotesEn": null,
        "NotesFr": null,
        "InternalNotes": null,
        "IsCurrent": "False",
        "RoleId": 226,
        "NameEn": "Member",
        "Ordinal": 300,
        "Classes": [
          {
            "RoleClassId": 33,
            "RoleClassOrdinal": null,
            "RoleToRoleClassOrdinal": null,
            "RoleClassNameEn": "Committee",
            "RoleClassNameFr": "Comit\u00e9"
          },
          {
            "RoleClassId": 113,
            "RoleClassOrdinal": null,
            "RoleToRoleClassOrdinal": null,
            "RoleClassNameEn": "ElectionProcessCloseDissolution",
            "RoleClassNameFr": "ElectionProcessCloseDissolution"
          }
        ]
      }
    ],
    "HillAddresses": null,
    "ConstituencyAddresses": null,
    "WebLinks": [
      {
        "TypeEn": "Maiden Speech",
        "TypeFr": "Premier discours",
        "TitleFr": "Premier discours \u00e0 la Chambre des communes",
        "TitleEn": "Maiden Speech in the House of Commons",
        "UrlEn": "https://parl.canadiana.ca/view/oop.debates_HOC2102_01/418",
        "UrlFr": "https://parl.canadiana.ca/view/oop.debates_CDC2102_01/429"
      }
    ],
    "Bibliography": null,
    "ElectionCandidates": [
      {
        "ElectionCandidateId": 9737,
        "ParliamentNumber": 21,
        "ElectionId": 694,
        "ElectionDate": "1949-10-24T00:00:00Z",
        "IsGeneral": false,
        "IsPreliminary": false,
        "OrganizationId": 4083,
        "ConstituencyEn": "Kamouraska",
        "ConstituencyFr": "Kamouraska",
        "ProvinceEn": null,
        "ProvinceFr": null,
        "PersonRoleId": null,
        "ElectionCanadaFirstName": "Arthur",
        "ElectionCanadaLastName": "MASS\u00c9",
        "ElectionCanadaMiddleName": null,
        "Gender": "M",
        "OccupationEn": "Land surveyor",
        "OccupationFr": "Arpenteur",
        "PartyOrganizationId": 3863,
        "PartyNameEn": "Independent Liberal",
        "PartyNameFr": "Ind\u00e9pendant lib\u00e9ral",
        "Votes": 6033,
        "ResultLongEn": "Elected",
        "ResultLongFr": "\u00c9lu",
        "OtherResultLongEn": null,
        "OtherResultLongFr": null,
        "NotesEn": "Acceptance by Mr. Marquis of an office of emolument under the Crown, 24-8-1949",
        "NotesFr": "M. Marquis accepte une charge r\u00e9tribu\u00e9e sous la Couronne, 24-8-1949",
        "InternalNotes": null
      },
      {
        "ElectionCandidateId": 17151,
        "ParliamentNumber": 22,
        "ElectionId": 527,
        "ElectionDate": "1953-08-10T00:00:00Z",
        "IsGeneral": true,
        "IsPreliminary": false,
        "OrganizationId": 4083,
        "ConstituencyEn": "Kamouraska",
        "ConstituencyFr": "Kamouraska",
        "ProvinceEn": null,
        "ProvinceFr": null,
        "PersonRoleId": null,
        "ElectionCanadaFirstName": "Arthur",
        "ElectionCanadaLastName": "MASS\u00c9",
        "ElectionCanadaMiddleName": null,
        "Gender": "M",
        "OccupationEn": "Land surveyor and forestry engineer",
        "OccupationFr": "Arpenteur et ing\u00e9nieur forestier",
        "PartyOrganizationId": 3863,
        "PartyNameEn": "Independent Liberal",
        "PartyNameFr": "Ind\u00e9pendant lib\u00e9ral",
        "Votes": 6065,
        "ResultLongEn": "Elected",
        "ResultLongFr": "\u00c9lu",
        "OtherResultLongEn": null,
        "OtherResultLongFr": null,
        "NotesEn": null,
        "NotesFr": null,
        "InternalNotes": null
      },
      {
        "ElectionCandidateId": 17152,
        "ParliamentNumber": 23,
        "ElectionId": 657,
        "ElectionDate": "1957-06-10T00:00:00Z",
        "IsGeneral": true,
        "IsPreliminary": false,
        "OrganizationId": 4083,
        "ConstituencyEn": "Kamouraska",
        "ConstituencyFr": "Kamouraska",
        "ProvinceEn": null,
        "ProvinceFr": null,
        "PersonRoleId": null,
        "ElectionCanadaFirstName": "Arthur",
        "ElectionCanadaLastName": "MASS\u00c9",
        "ElectionCanadaMiddleName": null,
        "Gender": "M",
        "OccupationEn": "Land surveyor",
        "OccupationFr": "Arpenteur-g\u00e9om\u00e8tre",
        "PartyOrganizationId": 4831,
        "PartyNameEn": "Liberal Party of Canada",
        "PartyNameFr": "Parti lib\u00e9ral du Canada",
        "Votes": 5988,
        "ResultLongEn": "Defeated",
        "ResultLongFr": "D\u00e9fait",
        "OtherResultLongEn": null,
        "OtherResultLongFr": null,
        "NotesEn": null,
        "NotesFr": null,
        "InternalNotes": null
      }
    ],
    "Death": {
      "DateOfDeath": "1972-10-25T00:00:00Z",
      "DateOfDeathIsApproximate": false,
      "DeceasedOnDuty": false,
      "RecordNotFound": false,
      "CauseOfDeathEn": null,
      "CauseOfDeathFr": null,
      "CemetaryNameEn": null,
      "CemetaryNameFr": null,
      "CemetaryCityEn": null,
      "CemetaryCityFr": null,
      "CemetaryProvinceEn": null,
      "CemetaryProvinceFr": null,
      "CemetaryCountryEn": null,
      "CemetaryCountryFr": null,
      "FuneralDate": null,
      "StateLayFuneralLocationEn": null,
      "StateLayFuneralLocationFr": null,
      "StateLayFuneralStartDate": null,
      "StateLayFuneralEndDate": null,
      "ReferenceOfStateLay": null
    },
    "PrimeMinister": null,
    "Parliaments": null,
    "Age": 77,
    "DisplayName": "Mass\u00e9, Arthur",
    "StraightDisplayName": "Arthur Mass\u00e9",
    "PartyEn": "Independent Liberal (1949/10/24 - 1957/06/09)<br>",
    "PartyFr": "Ind\u00e9pendant lib\u00e9ral (1949/10/24 - 1957/06/09)<br>",
    "ConstituencyEn": "Kamouraska (1949/10/24 - 1957/06/09)<br>",
    "ConstituencyFr": "Kamouraska (1949/10/24 - 1957/06/09)<br>",
    "CurrentPartyEn": "Independent Liberal",
    "CurrentPartyFr": "Ind\u00e9pendant lib\u00e9ral",
    "CurrentConstituencyEn": "Kamouraska",
    "CurrentConstituencyFr": "Kamouraska",
    "ElectedInParliaments": "22;21;",
    "ServedInParliaments": "22;21;",
    "ProvinceEn": "Quebec<br>",
    "ProvinceFr": "Qu\u00e9bec<br>",
    "PrimeMinisterEn": "",
    "PrimeMinisterFr": "",
    "CabinetChairEn": "",
    "CabinetChairFr": "",
    "CabinetCommitteeMemberEn": "",
    "CabinetCommitteeMemberFr": "",
    "LeaderOpposition": "",
    "DeputyPrimeMinister": "",
    "SpeakerHouseOfCommons": "",
    "SpeakerSenate": "",
    "SpeakerProTempore": "",
    "DeputySpeaker": "",
    "AssistantDeputySpeakerChairEn": "",
    "AssistantDeputySpeakerChairFr": "",
    "MinisterOfEn": "",
    "MinisterOfFr": "",
    "AssociateMinisterOfEn": "",
    "AssociateMinisterOfFr": "",
    "MinisterOfStateOfEn": "",
    "MinisterOfStateOfFr": "",
    "SecretaryOfStateOfEn": "",
    "SecretaryOfStateOfFr": "",
    "ParliamentarySecretaryOfEn": "",
    "ParliamentarySecretaryOfFr": "",
    "ParliamentaryAssistantOfEn": "",
    "ParliamentaryAssistantOfFr": "",
    "PartyLeaderEn": "",
    "PartyLeaderFr": "",
    "HouseLeaderEn": "",
    "HouseLeaderFr": "",
    "DeputyHouseLeaderEn": "",
    "DeputyHouseLeaderFr": "",
    "WhipEn": "",
    "WhipFr": "",
    "DeputyWhipEn": "",
    "DeputyWhipFr": "",
    "CriticOfEn": "",
    "CriticOfFr": "",
    "AssistantCriticOfEn": "",
    "AssistantCriticOfFr": "",
    "TypeOfParliamentarianEn": "MP (1949/10/24 - 1957/06/09)<br>",
    "TypeOfParliamentarianFr": "D\u00e9put\u00e9 (1949/10/24 - 1957/06/09)<br>",
    "MemberOfParliamentMandate": "1949/10/24 - 1957/06/09<br>",
    "SenateMandate": "",
    "DiedInOffice": false,
    "PremiershipExperienceEn": "",
    "PremiershipExperienceFr": "",
    "ProvincialExperienceEn": "",
    "ProvincialExperienceFr": "",
    "MunicipalExperienceEn": "",
    "MunicipalExperienceFr": "",
    "MilitaryServiceEn": "",
    "MilitaryServiceFr": "",
    "MinistryDurationEn": "",
    "MinistryDurationFr": "",
    "ProfessionsEn": ", forest engineer, land surveyor, professor",
    "ProfessionsFr": ", arpenteur-g\u00e9om\u00e8tre, ing\u00e9nieur forestier, professeur",
    "LanguageEn": "",
    "LanguageFr": "",
    "IsPrimeMinister": false,
    "YearsOfServiceSegments": [
      {
        "TotalDays": 2786,
        "Years": 7,
        "Months": 7,
        "Days": 17,
        "Hours": 0,
        "Minutes": 0,
        "Seconds": 0,
        "Milliseconds": 0
      }
    ],
    "YearsOfServiceSegmentsSenate": [],
    "YearsOfServiceSegmentsHouse": [
      {
        "TotalDays": 2786,
        "Years": 7,
        "Months": 7,
        "Days": 17,
        "Hours": 0,
        "Minutes": 0,
        "Seconds": 0,
        "Milliseconds": 0
      }
    ],
    "IsCurrentlyInOffice": false,
    "IsCurrentlySenator": false,
    "IsCurrentlyMP": false,
    "HasMaidenSpeech": true,
    "_id": "59f8770be413e1389ffd1b0a",
    "LastUpdatedId": "000000000000000000000000",
    "LastModified": "0001-01-01T00:00:00",
    "ModifiedBy": null
  },
  "FederalExperience": [
    {
      "PersonRoleId": 13315,
      "NameFr": "Membre pour la circonscription",
      "StartDate": "1949-10-24T00:00:00Z",
      "StartDateIsApproximate": false,
      "EndDate": "1957-06-09T00:00:00Z",
      "EndDateIsApproximate": false,
      "EndReasonEn": null,
      "EndReasonFr": null,
      "EndReasonTypeEn": null,
      "EndReasonTypeFr": null,
      "SourceOfInformationEn": null,
      "SourceOfInformationFr": null,
      "IsActing": false,
      "ActingTextEn": null,
      "ActingTextFr": null,
      "HasCrossedTheFloor": false,
      "OrganizationId": 4083,
      "OrganizationLongEn": "Kamouraska",
      "OrganizationLongFr": "Kamouraska",
      "OrganizationShortEn": "",
      "OrganizationShortFr": "",
      "OrganizationAcronymEn": "",
      "OrganizationAcronymFr": "",
      "OrganizationTypeId": 35,
      "OrganizationTypeEn": "Constituency",
      "OrganizationTypeFr": "Circonscription",
      "OrganizationProvinceEn": "Quebec",
      "OrganizationProvinceFr": "Qu\u00e9bec",
      "OrganizationHasProfile": true,
      "IsSenatorialDivision": false,
      "ToBeStyledAsEn": "",
      "ToBeStyledAsFr": "",
      "GroupId": 0,
      "Source": null,
      "PortFolioEn": null,
      "PortFolioFr": null,
      "Committee": null,
      "GroupingTitleEn": "Parliamentarian",
      "GroupingTitleFr": "Parlementaire",
      "GroupingOrder": 1,
      "ParliamentStart": "1953-11-12T00:00:00Z",
      "ParliamentEnd": "1957-04-12T00:00:00Z",
      "ParliamentNumber": 22,
      "PartyOrganizationId": 3863,
      "PartyEn": "Independent Liberal",
      "PartyFr": "Ind\u00e9pendant lib\u00e9ral",
      "PartyStartDate": "1949-10-24T00:00:00Z",
      "PartyEndDate": "1957-06-09T00:00:00Z",
      "PersonPersonId": 0,
      "PersonLastName": null,
      "PersonUsedFirstName": null,
      "PersonGender": null,
      "MemberOfParliament": {
        "OccupationTypeEn": "Continuous",
        "OccupationTypeFr": "Continue"
      },
      "IsMP": true,
      "IsSenator": false,
      "GovernorGeneral": null,
      "Documents": null,
      "Senator": null,
      "NotesEn": null,
      "NotesFr": null,
      "InternalNotes": null,
      "IsCurrent": "False",
      "RoleId": 719,
      "NameEn": "Constituency Member",
      "Ordinal": 240,
      "Classes": [
        {
          "RoleClassId": 49,
          "RoleClassOrdinal": 2,
          "RoleToRoleClassOrdinal": null,
          "RoleClassNameEn": "Salaries in the House of Commons",
          "RoleClassNameFr": "Salaires \u00e0 la Chambre des Communes"
        },
        {
          "RoleClassId": 105,
          "RoleClassOrdinal": null,
          "RoleToRoleClassOrdinal": null,
          "RoleClassNameEn": "Parliamentarian",
          "RoleClassNameFr": "Parlementaire"
        }
      ]
    },
    {
      "PersonRoleId": 13315,
      "NameFr": "Membre pour la circonscription",
      "StartDate": "1949-10-24T00:00:00Z",
      "StartDateIsApproximate": false,
      "EndDate": "1957-06-09T00:00:00Z",
      "EndDateIsApproximate": false,
      "EndReasonEn": null,
      "EndReasonFr": null,
      "EndReasonTypeEn": null,
      "EndReasonTypeFr": null,
      "SourceOfInformationEn": null,
      "SourceOfInformationFr": null,
      "IsActing": false,
      "ActingTextEn": null,
      "ActingTextFr": null,
      "HasCrossedTheFloor": false,
      "OrganizationId": 4083,
      "OrganizationLongEn": "Kamouraska",
      "OrganizationLongFr": "Kamouraska",
      "OrganizationShortEn": "",
      "OrganizationShortFr": "",
      "OrganizationAcronymEn": "",
      "OrganizationAcronymFr": "",
      "OrganizationTypeId": 35,
      "OrganizationTypeEn": "Constituency",
      "OrganizationTypeFr": "Circonscription",
      "OrganizationProvinceEn": "Quebec",
      "OrganizationProvinceFr": "Qu\u00e9bec",
      "OrganizationHasProfile": true,
      "IsSenatorialDivision": false,
      "ToBeStyledAsEn": "",
      "ToBeStyledAsFr": "",
      "GroupId": 0,
      "Source": null,
      "PortFolioEn": null,
      "PortFolioFr": null,
      "Committee": null,
      "GroupingTitleEn": "Parliamentarian",
      "GroupingTitleFr": "Parlementaire",
      "GroupingOrder": 1,
      "ParliamentStart": "1949-09-15T00:00:00Z",
      "ParliamentEnd": "1953-06-13T00:00:00Z",
      "ParliamentNumber": 21,
      "PartyOrganizationId": 3863,
      "PartyEn": "Independent Liberal",
      "PartyFr": "Ind\u00e9pendant lib\u00e9ral",
      "PartyStartDate": "1949-10-24T00:00:00Z",
      "PartyEndDate": "1957-06-09T00:00:00Z",
      "PersonPersonId": 0,
      "PersonLastName": null,
      "PersonUsedFirstName": null,
      "PersonGender": null,
      "MemberOfParliament": {
        "OccupationTypeEn": "Continuous",
        "OccupationTypeFr": "Continue"
      },
      "IsMP": true,
      "IsSenator": false,
      "GovernorGeneral": null,
      "Documents": null,
      "Senator": null,
      "NotesEn": null,
      "NotesFr": null,
      "InternalNotes": null,
      "IsCurrent": "False",
      "RoleId": 719,
      "NameEn": "Constituency Member",
      "Ordinal": 240,
      "Classes": [
        {
          "RoleClassId": 49,
          "RoleClassOrdinal": 2,
          "RoleToRoleClassOrdinal": null,
          "RoleClassNameEn": "Salaries in the House of Commons",
          "RoleClassNameFr": "Salaires \u00e0 la Chambre des Communes"
        },
        {
          "RoleClassId": 105,
          "RoleClassOrdinal": null,
          "RoleToRoleClassOrdinal": null,
          "RoleClassNameEn": "Parliamentarian",
          "RoleClassNameFr": "Parlementaire"
        }
      ]
    },
    {
      "PersonRoleId": 113425,
      "NameFr": "Membre du parti",
      "StartDate": "1949-10-24T00:00:00Z",
      "StartDateIsApproximate": false,
      "EndDate": "1957-06-09T00:00:00Z",
      "EndDateIsApproximate": false,
      "EndReasonEn": null,
      "EndReasonFr": null,
      "EndReasonTypeEn": null,
      "EndReasonTypeFr": null,
      "SourceOfInformationEn": null,
      "SourceOfInformationFr": null,
      "IsActing": false,
      "ActingTextEn": null,
      "ActingTextFr": null,
      "HasCrossedTheFloor": false,
      "OrganizationId": 3863,
      "OrganizationLongEn": "Independent Liberal",
      "OrganizationLongFr": "Ind\u00e9pendant lib\u00e9ral",
      "OrganizationShortEn": "Independent Liberal",
      "OrganizationShortFr": "Ind\u00e9pendant lib\u00e9ral",
      "OrganizationAcronymEn": "Ind. Lib.",
      "OrganizationAcronymFr": "Ind. lib.",
      "OrganizationTypeId": 4,
      "OrganizationTypeEn": "Party",
      "OrganizationTypeFr": "Parti",
      "OrganizationProvinceEn": null,
      "OrganizationProvinceFr": null,
      "OrganizationHasProfile": false,
      "IsSenatorialDivision": false,
      "ToBeStyledAsEn": "",
      "ToBeStyledAsFr": "",
      "GroupId": 0,
      "Source": null,
      "PortFolioEn": null,
      "PortFolioFr": null,
      "Committee": null,
      "GroupingTitleEn": "Parliamentarian",
      "GroupingTitleFr": "Parlementaire",
      "GroupingOrder": 1,
      "ParliamentStart": "1953-11-12T00:00:00Z",
      "ParliamentEnd": "1957-04-12T00:00:00Z",
      "ParliamentNumber": 22,
      "PartyOrganizationId": 3863,
      "PartyEn": "Independent Liberal",
      "PartyFr": "Ind\u00e9pendant lib\u00e9ral",
      "PartyStartDate": "1949-10-24T00:00:00Z",
      "PartyEndDate": "1957-06-09T00:00:00Z",
      "PersonPersonId": 0,
      "PersonLastName": null,
      "PersonUsedFirstName": null,
      "PersonGender": null,
      "MemberOfParliament": null,
      "IsMP": false,
      "IsSenator": false,
      "GovernorGeneral": null,
      "Documents": null,
      "Senator": null,
      "NotesEn": null,
      "NotesFr": null,
      "InternalNotes": null,
      "IsCurrent": "False",
      "RoleId": 722,
      "NameEn": "Party Member",
      "Ordinal": null,
      "Classes": [
        {
          "RoleClassId": 105,
          "RoleClassOrdinal": null,
          "RoleToRoleClassOrdinal": null,
          "RoleClassNameEn": "Parliamentarian",
          "RoleClassNameFr": "Parlementaire"
        }
      ]
    },
    {
      "PersonRoleId": 113425,
      "NameFr": "Membre du parti",
      "StartDate": "1949-10-24T00:00:00Z",
      "StartDateIsApproximate": false,
      "EndDate": "1957-06-09T00:00:00Z",
      "EndDateIsApproximate": false,
      "EndReasonEn": null,
      "EndReasonFr": null,
      "EndReasonTypeEn": null,
      "EndReasonTypeFr": null,
      "SourceOfInformationEn": null,
      "SourceOfInformationFr": null,
      "IsActing": false,
      "ActingTextEn": null,
      "ActingTextFr": null,
      "HasCrossedTheFloor": false,
      "OrganizationId": 3863,
      "OrganizationLongEn": "Independent Liberal",
      "OrganizationLongFr": "Ind\u00e9pendant lib\u00e9ral",
      "OrganizationShortEn": "Independent Liberal",
      "OrganizationShortFr": "Ind\u00e9pendant lib\u00e9ral",
      "OrganizationAcronymEn": "Ind. Lib.",
      "OrganizationAcronymFr": "Ind. lib.",
      "OrganizationTypeId": 4,
      "OrganizationTypeEn": "Party",
      "OrganizationTypeFr": "Parti",
      "OrganizationProvinceEn": null,
      "OrganizationProvinceFr": null,
      "OrganizationHasProfile": false,
      "IsSenatorialDivision": false,
      "ToBeStyledAsEn": "",
      "ToBeStyledAsFr": "",
      "GroupId": 0,
      "Source": null,
      "PortFolioEn": null,
      "PortFolioFr": null,
      "Committee": null,
      "GroupingTitleEn": "Parliamentarian",
      "GroupingTitleFr": "Parlementaire",
      "GroupingOrder": 1,
      "ParliamentStart": "1949-09-15T00:00:00Z",
      "ParliamentEnd": "1953-06-13T00:00:00Z",
      "ParliamentNumber": 21,
      "PartyOrganizationId": 3863,
      "PartyEn": "Independent Liberal",
      "PartyFr": "Ind\u00e9pendant lib\u00e9ral",
      "PartyStartDate": "1949-10-24T00:00:00Z",
      "PartyEndDate": "1957-06-09T00:00:00Z",
      "PersonPersonId": 0,
      "PersonLastName": null,
      "PersonUsedFirstName": null,
      "PersonGender": null,
      "MemberOfParliament": null,
      "IsMP": false,
      "IsSenator": false,
      "GovernorGeneral": null,
      "Documents": null,
      "Senator": null,
      "NotesEn": null,
      "NotesFr": null,
      "InternalNotes": null,
      "IsCurrent": "False",
      "RoleId": 722,
      "NameEn": "Party Member",
      "Ordinal": null,
      "Classes": [
        {
          "RoleClassId": 105,
          "RoleClassOrdinal": null,
          "RoleToRoleClassOrdinal": null,
          "RoleClassNameEn": "Parliamentarian",
          "RoleClassNameFr": "Parlementaire"
        }
      ]
    }
  ],
  "FederalExperienceList": [
    {
      "PersonRoleId": 113425,
      "NameFr": "Membre du parti",
      "StartDate": "1949-10-24T00:00:00Z",
      "StartDateIsApproximate": false,
      "EndDate": "1957-06-09T00:00:00Z",
      "EndDateIsApproximate": false,
      "EndReasonEn": null,
      "EndReasonFr": null,
      "EndReasonTypeEn": null,
      "EndReasonTypeFr": null,
      "SourceOfInformationEn": null,
      "SourceOfInformationFr": null,
      "IsActing": false,
      "ActingTextEn": null,
      "ActingTextFr": null,
      "HasCrossedTheFloor": false,
      "OrganizationId": 3863,
      "OrganizationLongEn": "Independent Liberal",
      "OrganizationLongFr": "Ind\u00e9pendant lib\u00e9ral",
      "OrganizationShortEn": "Independent Liberal",
      "OrganizationShortFr": "Ind\u00e9pendant lib\u00e9ral",
      "OrganizationAcronymEn": "Ind. Lib.",
      "OrganizationAcronymFr": "Ind. lib.",
      "OrganizationTypeId": 4,
      "OrganizationTypeEn": "Party",
      "OrganizationTypeFr": "Parti",
      "OrganizationProvinceEn": null,
      "OrganizationProvinceFr": null,
      "OrganizationHasProfile": false,
      "IsSenatorialDivision": false,
      "ToBeStyledAsEn": "",
      "ToBeStyledAsFr": "",
      "GroupId": 0,
      "Source": null,
      "PortFolioEn": null,
      "PortFolioFr": null,
      "Committee": null,
      "GroupingTitleEn": "Parliamentarian",
      "GroupingTitleFr": "Parlementaire",
      "GroupingOrder": 1,
      "ParliamentStart": "1953-11-12T00:00:00Z",
      "ParliamentEnd": "1957-04-12T00:00:00Z",
      "ParliamentNumber": 22,
      "PartyOrganizationId": 3863,
      "PartyEn": "Independent Liberal",
      "PartyFr": "Ind\u00e9pendant lib\u00e9ral",
      "PartyStartDate": "1949-10-24T00:00:00Z",
      "PartyEndDate": "1957-06-09T00:00:00Z",
      "PersonPersonId": 0,
      "PersonLastName": null,
      "PersonUsedFirstName": null,
      "PersonGender": null,
      "MemberOfParliament": null,
      "IsMP": false,
      "IsSenator": false,
      "GovernorGeneral": null,
      "Documents": null,
      "Senator": null,
      "NotesEn": null,
      "NotesFr": null,
      "InternalNotes": null,
      "IsCurrent": "False",
      "RoleId": 722,
      "NameEn": "Party Member",
      "Ordinal": null,
      "Classes": [
        {
          "RoleClassId": 105,
          "RoleClassOrdinal": null,
          "RoleToRoleClassOrdinal": null,
          "RoleClassNameEn": "Parliamentarian",
          "RoleClassNameFr": "Parlementaire"
        }
      ]
    },
    {
      "PersonRoleId": 13315,
      "NameFr": "Membre pour la circonscription",
      "StartDate": "1949-10-24T00:00:00Z",
      "StartDateIsApproximate": false,
      "EndDate": "1957-06-09T00:00:00Z",
      "EndDateIsApproximate": false,
      "EndReasonEn": null,
      "EndReasonFr": null,
      "EndReasonTypeEn": null,
      "EndReasonTypeFr": null,
      "SourceOfInformationEn": null,
      "SourceOfInformationFr": null,
      "IsActing": false,
      "ActingTextEn": null,
      "ActingTextFr": null,
      "HasCrossedTheFloor": false,
      "OrganizationId": 4083,
      "OrganizationLongEn": "Kamouraska",
      "OrganizationLongFr": "Kamouraska",
      "OrganizationShortEn": "",
      "OrganizationShortFr": "",
      "OrganizationAcronymEn": "",
      "OrganizationAcronymFr": "",
      "OrganizationTypeId": 35,
      "OrganizationTypeEn": "Constituency",
      "OrganizationTypeFr": "Circonscription",
      "OrganizationProvinceEn": "Quebec",
      "OrganizationProvinceFr": "Qu\u00e9bec",
      "OrganizationHasProfile": true,
      "IsSenatorialDivision": false,
      "ToBeStyledAsEn": "",
      "ToBeStyledAsFr": "",
      "GroupId": 0,
      "Source": null,
      "PortFolioEn": null,
      "PortFolioFr": null,
      "Committee": null,
      "GroupingTitleEn": "Parliamentarian",
      "GroupingTitleFr": "Parlementaire",
      "GroupingOrder": 1,
      "ParliamentStart": "1953-11-12T00:00:00Z",
      "ParliamentEnd": "1957-04-12T00:00:00Z",
      "ParliamentNumber": 22,
      "PartyOrganizationId": 3863,
      "PartyEn": "Independent Liberal",
      "PartyFr": "Ind\u00e9pendant lib\u00e9ral",
      "PartyStartDate": "1949-10-24T00:00:00Z",
      "PartyEndDate": "1957-06-09T00:00:00Z",
      "PersonPersonId": 0,
      "PersonLastName": null,
      "PersonUsedFirstName": null,
      "PersonGender": null,
      "MemberOfParliament": {
        "OccupationTypeEn": "Continuous",
        "OccupationTypeFr": "Continue"
      },
      "IsMP": true,
      "IsSenator": false,
      "GovernorGeneral": null,
      "Documents": null,
      "Senator": null,
      "NotesEn": null,
      "NotesFr": null,
      "InternalNotes": null,
      "IsCurrent": "False",
      "RoleId": 719,
      "NameEn": "Constituency Member",
      "Ordinal": 240,
      "Classes": [
        {
          "RoleClassId": 49,
          "RoleClassOrdinal": 2,
          "RoleToRoleClassOrdinal": null,
          "RoleClassNameEn": "Salaries in the House of Commons",
          "RoleClassNameFr": "Salaires \u00e0 la Chambre des Communes"
        },
        {
          "RoleClassId": 105,
          "RoleClassOrdinal": null,
          "RoleToRoleClassOrdinal": null,
          "RoleClassNameEn": "Parliamentarian",
          "RoleClassNameFr": "Parlementaire"
        }
      ]
    }
  ],
  "CommitteeMembership": [
    {
      "NameEn": "Member",
      "NameFr": "Membre",
      "RoleId": 226,
      "OrganizationId": 429,
      "OrganizationLongEn": "Standing Committee on Agriculture and Colonization",
      "OrganizationLongFr": "Comit\u00e9 permanent de l'agriculture et de la colonisation",
      "OrganizationTypeEn": "Committee",
      "OrganizationTypeFr": "Comit\u00e9",
      "OrganizationTypeId": 27,
      "PartyEn": "Independent Liberal",
      "PartyFr": "Ind\u00e9pendant lib\u00e9ral",
      "CompositionTypeLongEn": "House of Commons",
      "CompositionTypeLongFr": "Chambre des communes",
      "CompositionTypeShortEn": "C",
      "CompositionTypeShortFr": "C",
      "CommitteeTypeEn": "Standing",
      "CommitteeTypeFr": "Permanent",
      "ParliamentNumber": 22,
      "SessionNumber": 4,
      "ShortEn": "4th",
      "ShortFr": "4e"
    },
    {
      "NameEn": "Member",
      "NameFr": "Membre",
      "RoleId": 226,
      "OrganizationId": 429,
      "OrganizationLongEn": "Standing Committee on Agriculture and Colonization",
      "OrganizationLongFr": "Comit\u00e9 permanent de l'agriculture et de la colonisation",
      "OrganizationTypeEn": "Committee",
      "OrganizationTypeFr": "Comit\u00e9",
      "OrganizationTypeId": 27,
      "PartyEn": "Independent Liberal",
      "PartyFr": "Ind\u00e9pendant lib\u00e9ral",
      "CompositionTypeLongEn": "House of Commons",
      "CompositionTypeLongFr": "Chambre des communes",
      "CompositionTypeShortEn": "C",
      "CompositionTypeShortFr": "C",
      "CommitteeTypeEn": "Standing",
      "CommitteeTypeFr": "Permanent",
      "ParliamentNumber": 22,
      "SessionNumber": 5,
      "ShortEn": "5th",
      "ShortFr": "5e"
    },
    {
      "NameEn": "Member",
      "NameFr": "Membre",
      "RoleId": 226,
      "OrganizationId": 7172,
      "OrganizationLongEn": "Standing Joint Committee on the Restaurant of Parliament",
      "OrganizationLongFr": "Comit\u00e9 mixte permanent du restaurant du Parlement",
      "OrganizationTypeEn": "Committee",
      "OrganizationTypeFr": "Comit\u00e9",
      "OrganizationTypeId": 27,
      "PartyEn": "Independent Liberal",
      "PartyFr": "Ind\u00e9pendant lib\u00e9ral",
      "CompositionTypeLongEn": "Joint",
      "CompositionTypeLongFr": "Mixte",
      "CompositionTypeShortEn": "J",
      "CompositionTypeShortFr": "J",
      "CommitteeTypeEn": "Standing",
      "CommitteeTypeFr": "Permanent",
      "ParliamentNumber": 22,
      "SessionNumber": 4,
      "ShortEn": "4th",
      "ShortFr": "4e"
    },
    {
      "NameEn": "Member",
      "NameFr": "Membre",
      "RoleId": 226,
      "OrganizationId": 7172,
      "OrganizationLongEn": "Standing Joint Committee on the Restaurant of Parliament",
      "OrganizationLongFr": "Comit\u00e9 mixte permanent du restaurant du Parlement",
      "OrganizationTypeEn": "Committee",
      "OrganizationTypeFr": "Comit\u00e9",
      "OrganizationTypeId": 27,
      "PartyEn": "Independent Liberal",
      "PartyFr": "Ind\u00e9pendant lib\u00e9ral",
      "CompositionTypeLongEn": "Joint",
      "CompositionTypeLongFr": "Mixte",
      "CompositionTypeShortEn": "J",
      "CompositionTypeShortFr": "J",
      "CommitteeTypeEn": "Standing",
      "CommitteeTypeFr": "Permanent",
      "ParliamentNumber": 22,
      "SessionNumber": 5,
      "ShortEn": "5th",
      "ShortFr": "5e"
    },
    {
      "NameEn": "Member",
      "NameFr": "Membre",
      "RoleId": 226,
      "OrganizationId": 429,
      "OrganizationLongEn": "Standing Committee on Agriculture and Colonization",
      "OrganizationLongFr": "Comit\u00e9 permanent de l'agriculture et de la colonisation",
      "OrganizationTypeEn": "Committee",
      "OrganizationTypeFr": "Comit\u00e9",
      "OrganizationTypeId": 27,
      "PartyEn": "Independent Liberal",
      "PartyFr": "Ind\u00e9pendant lib\u00e9ral",
      "CompositionTypeLongEn": "House of Commons",
      "CompositionTypeLongFr": "Chambre des communes",
      "CompositionTypeShortEn": "C",
      "CompositionTypeShortFr": "C",
      "CommitteeTypeEn": "Standing",
      "CommitteeTypeFr": "Permanent",
      "ParliamentNumber": 22,
      "SessionNumber": 3,
      "ShortEn": "3rd",
      "ShortFr": "3e"
    },
    {
      "NameEn": "Member",
      "NameFr": "Membre",
      "RoleId": 226,
      "OrganizationId": 7172,
      "OrganizationLongEn": "Standing Joint Committee on the Restaurant of Parliament",
      "OrganizationLongFr": "Comit\u00e9 mixte permanent du restaurant du Parlement",
      "OrganizationTypeEn": "Committee",
      "OrganizationTypeFr": "Comit\u00e9",
      "OrganizationTypeId": 27,
      "PartyEn": "Independent Liberal",
      "PartyFr": "Ind\u00e9pendant lib\u00e9ral",
      "CompositionTypeLongEn": "Joint",
      "CompositionTypeLongFr": "Mixte",
      "CompositionTypeShortEn": "J",
      "CompositionTypeShortFr": "J",
      "CommitteeTypeEn": "Standing",
      "CommitteeTypeFr": "Permanent",
      "ParliamentNumber": 22,
      "SessionNumber": 3,
      "ShortEn": "3rd",
      "ShortFr": "3e"
    },
    {
      "NameEn": "Member",
      "NameFr": "Membre",
      "RoleId": 226,
      "OrganizationId": 429,
      "OrganizationLongEn": "Standing Committee on Agriculture and Colonization",
      "OrganizationLongFr": "Comit\u00e9 permanent de l'agriculture et de la colonisation",
      "OrganizationTypeEn": "Committee",
      "OrganizationTypeFr": "Comit\u00e9",
      "OrganizationTypeId": 27,
      "PartyEn": "Independent Liberal",
      "PartyFr": "Ind\u00e9pendant lib\u00e9ral",
      "CompositionTypeLongEn": "House of Commons",
      "CompositionTypeLongFr": "Chambre des communes",
      "CompositionTypeShortEn": "C",
      "CompositionTypeShortFr": "C",
      "CommitteeTypeEn": "Standing",
      "CommitteeTypeFr": "Permanent",
      "ParliamentNumber": 22,
      "SessionNumber": 2,
      "ShortEn": "2nd",
      "ShortFr": "2e"
    },
    {
      "NameEn": "Member",
      "NameFr": "Membre",
      "RoleId": 226,
      "OrganizationId": 7172,
      "OrganizationLongEn": "Standing Joint Committee on the Restaurant of Parliament",
      "OrganizationLongFr": "Comit\u00e9 mixte permanent du restaurant du Parlement",
      "OrganizationTypeEn": "Committee",
      "OrganizationTypeFr": "Comit\u00e9",
      "OrganizationTypeId": 27,
      "PartyEn": "Independent Liberal",
      "PartyFr": "Ind\u00e9pendant lib\u00e9ral",
      "CompositionTypeLongEn": "Joint",
      "CompositionTypeLongFr": "Mixte",
      "CompositionTypeShortEn": "J",
      "CompositionTypeShortFr": "J",
      "CommitteeTypeEn": "Standing",
      "CommitteeTypeFr": "Permanent",
      "ParliamentNumber": 22,
      "SessionNumber": 2,
      "ShortEn": "2nd",
      "ShortFr": "2e"
    },
    {
      "NameEn": "Member",
      "NameFr": "Membre",
      "RoleId": 226,
      "OrganizationId": 429,
      "OrganizationLongEn": "Standing Committee on Agriculture and Colonization",
      "OrganizationLongFr": "Comit\u00e9 permanent de l'agriculture et de la colonisation",
      "OrganizationTypeEn": "Committee",
      "OrganizationTypeFr": "Comit\u00e9",
      "OrganizationTypeId": 27,
      "PartyEn": "Independent Liberal",
      "PartyFr": "Ind\u00e9pendant lib\u00e9ral",
      "CompositionTypeLongEn": "House of Commons",
      "CompositionTypeLongFr": "Chambre des communes",
      "CompositionTypeShortEn": "C",
      "CompositionTypeShortFr": "C",
      "CommitteeTypeEn": "Standing",
      "CommitteeTypeFr": "Permanent",
      "ParliamentNumber": 22,
      "SessionNumber": 1,
      "ShortEn": "1st",
      "ShortFr": "1\u00e8re"
    },
    {
      "NameEn": "Member",
      "NameFr": "Membre",
      "RoleId": 226,
      "OrganizationId": 7172,
      "OrganizationLongEn": "Standing Joint Committee on the Restaurant of Parliament",
      "OrganizationLongFr": "Comit\u00e9 mixte permanent du restaurant du Parlement",
      "OrganizationTypeEn": "Committee",
      "OrganizationTypeFr": "Comit\u00e9",
      "OrganizationTypeId": 27,
      "PartyEn": "Independent Liberal",
      "PartyFr": "Ind\u00e9pendant lib\u00e9ral",
      "CompositionTypeLongEn": "Joint",
      "CompositionTypeLongFr": "Mixte",
      "CompositionTypeShortEn": "J",
      "CompositionTypeShortFr": "J",
      "CommitteeTypeEn": "Standing",
      "CommitteeTypeFr": "Permanent",
      "ParliamentNumber": 22,
      "SessionNumber": 1,
      "ShortEn": "1st",
      "ShortFr": "1\u00e8re"
    },
    {
      "NameEn": "Member",
      "NameFr": "Membre",
      "RoleId": 226,
      "OrganizationId": 7172,
      "OrganizationLongEn": "Standing Joint Committee on the Restaurant of Parliament",
      "OrganizationLongFr": "Comit\u00e9 mixte permanent du restaurant du Parlement",
      "OrganizationTypeEn": "Committee",
      "OrganizationTypeFr": "Comit\u00e9",
      "OrganizationTypeId": 27,
      "PartyEn": "Independent Liberal",
      "PartyFr": "Ind\u00e9pendant lib\u00e9ral",
      "CompositionTypeLongEn": "Joint",
      "CompositionTypeLongFr": "Mixte",
      "CompositionTypeShortEn": "J",
      "CompositionTypeShortFr": "J",
      "CommitteeTypeEn": "Standing",
      "CommitteeTypeFr": "Permanent",
      "ParliamentNumber": 21,
      "SessionNumber": 6,
      "ShortEn": "6th",
      "ShortFr": "6e"
    },
    {
      "NameEn": "Member",
      "NameFr": "Membre",
      "RoleId": 226,
      "OrganizationId": 7172,
      "OrganizationLongEn": "Standing Joint Committee on the Restaurant of Parliament",
      "OrganizationLongFr": "Comit\u00e9 mixte permanent du restaurant du Parlement",
      "OrganizationTypeEn": "Committee",
      "OrganizationTypeFr": "Comit\u00e9",
      "OrganizationTypeId": 27,
      "PartyEn": "Independent Liberal",
      "PartyFr": "Ind\u00e9pendant lib\u00e9ral",
      "CompositionTypeLongEn": "Joint",
      "CompositionTypeLongFr": "Mixte",
      "CompositionTypeShortEn": "J",
      "CompositionTypeShortFr": "J",
      "CommitteeTypeEn": "Standing",
      "CommitteeTypeFr": "Permanent",
      "ParliamentNumber": 21,
      "SessionNumber": 7,
      "ShortEn": "7th",
      "ShortFr": "7e"
    },
    {
      "NameEn": "Member",
      "NameFr": "Membre",
      "RoleId": 226,
      "OrganizationId": 429,
      "OrganizationLongEn": "Standing Committee on Agriculture and Colonization",
      "OrganizationLongFr": "Comit\u00e9 permanent de l'agriculture et de la colonisation",
      "OrganizationTypeEn": "Committee",
      "OrganizationTypeFr": "Comit\u00e9",
      "OrganizationTypeId": 27,
      "PartyEn": "Independent Liberal",
      "PartyFr": "Ind\u00e9pendant lib\u00e9ral",
      "CompositionTypeLongEn": "House of Commons",
      "CompositionTypeLongFr": "Chambre des communes",
      "CompositionTypeShortEn": "C",
      "CompositionTypeShortFr": "C",
      "CommitteeTypeEn": "Standing",
      "CommitteeTypeFr": "Permanent",
      "ParliamentNumber": 21,
      "SessionNumber": 6,
      "ShortEn": "6th",
      "ShortFr": "6e"
    },
    {
      "NameEn": "Member",
      "NameFr": "Membre",
      "RoleId": 226,
      "OrganizationId": 429,
      "OrganizationLongEn": "Standing Committee on Agriculture and Colonization",
      "OrganizationLongFr": "Comit\u00e9 permanent de l'agriculture et de la colonisation",
      "OrganizationTypeEn": "Committee",
      "OrganizationTypeFr": "Comit\u00e9",
      "OrganizationTypeId": 27,
      "PartyEn": "Independent Liberal",
      "PartyFr": "Ind\u00e9pendant lib\u00e9ral",
      "CompositionTypeLongEn": "House of Commons",
      "CompositionTypeLongFr": "Chambre des communes",
      "CompositionTypeShortEn": "C",
      "CompositionTypeShortFr": "C",
      "CommitteeTypeEn": "Standing",
      "CommitteeTypeFr": "Permanent",
      "ParliamentNumber": 21,
      "SessionNumber": 7,
      "ShortEn": "7th",
      "ShortFr": "7e"
    },
    {
      "NameEn": "Member",
      "NameFr": "Membre",
      "RoleId": 226,
      "OrganizationId": 429,
      "OrganizationLongEn": "Standing Committee on Agriculture and Colonization",
      "OrganizationLongFr": "Comit\u00e9 permanent de l'agriculture et de la colonisation",
      "OrganizationTypeEn": "Committee",
      "OrganizationTypeFr": "Comit\u00e9",
      "OrganizationTypeId": 27,
      "PartyEn": "Independent Liberal",
      "PartyFr": "Ind\u00e9pendant lib\u00e9ral",
      "CompositionTypeLongEn": "House of Commons",
      "CompositionTypeLongFr": "Chambre des communes",
      "CompositionTypeShortEn": "C",
      "CompositionTypeShortFr": "C",
      "CommitteeTypeEn": "Standing",
      "CommitteeTypeFr": "Permanent",
      "ParliamentNumber": 21,
      "SessionNumber": 4,
      "ShortEn": "4th",
      "ShortFr": "4e"
    },
    {
      "NameEn": "Member",
      "NameFr": "Membre",
      "RoleId": 226,
      "OrganizationId": 429,
      "OrganizationLongEn": "Standing Committee on Agriculture and Colonization",
      "OrganizationLongFr": "Comit\u00e9 permanent de l'agriculture et de la colonisation",
      "OrganizationTypeEn": "Committee",
      "OrganizationTypeFr": "Comit\u00e9",
      "OrganizationTypeId": 27,
      "PartyEn": "Independent Liberal",
      "PartyFr": "Ind\u00e9pendant lib\u00e9ral",
      "CompositionTypeLongEn": "House of Commons",
      "CompositionTypeLongFr": "Chambre des communes",
      "CompositionTypeShortEn": "C",
      "CompositionTypeShortFr": "C",
      "CommitteeTypeEn": "Standing",
      "CommitteeTypeFr": "Permanent",
      "ParliamentNumber": 21,
      "SessionNumber": 5,
      "ShortEn": "5th",
      "ShortFr": "5e"
    }
  ],
  "PublicOfficeExperience": null,
  "ProvincialExperience": null,
  "MilitaryExperience": null,
  "MunicipalExperience": null,
  "FamilyTiesInParliament": null,
  "Family": null,
  "Education": [
    {
      "SchoolNameLongEn": "Coll\u00e8ge Sainte-Anne-de-la-Pocati\u00e8re",
      "SchoolNameLongFr": "Coll\u00e8ge Sainte-Anne-de-la-Pocati\u00e8re",
      "SchoolCityEn": "",
      "SchoolCityFr": "",
      "FieldOfStudyEn": "Unknown",
      "FieldOfStudyFr": "Inconnu",
      "DiplomaLongEn": "Unknown",
      "DiplomaLongFr": "Inconnu",
      "DiplomaShortEn": "",
      "DiplomaShortFr": "",
      "GraduationYear": null
    },
    {
      "SchoolNameLongEn": "Laval University",
      "SchoolNameLongFr": "Universit\u00e9 Laval",
      "SchoolCityEn": "",
      "SchoolCityFr": "",
      "FieldOfStudyEn": "Arts",
      "FieldOfStudyFr": "Arts",
      "DiplomaLongEn": "Bachelor",
      "DiplomaLongFr": "Bachelier",
      "DiplomaShortEn": "B.A",
      "DiplomaShortFr": "B.A.",
      "GraduationYear": null
    }
  ],
  "PictureId": 1769,
  "PictureCopyrightEn": "House of Commons 1953",
  "PictureCopyrightFr": "Chambre des communes 1953",
  "PictureCreditEn": "House of Commons",
  "PictureCreditFr": "Chambre des communes",
  "DisplayTitleEn": " Arthur Mass\u00e9, M.P.",
  "DisplayTitleFr": " Arthur Mass\u00e9, d\u00e9put\u00e9",
  "PlaceOfBirthEn": "Kamouraska, Quebec, Canada",
  "PlaceOfBirthFr": "Kamouraska, Qu\u00e9bec, Canada",
  "ProfessionsEn": "professor, land surveyor, forest engineer",
  "ProfessionsFr": "professeur, arpenteur-g\u00e9om\u00e8tre, ing\u00e9nieur forestier",
  "PreferredLanguageEn": "",
  "PreferredLanguageFr": "",
  "PlaceOfBurialEn": ", , ",
  "PlaceOfBurialFr": ", , "
}