{
  "Person": {
    "PersonId": 10715,
    "HOCPersonId": 0,
    "SenatePersonId": 0,
    "FormalFirstName": null,
    "UsedFirstName": "Fernand",
    "MiddleName": null,
    "MaidenName": null,
    "LastName": "Girard",
    "IsDraftProfile": false,
    "MaidenSpeechNotFound": false,
    "DateOfBirth": "1924-02-19T00:00:00Z",
    "DateOfBirthIsApproximate": false,
    "DoNotDiscloseDateOfBirth": false,
    "DoNotDiscloseBirthLocation": false,
    "CityOfBirthEn": "Saint-Cyriac",
    "CityOfBirthFr": "Saint-Cyriac",
    "ProvinceOfBirthEn": "Quebec",
    "ProvinceOfBirthFr": "Qu\u00e9bec",
    "CountryOfBirthFr": "Canada",
    "CountryOfBirthEn": "Canada",
    "Gender": "M",
    "EthnicityLongEn": null,
    "EthnicityLongFr": null,
    "IsCanadianOrigin": true,
    "InternalNotes": null,
    "ExternalNotesEn": null,
    "ExternalNotesFr": null,
    "ReligionEn": "Catholic",
    "ReligionFr": "Catholique",
    "Professions": [
      {
        "NameEn": "journalist",
        "NameFr": "journaliste",
        "SearchKeyWordsEn": "",
        "SearchKeyWordsFr": "",
        "ProfessionTypeEn": "Art and culture - Professional occupations",
        "ProfessionTypeFr": "Arts et culture - Personnel professionnel",
        "Ordinal": null
      }
    ],
    "Languages": null,
    "Education": [
      {
        "SchoolNameLongEn": "University of Ottawa",
        "SchoolNameLongFr": "Universit\u00e9 d'Ottawa",
        "SchoolCityEn": "Ottawa",
        "SchoolCityFr": "Ottawa",
        "FieldOfStudyEn": "Literature",
        "FieldOfStudyFr": "Litt\u00e9rature",
        "DiplomaLongEn": "Bachelor",
        "DiplomaLongFr": "Bachelier",
        "DiplomaShortEn": "B.A",
        "DiplomaShortFr": "B.A.",
        "GraduationYear": null
      }
    ],
    "FamilyRelations": null,
    "Pictures": [
      {
        "PictureId": 3351,
        "PictureDate": null,
        "TypeEn": "Photographer",
        "TypeFr": "Photographe",
        "PhotographerEn": "Unknown",
        "PhotographerFr": "Inconnu",
        "CreditsEn": "House of Commons",
        "CreditsFr": "Chambre des communes",
        "CopyRightsEn": "House of Commons 1953",
        "CopyRightsFr": "Chambre des communes 1953",
        "DisplayForWeb": true,
        "InternalNotes": null
      }
    ],
    "Titles": [
      {
        "LongEn": null,
        "LongFr": null,
        "AcronymEn": null,
        "AcronymFr": null,
        "IsHonorific": false,
        "IsScholarity": false,
        "IsSalutation": true,
        "Ordinal": 0
      }
    ],
    "Roles": [
      {
        "PersonRoleId": 6175,
        "NameFr": "Membre du parti",
        "StartDate": "1953-08-10T00:00:00Z",
        "StartDateIsApproximate": false,
        "EndDate": "1957-06-09T00:00:00Z",
        "EndDateIsApproximate": false,
        "EndReasonEn": null,
        "EndReasonFr": null,
        "EndReasonTypeEn": null,
        "EndReasonTypeFr": null,
        "SourceOfInformationEn": null,
        "SourceOfInformationFr": null,
        "IsActing": false,
        "ActingTextEn": null,
        "ActingTextFr": null,
        "HasCrossedTheFloor": false,
        "OrganizationId": 3842,
        "OrganizationLongEn": "Independent",
        "OrganizationLongFr": "Ind\u00e9pendant",
        "OrganizationShortEn": "Independent",
        "OrganizationShortFr": "Ind\u00e9pendant",
        "OrganizationAcronymEn": "Ind.",
        "OrganizationAcronymFr": "Ind.",
        "OrganizationTypeId": 4,
        "OrganizationTypeEn": "Party",
        "OrganizationTypeFr": "Parti",
        "OrganizationProvinceEn": null,
        "OrganizationProvinceFr": null,
        "OrganizationHasProfile": false,
        "IsSenatorialDivision": false,
        "ToBeStyledAsEn": "",
        "ToBeStyledAsFr": "",
        "GroupId": 0,
        "Source": null,
        "PortFolioEn": null,
        "PortFolioFr": null,
        "Committee": null,
        "GroupingTitleEn": "Parliamentarian",
        "GroupingTitleFr": "Parlementaire",
        "GroupingOrder": 1,
        "ParliamentStart": "1953-11-12T00:00:00Z",
        "ParliamentEnd": "1957-04-12T00:00:00Z",
        "ParliamentNumber": 22,
        "PartyOrganizationId": 3842,
        "PartyEn": "Independent",
        "PartyFr": "Ind\u00e9pendant",
        "PartyStartDate": "1953-08-10T00:00:00Z",
        "PartyEndDate": "1957-06-09T00:00:00Z",
        "PersonPersonId": 0,
        "PersonLastName": null,
        "PersonUsedFirstName": null,
        "PersonGender": null,
        "MemberOfParliament": null,
        "IsMP": false,
        "IsSenator": false,
        "GovernorGeneral": null,
        "Documents": null,
        "Senator": null,
        "NotesEn": null,
        "NotesFr": null,
        "InternalNotes": null,
        "IsCurrent": "False",
        "RoleId": 722,
        "NameEn": "Party Member",
        "Ordinal": null,
        "Classes": [
          {
            "RoleClassId": 105,
            "RoleClassOrdinal": null,
            "RoleToRoleClassOrdinal": null,
            "RoleClassNameEn": "Parliamentarian",
            "RoleClassNameFr": "Parlementaire"
          }
        ]
      },
      {
        "PersonRoleId": 120593,
        "NameFr": "Membre pour la circonscription",
        "StartDate": "1953-08-10T00:00:00Z",
        "StartDateIsApproximate": false,
        "EndDate": "1957-06-09T00:00:00Z",
        "EndDateIsApproximate": false,
        "EndReasonEn": null,
        "EndReasonFr": null,
        "EndReasonTypeEn": null,
        "EndReasonTypeFr": null,
        "SourceOfInformationEn": null,
        "SourceOfInformationFr": null,
        "IsActing": false,
        "ActingTextEn": null,
        "ActingTextFr": null,
        "HasCrossedTheFloor": false,
        "OrganizationId": 4468,
        "OrganizationLongEn": "Lapointe",
        "OrganizationLongFr": "Lapointe",
        "OrganizationShortEn": "",
        "OrganizationShortFr": "",
        "OrganizationAcronymEn": "",
        "OrganizationAcronymFr": "",
        "OrganizationTypeId": 35,
        "OrganizationTypeEn": "Constituency",
        "OrganizationTypeFr": "Circonscription",
        "OrganizationProvinceEn": "Quebec",
        "OrganizationProvinceFr": "Qu\u00e9bec",
        "OrganizationHasProfile": true,
        "IsSenatorialDivision": false,
        "ToBeStyledAsEn": "",
        "ToBeStyledAsFr": "",
        "GroupId": 0,
        "Source": null,
        "PortFolioEn": null,
        "PortFolioFr": null,
        "Committee": null,
        "GroupingTitleEn": "Parliamentarian",
        "GroupingTitleFr": "Parlementaire",
        "GroupingOrder": 1,
        "ParliamentStart": "1953-11-12T00:00:00Z",
        "ParliamentEnd": "1957-04-12T00:00:00Z",
        "ParliamentNumber": 22,
        "PartyOrganizationId": 3842,
        "PartyEn": "Independent",
        "PartyFr": "Ind\u00e9pendant",
        "PartyStartDate": "1953-08-10T00:00:00Z",
        "PartyEndDate": "1957-06-09T00:00:00Z",
        "PersonPersonId": 0,
        "PersonLastName": null,
        "PersonUsedFirstName": null,
        "PersonGender": null,
        "MemberOfParliament": {
          "OccupationTypeEn": "Continuous",
          "OccupationTypeFr": "Continue"
        },
        "IsMP": true,
        "IsSenator": false,
        "GovernorGeneral": null,
        "Documents": null,
        "Senator": null,
        "NotesEn": null,
        "NotesFr": null,
        "InternalNotes": null,
        "IsCurrent": "False",
        "RoleId": 719,
        "NameEn": "Constituency Member",
        "Ordinal": 240,
        "Classes": [
          {
            "RoleClassId": 49,
            "RoleClassOrdinal": 2,
            "RoleToRoleClassOrdinal": null,
            "RoleClassNameEn": "Salaries in the House of Commons",
            "RoleClassNameFr": "Salaires \u00e0 la Chambre des Communes"
          },
          {
            "RoleClassId": 105,
            "RoleClassOrdinal": null,
            "RoleToRoleClassOrdinal": null,
            "RoleClassNameEn": "Parliamentarian",
            "RoleClassNameFr": "Parlementaire"
          }
        ]
      },
      {
        "PersonRoleId": 157452,
        "NameFr": "Membre",
        "StartDate": "1957-01-08T00:00:00Z",
        "StartDateIsApproximate": false,
        "EndDate": "1957-04-12T00:00:00Z",
        "EndDateIsApproximate": false,
        "EndReasonEn": null,
        "EndReasonFr": null,
        "EndReasonTypeEn": null,
        "EndReasonTypeFr": null,
        "SourceOfInformationEn": null,
        "SourceOfInformationFr": null,
        "IsActing": false,
        "ActingTextEn": null,
        "ActingTextFr": null,
        "HasCrossedTheFloor": false,
        "OrganizationId": 10676,
        "OrganizationLongEn": "Standing Committee on Miscellaneous Private Bills",
        "OrganizationLongFr": "Comit\u00e9 permanent des projets de loi priv\u00e9s en g\u00e9n\u00e9ral",
        "OrganizationShortEn": "Miscellaneous Private Bills",
        "OrganizationShortFr": "Projets de loi priv\u00e9s en g\u00e9n\u00e9ral",
        "OrganizationAcronymEn": "",
        "OrganizationAcronymFr": "",
        "OrganizationTypeId": 27,
        "OrganizationTypeEn": "Committee",
        "OrganizationTypeFr": "Comit\u00e9",
        "OrganizationProvinceEn": null,
        "OrganizationProvinceFr": null,
        "OrganizationHasProfile": true,
        "IsSenatorialDivision": false,
        "ToBeStyledAsEn": "",
        "ToBeStyledAsFr": "",
        "GroupId": 0,
        "Source": null,
        "PortFolioEn": null,
        "PortFolioFr": null,
        "Committee": {
          "OrganizationId": 0,
          "SenateCommitteeId": 0,
          "CommitteeTypeId": 5,
          "CommitteeTypeEn": "Standing",
          "CommitteeTypeFr": "Permanent",
          "CompositionTypeId": 3,
          "CompositionTypeLongEn": "House of Commons",
          "CompositionTypeLongFr": "Chambre des communes",
          "CompositionTypeShortEn": "C",
          "CompositionTypeShortFr": "C",
          "Sessions": [
            {
              "SessionId": 0,
              "SessionNumber": 4,
              "ParliamentNumber": 22,
              "StartDate": "1956-11-26T00:00:00Z",
              "EndDate": "1957-01-08T00:00:00Z",
              "ShortEn": "4th",
              "ShortFr": "4e"
            },
            {
              "SessionId": 0,
              "SessionNumber": 5,
              "ParliamentNumber": 22,
              "StartDate": "1957-01-08T00:00:00Z",
              "EndDate": "1957-04-12T00:00:00Z",
              "ShortEn": "5th",
              "ShortFr": "5e"
            }
          ],
          "Mandates": null
        },
        "GroupingTitleEn": null,
        "GroupingTitleFr": null,
        "GroupingOrder": 0,
        "ParliamentStart": null,
        "ParliamentEnd": null,
        "ParliamentNumber": 0,
        "PartyOrganizationId": 3842,
        "PartyEn": "Independent",
        "PartyFr": "Ind\u00e9pendant",
        "PartyStartDate": "1953-08-10T00:00:00Z",
        "PartyEndDate": "1957-06-09T00:00:00Z",
        "PersonPersonId": 0,
        "PersonLastName": null,
        "PersonUsedFirstName": null,
        "PersonGender": null,
        "MemberOfParliament": null,
        "IsMP": false,
        "IsSenator": false,
        "GovernorGeneral": null,
        "Documents": null,
        "Senator": null,
        "NotesEn": null,
        "NotesFr": null,
        "InternalNotes": null,
        "IsCurrent": "False",
        "RoleId": 226,
        "NameEn": "Member",
        "Ordinal": 300,
        "Classes": [
          {
            "RoleClassId": 33,
            "RoleClassOrdinal": null,
            "RoleToRoleClassOrdinal": null,
            "RoleClassNameEn": "Committee",
            "RoleClassNameFr": "Comit\u00e9"
          },
          {
            "RoleClassId": 113,
            "RoleClassOrdinal": null,
            "RoleToRoleClassOrdinal": null,
            "RoleClassNameEn": "ElectionProcessCloseDissolution",
            "RoleClassNameFr": "ElectionProcessCloseDissolution"
          }
        ]
      },
      {
        "PersonRoleId": 157862,
        "NameFr": "Membre",
        "StartDate": "1957-01-08T00:00:00Z",
        "StartDateIsApproximate": false,
        "EndDate": "1957-04-12T00:00:00Z",
        "EndDateIsApproximate": false,
        "EndReasonEn": null,
        "EndReasonFr": null,
        "EndReasonTypeEn": null,
        "EndReasonTypeFr": null,
        "SourceOfInformationEn": null,
        "SourceOfInformationFr": null,
        "IsActing": false,
        "ActingTextEn": null,
        "ActingTextFr": null,
        "HasCrossedTheFloor": false,
        "OrganizationId": 6814,
        "OrganizationLongEn": "Standing Joint Committee on Printing",
        "OrganizationLongFr": "Comit\u00e9 mixte permanent des impressions",
        "OrganizationShortEn": "Printing",
        "OrganizationShortFr": "Impressions",
        "OrganizationAcronymEn": "",
        "OrganizationAcronymFr": "",
        "OrganizationTypeId": 27,
        "OrganizationTypeEn": "Committee",
        "OrganizationTypeFr": "Comit\u00e9",
        "OrganizationProvinceEn": null,
        "OrganizationProvinceFr": null,
        "OrganizationHasProfile": true,
        "IsSenatorialDivision": false,
        "ToBeStyledAsEn": "",
        "ToBeStyledAsFr": "",
        "GroupId": 0,
        "Source": null,
        "PortFolioEn": null,
        "PortFolioFr": null,
        "Committee": {
          "OrganizationId": 0,
          "SenateCommitteeId": 0,
          "CommitteeTypeId": 5,
          "CommitteeTypeEn": "Standing",
          "CommitteeTypeFr": "Permanent",
          "CompositionTypeId": 8,
          "CompositionTypeLongEn": "Joint",
          "CompositionTypeLongFr": "Mixte",
          "CompositionTypeShortEn": "J",
          "CompositionTypeShortFr": "J",
          "Sessions": [
            {
              "SessionId": 0,
              "SessionNumber": 4,
              "ParliamentNumber": 22,
              "StartDate": "1956-11-26T00:00:00Z",
              "EndDate": "1957-01-08T00:00:00Z",
              "ShortEn": "4th",
              "ShortFr": "4e"
            },
            {
              "SessionId": 0,
              "SessionNumber": 5,
              "ParliamentNumber": 22,
              "StartDate": "1957-01-08T00:00:00Z",
              "EndDate": "1957-04-12T00:00:00Z",
              "ShortEn": "5th",
              "ShortFr": "5e"
            }
          ],
          "Mandates": null
        },
        "GroupingTitleEn": null,
        "GroupingTitleFr": null,
        "GroupingOrder": 0,
        "ParliamentStart": null,
        "ParliamentEnd": null,
        "ParliamentNumber": 0,
        "PartyOrganizationId": 3842,
        "PartyEn": "Independent",
        "PartyFr": "Ind\u00e9pendant",
        "PartyStartDate": "1953-08-10T00:00:00Z",
        "PartyEndDate": "1957-06-09T00:00:00Z",
        "PersonPersonId": 0,
        "PersonLastName": null,
        "PersonUsedFirstName": null,
        "PersonGender": null,
        "MemberOfParliament": null,
        "IsMP": false,
        "IsSenator": false,
        "GovernorGeneral": null,
        "Documents": null,
        "Senator": null,
        "NotesEn": null,
        "NotesFr": null,
        "InternalNotes": null,
        "IsCurrent": "False",
        "RoleId": 226,
        "NameEn": "Member",
        "Ordinal": 300,
        "Classes": [
          {
            "RoleClassId": 33,
            "RoleClassOrdinal": null,
            "RoleToRoleClassOrdinal": null,
            "RoleClassNameEn": "Committee",
            "RoleClassNameFr": "Comit\u00e9"
          },
          {
            "RoleClassId": 113,
            "RoleClassOrdinal": null,
            "RoleToRoleClassOrdinal": null,
            "RoleClassNameEn": "ElectionProcessCloseDissolution",
            "RoleClassNameFr": "ElectionProcessCloseDissolution"
          }
        ]
      },
      {
        "PersonRoleId": 159276,
        "NameFr": "Membre",
        "StartDate": "1956-01-10T00:00:00Z",
        "StartDateIsApproximate": false,
        "EndDate": "1956-08-14T00:00:00Z",
        "EndDateIsApproximate": false,
        "EndReasonEn": null,
        "EndReasonFr": null,
        "EndReasonTypeEn": null,
        "EndReasonTypeFr": null,
        "SourceOfInformationEn": null,
        "SourceOfInformationFr": null,
        "IsActing": false,
        "ActingTextEn": null,
        "ActingTextFr": null,
        "HasCrossedTheFloor": false,
        "OrganizationId": 10676,
        "OrganizationLongEn": "Standing Committee on Miscellaneous Private Bills",
        "OrganizationLongFr": "Comit\u00e9 permanent des projets de loi priv\u00e9s en g\u00e9n\u00e9ral",
        "OrganizationShortEn": "Miscellaneous Private Bills",
        "OrganizationShortFr": "Projets de loi priv\u00e9s en g\u00e9n\u00e9ral",
        "OrganizationAcronymEn": "",
        "OrganizationAcronymFr": "",
        "OrganizationTypeId": 27,
        "OrganizationTypeEn": "Committee",
        "OrganizationTypeFr": "Comit\u00e9",
        "OrganizationProvinceEn": null,
        "OrganizationProvinceFr": null,
        "OrganizationHasProfile": true,
        "IsSenatorialDivision": false,
        "ToBeStyledAsEn": "",
        "ToBeStyledAsFr": "",
        "GroupId": 0,
        "Source": null,
        "PortFolioEn": null,
        "PortFolioFr": null,
        "Committee": {
          "OrganizationId": 0,
          "SenateCommitteeId": 0,
          "CommitteeTypeId": 5,
          "CommitteeTypeEn": "Standing",
          "CommitteeTypeFr": "Permanent",
          "CompositionTypeId": 3,
          "CompositionTypeLongEn": "House of Commons",
          "CompositionTypeLongFr": "Chambre des communes",
          "CompositionTypeShortEn": "C",
          "CompositionTypeShortFr": "C",
          "Sessions": [
            {
              "SessionId": 0,
              "SessionNumber": 3,
              "ParliamentNumber": 22,
              "StartDate": "1956-01-10T00:00:00Z",
              "EndDate": "1956-08-14T00:00:00Z",
              "ShortEn": "3rd",
              "ShortFr": "3e"
            }
          ],
          "Mandates": null
        },
        "GroupingTitleEn": null,
        "GroupingTitleFr": null,
        "GroupingOrder": 0,
        "ParliamentStart": null,
        "ParliamentEnd": null,
        "ParliamentNumber": 0,
        "PartyOrganizationId": 3842,
        "PartyEn": "Independent",
        "PartyFr": "Ind\u00e9pendant",
        "PartyStartDate": "1953-08-10T00:00:00Z",
        "PartyEndDate": "1957-06-09T00:00:00Z",
        "PersonPersonId": 0,
        "PersonLastName": null,
        "PersonUsedFirstName": null,
        "PersonGender": null,
        "MemberOfParliament": null,
        "IsMP": false,
        "IsSenator": false,
        "GovernorGeneral": null,
        "Documents": null,
        "Senator": null,
        "NotesEn": null,
        "NotesFr": null,
        "InternalNotes": null,
        "IsCurrent": "False",
        "RoleId": 226,
        "NameEn": "Member",
        "Ordinal": 300,
        "Classes": [
          {
            "RoleClassId": 33,
            "RoleClassOrdinal": null,
            "RoleToRoleClassOrdinal": null,
            "RoleClassNameEn": "Committee",
            "RoleClassNameFr": "Comit\u00e9"
          },
          {
            "RoleClassId": 113,
            "RoleClassOrdinal": null,
            "RoleToRoleClassOrdinal": null,
            "RoleClassNameEn": "ElectionProcessCloseDissolution",
            "RoleClassNameFr": "ElectionProcessCloseDissolution"
          }
        ]
      },
      {
        "PersonRoleId": 160307,
        "NameFr": "Membre",
        "StartDate": "1956-01-10T00:00:00Z",
        "StartDateIsApproximate": false,
        "EndDate": "1956-08-14T00:00:00Z",
        "EndDateIsApproximate": false,
        "EndReasonEn": null,
        "EndReasonFr": null,
        "EndReasonTypeEn": null,
        "EndReasonTypeFr": null,
        "SourceOfInformationEn": null,
        "SourceOfInformationFr": null,
        "IsActing": false,
        "ActingTextEn": null,
        "ActingTextFr": null,
        "HasCrossedTheFloor": false,
        "OrganizationId": 6814,
        "OrganizationLongEn": "Standing Joint Committee on Printing",
        "OrganizationLongFr": "Comit\u00e9 mixte permanent des impressions",
        "OrganizationShortEn": "Printing",
        "OrganizationShortFr": "Impressions",
        "OrganizationAcronymEn": "",
        "OrganizationAcronymFr": "",
        "OrganizationTypeId": 27,
        "OrganizationTypeEn": "Committee",
        "OrganizationTypeFr": "Comit\u00e9",
        "OrganizationProvinceEn": null,
        "OrganizationProvinceFr": null,
        "OrganizationHasProfile": true,
        "IsSenatorialDivision": false,
        "ToBeStyledAsEn": "",
        "ToBeStyledAsFr": "",
        "GroupId": 0,
        "Source": null,
        "PortFolioEn": null,
        "PortFolioFr": null,
        "Committee": {
          "OrganizationId": 0,
          "SenateCommitteeId": 0,
          "CommitteeTypeId": 5,
          "CommitteeTypeEn": "Standing",
          "CommitteeTypeFr": "Permanent",
          "CompositionTypeId": 8,
          "CompositionTypeLongEn": "Joint",
          "CompositionTypeLongFr": "Mixte",
          "CompositionTypeShortEn": "J",
          "CompositionTypeShortFr": "J",
          "Sessions": [
            {
              "SessionId": 0,
              "SessionNumber": 3,
              "ParliamentNumber": 22,
              "StartDate": "1956-01-10T00:00:00Z",
              "EndDate": "1956-08-14T00:00:00Z",
              "ShortEn": "3rd",
              "ShortFr": "3e"
            }
          ],
          "Mandates": null
        },
        "GroupingTitleEn": null,
        "GroupingTitleFr": null,
        "GroupingOrder": 0,
        "ParliamentStart": null,
        "ParliamentEnd": null,
        "ParliamentNumber": 0,
        "PartyOrganizationId": 3842,
        "PartyEn": "Independent",
        "PartyFr": "Ind\u00e9pendant",
        "PartyStartDate": "1953-08-10T00:00:00Z",
        "PartyEndDate": "1957-06-09T00:00:00Z",
        "PersonPersonId": 0,
        "PersonLastName": null,
        "PersonUsedFirstName": null,
        "PersonGender": null,
        "MemberOfParliament": null,
        "IsMP": false,
        "IsSenator": false,
        "GovernorGeneral": null,
        "Documents": null,
        "Senator": null,
        "NotesEn": null,
        "NotesFr": null,
        "InternalNotes": null,
        "IsCurrent": "False",
        "RoleId": 226,
        "NameEn": "Member",
        "Ordinal": 300,
        "Classes": [
          {
            "RoleClassId": 33,
            "RoleClassOrdinal": null,
            "RoleToRoleClassOrdinal": null,
            "RoleClassNameEn": "Committee",
            "RoleClassNameFr": "Comit\u00e9"
          },
          {
            "RoleClassId": 113,
            "RoleClassOrdinal": null,
            "RoleToRoleClassOrdinal": null,
            "RoleClassNameEn": "ElectionProcessCloseDissolution",
            "RoleClassNameFr": "ElectionProcessCloseDissolution"
          }
        ]
      },
      {
        "PersonRoleId": 161650,
        "NameFr": "Membre",
        "StartDate": "1953-11-12T00:00:00Z",
        "StartDateIsApproximate": false,
        "EndDate": "1954-06-26T00:00:00Z",
        "EndDateIsApproximate": false,
        "EndReasonEn": null,
        "EndReasonFr": null,
        "EndReasonTypeEn": null,
        "EndReasonTypeFr": null,
        "SourceOfInformationEn": null,
        "SourceOfInformationFr": null,
        "IsActing": false,
        "ActingTextEn": null,
        "ActingTextFr": null,
        "HasCrossedTheFloor": false,
        "OrganizationId": 10676,
        "OrganizationLongEn": "Standing Committee on Miscellaneous Private Bills",
        "OrganizationLongFr": "Comit\u00e9 permanent des projets de loi priv\u00e9s en g\u00e9n\u00e9ral",
        "OrganizationShortEn": "Miscellaneous Private Bills",
        "OrganizationShortFr": "Projets de loi priv\u00e9s en g\u00e9n\u00e9ral",
        "OrganizationAcronymEn": "",
        "OrganizationAcronymFr": "",
        "OrganizationTypeId": 27,
        "OrganizationTypeEn": "Committee",
        "OrganizationTypeFr": "Comit\u00e9",
        "OrganizationProvinceEn": null,
        "OrganizationProvinceFr": null,
        "OrganizationHasProfile": true,
        "IsSenatorialDivision": false,
        "ToBeStyledAsEn": "",
        "ToBeStyledAsFr": "",
        "GroupId": 0,
        "Source": null,
        "PortFolioEn": null,
        "PortFolioFr": null,
        "Committee": {
          "OrganizationId": 0,
          "SenateCommitteeId": 0,
          "CommitteeTypeId": 5,
          "CommitteeTypeEn": "Standing",
          "CommitteeTypeFr": "Permanent",
          "CompositionTypeId": 3,
          "CompositionTypeLongEn": "House of Commons",
          "CompositionTypeLongFr": "Chambre des communes",
          "CompositionTypeShortEn": "C",
          "CompositionTypeShortFr": "C",
          "Sessions": [
            {
              "SessionId": 0,
              "SessionNumber": 1,
              "ParliamentNumber": 22,
              "StartDate": "1953-11-12T00:00:00Z",
              "EndDate": "1954-06-26T00:00:00Z",
              "ShortEn": "1st",
              "ShortFr": "1\u00e8re"
            }
          ],
          "Mandates": null
        },
        "GroupingTitleEn": null,
        "GroupingTitleFr": null,
        "GroupingOrder": 0,
        "ParliamentStart": null,
        "ParliamentEnd": null,
        "ParliamentNumber": 0,
        "PartyOrganizationId": 3842,
        "PartyEn": "Independent",
        "PartyFr": "Ind\u00e9pendant",
        "PartyStartDate": "1953-08-10T00:00:00Z",
        "PartyEndDate": "1957-06-09T00:00:00Z",
        "PersonPersonId": 0,
        "PersonLastName": null,
        "PersonUsedFirstName": null,
        "PersonGender": null,
        "MemberOfParliament": null,
        "IsMP": false,
        "IsSenator": false,
        "GovernorGeneral": null,
        "Documents": null,
        "Senator": null,
        "NotesEn": null,
        "NotesFr": null,
        "InternalNotes": null,
        "IsCurrent": "False",
        "RoleId": 226,
        "NameEn": "Member",
        "Ordinal": 300,
        "Classes": [
          {
            "RoleClassId": 33,
            "RoleClassOrdinal": null,
            "RoleToRoleClassOrdinal": null,
            "RoleClassNameEn": "Committee",
            "RoleClassNameFr": "Comit\u00e9"
          },
          {
            "RoleClassId": 113,
            "RoleClassOrdinal": null,
            "RoleToRoleClassOrdinal": null,
            "RoleClassNameEn": "ElectionProcessCloseDissolution",
            "RoleClassNameFr": "ElectionProcessCloseDissolution"
          }
        ]
      },
      {
        "PersonRoleId": 162005,
        "NameFr": "Membre",
        "StartDate": "1953-11-12T00:00:00Z",
        "StartDateIsApproximate": false,
        "EndDate": "1954-06-26T00:00:00Z",
        "EndDateIsApproximate": false,
        "EndReasonEn": null,
        "EndReasonFr": null,
        "EndReasonTypeEn": null,
        "EndReasonTypeFr": null,
        "SourceOfInformationEn": null,
        "SourceOfInformationFr": null,
        "IsActing": false,
        "ActingTextEn": null,
        "ActingTextFr": null,
        "HasCrossedTheFloor": false,
        "OrganizationId": 6814,
        "OrganizationLongEn": "Standing Joint Committee on Printing",
        "OrganizationLongFr": "Comit\u00e9 mixte permanent des impressions",
        "OrganizationShortEn": "Printing",
        "OrganizationShortFr": "Impressions",
        "OrganizationAcronymEn": "",
        "OrganizationAcronymFr": "",
        "OrganizationTypeId": 27,
        "OrganizationTypeEn": "Committee",
        "OrganizationTypeFr": "Comit\u00e9",
        "OrganizationProvinceEn": null,
        "OrganizationProvinceFr": null,
        "OrganizationHasProfile": true,
        "IsSenatorialDivision": false,
        "ToBeStyledAsEn": "",
        "ToBeStyledAsFr": "",
        "GroupId": 0,
        "Source": null,
        "PortFolioEn": null,
        "PortFolioFr": null,
        "Committee": {
          "OrganizationId": 0,
          "SenateCommitteeId": 0,
          "CommitteeTypeId": 5,
          "CommitteeTypeEn": "Standing",
          "CommitteeTypeFr": "Permanent",
          "CompositionTypeId": 8,
          "CompositionTypeLongEn": "Joint",
          "CompositionTypeLongFr": "Mixte",
          "CompositionTypeShortEn": "J",
          "CompositionTypeShortFr": "J",
          "Sessions": [
            {
              "SessionId": 0,
              "SessionNumber": 1,
              "ParliamentNumber": 22,
              "StartDate": "1953-11-12T00:00:00Z",
              "EndDate": "1954-06-26T00:00:00Z",
              "ShortEn": "1st",
              "ShortFr": "1\u00e8re"
            }
          ],
          "Mandates": null
        },
        "GroupingTitleEn": null,
        "GroupingTitleFr": null,
        "GroupingOrder": 0,
        "ParliamentStart": null,
        "ParliamentEnd": null,
        "ParliamentNumber": 0,
        "PartyOrganizationId": 3842,
        "PartyEn": "Independent",
        "PartyFr": "Ind\u00e9pendant",
        "PartyStartDate": "1953-08-10T00:00:00Z",
        "PartyEndDate": "1957-06-09T00:00:00Z",
        "PersonPersonId": 0,
        "PersonLastName": null,
        "PersonUsedFirstName": null,
        "PersonGender": null,
        "MemberOfParliament": null,
        "IsMP": false,
        "IsSenator": false,
        "GovernorGeneral": null,
        "Documents": null,
        "Senator": null,
        "NotesEn": null,
        "NotesFr": null,
        "InternalNotes": null,
        "IsCurrent": "False",
        "RoleId": 226,
        "NameEn": "Member",
        "Ordinal": 300,
        "Classes": [
          {
            "RoleClassId": 33,
            "RoleClassOrdinal": null,
            "RoleToRoleClassOrdinal": null,
            "RoleClassNameEn": "Committee",
            "RoleClassNameFr": "Comit\u00e9"
          },
          {
            "RoleClassId": 113,
            "RoleClassOrdinal": null,
            "RoleToRoleClassOrdinal": null,
            "RoleClassNameEn": "ElectionProcessCloseDissolution",
            "RoleClassNameFr": "ElectionProcessCloseDissolution"
          }
        ]
      },
      {
        "PersonRoleId": 166597,
        "NameFr": "Membre",
        "StartDate": "1955-01-07T00:00:00Z",
        "StartDateIsApproximate": false,
        "EndDate": "1955-07-28T00:00:00Z",
        "EndDateIsApproximate": false,
        "EndReasonEn": null,
        "EndReasonFr": null,
        "EndReasonTypeEn": null,
        "EndReasonTypeFr": null,
        "SourceOfInformationEn": null,
        "SourceOfInformationFr": null,
        "IsActing": false,
        "ActingTextEn": null,
        "ActingTextFr": null,
        "HasCrossedTheFloor": false,
        "OrganizationId": 10676,
        "OrganizationLongEn": "Standing Committee on Miscellaneous Private Bills",
        "OrganizationLongFr": "Comit\u00e9 permanent des projets de loi priv\u00e9s en g\u00e9n\u00e9ral",
        "OrganizationShortEn": "Miscellaneous Private Bills",
        "OrganizationShortFr": "Projets de loi priv\u00e9s en g\u00e9n\u00e9ral",
        "OrganizationAcronymEn": "",
        "OrganizationAcronymFr": "",
        "OrganizationTypeId": 27,
        "OrganizationTypeEn": "Committee",
        "OrganizationTypeFr": "Comit\u00e9",
        "OrganizationProvinceEn": null,
        "OrganizationProvinceFr": null,
        "OrganizationHasProfile": true,
        "IsSenatorialDivision": false,
        "ToBeStyledAsEn": "",
        "ToBeStyledAsFr": "",
        "GroupId": 0,
        "Source": null,
        "PortFolioEn": null,
        "PortFolioFr": null,
        "Committee": {
          "OrganizationId": 0,
          "SenateCommitteeId": 0,
          "CommitteeTypeId": 5,
          "CommitteeTypeEn": "Standing",
          "CommitteeTypeFr": "Permanent",
          "CompositionTypeId": 3,
          "CompositionTypeLongEn": "House of Commons",
          "CompositionTypeLongFr": "Chambre des communes",
          "CompositionTypeShortEn": "C",
          "CompositionTypeShortFr": "C",
          "Sessions": [
            {
              "SessionId": 0,
              "SessionNumber": 2,
              "ParliamentNumber": 22,
              "StartDate": "1955-01-07T00:00:00Z",
              "EndDate": "1955-07-28T00:00:00Z",
              "ShortEn": "2nd",
              "ShortFr": "2e"
            }
          ],
          "Mandates": null
        },
        "GroupingTitleEn": null,
        "GroupingTitleFr": null,
        "GroupingOrder": 0,
        "ParliamentStart": null,
        "ParliamentEnd": null,
        "ParliamentNumber": 0,
        "PartyOrganizationId": 3842,
        "PartyEn": "Independent",
        "PartyFr": "Ind\u00e9pendant",
        "PartyStartDate": "1953-08-10T00:00:00Z",
        "PartyEndDate": "1957-06-09T00:00:00Z",
        "PersonPersonId": 0,
        "PersonLastName": null,
        "PersonUsedFirstName": null,
        "PersonGender": null,
        "MemberOfParliament": null,
        "IsMP": false,
        "IsSenator": false,
        "GovernorGeneral": null,
        "Documents": null,
        "Senator": null,
        "NotesEn": null,
        "NotesFr": null,
        "InternalNotes": null,
        "IsCurrent": "False",
        "RoleId": 226,
        "NameEn": "Member",
        "Ordinal": 300,
        "Classes": [
          {
            "RoleClassId": 33,
            "RoleClassOrdinal": null,
            "RoleToRoleClassOrdinal": null,
            "RoleClassNameEn": "Committee",
            "RoleClassNameFr": "Comit\u00e9"
          },
          {
            "RoleClassId": 113,
            "RoleClassOrdinal": null,
            "RoleToRoleClassOrdinal": null,
            "RoleClassNameEn": "ElectionProcessCloseDissolution",
            "RoleClassNameFr": "ElectionProcessCloseDissolution"
          }
        ]
      },
      {
        "PersonRoleId": 167026,
        "NameFr": "Membre",
        "StartDate": "1955-01-07T00:00:00Z",
        "StartDateIsApproximate": false,
        "EndDate": "1955-07-28T00:00:00Z",
        "EndDateIsApproximate": false,
        "EndReasonEn": null,
        "EndReasonFr": null,
        "EndReasonTypeEn": null,
        "EndReasonTypeFr": null,
        "SourceOfInformationEn": null,
        "SourceOfInformationFr": null,
        "IsActing": false,
        "ActingTextEn": null,
        "ActingTextFr": null,
        "HasCrossedTheFloor": false,
        "OrganizationId": 6814,
        "OrganizationLongEn": "Standing Joint Committee on Printing",
        "OrganizationLongFr": "Comit\u00e9 mixte permanent des impressions",
        "OrganizationShortEn": "Printing",
        "OrganizationShortFr": "Impressions",
        "OrganizationAcronymEn": "",
        "OrganizationAcronymFr": "",
        "OrganizationTypeId": 27,
        "OrganizationTypeEn": "Committee",
        "OrganizationTypeFr": "Comit\u00e9",
        "OrganizationProvinceEn": null,
        "OrganizationProvinceFr": null,
        "OrganizationHasProfile": true,
        "IsSenatorialDivision": false,
        "ToBeStyledAsEn": "",
        "ToBeStyledAsFr": "",
        "GroupId": 0,
        "Source": null,
        "PortFolioEn": null,
        "PortFolioFr": null,
        "Committee": {
          "OrganizationId": 0,
          "SenateCommitteeId": 0,
          "CommitteeTypeId": 5,
          "CommitteeTypeEn": "Standing",
          "CommitteeTypeFr": "Permanent",
          "CompositionTypeId": 8,
          "CompositionTypeLongEn": "Joint",
          "CompositionTypeLongFr": "Mixte",
          "CompositionTypeShortEn": "J",
          "CompositionTypeShortFr": "J",
          "Sessions": [
            {
              "SessionId": 0,
              "SessionNumber": 2,
              "ParliamentNumber": 22,
              "StartDate": "1955-01-07T00:00:00Z",
              "EndDate": "1955-07-28T00:00:00Z",
              "ShortEn": "2nd",
              "ShortFr": "2e"
            }
          ],
          "Mandates": null
        },
        "GroupingTitleEn": null,
        "GroupingTitleFr": null,
        "GroupingOrder": 0,
        "ParliamentStart": null,
        "ParliamentEnd": null,
        "ParliamentNumber": 0,
        "PartyOrganizationId": 3842,
        "PartyEn": "Independent",
        "PartyFr": "Ind\u00e9pendant",
        "PartyStartDate": "1953-08-10T00:00:00Z",
        "PartyEndDate": "1957-06-09T00:00:00Z",
        "PersonPersonId": 0,
        "PersonLastName": null,
        "PersonUsedFirstName": null,
        "PersonGender": null,
        "MemberOfParliament": null,
        "IsMP": false,
        "IsSenator": false,
        "GovernorGeneral": null,
        "Documents": null,
        "Senator": null,
        "NotesEn": null,
        "NotesFr": null,
        "InternalNotes": null,
        "IsCurrent": "False",
        "RoleId": 226,
        "NameEn": "Member",
        "Ordinal": 300,
        "Classes": [
          {
            "RoleClassId": 33,
            "RoleClassOrdinal": null,
            "RoleToRoleClassOrdinal": null,
            "RoleClassNameEn": "Committee",
            "RoleClassNameFr": "Comit\u00e9"
          },
          {
            "RoleClassId": 113,
            "RoleClassOrdinal": null,
            "RoleToRoleClassOrdinal": null,
            "RoleClassNameEn": "ElectionProcessCloseDissolution",
            "RoleClassNameFr": "ElectionProcessCloseDissolution"
          }
        ]
      }
    ],
    "HillAddresses": null,
    "ConstituencyAddresses": null,
    "WebLinks": [
      {
        "TypeEn": "Maiden Speech",
        "TypeFr": "Premier discours",
        "TitleFr": "Premier discours de Fernand Girard",
        "TitleEn": "Maiden Speech of Fernand Girard",
        "UrlEn": "http://parl.canadiana.ca/view/oop.debates_HOC2201_01/312?r=0&s=1",
        "UrlFr": "http://parl.canadiana.ca/view/oop.debates_CDC2201_01/327?r=0&s=1"
      }
    ],
    "Bibliography": null,
    "ElectionCandidates": [
      {
        "ElectionCandidateId": 14401,
        "ParliamentNumber": 22,
        "ElectionId": 527,
        "ElectionDate": "1953-08-10T00:00:00Z",
        "IsGeneral": true,
        "OrganizationId": 4468,
        "ConstituencyEn": "Lapointe",
        "ConstituencyFr": "Lapointe",
        "ProvinceEn": null,
        "ProvinceFr": null,
        "PersonRoleId": null,
        "ElectionCanadaFirstName": "Fernand",
        "ElectionCanadaLastName": "GIRARD",
        "ElectionCanadaMiddleName": null,
        "Gender": "M",
        "OccupationEn": "Journalist",
        "OccupationFr": "Journaliste",
        "PartyOrganizationId": 3842,
        "PartyNameEn": "Independent",
        "PartyNameFr": "Ind\u00e9pendant",
        "Votes": 11854,
        "ResultLongEn": "Elected",
        "ResultLongFr": "\u00c9lu",
        "OtherResultLongEn": null,
        "OtherResultLongFr": null,
        "NotesEn": null,
        "NotesFr": null,
        "InternalNotes": null
      },
      {
        "ElectionCandidateId": 14402,
        "ParliamentNumber": 23,
        "ElectionId": 657,
        "ElectionDate": "1957-06-10T00:00:00Z",
        "IsGeneral": true,
        "OrganizationId": 4468,
        "ConstituencyEn": "Lapointe",
        "ConstituencyFr": "Lapointe",
        "ProvinceEn": null,
        "ProvinceFr": null,
        "PersonRoleId": null,
        "ElectionCanadaFirstName": "Fernand",
        "ElectionCanadaLastName": "GIRARD",
        "ElectionCanadaMiddleName": null,
        "Gender": "M",
        "OccupationEn": "Journalist",
        "OccupationFr": "Journaliste",
        "PartyOrganizationId": 3842,
        "PartyNameEn": "Independent",
        "PartyNameFr": "Ind\u00e9pendant",
        "Votes": 12363,
        "ResultLongEn": "Defeated",
        "ResultLongFr": "D\u00e9fait",
        "OtherResultLongEn": null,
        "OtherResultLongFr": null,
        "NotesEn": null,
        "NotesFr": null,
        "InternalNotes": null
      }
    ],
    "Death": {
      "DateOfDeath": "2004-07-02T00:00:00Z",
      "DateOfDeathIsApproximate": false,
      "DeceasedOnDuty": false,
      "RecordNotFound": false,
      "CauseOfDeathEn": null,
      "CauseOfDeathFr": null,
      "CemetaryNameEn": null,
      "CemetaryNameFr": null,
      "CemetaryCityEn": null,
      "CemetaryCityFr": null,
      "CemetaryProvinceEn": null,
      "CemetaryProvinceFr": null,
      "CemetaryCountryEn": null,
      "CemetaryCountryFr": null,
      "FuneralDate": null,
      "StateLayFuneralLocationEn": null,
      "StateLayFuneralLocationFr": null,
      "StateLayFuneralStartDate": null,
      "StateLayFuneralEndDate": null,
      "ReferenceOfStateLay": null
    },
    "PrimeMinister": null,
    "Parliaments": null,
    "Age": 80,
    "DisplayName": "Girard, Fernand",
    "StraightDisplayName": "Fernand Girard",
    "PartyEn": "Independent (1953/08/10 - 1957/06/09)<br>",
    "PartyFr": "Ind\u00e9pendant (1953/08/10 - 1957/06/09)<br>",
    "ConstituencyEn": "Lapointe (1953/08/10 - 1957/06/09)<br>",
    "ConstituencyFr": "Lapointe (1953/08/10 - 1957/06/09)<br>",
    "CurrentPartyEn": "Independent",
    "CurrentPartyFr": "Ind\u00e9pendant",
    "CurrentConstituencyEn": "Lapointe",
    "CurrentConstituencyFr": "Lapointe",
    "ElectedInParliaments": "22;",
    "ServedInParliaments": "22;",
    "ProvinceEn": "Quebec<br>",
    "ProvinceFr": "Qu\u00e9bec<br>",
    "PrimeMinisterEn": "",
    "PrimeMinisterFr": "",
    "CabinetChairEn": "",
    "CabinetChairFr": "",
    "CabinetCommitteeMemberEn": "",
    "CabinetCommitteeMemberFr": "",
    "LeaderOpposition": "",
    "DeputyPrimeMinister": "",
    "SpeakerHouseOfCommons": "",
    "SpeakerSenate": "",
    "SpeakerProTempore": "",
    "DeputySpeaker": "",
    "AssistantDeputySpeakerChairEn": "",
    "AssistantDeputySpeakerChairFr": "",
    "MinisterOfEn": "",
    "MinisterOfFr": "",
    "AssociateMinisterOfEn": "",
    "AssociateMinisterOfFr": "",
    "MinisterOfStateOfEn": "",
    "MinisterOfStateOfFr": "",
    "SecretaryOfStateOfEn": "",
    "SecretaryOfStateOfFr": "",
    "ParliamentarySecretaryOfEn": "",
    "ParliamentarySecretaryOfFr": "",
    "ParliamentaryAssistantOfEn": "",
    "ParliamentaryAssistantOfFr": "",
    "PartyLeaderEn": "",
    "PartyLeaderFr": "",
    "HouseLeaderEn": "",
    "HouseLeaderFr": "",
    "DeputyHouseLeaderEn": "",
    "DeputyHouseLeaderFr": "",
    "WhipEn": "",
    "WhipFr": "",
    "DeputyWhipEn": "",
    "DeputyWhipFr": "",
    "CriticOfEn": "",
    "CriticOfFr": "",
    "AssistantCriticOfEn": "",
    "AssistantCriticOfFr": "",
    "TypeOfParliamentarianEn": "MP (1953/08/10 - 1957/06/09)<br>",
    "TypeOfParliamentarianFr": "D\u00e9put\u00e9 (1953/08/10 - 1957/06/09)<br>",
    "MemberOfParliamentMandate": "1953/08/10 - 1957/06/09<br>",
    "SenateMandate": "",
    "DiedInOffice": false,
    "PremiershipExperienceEn": "",
    "PremiershipExperienceFr": "",
    "ProvincialExperienceEn": "",
    "ProvincialExperienceFr": "",
    "MunicipalExperienceEn": "",
    "MunicipalExperienceFr": "",
    "MilitaryServiceEn": "",
    "MilitaryServiceFr": "",
    "MinistryDurationEn": "",
    "MinistryDurationFr": "",
    "ProfessionsEn": ", journalist",
    "ProfessionsFr": ", journaliste",
    "LanguageEn": "",
    "LanguageFr": "",
    "IsPrimeMinister": false,
    "YearsOfServiceSegments": [
      {
        "TotalDays": 1400,
        "Years": 3,
        "Months": 10,
        "Days": 0,
        "Hours": 0,
        "Minutes": 0,
        "Seconds": 0,
        "Milliseconds": 0
      }
    ],
    "IsCurrentlyInOffice": false,
    "IsCurrentlySenator": false,
    "IsCurrentlyMP": false,
    "HasMaidenSpeech": true,
    "_id": "59f8770be413e1389ffd19b5",
    "LastUpdatedId": "000000000000000000000000",
    "LastModified": "0001-01-01T00:00:00",
    "ModifiedBy": null
  },
  "FederalExperience": [
    {
      "PersonRoleId": 120593,
      "NameFr": "Membre pour la circonscription",
      "StartDate": "1953-08-10T00:00:00Z",
      "StartDateIsApproximate": false,
      "EndDate": "1957-06-09T00:00:00Z",
      "EndDateIsApproximate": false,
      "EndReasonEn": null,
      "EndReasonFr": null,
      "EndReasonTypeEn": null,
      "EndReasonTypeFr": null,
      "SourceOfInformationEn": null,
      "SourceOfInformationFr": null,
      "IsActing": false,
      "ActingTextEn": null,
      "ActingTextFr": null,
      "HasCrossedTheFloor": false,
      "OrganizationId": 4468,
      "OrganizationLongEn": "Lapointe",
      "OrganizationLongFr": "Lapointe",
      "OrganizationShortEn": "",
      "OrganizationShortFr": "",
      "OrganizationAcronymEn": "",
      "OrganizationAcronymFr": "",
      "OrganizationTypeId": 35,
      "OrganizationTypeEn": "Constituency",
      "OrganizationTypeFr": "Circonscription",
      "OrganizationProvinceEn": "Quebec",
      "OrganizationProvinceFr": "Qu\u00e9bec",
      "OrganizationHasProfile": true,
      "IsSenatorialDivision": false,
      "ToBeStyledAsEn": "",
      "ToBeStyledAsFr": "",
      "GroupId": 0,
      "Source": null,
      "PortFolioEn": null,
      "PortFolioFr": null,
      "Committee": null,
      "GroupingTitleEn": "Parliamentarian",
      "GroupingTitleFr": "Parlementaire",
      "GroupingOrder": 1,
      "ParliamentStart": "1953-11-12T00:00:00Z",
      "ParliamentEnd": "1957-04-12T00:00:00Z",
      "ParliamentNumber": 22,
      "PartyOrganizationId": 3842,
      "PartyEn": "Independent",
      "PartyFr": "Ind\u00e9pendant",
      "PartyStartDate": "1953-08-10T00:00:00Z",
      "PartyEndDate": "1957-06-09T00:00:00Z",
      "PersonPersonId": 0,
      "PersonLastName": null,
      "PersonUsedFirstName": null,
      "PersonGender": null,
      "MemberOfParliament": {
        "OccupationTypeEn": "Continuous",
        "OccupationTypeFr": "Continue"
      },
      "IsMP": true,
      "IsSenator": false,
      "GovernorGeneral": null,
      "Documents": null,
      "Senator": null,
      "NotesEn": null,
      "NotesFr": null,
      "InternalNotes": null,
      "IsCurrent": "False",
      "RoleId": 719,
      "NameEn": "Constituency Member",
      "Ordinal": 240,
      "Classes": [
        {
          "RoleClassId": 49,
          "RoleClassOrdinal": 2,
          "RoleToRoleClassOrdinal": null,
          "RoleClassNameEn": "Salaries in the House of Commons",
          "RoleClassNameFr": "Salaires \u00e0 la Chambre des Communes"
        },
        {
          "RoleClassId": 105,
          "RoleClassOrdinal": null,
          "RoleToRoleClassOrdinal": null,
          "RoleClassNameEn": "Parliamentarian",
          "RoleClassNameFr": "Parlementaire"
        }
      ]
    },
    {
      "PersonRoleId": 6175,
      "NameFr": "Membre du parti",
      "StartDate": "1953-08-10T00:00:00Z",
      "StartDateIsApproximate": false,
      "EndDate": "1957-06-09T00:00:00Z",
      "EndDateIsApproximate": false,
      "EndReasonEn": null,
      "EndReasonFr": null,
      "EndReasonTypeEn": null,
      "EndReasonTypeFr": null,
      "SourceOfInformationEn": null,
      "SourceOfInformationFr": null,
      "IsActing": false,
      "ActingTextEn": null,
      "ActingTextFr": null,
      "HasCrossedTheFloor": false,
      "OrganizationId": 3842,
      "OrganizationLongEn": "Independent",
      "OrganizationLongFr": "Ind\u00e9pendant",
      "OrganizationShortEn": "Independent",
      "OrganizationShortFr": "Ind\u00e9pendant",
      "OrganizationAcronymEn": "Ind.",
      "OrganizationAcronymFr": "Ind.",
      "OrganizationTypeId": 4,
      "OrganizationTypeEn": "Party",
      "OrganizationTypeFr": "Parti",
      "OrganizationProvinceEn": null,
      "OrganizationProvinceFr": null,
      "OrganizationHasProfile": false,
      "IsSenatorialDivision": false,
      "ToBeStyledAsEn": "",
      "ToBeStyledAsFr": "",
      "GroupId": 0,
      "Source": null,
      "PortFolioEn": null,
      "PortFolioFr": null,
      "Committee": null,
      "GroupingTitleEn": "Parliamentarian",
      "GroupingTitleFr": "Parlementaire",
      "GroupingOrder": 1,
      "ParliamentStart": "1953-11-12T00:00:00Z",
      "ParliamentEnd": "1957-04-12T00:00:00Z",
      "ParliamentNumber": 22,
      "PartyOrganizationId": 3842,
      "PartyEn": "Independent",
      "PartyFr": "Ind\u00e9pendant",
      "PartyStartDate": "1953-08-10T00:00:00Z",
      "PartyEndDate": "1957-06-09T00:00:00Z",
      "PersonPersonId": 0,
      "PersonLastName": null,
      "PersonUsedFirstName": null,
      "PersonGender": null,
      "MemberOfParliament": null,
      "IsMP": false,
      "IsSenator": false,
      "GovernorGeneral": null,
      "Documents": null,
      "Senator": null,
      "NotesEn": null,
      "NotesFr": null,
      "InternalNotes": null,
      "IsCurrent": "False",
      "RoleId": 722,
      "NameEn": "Party Member",
      "Ordinal": null,
      "Classes": [
        {
          "RoleClassId": 105,
          "RoleClassOrdinal": null,
          "RoleToRoleClassOrdinal": null,
          "RoleClassNameEn": "Parliamentarian",
          "RoleClassNameFr": "Parlementaire"
        }
      ]
    }
  ],
  "FederalExperienceList": [
    {
      "PersonRoleId": 6175,
      "NameFr": "Membre du parti",
      "StartDate": "1953-08-10T00:00:00Z",
      "StartDateIsApproximate": false,
      "EndDate": "1957-06-09T00:00:00Z",
      "EndDateIsApproximate": false,
      "EndReasonEn": null,
      "EndReasonFr": null,
      "EndReasonTypeEn": null,
      "EndReasonTypeFr": null,
      "SourceOfInformationEn": null,
      "SourceOfInformationFr": null,
      "IsActing": false,
      "ActingTextEn": null,
      "ActingTextFr": null,
      "HasCrossedTheFloor": false,
      "OrganizationId": 3842,
      "OrganizationLongEn": "Independent",
      "OrganizationLongFr": "Ind\u00e9pendant",
      "OrganizationShortEn": "Independent",
      "OrganizationShortFr": "Ind\u00e9pendant",
      "OrganizationAcronymEn": "Ind.",
      "OrganizationAcronymFr": "Ind.",
      "OrganizationTypeId": 4,
      "OrganizationTypeEn": "Party",
      "OrganizationTypeFr": "Parti",
      "OrganizationProvinceEn": null,
      "OrganizationProvinceFr": null,
      "OrganizationHasProfile": false,
      "IsSenatorialDivision": false,
      "ToBeStyledAsEn": "",
      "ToBeStyledAsFr": "",
      "GroupId": 0,
      "Source": null,
      "PortFolioEn": null,
      "PortFolioFr": null,
      "Committee": null,
      "GroupingTitleEn": "Parliamentarian",
      "GroupingTitleFr": "Parlementaire",
      "GroupingOrder": 1,
      "ParliamentStart": "1953-11-12T00:00:00Z",
      "ParliamentEnd": "1957-04-12T00:00:00Z",
      "ParliamentNumber": 22,
      "PartyOrganizationId": 3842,
      "PartyEn": "Independent",
      "PartyFr": "Ind\u00e9pendant",
      "PartyStartDate": "1953-08-10T00:00:00Z",
      "PartyEndDate": "1957-06-09T00:00:00Z",
      "PersonPersonId": 0,
      "PersonLastName": null,
      "PersonUsedFirstName": null,
      "PersonGender": null,
      "MemberOfParliament": null,
      "IsMP": false,
      "IsSenator": false,
      "GovernorGeneral": null,
      "Documents": null,
      "Senator": null,
      "NotesEn": null,
      "NotesFr": null,
      "InternalNotes": null,
      "IsCurrent": "False",
      "RoleId": 722,
      "NameEn": "Party Member",
      "Ordinal": null,
      "Classes": [
        {
          "RoleClassId": 105,
          "RoleClassOrdinal": null,
          "RoleToRoleClassOrdinal": null,
          "RoleClassNameEn": "Parliamentarian",
          "RoleClassNameFr": "Parlementaire"
        }
      ]
    },
    {
      "PersonRoleId": 120593,
      "NameFr": "Membre pour la circonscription",
      "StartDate": "1953-08-10T00:00:00Z",
      "StartDateIsApproximate": false,
      "EndDate": "1957-06-09T00:00:00Z",
      "EndDateIsApproximate": false,
      "EndReasonEn": null,
      "EndReasonFr": null,
      "EndReasonTypeEn": null,
      "EndReasonTypeFr": null,
      "SourceOfInformationEn": null,
      "SourceOfInformationFr": null,
      "IsActing": false,
      "ActingTextEn": null,
      "ActingTextFr": null,
      "HasCrossedTheFloor": false,
      "OrganizationId": 4468,
      "OrganizationLongEn": "Lapointe",
      "OrganizationLongFr": "Lapointe",
      "OrganizationShortEn": "",
      "OrganizationShortFr": "",
      "OrganizationAcronymEn": "",
      "OrganizationAcronymFr": "",
      "OrganizationTypeId": 35,
      "OrganizationTypeEn": "Constituency",
      "OrganizationTypeFr": "Circonscription",
      "OrganizationProvinceEn": "Quebec",
      "OrganizationProvinceFr": "Qu\u00e9bec",
      "OrganizationHasProfile": true,
      "IsSenatorialDivision": false,
      "ToBeStyledAsEn": "",
      "ToBeStyledAsFr": "",
      "GroupId": 0,
      "Source": null,
      "PortFolioEn": null,
      "PortFolioFr": null,
      "Committee": null,
      "GroupingTitleEn": "Parliamentarian",
      "GroupingTitleFr": "Parlementaire",
      "GroupingOrder": 1,
      "ParliamentStart": "1953-11-12T00:00:00Z",
      "ParliamentEnd": "1957-04-12T00:00:00Z",
      "ParliamentNumber": 22,
      "PartyOrganizationId": 3842,
      "PartyEn": "Independent",
      "PartyFr": "Ind\u00e9pendant",
      "PartyStartDate": "1953-08-10T00:00:00Z",
      "PartyEndDate": "1957-06-09T00:00:00Z",
      "PersonPersonId": 0,
      "PersonLastName": null,
      "PersonUsedFirstName": null,
      "PersonGender": null,
      "MemberOfParliament": {
        "OccupationTypeEn": "Continuous",
        "OccupationTypeFr": "Continue"
      },
      "IsMP": true,
      "IsSenator": false,
      "GovernorGeneral": null,
      "Documents": null,
      "Senator": null,
      "NotesEn": null,
      "NotesFr": null,
      "InternalNotes": null,
      "IsCurrent": "False",
      "RoleId": 719,
      "NameEn": "Constituency Member",
      "Ordinal": 240,
      "Classes": [
        {
          "RoleClassId": 49,
          "RoleClassOrdinal": 2,
          "RoleToRoleClassOrdinal": null,
          "RoleClassNameEn": "Salaries in the House of Commons",
          "RoleClassNameFr": "Salaires \u00e0 la Chambre des Communes"
        },
        {
          "RoleClassId": 105,
          "RoleClassOrdinal": null,
          "RoleToRoleClassOrdinal": null,
          "RoleClassNameEn": "Parliamentarian",
          "RoleClassNameFr": "Parlementaire"
        }
      ]
    }
  ],
  "CommitteeMembership": [
    {
      "NameEn": "Member",
      "NameFr": "Membre",
      "RoleId": 226,
      "OrganizationId": 10676,
      "OrganizationLongEn": "Standing Committee on Miscellaneous Private Bills",
      "OrganizationLongFr": "Comit\u00e9 permanent des projets de loi priv\u00e9s en g\u00e9n\u00e9ral",
      "OrganizationTypeEn": "Committee",
      "OrganizationTypeFr": "Comit\u00e9",
      "OrganizationTypeId": 27,
      "PartyEn": "Independent",
      "PartyFr": "Ind\u00e9pendant",
      "CompositionTypeLongEn": "House of Commons",
      "CompositionTypeLongFr": "Chambre des communes",
      "CompositionTypeShortEn": "C",
      "CompositionTypeShortFr": "C",
      "CommitteeTypeEn": "Standing",
      "CommitteeTypeFr": "Permanent",
      "ParliamentNumber": 22,
      "SessionNumber": 4,
      "ShortEn": "4th",
      "ShortFr": "4e"
    },
    {
      "NameEn": "Member",
      "NameFr": "Membre",
      "RoleId": 226,
      "OrganizationId": 10676,
      "OrganizationLongEn": "Standing Committee on Miscellaneous Private Bills",
      "OrganizationLongFr": "Comit\u00e9 permanent des projets de loi priv\u00e9s en g\u00e9n\u00e9ral",
      "OrganizationTypeEn": "Committee",
      "OrganizationTypeFr": "Comit\u00e9",
      "OrganizationTypeId": 27,
      "PartyEn": "Independent",
      "PartyFr": "Ind\u00e9pendant",
      "CompositionTypeLongEn": "House of Commons",
      "CompositionTypeLongFr": "Chambre des communes",
      "CompositionTypeShortEn": "C",
      "CompositionTypeShortFr": "C",
      "CommitteeTypeEn": "Standing",
      "CommitteeTypeFr": "Permanent",
      "ParliamentNumber": 22,
      "SessionNumber": 5,
      "ShortEn": "5th",
      "ShortFr": "5e"
    },
    {
      "NameEn": "Member",
      "NameFr": "Membre",
      "RoleId": 226,
      "OrganizationId": 6814,
      "OrganizationLongEn": "Standing Joint Committee on Printing",
      "OrganizationLongFr": "Comit\u00e9 mixte permanent des impressions",
      "OrganizationTypeEn": "Committee",
      "OrganizationTypeFr": "Comit\u00e9",
      "OrganizationTypeId": 27,
      "PartyEn": "Independent",
      "PartyFr": "Ind\u00e9pendant",
      "CompositionTypeLongEn": "Joint",
      "CompositionTypeLongFr": "Mixte",
      "CompositionTypeShortEn": "J",
      "CompositionTypeShortFr": "J",
      "CommitteeTypeEn": "Standing",
      "CommitteeTypeFr": "Permanent",
      "ParliamentNumber": 22,
      "SessionNumber": 4,
      "ShortEn": "4th",
      "ShortFr": "4e"
    },
    {
      "NameEn": "Member",
      "NameFr": "Membre",
      "RoleId": 226,
      "OrganizationId": 6814,
      "OrganizationLongEn": "Standing Joint Committee on Printing",
      "OrganizationLongFr": "Comit\u00e9 mixte permanent des impressions",
      "OrganizationTypeEn": "Committee",
      "OrganizationTypeFr": "Comit\u00e9",
      "OrganizationTypeId": 27,
      "PartyEn": "Independent",
      "PartyFr": "Ind\u00e9pendant",
      "CompositionTypeLongEn": "Joint",
      "CompositionTypeLongFr": "Mixte",
      "CompositionTypeShortEn": "J",
      "CompositionTypeShortFr": "J",
      "CommitteeTypeEn": "Standing",
      "CommitteeTypeFr": "Permanent",
      "ParliamentNumber": 22,
      "SessionNumber": 5,
      "ShortEn": "5th",
      "ShortFr": "5e"
    },
    {
      "NameEn": "Member",
      "NameFr": "Membre",
      "RoleId": 226,
      "OrganizationId": 10676,
      "OrganizationLongEn": "Standing Committee on Miscellaneous Private Bills",
      "OrganizationLongFr": "Comit\u00e9 permanent des projets de loi priv\u00e9s en g\u00e9n\u00e9ral",
      "OrganizationTypeEn": "Committee",
      "OrganizationTypeFr": "Comit\u00e9",
      "OrganizationTypeId": 27,
      "PartyEn": "Independent",
      "PartyFr": "Ind\u00e9pendant",
      "CompositionTypeLongEn": "House of Commons",
      "CompositionTypeLongFr": "Chambre des communes",
      "CompositionTypeShortEn": "C",
      "CompositionTypeShortFr": "C",
      "CommitteeTypeEn": "Standing",
      "CommitteeTypeFr": "Permanent",
      "ParliamentNumber": 22,
      "SessionNumber": 3,
      "ShortEn": "3rd",
      "ShortFr": "3e"
    },
    {
      "NameEn": "Member",
      "NameFr": "Membre",
      "RoleId": 226,
      "OrganizationId": 6814,
      "OrganizationLongEn": "Standing Joint Committee on Printing",
      "OrganizationLongFr": "Comit\u00e9 mixte permanent des impressions",
      "OrganizationTypeEn": "Committee",
      "OrganizationTypeFr": "Comit\u00e9",
      "OrganizationTypeId": 27,
      "PartyEn": "Independent",
      "PartyFr": "Ind\u00e9pendant",
      "CompositionTypeLongEn": "Joint",
      "CompositionTypeLongFr": "Mixte",
      "CompositionTypeShortEn": "J",
      "CompositionTypeShortFr": "J",
      "CommitteeTypeEn": "Standing",
      "CommitteeTypeFr": "Permanent",
      "ParliamentNumber": 22,
      "SessionNumber": 3,
      "ShortEn": "3rd",
      "ShortFr": "3e"
    },
    {
      "NameEn": "Member",
      "NameFr": "Membre",
      "RoleId": 226,
      "OrganizationId": 10676,
      "OrganizationLongEn": "Standing Committee on Miscellaneous Private Bills",
      "OrganizationLongFr": "Comit\u00e9 permanent des projets de loi priv\u00e9s en g\u00e9n\u00e9ral",
      "OrganizationTypeEn": "Committee",
      "OrganizationTypeFr": "Comit\u00e9",
      "OrganizationTypeId": 27,
      "PartyEn": "Independent",
      "PartyFr": "Ind\u00e9pendant",
      "CompositionTypeLongEn": "House of Commons",
      "CompositionTypeLongFr": "Chambre des communes",
      "CompositionTypeShortEn": "C",
      "CompositionTypeShortFr": "C",
      "CommitteeTypeEn": "Standing",
      "CommitteeTypeFr": "Permanent",
      "ParliamentNumber": 22,
      "SessionNumber": 2,
      "ShortEn": "2nd",
      "ShortFr": "2e"
    },
    {
      "NameEn": "Member",
      "NameFr": "Membre",
      "RoleId": 226,
      "OrganizationId": 6814,
      "OrganizationLongEn": "Standing Joint Committee on Printing",
      "OrganizationLongFr": "Comit\u00e9 mixte permanent des impressions",
      "OrganizationTypeEn": "Committee",
      "OrganizationTypeFr": "Comit\u00e9",
      "OrganizationTypeId": 27,
      "PartyEn": "Independent",
      "PartyFr": "Ind\u00e9pendant",
      "CompositionTypeLongEn": "Joint",
      "CompositionTypeLongFr": "Mixte",
      "CompositionTypeShortEn": "J",
      "CompositionTypeShortFr": "J",
      "CommitteeTypeEn": "Standing",
      "CommitteeTypeFr": "Permanent",
      "ParliamentNumber": 22,
      "SessionNumber": 2,
      "ShortEn": "2nd",
      "ShortFr": "2e"
    },
    {
      "NameEn": "Member",
      "NameFr": "Membre",
      "RoleId": 226,
      "OrganizationId": 10676,
      "OrganizationLongEn": "Standing Committee on Miscellaneous Private Bills",
      "OrganizationLongFr": "Comit\u00e9 permanent des projets de loi priv\u00e9s en g\u00e9n\u00e9ral",
      "OrganizationTypeEn": "Committee",
      "OrganizationTypeFr": "Comit\u00e9",
      "OrganizationTypeId": 27,
      "PartyEn": "Independent",
      "PartyFr": "Ind\u00e9pendant",
      "CompositionTypeLongEn": "House of Commons",
      "CompositionTypeLongFr": "Chambre des communes",
      "CompositionTypeShortEn": "C",
      "CompositionTypeShortFr": "C",
      "CommitteeTypeEn": "Standing",
      "CommitteeTypeFr": "Permanent",
      "ParliamentNumber": 22,
      "SessionNumber": 1,
      "ShortEn": "1st",
      "ShortFr": "1\u00e8re"
    },
    {
      "NameEn": "Member",
      "NameFr": "Membre",
      "RoleId": 226,
      "OrganizationId": 6814,
      "OrganizationLongEn": "Standing Joint Committee on Printing",
      "OrganizationLongFr": "Comit\u00e9 mixte permanent des impressions",
      "OrganizationTypeEn": "Committee",
      "OrganizationTypeFr": "Comit\u00e9",
      "OrganizationTypeId": 27,
      "PartyEn": "Independent",
      "PartyFr": "Ind\u00e9pendant",
      "CompositionTypeLongEn": "Joint",
      "CompositionTypeLongFr": "Mixte",
      "CompositionTypeShortEn": "J",
      "CompositionTypeShortFr": "J",
      "CommitteeTypeEn": "Standing",
      "CommitteeTypeFr": "Permanent",
      "ParliamentNumber": 22,
      "SessionNumber": 1,
      "ShortEn": "1st",
      "ShortFr": "1\u00e8re"
    }
  ],
  "PublicOfficeExperience": null,
  "ProvincialExperience": null,
  "MilitaryExperience": null,
  "MunicipalExperience": null,
  "FamilyTiesInParliament": null,
  "Family": null,
  "Education": [
    {
      "SchoolNameLongEn": "University of Ottawa",
      "SchoolNameLongFr": "Universit\u00e9 d'Ottawa",
      "SchoolCityEn": "Ottawa",
      "SchoolCityFr": "Ottawa",
      "FieldOfStudyEn": "Literature",
      "FieldOfStudyFr": "Litt\u00e9rature",
      "DiplomaLongEn": "Bachelor",
      "DiplomaLongFr": "Bachelier",
      "DiplomaShortEn": "B.A",
      "DiplomaShortFr": "B.A.",
      "GraduationYear": null
    }
  ],
  "PictureId": 3351,
  "PictureCopyrightEn": "House of Commons 1953",
  "PictureCopyrightFr": "Chambre des communes 1953",
  "PictureCreditEn": "House of Commons",
  "PictureCreditFr": "Chambre des communes",
  "DisplayTitleEn": " Fernand Girard",
  "DisplayTitleFr": " Fernand Girard",
  "PlaceOfBirthEn": "Saint-Cyriac, Quebec, Canada",
  "PlaceOfBirthFr": "Saint-Cyriac, Qu\u00e9bec, Canada",
  "ProfessionsEn": "journalist",
  "ProfessionsFr": "journaliste",
  "PreferredLanguageEn": "",
  "PreferredLanguageFr": "",
  "PlaceOfBurialEn": ", , ",
  "PlaceOfBurialFr": ", , "
}