{
  "Person": {
    "PersonId": 10738,
    "HOCPersonId": 0,
    "SenatePersonId": 0,
    "FormalFirstName": null,
    "UsedFirstName": "Richard Bennett",
    "MiddleName": null,
    "MaidenName": null,
    "LastName": "Hatfield",
    "IsDraftProfile": false,
    "MaidenSpeechNotFound": false,
    "DateOfBirth": "1931-04-09T00:00:00Z",
    "DateOfBirthIsApproximate": false,
    "DoNotDiscloseDateOfBirth": false,
    "DoNotDiscloseBirthLocation": false,
    "CityOfBirthEn": "Woodstock",
    "CityOfBirthFr": "Woodstock",
    "ProvinceOfBirthEn": "New Brunswick",
    "ProvinceOfBirthFr": "Nouveau-Brunswick",
    "CountryOfBirthFr": "Canada",
    "CountryOfBirthEn": "Canada",
    "Gender": "M",
    "EthnicityLongEn": null,
    "EthnicityLongFr": null,
    "IsCanadianOrigin": true,
    "InternalNotes": null,
    "ExternalNotesEn": null,
    "ExternalNotesFr": null,
    "ReligionEn": null,
    "ReligionFr": null,
    "Professions": [
      {
        "NameEn": "sales manager",
        "NameFr": "g\u00e9rant des ventes",
        "SearchKeyWordsEn": "",
        "SearchKeyWordsFr": "",
        "ProfessionTypeEn": "Management - Middle managers and other occupations",
        "ProfessionTypeFr": "Gestion - Cadres interm\u00e9diaires et autre personnel",
        "Ordinal": null
      }
    ],
    "Languages": null,
    "Education": [
      {
        "SchoolNameLongEn": "Dalhousie University",
        "SchoolNameLongFr": "Universit\u00e9 Dalhousie",
        "SchoolCityEn": "Halifax",
        "SchoolCityFr": "Halifax",
        "FieldOfStudyEn": "Laws",
        "FieldOfStudyFr": "Droit",
        "DiplomaLongEn": "Bachelor",
        "DiplomaLongFr": "Bachelier",
        "DiplomaShortEn": "B.A",
        "DiplomaShortFr": "B.A.",
        "GraduationYear": 1956
      },
      {
        "SchoolNameLongEn": "Acadia University",
        "SchoolNameLongFr": "Universit\u00e9 Acadia",
        "SchoolCityEn": "Wolfville",
        "SchoolCityFr": "Wolfville",
        "FieldOfStudyEn": "Arts",
        "FieldOfStudyFr": "Arts",
        "DiplomaLongEn": "Bachelor",
        "DiplomaLongFr": "Bachelier",
        "DiplomaShortEn": "B.A",
        "DiplomaShortFr": "B.A.",
        "GraduationYear": 1952
      }
    ],
    "FamilyRelations": [
      {
        "Children": null,
        "PersonId": 11629,
        "FirstName": "Heber Harold",
        "LastName": "Hatfield",
        "DateOfBirth": "1885-04-17T00:00:00Z",
        "DateOfBirthIsApproximate": false,
        "BirthLocationEn": "Middle Simonds, New Brunswick, Canada",
        "BirthLocationFr": "Middle Simonds, Nouveau-Brunswick, Canada",
        "DateOfDeath": "1952-01-03T00:00:00Z",
        "DateOfDeathIsApproximate": false,
        "RelationNameEn": "Father",
        "RelationNameFr": "P\u00e8re",
        "StartDate": null,
        "StartDateIsApproximate": false,
        "EndDate": null,
        "EndDateIsApproximate": false,
        "NotesEn": null,
        "NotesFr": null,
        "InternalNotes": null,
        "NotVisible": false
      }
    ],
    "Pictures": [
      {
        "PictureId": 28,
        "PictureDate": null,
        "TypeEn": "Studio",
        "TypeFr": "Studio",
        "PhotographerEn": "Michael Bedford",
        "PhotographerFr": "MIchael Bedford",
        "CreditsEn": "Senate",
        "CreditsFr": "S\u00e9nat",
        "CopyRightsEn": "Michael Bedford Photography, Ottawa",
        "CopyRightsFr": "Michael Bedford Photography, Ottawa",
        "DisplayForWeb": true,
        "InternalNotes": null
      }
    ],
    "Titles": [
      {
        "LongEn": "Privy Councillor",
        "LongFr": "Conseiller priv\u00e9",
        "AcronymEn": "P.C.",
        "AcronymFr": "C.P.",
        "IsHonorific": true,
        "IsScholarity": false,
        "IsSalutation": false,
        "Ordinal": 0
      },
      {
        "LongEn": "The Honourable",
        "LongFr": "L'honorable",
        "AcronymEn": "The Hon.",
        "AcronymFr": "L'hon.",
        "IsHonorific": false,
        "IsScholarity": false,
        "IsSalutation": true,
        "Ordinal": 0
      },
      {
        "LongEn": "Senator",
        "LongFr": "s\u00e9nateur",
        "AcronymEn": "Senator",
        "AcronymFr": "s\u00e9nateur",
        "IsHonorific": false,
        "IsScholarity": false,
        "IsSalutation": false,
        "Ordinal": 0
      }
    ],
    "Roles": [
      {
        "PersonRoleId": 115089,
        "NameFr": "Architecte de la Loi constitutionnelle 1982",
        "StartDate": null,
        "StartDateIsApproximate": false,
        "EndDate": null,
        "EndDateIsApproximate": false,
        "EndReasonEn": null,
        "EndReasonFr": null,
        "EndReasonTypeEn": null,
        "EndReasonTypeFr": null,
        "SourceOfInformationEn": null,
        "SourceOfInformationFr": null,
        "IsActing": false,
        "ActingTextEn": null,
        "ActingTextFr": null,
        "HasCrossedTheFloor": false,
        "OrganizationId": 3707,
        "OrganizationLongEn": "House of Commons",
        "OrganizationLongFr": "Chambre des communes",
        "OrganizationShortEn": "HOC",
        "OrganizationShortFr": "CdC",
        "OrganizationAcronymEn": "",
        "OrganizationAcronymFr": "",
        "OrganizationTypeId": 18,
        "OrganizationTypeEn": "Chamber of Parliament (Fed)",
        "OrganizationTypeFr": "Chambre du Parlement (F\u00e9d)",
        "OrganizationProvinceEn": null,
        "OrganizationProvinceFr": null,
        "OrganizationHasProfile": true,
        "IsSenatorialDivision": false,
        "ToBeStyledAsEn": "",
        "ToBeStyledAsFr": "",
        "GroupId": 0,
        "Source": null,
        "PortFolioEn": null,
        "PortFolioFr": null,
        "Committee": null,
        "GroupingTitleEn": null,
        "GroupingTitleFr": null,
        "GroupingOrder": 0,
        "ParliamentStart": null,
        "ParliamentEnd": null,
        "ParliamentNumber": 0,
        "PartyOrganizationId": 0,
        "PartyEn": null,
        "PartyFr": null,
        "PartyStartDate": null,
        "PartyEndDate": null,
        "PersonPersonId": 0,
        "PersonLastName": null,
        "PersonUsedFirstName": null,
        "PersonGender": null,
        "MemberOfParliament": null,
        "IsMP": false,
        "IsSenator": false,
        "GovernorGeneral": null,
        "Documents": null,
        "Senator": null,
        "NotesEn": null,
        "NotesFr": null,
        "InternalNotes": null,
        "IsCurrent": "True",
        "RoleId": 1352,
        "NameEn": "Architect of the Constitutional Act 1982",
        "Ordinal": null,
        "Classes": null
      },
      {
        "PersonRoleId": 37749,
        "NameFr": "Premier ministre",
        "StartDate": "1970-11-12T00:00:00Z",
        "StartDateIsApproximate": false,
        "EndDate": "1987-10-26T00:00:00Z",
        "EndDateIsApproximate": false,
        "EndReasonEn": null,
        "EndReasonFr": null,
        "EndReasonTypeEn": null,
        "EndReasonTypeFr": null,
        "SourceOfInformationEn": null,
        "SourceOfInformationFr": null,
        "IsActing": false,
        "ActingTextEn": null,
        "ActingTextFr": null,
        "HasCrossedTheFloor": false,
        "OrganizationId": 4579,
        "OrganizationLongEn": "Legislative Assembly of New Brunswick",
        "OrganizationLongFr": "Assembl\u00e9e l\u00e9gislative du Nouveau-Brunswick",
        "OrganizationShortEn": "Legislative Assembly",
        "OrganizationShortFr": "Assembl\u00e9e l\u00e9gislative",
        "OrganizationAcronymEn": "",
        "OrganizationAcronymFr": "",
        "OrganizationTypeId": 6,
        "OrganizationTypeEn": "Chamber Of Parliament (Prov)",
        "OrganizationTypeFr": "Chambre de Parlement (Prov)",
        "OrganizationProvinceEn": null,
        "OrganizationProvinceFr": null,
        "OrganizationHasProfile": true,
        "IsSenatorialDivision": false,
        "ToBeStyledAsEn": "",
        "ToBeStyledAsFr": "",
        "GroupId": 0,
        "Source": null,
        "PortFolioEn": null,
        "PortFolioFr": null,
        "Committee": null,
        "GroupingTitleEn": "Provincial Experience",
        "GroupingTitleFr": "Exp\u00e9rience Provinciale",
        "GroupingOrder": 0,
        "ParliamentStart": null,
        "ParliamentEnd": null,
        "ParliamentNumber": 0,
        "PartyOrganizationId": 6875,
        "PartyEn": "Progressive Conservative Party",
        "PartyFr": "Parti progressiste-conservateur",
        "PartyStartDate": "1961-06-19T00:00:00Z",
        "PartyEndDate": "1987-10-12T00:00:00Z",
        "PersonPersonId": 0,
        "PersonLastName": null,
        "PersonUsedFirstName": null,
        "PersonGender": null,
        "MemberOfParliament": null,
        "IsMP": false,
        "IsSenator": false,
        "GovernorGeneral": null,
        "Documents": null,
        "Senator": null,
        "NotesEn": null,
        "NotesFr": null,
        "InternalNotes": null,
        "IsCurrent": "False",
        "RoleId": 1784,
        "NameEn": "Premier",
        "Ordinal": null,
        "Classes": [
          {
            "RoleClassId": 111,
            "RoleClassOrdinal": null,
            "RoleToRoleClassOrdinal": null,
            "RoleClassNameEn": "Prov",
            "RoleClassNameFr": "Prov"
          },
          {
            "RoleClassId": 12,
            "RoleClassOrdinal": 50,
            "RoleToRoleClassOrdinal": null,
            "RoleClassNameEn": "Minister",
            "RoleClassNameFr": "Ministre"
          },
          {
            "RoleClassId": 15,
            "RoleClassOrdinal": null,
            "RoleToRoleClassOrdinal": null,
            "RoleClassNameEn": "Parliamentary function",
            "RoleClassNameFr": "Fonction Parlementaire"
          }
        ]
      },
      {
        "PersonRoleId": 100792,
        "NameFr": "Membre du parti",
        "StartDate": "1990-09-07T00:00:00Z",
        "StartDateIsApproximate": false,
        "EndDate": "1991-04-26T00:00:00Z",
        "EndDateIsApproximate": false,
        "EndReasonEn": null,
        "EndReasonFr": null,
        "EndReasonTypeEn": null,
        "EndReasonTypeFr": null,
        "SourceOfInformationEn": null,
        "SourceOfInformationFr": null,
        "IsActing": false,
        "ActingTextEn": null,
        "ActingTextFr": null,
        "HasCrossedTheFloor": false,
        "OrganizationId": 6876,
        "OrganizationLongEn": "Progressive Conservative Party",
        "OrganizationLongFr": "Parti progressiste-conservateur",
        "OrganizationShortEn": "Progressive Conservative",
        "OrganizationShortFr": "Progressiste-conservateur",
        "OrganizationAcronymEn": "P.C.",
        "OrganizationAcronymFr": "P.-C.",
        "OrganizationTypeId": 4,
        "OrganizationTypeEn": "Party",
        "OrganizationTypeFr": "Parti",
        "OrganizationProvinceEn": null,
        "OrganizationProvinceFr": null,
        "OrganizationHasProfile": true,
        "IsSenatorialDivision": false,
        "ToBeStyledAsEn": "",
        "ToBeStyledAsFr": "",
        "GroupId": 0,
        "Source": null,
        "PortFolioEn": null,
        "PortFolioFr": null,
        "Committee": null,
        "GroupingTitleEn": "Parliamentarian",
        "GroupingTitleFr": "Parlementaire",
        "GroupingOrder": 1,
        "ParliamentStart": "1988-12-12T00:00:00Z",
        "ParliamentEnd": "1993-09-08T00:00:00Z",
        "ParliamentNumber": 34,
        "PartyOrganizationId": 6876,
        "PartyEn": "Progressive Conservative Party",
        "PartyFr": "Parti progressiste-conservateur",
        "PartyStartDate": "1990-09-07T00:00:00Z",
        "PartyEndDate": "1991-04-26T00:00:00Z",
        "PersonPersonId": 0,
        "PersonLastName": null,
        "PersonUsedFirstName": null,
        "PersonGender": null,
        "MemberOfParliament": null,
        "IsMP": false,
        "IsSenator": false,
        "GovernorGeneral": null,
        "Documents": null,
        "Senator": null,
        "NotesEn": null,
        "NotesFr": null,
        "InternalNotes": null,
        "IsCurrent": "False",
        "RoleId": 722,
        "NameEn": "Party Member",
        "Ordinal": null,
        "Classes": [
          {
            "RoleClassId": 105,
            "RoleClassOrdinal": null,
            "RoleToRoleClassOrdinal": null,
            "RoleClassNameEn": "Parliamentarian",
            "RoleClassNameFr": "Parlementaire"
          }
        ]
      },
      {
        "PersonRoleId": 73227,
        "NameFr": "Membre du parti",
        "StartDate": "1961-06-19T00:00:00Z",
        "StartDateIsApproximate": false,
        "EndDate": "1987-10-12T00:00:00Z",
        "EndDateIsApproximate": false,
        "EndReasonEn": null,
        "EndReasonFr": null,
        "EndReasonTypeEn": null,
        "EndReasonTypeFr": null,
        "SourceOfInformationEn": null,
        "SourceOfInformationFr": null,
        "IsActing": false,
        "ActingTextEn": null,
        "ActingTextFr": null,
        "HasCrossedTheFloor": false,
        "OrganizationId": 6875,
        "OrganizationLongEn": "Progressive Conservative Party",
        "OrganizationLongFr": "Parti progressiste-conservateur",
        "OrganizationShortEn": "Progressive Conservative",
        "OrganizationShortFr": "Progressiste-conservateur",
        "OrganizationAcronymEn": "P.C.",
        "OrganizationAcronymFr": "P.-C.",
        "OrganizationTypeId": 31,
        "OrganizationTypeEn": "Provincial Party",
        "OrganizationTypeFr": "Parti Provincial",
        "OrganizationProvinceEn": null,
        "OrganizationProvinceFr": null,
        "OrganizationHasProfile": true,
        "IsSenatorialDivision": false,
        "ToBeStyledAsEn": "",
        "ToBeStyledAsFr": "",
        "GroupId": 0,
        "Source": null,
        "PortFolioEn": null,
        "PortFolioFr": null,
        "Committee": null,
        "GroupingTitleEn": "Provincial Experience",
        "GroupingTitleFr": "Exp\u00e9rience Provinciale",
        "GroupingOrder": 0,
        "ParliamentStart": null,
        "ParliamentEnd": null,
        "ParliamentNumber": 0,
        "PartyOrganizationId": 6875,
        "PartyEn": "Progressive Conservative Party",
        "PartyFr": "Parti progressiste-conservateur",
        "PartyStartDate": "1961-06-19T00:00:00Z",
        "PartyEndDate": "1987-10-12T00:00:00Z",
        "PersonPersonId": 0,
        "PersonLastName": null,
        "PersonUsedFirstName": null,
        "PersonGender": null,
        "MemberOfParliament": null,
        "IsMP": false,
        "IsSenator": false,
        "GovernorGeneral": null,
        "Documents": null,
        "Senator": null,
        "NotesEn": null,
        "NotesFr": null,
        "InternalNotes": null,
        "IsCurrent": "False",
        "RoleId": 722,
        "NameEn": "Party Member",
        "Ordinal": null,
        "Classes": [
          {
            "RoleClassId": 105,
            "RoleClassOrdinal": null,
            "RoleToRoleClassOrdinal": null,
            "RoleClassNameEn": "Parliamentarian",
            "RoleClassNameFr": "Parlementaire"
          }
        ]
      },
      {
        "PersonRoleId": 284110,
        "NameFr": "Membre de circonscription provinciale",
        "StartDate": "1961-06-19T00:00:00Z",
        "StartDateIsApproximate": false,
        "EndDate": "1974-11-18T00:00:00Z",
        "EndDateIsApproximate": false,
        "EndReasonEn": null,
        "EndReasonFr": null,
        "EndReasonTypeEn": null,
        "EndReasonTypeFr": null,
        "SourceOfInformationEn": null,
        "SourceOfInformationFr": null,
        "IsActing": false,
        "ActingTextEn": null,
        "ActingTextFr": null,
        "HasCrossedTheFloor": false,
        "OrganizationId": 1736,
        "OrganizationLongEn": "Carleton",
        "OrganizationLongFr": "Carleton",
        "OrganizationShortEn": "",
        "OrganizationShortFr": "",
        "OrganizationAcronymEn": "",
        "OrganizationAcronymFr": "",
        "OrganizationTypeId": 8,
        "OrganizationTypeEn": "Provincial Constituency",
        "OrganizationTypeFr": "Compt\u00e9 Provincial",
        "OrganizationProvinceEn": null,
        "OrganizationProvinceFr": null,
        "OrganizationHasProfile": true,
        "IsSenatorialDivision": false,
        "ToBeStyledAsEn": "",
        "ToBeStyledAsFr": "",
        "GroupId": 0,
        "Source": null,
        "PortFolioEn": null,
        "PortFolioFr": null,
        "Committee": null,
        "GroupingTitleEn": "Provincial Experience",
        "GroupingTitleFr": "Exp\u00e9rience Provinciale",
        "GroupingOrder": 0,
        "ParliamentStart": null,
        "ParliamentEnd": null,
        "ParliamentNumber": 0,
        "PartyOrganizationId": 6875,
        "PartyEn": "Progressive Conservative Party",
        "PartyFr": "Parti progressiste-conservateur",
        "PartyStartDate": "1961-06-19T00:00:00Z",
        "PartyEndDate": "1987-10-12T00:00:00Z",
        "PersonPersonId": 0,
        "PersonLastName": null,
        "PersonUsedFirstName": null,
        "PersonGender": null,
        "MemberOfParliament": null,
        "IsMP": false,
        "IsSenator": false,
        "GovernorGeneral": null,
        "Documents": null,
        "Senator": null,
        "NotesEn": null,
        "NotesFr": null,
        "InternalNotes": null,
        "IsCurrent": "False",
        "RoleId": 2997,
        "NameEn": "Provincial Constituency Member",
        "Ordinal": null,
        "Classes": [
          {
            "RoleClassId": 111,
            "RoleClassOrdinal": null,
            "RoleToRoleClassOrdinal": null,
            "RoleClassNameEn": "Prov",
            "RoleClassNameFr": "Prov"
          }
        ]
      },
      {
        "PersonRoleId": 284111,
        "NameFr": "Membre de circonscription provinciale",
        "StartDate": "1974-11-18T00:00:00Z",
        "StartDateIsApproximate": false,
        "EndDate": "1987-10-13T00:00:00Z",
        "EndDateIsApproximate": false,
        "EndReasonEn": null,
        "EndReasonFr": null,
        "EndReasonTypeEn": null,
        "EndReasonTypeFr": null,
        "SourceOfInformationEn": null,
        "SourceOfInformationFr": null,
        "IsActing": false,
        "ActingTextEn": null,
        "ActingTextFr": null,
        "HasCrossedTheFloor": false,
        "OrganizationId": 12266,
        "OrganizationLongEn": "Carleton Centre",
        "OrganizationLongFr": "Carleton Centre",
        "OrganizationShortEn": "",
        "OrganizationShortFr": "",
        "OrganizationAcronymEn": "",
        "OrganizationAcronymFr": "",
        "OrganizationTypeId": 8,
        "OrganizationTypeEn": "Provincial Constituency",
        "OrganizationTypeFr": "Compt\u00e9 Provincial",
        "OrganizationProvinceEn": null,
        "OrganizationProvinceFr": null,
        "OrganizationHasProfile": true,
        "IsSenatorialDivision": false,
        "ToBeStyledAsEn": "",
        "ToBeStyledAsFr": "",
        "GroupId": 0,
        "Source": null,
        "PortFolioEn": null,
        "PortFolioFr": null,
        "Committee": null,
        "GroupingTitleEn": "Provincial Experience",
        "GroupingTitleFr": "Exp\u00e9rience Provinciale",
        "GroupingOrder": 0,
        "ParliamentStart": null,
        "ParliamentEnd": null,
        "ParliamentNumber": 0,
        "PartyOrganizationId": 6875,
        "PartyEn": "Progressive Conservative Party",
        "PartyFr": "Parti progressiste-conservateur",
        "PartyStartDate": "1961-06-19T00:00:00Z",
        "PartyEndDate": "1987-10-12T00:00:00Z",
        "PersonPersonId": 0,
        "PersonLastName": null,
        "PersonUsedFirstName": null,
        "PersonGender": null,
        "MemberOfParliament": null,
        "IsMP": false,
        "IsSenator": false,
        "GovernorGeneral": null,
        "Documents": null,
        "Senator": null,
        "NotesEn": null,
        "NotesFr": null,
        "InternalNotes": null,
        "IsCurrent": "False",
        "RoleId": 2997,
        "NameEn": "Provincial Constituency Member",
        "Ordinal": null,
        "Classes": [
          {
            "RoleClassId": 111,
            "RoleClassOrdinal": null,
            "RoleToRoleClassOrdinal": null,
            "RoleClassNameEn": "Prov",
            "RoleClassNameFr": "Prov"
          }
        ]
      },
      {
        "PersonRoleId": 137465,
        "NameFr": "Chef de l'Opposition",
        "StartDate": "1967-01-01T00:00:00Z",
        "StartDateIsApproximate": true,
        "EndDate": "1970-01-01T00:00:00Z",
        "EndDateIsApproximate": true,
        "EndReasonEn": null,
        "EndReasonFr": null,
        "EndReasonTypeEn": null,
        "EndReasonTypeFr": null,
        "SourceOfInformationEn": null,
        "SourceOfInformationFr": null,
        "IsActing": false,
        "ActingTextEn": null,
        "ActingTextFr": null,
        "HasCrossedTheFloor": false,
        "OrganizationId": 4579,
        "OrganizationLongEn": "Legislative Assembly of New Brunswick",
        "OrganizationLongFr": "Assembl\u00e9e l\u00e9gislative du Nouveau-Brunswick",
        "OrganizationShortEn": "Legislative Assembly",
        "OrganizationShortFr": "Assembl\u00e9e l\u00e9gislative",
        "OrganizationAcronymEn": "",
        "OrganizationAcronymFr": "",
        "OrganizationTypeId": 6,
        "OrganizationTypeEn": "Chamber Of Parliament (Prov)",
        "OrganizationTypeFr": "Chambre de Parlement (Prov)",
        "OrganizationProvinceEn": null,
        "OrganizationProvinceFr": null,
        "OrganizationHasProfile": true,
        "IsSenatorialDivision": false,
        "ToBeStyledAsEn": "",
        "ToBeStyledAsFr": "",
        "GroupId": 0,
        "Source": null,
        "PortFolioEn": null,
        "PortFolioFr": null,
        "Committee": null,
        "GroupingTitleEn": "Provincial Experience",
        "GroupingTitleFr": "Exp\u00e9rience Provinciale",
        "GroupingOrder": 0,
        "ParliamentStart": null,
        "ParliamentEnd": null,
        "ParliamentNumber": 0,
        "PartyOrganizationId": 6875,
        "PartyEn": "Progressive Conservative Party",
        "PartyFr": "Parti progressiste-conservateur",
        "PartyStartDate": "1961-06-19T00:00:00Z",
        "PartyEndDate": "1987-10-12T00:00:00Z",
        "PersonPersonId": 0,
        "PersonLastName": null,
        "PersonUsedFirstName": null,
        "PersonGender": null,
        "MemberOfParliament": null,
        "IsMP": false,
        "IsSenator": false,
        "GovernorGeneral": null,
        "Documents": null,
        "Senator": null,
        "NotesEn": null,
        "NotesFr": null,
        "InternalNotes": null,
        "IsCurrent": "False",
        "RoleId": 184,
        "NameEn": "Leader of the Opposition",
        "Ordinal": null,
        "Classes": [
          {
            "RoleClassId": 15,
            "RoleClassOrdinal": null,
            "RoleToRoleClassOrdinal": null,
            "RoleClassNameEn": "Parliamentary function",
            "RoleClassNameFr": "Fonction Parlementaire"
          }
        ]
      },
      {
        "PersonRoleId": 10653,
        "NameFr": "Chef du Parti progressiste-conservateur (Provincial)",
        "StartDate": "1969-01-01T00:00:00Z",
        "StartDateIsApproximate": true,
        "EndDate": "1987-10-12T00:00:00Z",
        "EndDateIsApproximate": false,
        "EndReasonEn": null,
        "EndReasonFr": null,
        "EndReasonTypeEn": null,
        "EndReasonTypeFr": null,
        "SourceOfInformationEn": null,
        "SourceOfInformationFr": null,
        "IsActing": false,
        "ActingTextEn": null,
        "ActingTextFr": null,
        "HasCrossedTheFloor": false,
        "OrganizationId": 4579,
        "OrganizationLongEn": "Legislative Assembly of New Brunswick",
        "OrganizationLongFr": "Assembl\u00e9e l\u00e9gislative du Nouveau-Brunswick",
        "OrganizationShortEn": "Legislative Assembly",
        "OrganizationShortFr": "Assembl\u00e9e l\u00e9gislative",
        "OrganizationAcronymEn": "",
        "OrganizationAcronymFr": "",
        "OrganizationTypeId": 6,
        "OrganizationTypeEn": "Chamber Of Parliament (Prov)",
        "OrganizationTypeFr": "Chambre de Parlement (Prov)",
        "OrganizationProvinceEn": null,
        "OrganizationProvinceFr": null,
        "OrganizationHasProfile": true,
        "IsSenatorialDivision": false,
        "ToBeStyledAsEn": "",
        "ToBeStyledAsFr": "",
        "GroupId": 0,
        "Source": null,
        "PortFolioEn": null,
        "PortFolioFr": null,
        "Committee": null,
        "GroupingTitleEn": "Provincial Experience",
        "GroupingTitleFr": "Exp\u00e9rience Provinciale",
        "GroupingOrder": 0,
        "ParliamentStart": null,
        "ParliamentEnd": null,
        "ParliamentNumber": 0,
        "PartyOrganizationId": 6875,
        "PartyEn": "Progressive Conservative Party",
        "PartyFr": "Parti progressiste-conservateur",
        "PartyStartDate": "1961-06-19T00:00:00Z",
        "PartyEndDate": "1987-10-12T00:00:00Z",
        "PersonPersonId": 0,
        "PersonLastName": null,
        "PersonUsedFirstName": null,
        "PersonGender": null,
        "MemberOfParliament": null,
        "IsMP": false,
        "IsSenator": false,
        "GovernorGeneral": null,
        "Documents": null,
        "Senator": null,
        "NotesEn": null,
        "NotesFr": null,
        "InternalNotes": null,
        "IsCurrent": "False",
        "RoleId": 188,
        "NameEn": "Leader of the Progressive Conservative Party (Provincial)",
        "Ordinal": null,
        "Classes": [
          {
            "RoleClassId": 8,
            "RoleClassOrdinal": null,
            "RoleToRoleClassOrdinal": null,
            "RoleClassNameEn": "Federal Officers and Executives",
            "RoleClassNameFr": "Officiers et ex\u00e9cutifs f\u00e9d\u00e9raux"
          },
          {
            "RoleClassId": 12,
            "RoleClassOrdinal": 50,
            "RoleToRoleClassOrdinal": null,
            "RoleClassNameEn": "Minister",
            "RoleClassNameFr": "Ministre"
          },
          {
            "RoleClassId": 15,
            "RoleClassOrdinal": null,
            "RoleToRoleClassOrdinal": null,
            "RoleClassNameEn": "Parliamentary function",
            "RoleClassNameFr": "Fonction Parlementaire"
          },
          {
            "RoleClassId": 23,
            "RoleClassOrdinal": null,
            "RoleToRoleClassOrdinal": null,
            "RoleClassNameEn": "Party Leader",
            "RoleClassNameFr": "Chef du parti"
          },
          {
            "RoleClassId": 37,
            "RoleClassOrdinal": 350,
            "RoleToRoleClassOrdinal": null,
            "RoleClassNameEn": "Officers of Party Caucuses and Executives",
            "RoleClassNameFr": "Officiers des caucus des partis et cadres"
          },
          {
            "RoleClassId": 111,
            "RoleClassOrdinal": null,
            "RoleToRoleClassOrdinal": null,
            "RoleClassNameEn": "Prov",
            "RoleClassNameFr": "Prov"
          }
        ]
      },
      {
        "PersonRoleId": 117562,
        "NameFr": "Membre du Conseil priv\u00e9",
        "StartDate": "1982-04-17T00:00:00Z",
        "StartDateIsApproximate": false,
        "EndDate": null,
        "EndDateIsApproximate": false,
        "EndReasonEn": null,
        "EndReasonFr": null,
        "EndReasonTypeEn": null,
        "EndReasonTypeFr": null,
        "SourceOfInformationEn": null,
        "SourceOfInformationFr": null,
        "IsActing": false,
        "ActingTextEn": null,
        "ActingTextFr": null,
        "HasCrossedTheFloor": false,
        "OrganizationId": 6841,
        "OrganizationLongEn": "Privy Council",
        "OrganizationLongFr": "Conseil Priv\u00e9",
        "OrganizationShortEn": "",
        "OrganizationShortFr": "",
        "OrganizationAcronymEn": "",
        "OrganizationAcronymFr": "",
        "OrganizationTypeId": 36,
        "OrganizationTypeEn": "Executive",
        "OrganizationTypeFr": "Ex\u00e9cutif",
        "OrganizationProvinceEn": null,
        "OrganizationProvinceFr": null,
        "OrganizationHasProfile": true,
        "IsSenatorialDivision": false,
        "ToBeStyledAsEn": "",
        "ToBeStyledAsFr": "",
        "GroupId": 0,
        "Source": null,
        "PortFolioEn": null,
        "PortFolioFr": null,
        "Committee": null,
        "GroupingTitleEn": null,
        "GroupingTitleFr": null,
        "GroupingOrder": 0,
        "ParliamentStart": null,
        "ParliamentEnd": null,
        "ParliamentNumber": 0,
        "PartyOrganizationId": 0,
        "PartyEn": null,
        "PartyFr": null,
        "PartyStartDate": null,
        "PartyEndDate": null,
        "PersonPersonId": 0,
        "PersonLastName": null,
        "PersonUsedFirstName": null,
        "PersonGender": null,
        "MemberOfParliament": null,
        "IsMP": false,
        "IsSenator": false,
        "GovernorGeneral": null,
        "Documents": null,
        "Senator": null,
        "NotesEn": null,
        "NotesFr": null,
        "InternalNotes": null,
        "IsCurrent": "True",
        "RoleId": 6,
        "NameEn": "Privy Council Member",
        "Ordinal": 0,
        "Classes": [
          {
            "RoleClassId": 2,
            "RoleClassOrdinal": null,
            "RoleToRoleClassOrdinal": 999,
            "RoleClassNameEn": "Privy Council",
            "RoleClassNameFr": "Privy Council"
          },
          {
            "RoleClassId": 27,
            "RoleClassOrdinal": null,
            "RoleToRoleClassOrdinal": 999,
            "RoleClassNameEn": "Other",
            "RoleClassNameFr": "Autre"
          }
        ]
      },
      {
        "PersonRoleId": 82420,
        "NameFr": "Repr\u00e9sentant \u00e9lu",
        "StartDate": "1961-06-19T00:00:00Z",
        "StartDateIsApproximate": false,
        "EndDate": "1987-10-12T00:00:00Z",
        "EndDateIsApproximate": false,
        "EndReasonEn": null,
        "EndReasonFr": null,
        "EndReasonTypeEn": null,
        "EndReasonTypeFr": null,
        "SourceOfInformationEn": null,
        "SourceOfInformationFr": null,
        "IsActing": false,
        "ActingTextEn": null,
        "ActingTextFr": null,
        "HasCrossedTheFloor": false,
        "OrganizationId": 4579,
        "OrganizationLongEn": "Legislative Assembly of New Brunswick",
        "OrganizationLongFr": "Assembl\u00e9e l\u00e9gislative du Nouveau-Brunswick",
        "OrganizationShortEn": "Legislative Assembly",
        "OrganizationShortFr": "Assembl\u00e9e l\u00e9gislative",
        "OrganizationAcronymEn": "",
        "OrganizationAcronymFr": "",
        "OrganizationTypeId": 6,
        "OrganizationTypeEn": "Chamber Of Parliament (Prov)",
        "OrganizationTypeFr": "Chambre de Parlement (Prov)",
        "OrganizationProvinceEn": null,
        "OrganizationProvinceFr": null,
        "OrganizationHasProfile": true,
        "IsSenatorialDivision": false,
        "ToBeStyledAsEn": "",
        "ToBeStyledAsFr": "",
        "GroupId": 0,
        "Source": null,
        "PortFolioEn": null,
        "PortFolioFr": null,
        "Committee": null,
        "GroupingTitleEn": "Provincial Experience",
        "GroupingTitleFr": "Exp\u00e9rience Provinciale",
        "GroupingOrder": 0,
        "ParliamentStart": null,
        "ParliamentEnd": null,
        "ParliamentNumber": 0,
        "PartyOrganizationId": 6875,
        "PartyEn": "Progressive Conservative Party",
        "PartyFr": "Parti progressiste-conservateur",
        "PartyStartDate": "1961-06-19T00:00:00Z",
        "PartyEndDate": "1987-10-12T00:00:00Z",
        "PersonPersonId": 0,
        "PersonLastName": null,
        "PersonUsedFirstName": null,
        "PersonGender": null,
        "MemberOfParliament": null,
        "IsMP": false,
        "IsSenator": false,
        "GovernorGeneral": null,
        "Documents": null,
        "Senator": null,
        "NotesEn": null,
        "NotesFr": null,
        "InternalNotes": null,
        "IsCurrent": "False",
        "RoleId": 720,
        "NameEn": "Elected Representative",
        "Ordinal": 0,
        "Classes": [
          {
            "RoleClassId": 12,
            "RoleClassOrdinal": 50,
            "RoleToRoleClassOrdinal": null,
            "RoleClassNameEn": "Minister",
            "RoleClassNameFr": "Ministre"
          },
          {
            "RoleClassId": 45,
            "RoleClassOrdinal": null,
            "RoleToRoleClassOrdinal": null,
            "RoleClassNameEn": "Provincial and Territorial Responsabilities",
            "RoleClassNameFr": "Provinces et Territoires - Responsabilit\u00e9s"
          }
        ]
      },
      {
        "PersonRoleId": 91673,
        "NameFr": "Membre pour la circonscription",
        "StartDate": "1990-09-07T00:00:00Z",
        "StartDateIsApproximate": false,
        "EndDate": "1991-04-26T00:00:00Z",
        "EndDateIsApproximate": false,
        "EndReasonEn": null,
        "EndReasonFr": null,
        "EndReasonTypeEn": null,
        "EndReasonTypeFr": null,
        "SourceOfInformationEn": null,
        "SourceOfInformationFr": null,
        "IsActing": false,
        "ActingTextEn": null,
        "ActingTextFr": null,
        "HasCrossedTheFloor": false,
        "OrganizationId": 5752,
        "OrganizationLongEn": "New Brunswick",
        "OrganizationLongFr": "Nouveau-Brunswick",
        "OrganizationShortEn": "",
        "OrganizationShortFr": "",
        "OrganizationAcronymEn": "",
        "OrganizationAcronymFr": "",
        "OrganizationTypeId": 50,
        "OrganizationTypeEn": "Senatorial Riding",
        "OrganizationTypeFr": "Circonscription s\u00e9natoriale",
        "OrganizationProvinceEn": "New Brunswick",
        "OrganizationProvinceFr": "Nouveau-Brunswick",
        "OrganizationHasProfile": true,
        "IsSenatorialDivision": false,
        "ToBeStyledAsEn": "",
        "ToBeStyledAsFr": "",
        "GroupId": 0,
        "Source": null,
        "PortFolioEn": null,
        "PortFolioFr": null,
        "Committee": null,
        "GroupingTitleEn": "Parliamentarian",
        "GroupingTitleFr": "Parlementaire",
        "GroupingOrder": 1,
        "ParliamentStart": "1988-12-12T00:00:00Z",
        "ParliamentEnd": "1993-09-08T00:00:00Z",
        "ParliamentNumber": 34,
        "PartyOrganizationId": 6876,
        "PartyEn": "Progressive Conservative Party",
        "PartyFr": "Parti progressiste-conservateur",
        "PartyStartDate": "1990-09-07T00:00:00Z",
        "PartyEndDate": "1991-04-26T00:00:00Z",
        "PersonPersonId": 0,
        "PersonLastName": null,
        "PersonUsedFirstName": null,
        "PersonGender": null,
        "MemberOfParliament": {
          "OccupationTypeEn": "Continuous",
          "OccupationTypeFr": "Continue"
        },
        "IsMP": false,
        "IsSenator": true,
        "GovernorGeneral": null,
        "Documents": null,
        "Senator": null,
        "NotesEn": null,
        "NotesFr": null,
        "InternalNotes": null,
        "IsCurrent": "False",
        "RoleId": 719,
        "NameEn": "Constituency Member",
        "Ordinal": 240,
        "Classes": [
          {
            "RoleClassId": 49,
            "RoleClassOrdinal": 2,
            "RoleToRoleClassOrdinal": null,
            "RoleClassNameEn": "Salaries in the House of Commons",
            "RoleClassNameFr": "Salaires \u00e0 la Chambre des Communes"
          },
          {
            "RoleClassId": 105,
            "RoleClassOrdinal": null,
            "RoleToRoleClassOrdinal": null,
            "RoleClassNameEn": "Parliamentarian",
            "RoleClassNameFr": "Parlementaire"
          }
        ]
      },
      {
        "PersonRoleId": 6516,
        "NameFr": "S\u00e9nateur",
        "StartDate": "1990-09-07T00:00:00Z",
        "StartDateIsApproximate": false,
        "EndDate": "1991-04-26T00:00:00Z",
        "EndDateIsApproximate": false,
        "EndReasonEn": null,
        "EndReasonFr": null,
        "EndReasonTypeEn": "Death",
        "EndReasonTypeFr": "D\u00e9c\u00e8s",
        "SourceOfInformationEn": null,
        "SourceOfInformationFr": null,
        "IsActing": false,
        "ActingTextEn": null,
        "ActingTextFr": null,
        "HasCrossedTheFloor": false,
        "OrganizationId": 7803,
        "OrganizationLongEn": "Senate",
        "OrganizationLongFr": "S\u00e9nat",
        "OrganizationShortEn": "Sen",
        "OrganizationShortFr": "S\u00e9n",
        "OrganizationAcronymEn": "",
        "OrganizationAcronymFr": "",
        "OrganizationTypeId": 18,
        "OrganizationTypeEn": "Chamber of Parliament (Fed)",
        "OrganizationTypeFr": "Chambre du Parlement (F\u00e9d)",
        "OrganizationProvinceEn": null,
        "OrganizationProvinceFr": null,
        "OrganizationHasProfile": true,
        "IsSenatorialDivision": true,
        "ToBeStyledAsEn": "",
        "ToBeStyledAsFr": "",
        "GroupId": 0,
        "Source": null,
        "PortFolioEn": null,
        "PortFolioFr": null,
        "Committee": null,
        "GroupingTitleEn": "Parliamentarian",
        "GroupingTitleFr": "Parlementaire",
        "GroupingOrder": 1,
        "ParliamentStart": "1988-12-12T00:00:00Z",
        "ParliamentEnd": "1993-09-08T00:00:00Z",
        "ParliamentNumber": 34,
        "PartyOrganizationId": 6876,
        "PartyEn": "Progressive Conservative Party",
        "PartyFr": "Parti progressiste-conservateur",
        "PartyStartDate": "1990-09-07T00:00:00Z",
        "PartyEndDate": "1991-04-26T00:00:00Z",
        "PersonPersonId": 0,
        "PersonLastName": null,
        "PersonUsedFirstName": null,
        "PersonGender": null,
        "MemberOfParliament": null,
        "IsMP": false,
        "IsSenator": true,
        "GovernorGeneral": null,
        "Documents": null,
        "Senator": {
          "IsReappointed": false,
          "AppointmentAdvisorPersonId": 13477,
          "AppointmentAdvisorName": "Martin Brian Mulroney",
          "NominationEndDate": "0001-01-01T00:00:00Z",
          "NominationEndDateIsApproximate": false,
          "ProvinceEn": "New Brunswick",
          "ProvinceFr": "Nouveau-Brunswick"
        },
        "NotesEn": null,
        "NotesFr": null,
        "InternalNotes": null,
        "IsCurrent": "False",
        "RoleId": 718,
        "NameEn": "Senator",
        "Ordinal": 390,
        "Classes": [
          {
            "RoleClassId": 50,
            "RoleClassOrdinal": 1,
            "RoleToRoleClassOrdinal": null,
            "RoleClassNameEn": "Salaries in the Senate",
            "RoleClassNameFr": "Salaires au Senate"
          },
          {
            "RoleClassId": 105,
            "RoleClassOrdinal": null,
            "RoleToRoleClassOrdinal": null,
            "RoleClassNameEn": "Parliamentarian",
            "RoleClassNameFr": "Parlementaire"
          }
        ]
      }
    ],
    "HillAddresses": null,
    "ConstituencyAddresses": null,
    "WebLinks": null,
    "Bibliography": null,
    "ElectionCandidates": null,
    "Death": {
      "DateOfDeath": "1991-04-26T00:00:00Z",
      "DateOfDeathIsApproximate": false,
      "DeceasedOnDuty": true,
      "RecordNotFound": false,
      "CauseOfDeathEn": null,
      "CauseOfDeathFr": null,
      "CemetaryNameEn": null,
      "CemetaryNameFr": null,
      "CemetaryCityEn": null,
      "CemetaryCityFr": null,
      "CemetaryProvinceEn": null,
      "CemetaryProvinceFr": null,
      "CemetaryCountryEn": null,
      "CemetaryCountryFr": null,
      "FuneralDate": null,
      "StateLayFuneralLocationEn": null,
      "StateLayFuneralLocationFr": null,
      "StateLayFuneralStartDate": null,
      "StateLayFuneralEndDate": null,
      "ReferenceOfStateLay": null
    },
    "PrimeMinister": null,
    "Parliaments": null,
    "Age": 60,
    "DisplayName": "Hatfield, Richard Bennett",
    "StraightDisplayName": "Richard Bennett Hatfield",
    "PartyEn": "Progressive Conservative Party (1990/09/07 - 1991/04/26)<br>",
    "PartyFr": "Parti progressiste-conservateur (1990/09/07 - 1991/04/26)<br>",
    "ConstituencyEn": "New Brunswick (1990/09/07 - 1991/04/26)<br>",
    "ConstituencyFr": "Nouveau-Brunswick (1990/09/07 - 1991/04/26)<br>",
    "CurrentPartyEn": "Progressive Conservative Party",
    "CurrentPartyFr": "Parti progressiste-conservateur",
    "CurrentConstituencyEn": "New Brunswick",
    "CurrentConstituencyFr": "Nouveau-Brunswick",
    "ElectedInParliaments": "",
    "ServedInParliaments": "",
    "ProvinceEn": "New Brunswick<br>",
    "ProvinceFr": "Nouveau-Brunswick<br>",
    "PrimeMinisterEn": "",
    "PrimeMinisterFr": "",
    "CabinetChairEn": "",
    "CabinetChairFr": "",
    "CabinetCommitteeMemberEn": "",
    "CabinetCommitteeMemberFr": "",
    "LeaderOpposition": "",
    "DeputyPrimeMinister": "",
    "SpeakerHouseOfCommons": "",
    "SpeakerSenate": "",
    "SpeakerProTempore": "",
    "DeputySpeaker": "",
    "AssistantDeputySpeakerChairEn": "",
    "AssistantDeputySpeakerChairFr": "",
    "MinisterOfEn": "",
    "MinisterOfFr": "",
    "AssociateMinisterOfEn": "",
    "AssociateMinisterOfFr": "",
    "MinisterOfStateOfEn": "",
    "MinisterOfStateOfFr": "",
    "SecretaryOfStateOfEn": "",
    "SecretaryOfStateOfFr": "",
    "ParliamentarySecretaryOfEn": "",
    "ParliamentarySecretaryOfFr": "",
    "ParliamentaryAssistantOfEn": "",
    "ParliamentaryAssistantOfFr": "",
    "PartyLeaderEn": "",
    "PartyLeaderFr": "",
    "HouseLeaderEn": "",
    "HouseLeaderFr": "",
    "DeputyHouseLeaderEn": "",
    "DeputyHouseLeaderFr": "",
    "WhipEn": "",
    "WhipFr": "",
    "DeputyWhipEn": "",
    "DeputyWhipFr": "",
    "CriticOfEn": "",
    "CriticOfFr": "",
    "AssistantCriticOfEn": "",
    "AssistantCriticOfFr": "",
    "TypeOfParliamentarianEn": "Senator (1990/09/07 - 1991/04/26)<br>",
    "TypeOfParliamentarianFr": "S\u00e9nateur (1990/09/07 - 1991/04/26)<br>",
    "MemberOfParliamentMandate": "",
    "SenateMandate": "1990/09/07 - 1991/04/26<br>",
    "DiedInOffice": false,
    "PremiershipExperienceEn": "Legislative Assembly of New Brunswick (1970/11/12 - 1987/10/26)<br>",
    "PremiershipExperienceFr": "Assembl\u00e9e l\u00e9gislative du Nouveau-Brunswick (1970/11/12 - 1987/10/26)<br>",
    "ProvincialExperienceEn": "Carleton Centre - Provincial Constituency Member (1974/11/18 - 1987/10/13)<br>Legislative Assembly of New Brunswick - Leader of the Progressive Conservative Party (Provincial) (1969 - 1987/10/12)<br>Progressive Conservative Party - Party Member (1961/06/19 - 1987/10/12)<br>Legislative Assembly of New Brunswick - Elected Representative (1961/06/19 - 1987/10/12)<br>Carleton - Provincial Constituency Member (1961/06/19 - 1974/11/18)<br>Legislative Assembly of New Brunswick - Leader of the Opposition (1967 - 1970)<br>",
    "ProvincialExperienceFr": "Carleton Centre - Membre de circonscription provinciale (1974/11/18 - 1987/10/13)<br>Assembl\u00e9e l\u00e9gislative du Nouveau-Brunswick - Chef du Parti progressiste-conservateur (Provincial) (1969 - 1987/10/12)<br>Parti progressiste-conservateur - Membre du parti (1961/06/19 - 1987/10/12)<br>Assembl\u00e9e l\u00e9gislative du Nouveau-Brunswick - Repr\u00e9sentant \u00e9lu (1961/06/19 - 1987/10/12)<br>Carleton - Membre de circonscription provinciale (1961/06/19 - 1974/11/18)<br>Assembl\u00e9e l\u00e9gislative du Nouveau-Brunswick - Chef de l'Opposition (1967 - 1970)<br>",
    "MunicipalExperienceEn": "",
    "MunicipalExperienceFr": "",
    "MilitaryServiceEn": "",
    "MilitaryServiceFr": "",
    "MinistryDurationEn": "",
    "MinistryDurationFr": "",
    "ProfessionsEn": ", sales manager",
    "ProfessionsFr": ", g\u00e9rant des ventes",
    "LanguageEn": "",
    "LanguageFr": "",
    "IsPrimeMinister": false,
    "YearsOfServiceSegments": [
      {
        "TotalDays": 232,
        "Years": 0,
        "Months": 7,
        "Days": 20,
        "Hours": 0,
        "Minutes": 0,
        "Seconds": 0,
        "Milliseconds": 0
      }
    ],
    "IsCurrentlyInOffice": false,
    "IsCurrentlySenator": false,
    "IsCurrentlyMP": false,
    "HasMaidenSpeech": false,
    "_id": "59f8770be413e1389ffd1a32",
    "LastUpdatedId": "000000000000000000000000",
    "LastModified": "0001-01-01T00:00:00",
    "ModifiedBy": null
  },
  "FederalExperience": [
    {
      "PersonRoleId": 100792,
      "NameFr": "Membre du parti",
      "StartDate": "1990-09-07T00:00:00Z",
      "StartDateIsApproximate": false,
      "EndDate": "1991-04-26T00:00:00Z",
      "EndDateIsApproximate": false,
      "EndReasonEn": null,
      "EndReasonFr": null,
      "EndReasonTypeEn": null,
      "EndReasonTypeFr": null,
      "SourceOfInformationEn": null,
      "SourceOfInformationFr": null,
      "IsActing": false,
      "ActingTextEn": null,
      "ActingTextFr": null,
      "HasCrossedTheFloor": false,
      "OrganizationId": 6876,
      "OrganizationLongEn": "Progressive Conservative Party",
      "OrganizationLongFr": "Parti progressiste-conservateur",
      "OrganizationShortEn": "Progressive Conservative",
      "OrganizationShortFr": "Progressiste-conservateur",
      "OrganizationAcronymEn": "P.C.",
      "OrganizationAcronymFr": "P.-C.",
      "OrganizationTypeId": 4,
      "OrganizationTypeEn": "Party",
      "OrganizationTypeFr": "Parti",
      "OrganizationProvinceEn": null,
      "OrganizationProvinceFr": null,
      "OrganizationHasProfile": true,
      "IsSenatorialDivision": false,
      "ToBeStyledAsEn": "",
      "ToBeStyledAsFr": "",
      "GroupId": 0,
      "Source": null,
      "PortFolioEn": null,
      "PortFolioFr": null,
      "Committee": null,
      "GroupingTitleEn": "Parliamentarian",
      "GroupingTitleFr": "Parlementaire",
      "GroupingOrder": 1,
      "ParliamentStart": "1988-12-12T00:00:00Z",
      "ParliamentEnd": "1993-09-08T00:00:00Z",
      "ParliamentNumber": 34,
      "PartyOrganizationId": 6876,
      "PartyEn": "Progressive Conservative Party",
      "PartyFr": "Parti progressiste-conservateur",
      "PartyStartDate": "1990-09-07T00:00:00Z",
      "PartyEndDate": "1991-04-26T00:00:00Z",
      "PersonPersonId": 0,
      "PersonLastName": null,
      "PersonUsedFirstName": null,
      "PersonGender": null,
      "MemberOfParliament": null,
      "IsMP": false,
      "IsSenator": false,
      "GovernorGeneral": null,
      "Documents": null,
      "Senator": null,
      "NotesEn": null,
      "NotesFr": null,
      "InternalNotes": null,
      "IsCurrent": "False",
      "RoleId": 722,
      "NameEn": "Party Member",
      "Ordinal": null,
      "Classes": [
        {
          "RoleClassId": 105,
          "RoleClassOrdinal": null,
          "RoleToRoleClassOrdinal": null,
          "RoleClassNameEn": "Parliamentarian",
          "RoleClassNameFr": "Parlementaire"
        }
      ]
    },
    {
      "PersonRoleId": 91673,
      "NameFr": "Membre pour la circonscription",
      "StartDate": "1990-09-07T00:00:00Z",
      "StartDateIsApproximate": false,
      "EndDate": "1991-04-26T00:00:00Z",
      "EndDateIsApproximate": false,
      "EndReasonEn": null,
      "EndReasonFr": null,
      "EndReasonTypeEn": null,
      "EndReasonTypeFr": null,
      "SourceOfInformationEn": null,
      "SourceOfInformationFr": null,
      "IsActing": false,
      "ActingTextEn": null,
      "ActingTextFr": null,
      "HasCrossedTheFloor": false,
      "OrganizationId": 5752,
      "OrganizationLongEn": "New Brunswick",
      "OrganizationLongFr": "Nouveau-Brunswick",
      "OrganizationShortEn": "",
      "OrganizationShortFr": "",
      "OrganizationAcronymEn": "",
      "OrganizationAcronymFr": "",
      "OrganizationTypeId": 50,
      "OrganizationTypeEn": "Senatorial Riding",
      "OrganizationTypeFr": "Circonscription s\u00e9natoriale",
      "OrganizationProvinceEn": "New Brunswick",
      "OrganizationProvinceFr": "Nouveau-Brunswick",
      "OrganizationHasProfile": true,
      "IsSenatorialDivision": false,
      "ToBeStyledAsEn": "",
      "ToBeStyledAsFr": "",
      "GroupId": 0,
      "Source": null,
      "PortFolioEn": null,
      "PortFolioFr": null,
      "Committee": null,
      "GroupingTitleEn": "Parliamentarian",
      "GroupingTitleFr": "Parlementaire",
      "GroupingOrder": 1,
      "ParliamentStart": "1988-12-12T00:00:00Z",
      "ParliamentEnd": "1993-09-08T00:00:00Z",
      "ParliamentNumber": 34,
      "PartyOrganizationId": 6876,
      "PartyEn": "Progressive Conservative Party",
      "PartyFr": "Parti progressiste-conservateur",
      "PartyStartDate": "1990-09-07T00:00:00Z",
      "PartyEndDate": "1991-04-26T00:00:00Z",
      "PersonPersonId": 0,
      "PersonLastName": null,
      "PersonUsedFirstName": null,
      "PersonGender": null,
      "MemberOfParliament": {
        "OccupationTypeEn": "Continuous",
        "OccupationTypeFr": "Continue"
      },
      "IsMP": false,
      "IsSenator": true,
      "GovernorGeneral": null,
      "Documents": null,
      "Senator": null,
      "NotesEn": null,
      "NotesFr": null,
      "InternalNotes": null,
      "IsCurrent": "False",
      "RoleId": 719,
      "NameEn": "Constituency Member",
      "Ordinal": 240,
      "Classes": [
        {
          "RoleClassId": 49,
          "RoleClassOrdinal": 2,
          "RoleToRoleClassOrdinal": null,
          "RoleClassNameEn": "Salaries in the House of Commons",
          "RoleClassNameFr": "Salaires \u00e0 la Chambre des Communes"
        },
        {
          "RoleClassId": 105,
          "RoleClassOrdinal": null,
          "RoleToRoleClassOrdinal": null,
          "RoleClassNameEn": "Parliamentarian",
          "RoleClassNameFr": "Parlementaire"
        }
      ]
    },
    {
      "PersonRoleId": 6516,
      "NameFr": "S\u00e9nateur",
      "StartDate": "1990-09-07T00:00:00Z",
      "StartDateIsApproximate": false,
      "EndDate": "1991-04-26T00:00:00Z",
      "EndDateIsApproximate": false,
      "EndReasonEn": null,
      "EndReasonFr": null,
      "EndReasonTypeEn": "Death",
      "EndReasonTypeFr": "D\u00e9c\u00e8s",
      "SourceOfInformationEn": null,
      "SourceOfInformationFr": null,
      "IsActing": false,
      "ActingTextEn": null,
      "ActingTextFr": null,
      "HasCrossedTheFloor": false,
      "OrganizationId": 7803,
      "OrganizationLongEn": "Senate",
      "OrganizationLongFr": "S\u00e9nat",
      "OrganizationShortEn": "Sen",
      "OrganizationShortFr": "S\u00e9n",
      "OrganizationAcronymEn": "",
      "OrganizationAcronymFr": "",
      "OrganizationTypeId": 18,
      "OrganizationTypeEn": "Chamber of Parliament (Fed)",
      "OrganizationTypeFr": "Chambre du Parlement (F\u00e9d)",
      "OrganizationProvinceEn": null,
      "OrganizationProvinceFr": null,
      "OrganizationHasProfile": true,
      "IsSenatorialDivision": true,
      "ToBeStyledAsEn": "",
      "ToBeStyledAsFr": "",
      "GroupId": 0,
      "Source": null,
      "PortFolioEn": null,
      "PortFolioFr": null,
      "Committee": null,
      "GroupingTitleEn": "Parliamentarian",
      "GroupingTitleFr": "Parlementaire",
      "GroupingOrder": 1,
      "ParliamentStart": "1988-12-12T00:00:00Z",
      "ParliamentEnd": "1993-09-08T00:00:00Z",
      "ParliamentNumber": 34,
      "PartyOrganizationId": 6876,
      "PartyEn": "Progressive Conservative Party",
      "PartyFr": "Parti progressiste-conservateur",
      "PartyStartDate": "1990-09-07T00:00:00Z",
      "PartyEndDate": "1991-04-26T00:00:00Z",
      "PersonPersonId": 0,
      "PersonLastName": null,
      "PersonUsedFirstName": null,
      "PersonGender": null,
      "MemberOfParliament": null,
      "IsMP": false,
      "IsSenator": true,
      "GovernorGeneral": null,
      "Documents": null,
      "Senator": {
        "IsReappointed": false,
        "AppointmentAdvisorPersonId": 13477,
        "AppointmentAdvisorName": "Martin Brian Mulroney",
        "NominationEndDate": "0001-01-01T00:00:00Z",
        "NominationEndDateIsApproximate": false,
        "ProvinceEn": "New Brunswick",
        "ProvinceFr": "Nouveau-Brunswick"
      },
      "NotesEn": null,
      "NotesFr": null,
      "InternalNotes": null,
      "IsCurrent": "False",
      "RoleId": 718,
      "NameEn": "Senator",
      "Ordinal": 390,
      "Classes": [
        {
          "RoleClassId": 50,
          "RoleClassOrdinal": 1,
          "RoleToRoleClassOrdinal": null,
          "RoleClassNameEn": "Salaries in the Senate",
          "RoleClassNameFr": "Salaires au Senate"
        },
        {
          "RoleClassId": 105,
          "RoleClassOrdinal": null,
          "RoleToRoleClassOrdinal": null,
          "RoleClassNameEn": "Parliamentarian",
          "RoleClassNameFr": "Parlementaire"
        }
      ]
    }
  ],
  "FederalExperienceList": [
    {
      "PersonRoleId": 100792,
      "NameFr": "Membre du parti",
      "StartDate": "1990-09-07T00:00:00Z",
      "StartDateIsApproximate": false,
      "EndDate": "1991-04-26T00:00:00Z",
      "EndDateIsApproximate": false,
      "EndReasonEn": null,
      "EndReasonFr": null,
      "EndReasonTypeEn": null,
      "EndReasonTypeFr": null,
      "SourceOfInformationEn": null,
      "SourceOfInformationFr": null,
      "IsActing": false,
      "ActingTextEn": null,
      "ActingTextFr": null,
      "HasCrossedTheFloor": false,
      "OrganizationId": 6876,
      "OrganizationLongEn": "Progressive Conservative Party",
      "OrganizationLongFr": "Parti progressiste-conservateur",
      "OrganizationShortEn": "Progressive Conservative",
      "OrganizationShortFr": "Progressiste-conservateur",
      "OrganizationAcronymEn": "P.C.",
      "OrganizationAcronymFr": "P.-C.",
      "OrganizationTypeId": 4,
      "OrganizationTypeEn": "Party",
      "OrganizationTypeFr": "Parti",
      "OrganizationProvinceEn": null,
      "OrganizationProvinceFr": null,
      "OrganizationHasProfile": true,
      "IsSenatorialDivision": false,
      "ToBeStyledAsEn": "",
      "ToBeStyledAsFr": "",
      "GroupId": 0,
      "Source": null,
      "PortFolioEn": null,
      "PortFolioFr": null,
      "Committee": null,
      "GroupingTitleEn": "Parliamentarian",
      "GroupingTitleFr": "Parlementaire",
      "GroupingOrder": 1,
      "ParliamentStart": "1988-12-12T00:00:00Z",
      "ParliamentEnd": "1993-09-08T00:00:00Z",
      "ParliamentNumber": 34,
      "PartyOrganizationId": 6876,
      "PartyEn": "Progressive Conservative Party",
      "PartyFr": "Parti progressiste-conservateur",
      "PartyStartDate": "1990-09-07T00:00:00Z",
      "PartyEndDate": "1991-04-26T00:00:00Z",
      "PersonPersonId": 0,
      "PersonLastName": null,
      "PersonUsedFirstName": null,
      "PersonGender": null,
      "MemberOfParliament": null,
      "IsMP": false,
      "IsSenator": false,
      "GovernorGeneral": null,
      "Documents": null,
      "Senator": null,
      "NotesEn": null,
      "NotesFr": null,
      "InternalNotes": null,
      "IsCurrent": "False",
      "RoleId": 722,
      "NameEn": "Party Member",
      "Ordinal": null,
      "Classes": [
        {
          "RoleClassId": 105,
          "RoleClassOrdinal": null,
          "RoleToRoleClassOrdinal": null,
          "RoleClassNameEn": "Parliamentarian",
          "RoleClassNameFr": "Parlementaire"
        }
      ]
    },
    {
      "PersonRoleId": 91673,
      "NameFr": "Membre pour la circonscription",
      "StartDate": "1990-09-07T00:00:00Z",
      "StartDateIsApproximate": false,
      "EndDate": "1991-04-26T00:00:00Z",
      "EndDateIsApproximate": false,
      "EndReasonEn": null,
      "EndReasonFr": null,
      "EndReasonTypeEn": null,
      "EndReasonTypeFr": null,
      "SourceOfInformationEn": null,
      "SourceOfInformationFr": null,
      "IsActing": false,
      "ActingTextEn": null,
      "ActingTextFr": null,
      "HasCrossedTheFloor": false,
      "OrganizationId": 5752,
      "OrganizationLongEn": "New Brunswick",
      "OrganizationLongFr": "Nouveau-Brunswick",
      "OrganizationShortEn": "",
      "OrganizationShortFr": "",
      "OrganizationAcronymEn": "",
      "OrganizationAcronymFr": "",
      "OrganizationTypeId": 50,
      "OrganizationTypeEn": "Senatorial Riding",
      "OrganizationTypeFr": "Circonscription s\u00e9natoriale",
      "OrganizationProvinceEn": "New Brunswick",
      "OrganizationProvinceFr": "Nouveau-Brunswick",
      "OrganizationHasProfile": true,
      "IsSenatorialDivision": false,
      "ToBeStyledAsEn": "",
      "ToBeStyledAsFr": "",
      "GroupId": 0,
      "Source": null,
      "PortFolioEn": null,
      "PortFolioFr": null,
      "Committee": null,
      "GroupingTitleEn": "Parliamentarian",
      "GroupingTitleFr": "Parlementaire",
      "GroupingOrder": 1,
      "ParliamentStart": "1988-12-12T00:00:00Z",
      "ParliamentEnd": "1993-09-08T00:00:00Z",
      "ParliamentNumber": 34,
      "PartyOrganizationId": 6876,
      "PartyEn": "Progressive Conservative Party",
      "PartyFr": "Parti progressiste-conservateur",
      "PartyStartDate": "1990-09-07T00:00:00Z",
      "PartyEndDate": "1991-04-26T00:00:00Z",
      "PersonPersonId": 0,
      "PersonLastName": null,
      "PersonUsedFirstName": null,
      "PersonGender": null,
      "MemberOfParliament": {
        "OccupationTypeEn": "Continuous",
        "OccupationTypeFr": "Continue"
      },
      "IsMP": false,
      "IsSenator": true,
      "GovernorGeneral": null,
      "Documents": null,
      "Senator": null,
      "NotesEn": null,
      "NotesFr": null,
      "InternalNotes": null,
      "IsCurrent": "False",
      "RoleId": 719,
      "NameEn": "Constituency Member",
      "Ordinal": 240,
      "Classes": [
        {
          "RoleClassId": 49,
          "RoleClassOrdinal": 2,
          "RoleToRoleClassOrdinal": null,
          "RoleClassNameEn": "Salaries in the House of Commons",
          "RoleClassNameFr": "Salaires \u00e0 la Chambre des Communes"
        },
        {
          "RoleClassId": 105,
          "RoleClassOrdinal": null,
          "RoleToRoleClassOrdinal": null,
          "RoleClassNameEn": "Parliamentarian",
          "RoleClassNameFr": "Parlementaire"
        }
      ]
    },
    {
      "PersonRoleId": 6516,
      "NameFr": "S\u00e9nateur",
      "StartDate": "1990-09-07T00:00:00Z",
      "StartDateIsApproximate": false,
      "EndDate": "1991-04-26T00:00:00Z",
      "EndDateIsApproximate": false,
      "EndReasonEn": null,
      "EndReasonFr": null,
      "EndReasonTypeEn": "Death",
      "EndReasonTypeFr": "D\u00e9c\u00e8s",
      "SourceOfInformationEn": null,
      "SourceOfInformationFr": null,
      "IsActing": false,
      "ActingTextEn": null,
      "ActingTextFr": null,
      "HasCrossedTheFloor": false,
      "OrganizationId": 7803,
      "OrganizationLongEn": "Senate",
      "OrganizationLongFr": "S\u00e9nat",
      "OrganizationShortEn": "Sen",
      "OrganizationShortFr": "S\u00e9n",
      "OrganizationAcronymEn": "",
      "OrganizationAcronymFr": "",
      "OrganizationTypeId": 18,
      "OrganizationTypeEn": "Chamber of Parliament (Fed)",
      "OrganizationTypeFr": "Chambre du Parlement (F\u00e9d)",
      "OrganizationProvinceEn": null,
      "OrganizationProvinceFr": null,
      "OrganizationHasProfile": true,
      "IsSenatorialDivision": true,
      "ToBeStyledAsEn": "",
      "ToBeStyledAsFr": "",
      "GroupId": 0,
      "Source": null,
      "PortFolioEn": null,
      "PortFolioFr": null,
      "Committee": null,
      "GroupingTitleEn": "Parliamentarian",
      "GroupingTitleFr": "Parlementaire",
      "GroupingOrder": 1,
      "ParliamentStart": "1988-12-12T00:00:00Z",
      "ParliamentEnd": "1993-09-08T00:00:00Z",
      "ParliamentNumber": 34,
      "PartyOrganizationId": 6876,
      "PartyEn": "Progressive Conservative Party",
      "PartyFr": "Parti progressiste-conservateur",
      "PartyStartDate": "1990-09-07T00:00:00Z",
      "PartyEndDate": "1991-04-26T00:00:00Z",
      "PersonPersonId": 0,
      "PersonLastName": null,
      "PersonUsedFirstName": null,
      "PersonGender": null,
      "MemberOfParliament": null,
      "IsMP": false,
      "IsSenator": true,
      "GovernorGeneral": null,
      "Documents": null,
      "Senator": {
        "IsReappointed": false,
        "AppointmentAdvisorPersonId": 13477,
        "AppointmentAdvisorName": "Martin Brian Mulroney",
        "NominationEndDate": "0001-01-01T00:00:00Z",
        "NominationEndDateIsApproximate": false,
        "ProvinceEn": "New Brunswick",
        "ProvinceFr": "Nouveau-Brunswick"
      },
      "NotesEn": null,
      "NotesFr": null,
      "InternalNotes": null,
      "IsCurrent": "False",
      "RoleId": 718,
      "NameEn": "Senator",
      "Ordinal": 390,
      "Classes": [
        {
          "RoleClassId": 50,
          "RoleClassOrdinal": 1,
          "RoleToRoleClassOrdinal": null,
          "RoleClassNameEn": "Salaries in the Senate",
          "RoleClassNameFr": "Salaires au Senate"
        },
        {
          "RoleClassId": 105,
          "RoleClassOrdinal": null,
          "RoleToRoleClassOrdinal": null,
          "RoleClassNameEn": "Parliamentarian",
          "RoleClassNameFr": "Parlementaire"
        }
      ]
    }
  ],
  "CommitteeMembership": null,
  "PublicOfficeExperience": null,
  "ProvincialExperience": [
    {
      "PersonRoleId": 284111,
      "NameFr": "Membre de circonscription provinciale",
      "StartDate": "1974-11-18T00:00:00Z",
      "StartDateIsApproximate": false,
      "EndDate": "1987-10-13T00:00:00Z",
      "EndDateIsApproximate": false,
      "EndReasonEn": null,
      "EndReasonFr": null,
      "EndReasonTypeEn": null,
      "EndReasonTypeFr": null,
      "SourceOfInformationEn": null,
      "SourceOfInformationFr": null,
      "IsActing": false,
      "ActingTextEn": null,
      "ActingTextFr": null,
      "HasCrossedTheFloor": false,
      "OrganizationId": 12266,
      "OrganizationLongEn": "Carleton Centre",
      "OrganizationLongFr": "Carleton Centre",
      "OrganizationShortEn": "",
      "OrganizationShortFr": "",
      "OrganizationAcronymEn": "",
      "OrganizationAcronymFr": "",
      "OrganizationTypeId": 8,
      "OrganizationTypeEn": "Provincial Constituency",
      "OrganizationTypeFr": "Compt\u00e9 Provincial",
      "OrganizationProvinceEn": null,
      "OrganizationProvinceFr": null,
      "OrganizationHasProfile": true,
      "IsSenatorialDivision": false,
      "ToBeStyledAsEn": "",
      "ToBeStyledAsFr": "",
      "GroupId": 0,
      "Source": null,
      "PortFolioEn": null,
      "PortFolioFr": null,
      "Committee": null,
      "GroupingTitleEn": "Provincial Experience",
      "GroupingTitleFr": "Exp\u00e9rience Provinciale",
      "GroupingOrder": 0,
      "ParliamentStart": null,
      "ParliamentEnd": null,
      "ParliamentNumber": 0,
      "PartyOrganizationId": 6875,
      "PartyEn": "Progressive Conservative Party",
      "PartyFr": "Parti progressiste-conservateur",
      "PartyStartDate": "1961-06-19T00:00:00Z",
      "PartyEndDate": "1987-10-12T00:00:00Z",
      "PersonPersonId": 0,
      "PersonLastName": null,
      "PersonUsedFirstName": null,
      "PersonGender": null,
      "MemberOfParliament": null,
      "IsMP": false,
      "IsSenator": false,
      "GovernorGeneral": null,
      "Documents": null,
      "Senator": null,
      "NotesEn": null,
      "NotesFr": null,
      "InternalNotes": null,
      "IsCurrent": "False",
      "RoleId": 2997,
      "NameEn": "Provincial Constituency Member",
      "Ordinal": null,
      "Classes": [
        {
          "RoleClassId": 111,
          "RoleClassOrdinal": null,
          "RoleToRoleClassOrdinal": null,
          "RoleClassNameEn": "Prov",
          "RoleClassNameFr": "Prov"
        }
      ]
    },
    {
      "PersonRoleId": 37749,
      "NameFr": "Premier ministre",
      "StartDate": "1970-11-12T00:00:00Z",
      "StartDateIsApproximate": false,
      "EndDate": "1987-10-26T00:00:00Z",
      "EndDateIsApproximate": false,
      "EndReasonEn": null,
      "EndReasonFr": null,
      "EndReasonTypeEn": null,
      "EndReasonTypeFr": null,
      "SourceOfInformationEn": null,
      "SourceOfInformationFr": null,
      "IsActing": false,
      "ActingTextEn": null,
      "ActingTextFr": null,
      "HasCrossedTheFloor": false,
      "OrganizationId": 4579,
      "OrganizationLongEn": "Legislative Assembly of New Brunswick",
      "OrganizationLongFr": "Assembl\u00e9e l\u00e9gislative du Nouveau-Brunswick",
      "OrganizationShortEn": "Legislative Assembly",
      "OrganizationShortFr": "Assembl\u00e9e l\u00e9gislative",
      "OrganizationAcronymEn": "",
      "OrganizationAcronymFr": "",
      "OrganizationTypeId": 6,
      "OrganizationTypeEn": "Chamber Of Parliament (Prov)",
      "OrganizationTypeFr": "Chambre de Parlement (Prov)",
      "OrganizationProvinceEn": null,
      "OrganizationProvinceFr": null,
      "OrganizationHasProfile": true,
      "IsSenatorialDivision": false,
      "ToBeStyledAsEn": "",
      "ToBeStyledAsFr": "",
      "GroupId": 0,
      "Source": null,
      "PortFolioEn": null,
      "PortFolioFr": null,
      "Committee": null,
      "GroupingTitleEn": "Provincial Experience",
      "GroupingTitleFr": "Exp\u00e9rience Provinciale",
      "GroupingOrder": 0,
      "ParliamentStart": null,
      "ParliamentEnd": null,
      "ParliamentNumber": 0,
      "PartyOrganizationId": 6875,
      "PartyEn": "Progressive Conservative Party",
      "PartyFr": "Parti progressiste-conservateur",
      "PartyStartDate": "1961-06-19T00:00:00Z",
      "PartyEndDate": "1987-10-12T00:00:00Z",
      "PersonPersonId": 0,
      "PersonLastName": null,
      "PersonUsedFirstName": null,
      "PersonGender": null,
      "MemberOfParliament": null,
      "IsMP": false,
      "IsSenator": false,
      "GovernorGeneral": null,
      "Documents": null,
      "Senator": null,
      "NotesEn": null,
      "NotesFr": null,
      "InternalNotes": null,
      "IsCurrent": "False",
      "RoleId": 1784,
      "NameEn": "Premier",
      "Ordinal": null,
      "Classes": [
        {
          "RoleClassId": 111,
          "RoleClassOrdinal": null,
          "RoleToRoleClassOrdinal": null,
          "RoleClassNameEn": "Prov",
          "RoleClassNameFr": "Prov"
        },
        {
          "RoleClassId": 12,
          "RoleClassOrdinal": 50,
          "RoleToRoleClassOrdinal": null,
          "RoleClassNameEn": "Minister",
          "RoleClassNameFr": "Ministre"
        },
        {
          "RoleClassId": 15,
          "RoleClassOrdinal": null,
          "RoleToRoleClassOrdinal": null,
          "RoleClassNameEn": "Parliamentary function",
          "RoleClassNameFr": "Fonction Parlementaire"
        }
      ]
    },
    {
      "PersonRoleId": 10653,
      "NameFr": "Chef du Parti progressiste-conservateur (Provincial)",
      "StartDate": "1969-01-01T00:00:00Z",
      "StartDateIsApproximate": true,
      "EndDate": "1987-10-12T00:00:00Z",
      "EndDateIsApproximate": false,
      "EndReasonEn": null,
      "EndReasonFr": null,
      "EndReasonTypeEn": null,
      "EndReasonTypeFr": null,
      "SourceOfInformationEn": null,
      "SourceOfInformationFr": null,
      "IsActing": false,
      "ActingTextEn": null,
      "ActingTextFr": null,
      "HasCrossedTheFloor": false,
      "OrganizationId": 4579,
      "OrganizationLongEn": "Legislative Assembly of New Brunswick",
      "OrganizationLongFr": "Assembl\u00e9e l\u00e9gislative du Nouveau-Brunswick",
      "OrganizationShortEn": "Legislative Assembly",
      "OrganizationShortFr": "Assembl\u00e9e l\u00e9gislative",
      "OrganizationAcronymEn": "",
      "OrganizationAcronymFr": "",
      "OrganizationTypeId": 6,
      "OrganizationTypeEn": "Chamber Of Parliament (Prov)",
      "OrganizationTypeFr": "Chambre de Parlement (Prov)",
      "OrganizationProvinceEn": null,
      "OrganizationProvinceFr": null,
      "OrganizationHasProfile": true,
      "IsSenatorialDivision": false,
      "ToBeStyledAsEn": "",
      "ToBeStyledAsFr": "",
      "GroupId": 0,
      "Source": null,
      "PortFolioEn": null,
      "PortFolioFr": null,
      "Committee": null,
      "GroupingTitleEn": "Provincial Experience",
      "GroupingTitleFr": "Exp\u00e9rience Provinciale",
      "GroupingOrder": 0,
      "ParliamentStart": null,
      "ParliamentEnd": null,
      "ParliamentNumber": 0,
      "PartyOrganizationId": 6875,
      "PartyEn": "Progressive Conservative Party",
      "PartyFr": "Parti progressiste-conservateur",
      "PartyStartDate": "1961-06-19T00:00:00Z",
      "PartyEndDate": "1987-10-12T00:00:00Z",
      "PersonPersonId": 0,
      "PersonLastName": null,
      "PersonUsedFirstName": null,
      "PersonGender": null,
      "MemberOfParliament": null,
      "IsMP": false,
      "IsSenator": false,
      "GovernorGeneral": null,
      "Documents": null,
      "Senator": null,
      "NotesEn": null,
      "NotesFr": null,
      "InternalNotes": null,
      "IsCurrent": "False",
      "RoleId": 188,
      "NameEn": "Leader of the Progressive Conservative Party (Provincial)",
      "Ordinal": null,
      "Classes": [
        {
          "RoleClassId": 8,
          "RoleClassOrdinal": null,
          "RoleToRoleClassOrdinal": null,
          "RoleClassNameEn": "Federal Officers and Executives",
          "RoleClassNameFr": "Officiers et ex\u00e9cutifs f\u00e9d\u00e9raux"
        },
        {
          "RoleClassId": 12,
          "RoleClassOrdinal": 50,
          "RoleToRoleClassOrdinal": null,
          "RoleClassNameEn": "Minister",
          "RoleClassNameFr": "Ministre"
        },
        {
          "RoleClassId": 15,
          "RoleClassOrdinal": null,
          "RoleToRoleClassOrdinal": null,
          "RoleClassNameEn": "Parliamentary function",
          "RoleClassNameFr": "Fonction Parlementaire"
        },
        {
          "RoleClassId": 23,
          "RoleClassOrdinal": null,
          "RoleToRoleClassOrdinal": null,
          "RoleClassNameEn": "Party Leader",
          "RoleClassNameFr": "Chef du parti"
        },
        {
          "RoleClassId": 37,
          "RoleClassOrdinal": 350,
          "RoleToRoleClassOrdinal": null,
          "RoleClassNameEn": "Officers of Party Caucuses and Executives",
          "RoleClassNameFr": "Officiers des caucus des partis et cadres"
        },
        {
          "RoleClassId": 111,
          "RoleClassOrdinal": null,
          "RoleToRoleClassOrdinal": null,
          "RoleClassNameEn": "Prov",
          "RoleClassNameFr": "Prov"
        }
      ]
    },
    {
      "PersonRoleId": 137465,
      "NameFr": "Chef de l'Opposition",
      "StartDate": "1967-01-01T00:00:00Z",
      "StartDateIsApproximate": true,
      "EndDate": "1970-01-01T00:00:00Z",
      "EndDateIsApproximate": true,
      "EndReasonEn": null,
      "EndReasonFr": null,
      "EndReasonTypeEn": null,
      "EndReasonTypeFr": null,
      "SourceOfInformationEn": null,
      "SourceOfInformationFr": null,
      "IsActing": false,
      "ActingTextEn": null,
      "ActingTextFr": null,
      "HasCrossedTheFloor": false,
      "OrganizationId": 4579,
      "OrganizationLongEn": "Legislative Assembly of New Brunswick",
      "OrganizationLongFr": "Assembl\u00e9e l\u00e9gislative du Nouveau-Brunswick",
      "OrganizationShortEn": "Legislative Assembly",
      "OrganizationShortFr": "Assembl\u00e9e l\u00e9gislative",
      "OrganizationAcronymEn": "",
      "OrganizationAcronymFr": "",
      "OrganizationTypeId": 6,
      "OrganizationTypeEn": "Chamber Of Parliament (Prov)",
      "OrganizationTypeFr": "Chambre de Parlement (Prov)",
      "OrganizationProvinceEn": null,
      "OrganizationProvinceFr": null,
      "OrganizationHasProfile": true,
      "IsSenatorialDivision": false,
      "ToBeStyledAsEn": "",
      "ToBeStyledAsFr": "",
      "GroupId": 0,
      "Source": null,
      "PortFolioEn": null,
      "PortFolioFr": null,
      "Committee": null,
      "GroupingTitleEn": "Provincial Experience",
      "GroupingTitleFr": "Exp\u00e9rience Provinciale",
      "GroupingOrder": 0,
      "ParliamentStart": null,
      "ParliamentEnd": null,
      "ParliamentNumber": 0,
      "PartyOrganizationId": 6875,
      "PartyEn": "Progressive Conservative Party",
      "PartyFr": "Parti progressiste-conservateur",
      "PartyStartDate": "1961-06-19T00:00:00Z",
      "PartyEndDate": "1987-10-12T00:00:00Z",
      "PersonPersonId": 0,
      "PersonLastName": null,
      "PersonUsedFirstName": null,
      "PersonGender": null,
      "MemberOfParliament": null,
      "IsMP": false,
      "IsSenator": false,
      "GovernorGeneral": null,
      "Documents": null,
      "Senator": null,
      "NotesEn": null,
      "NotesFr": null,
      "InternalNotes": null,
      "IsCurrent": "False",
      "RoleId": 184,
      "NameEn": "Leader of the Opposition",
      "Ordinal": null,
      "Classes": [
        {
          "RoleClassId": 15,
          "RoleClassOrdinal": null,
          "RoleToRoleClassOrdinal": null,
          "RoleClassNameEn": "Parliamentary function",
          "RoleClassNameFr": "Fonction Parlementaire"
        }
      ]
    },
    {
      "PersonRoleId": 73227,
      "NameFr": "Membre du parti",
      "StartDate": "1961-06-19T00:00:00Z",
      "StartDateIsApproximate": false,
      "EndDate": "1987-10-12T00:00:00Z",
      "EndDateIsApproximate": false,
      "EndReasonEn": null,
      "EndReasonFr": null,
      "EndReasonTypeEn": null,
      "EndReasonTypeFr": null,
      "SourceOfInformationEn": null,
      "SourceOfInformationFr": null,
      "IsActing": false,
      "ActingTextEn": null,
      "ActingTextFr": null,
      "HasCrossedTheFloor": false,
      "OrganizationId": 6875,
      "OrganizationLongEn": "Progressive Conservative Party",
      "OrganizationLongFr": "Parti progressiste-conservateur",
      "OrganizationShortEn": "Progressive Conservative",
      "OrganizationShortFr": "Progressiste-conservateur",
      "OrganizationAcronymEn": "P.C.",
      "OrganizationAcronymFr": "P.-C.",
      "OrganizationTypeId": 31,
      "OrganizationTypeEn": "Provincial Party",
      "OrganizationTypeFr": "Parti Provincial",
      "OrganizationProvinceEn": null,
      "OrganizationProvinceFr": null,
      "OrganizationHasProfile": true,
      "IsSenatorialDivision": false,
      "ToBeStyledAsEn": "",
      "ToBeStyledAsFr": "",
      "GroupId": 0,
      "Source": null,
      "PortFolioEn": null,
      "PortFolioFr": null,
      "Committee": null,
      "GroupingTitleEn": "Provincial Experience",
      "GroupingTitleFr": "Exp\u00e9rience Provinciale",
      "GroupingOrder": 0,
      "ParliamentStart": null,
      "ParliamentEnd": null,
      "ParliamentNumber": 0,
      "PartyOrganizationId": 6875,
      "PartyEn": "Progressive Conservative Party",
      "PartyFr": "Parti progressiste-conservateur",
      "PartyStartDate": "1961-06-19T00:00:00Z",
      "PartyEndDate": "1987-10-12T00:00:00Z",
      "PersonPersonId": 0,
      "PersonLastName": null,
      "PersonUsedFirstName": null,
      "PersonGender": null,
      "MemberOfParliament": null,
      "IsMP": false,
      "IsSenator": false,
      "GovernorGeneral": null,
      "Documents": null,
      "Senator": null,
      "NotesEn": null,
      "NotesFr": null,
      "InternalNotes": null,
      "IsCurrent": "False",
      "RoleId": 722,
      "NameEn": "Party Member",
      "Ordinal": null,
      "Classes": [
        {
          "RoleClassId": 105,
          "RoleClassOrdinal": null,
          "RoleToRoleClassOrdinal": null,
          "RoleClassNameEn": "Parliamentarian",
          "RoleClassNameFr": "Parlementaire"
        }
      ]
    },
    {
      "PersonRoleId": 284110,
      "NameFr": "Membre de circonscription provinciale",
      "StartDate": "1961-06-19T00:00:00Z",
      "StartDateIsApproximate": false,
      "EndDate": "1974-11-18T00:00:00Z",
      "EndDateIsApproximate": false,
      "EndReasonEn": null,
      "EndReasonFr": null,
      "EndReasonTypeEn": null,
      "EndReasonTypeFr": null,
      "SourceOfInformationEn": null,
      "SourceOfInformationFr": null,
      "IsActing": false,
      "ActingTextEn": null,
      "ActingTextFr": null,
      "HasCrossedTheFloor": false,
      "OrganizationId": 1736,
      "OrganizationLongEn": "Carleton",
      "OrganizationLongFr": "Carleton",
      "OrganizationShortEn": "",
      "OrganizationShortFr": "",
      "OrganizationAcronymEn": "",
      "OrganizationAcronymFr": "",
      "OrganizationTypeId": 8,
      "OrganizationTypeEn": "Provincial Constituency",
      "OrganizationTypeFr": "Compt\u00e9 Provincial",
      "OrganizationProvinceEn": null,
      "OrganizationProvinceFr": null,
      "OrganizationHasProfile": true,
      "IsSenatorialDivision": false,
      "ToBeStyledAsEn": "",
      "ToBeStyledAsFr": "",
      "GroupId": 0,
      "Source": null,
      "PortFolioEn": null,
      "PortFolioFr": null,
      "Committee": null,
      "GroupingTitleEn": "Provincial Experience",
      "GroupingTitleFr": "Exp\u00e9rience Provinciale",
      "GroupingOrder": 0,
      "ParliamentStart": null,
      "ParliamentEnd": null,
      "ParliamentNumber": 0,
      "PartyOrganizationId": 6875,
      "PartyEn": "Progressive Conservative Party",
      "PartyFr": "Parti progressiste-conservateur",
      "PartyStartDate": "1961-06-19T00:00:00Z",
      "PartyEndDate": "1987-10-12T00:00:00Z",
      "PersonPersonId": 0,
      "PersonLastName": null,
      "PersonUsedFirstName": null,
      "PersonGender": null,
      "MemberOfParliament": null,
      "IsMP": false,
      "IsSenator": false,
      "GovernorGeneral": null,
      "Documents": null,
      "Senator": null,
      "NotesEn": null,
      "NotesFr": null,
      "InternalNotes": null,
      "IsCurrent": "False",
      "RoleId": 2997,
      "NameEn": "Provincial Constituency Member",
      "Ordinal": null,
      "Classes": [
        {
          "RoleClassId": 111,
          "RoleClassOrdinal": null,
          "RoleToRoleClassOrdinal": null,
          "RoleClassNameEn": "Prov",
          "RoleClassNameFr": "Prov"
        }
      ]
    },
    {
      "PersonRoleId": 82420,
      "NameFr": "Repr\u00e9sentant \u00e9lu",
      "StartDate": "1961-06-19T00:00:00Z",
      "StartDateIsApproximate": false,
      "EndDate": "1987-10-12T00:00:00Z",
      "EndDateIsApproximate": false,
      "EndReasonEn": null,
      "EndReasonFr": null,
      "EndReasonTypeEn": null,
      "EndReasonTypeFr": null,
      "SourceOfInformationEn": null,
      "SourceOfInformationFr": null,
      "IsActing": false,
      "ActingTextEn": null,
      "ActingTextFr": null,
      "HasCrossedTheFloor": false,
      "OrganizationId": 4579,
      "OrganizationLongEn": "Legislative Assembly of New Brunswick",
      "OrganizationLongFr": "Assembl\u00e9e l\u00e9gislative du Nouveau-Brunswick",
      "OrganizationShortEn": "Legislative Assembly",
      "OrganizationShortFr": "Assembl\u00e9e l\u00e9gislative",
      "OrganizationAcronymEn": "",
      "OrganizationAcronymFr": "",
      "OrganizationTypeId": 6,
      "OrganizationTypeEn": "Chamber Of Parliament (Prov)",
      "OrganizationTypeFr": "Chambre de Parlement (Prov)",
      "OrganizationProvinceEn": null,
      "OrganizationProvinceFr": null,
      "OrganizationHasProfile": true,
      "IsSenatorialDivision": false,
      "ToBeStyledAsEn": "",
      "ToBeStyledAsFr": "",
      "GroupId": 0,
      "Source": null,
      "PortFolioEn": null,
      "PortFolioFr": null,
      "Committee": null,
      "GroupingTitleEn": "Provincial Experience",
      "GroupingTitleFr": "Exp\u00e9rience Provinciale",
      "GroupingOrder": 0,
      "ParliamentStart": null,
      "ParliamentEnd": null,
      "ParliamentNumber": 0,
      "PartyOrganizationId": 6875,
      "PartyEn": "Progressive Conservative Party",
      "PartyFr": "Parti progressiste-conservateur",
      "PartyStartDate": "1961-06-19T00:00:00Z",
      "PartyEndDate": "1987-10-12T00:00:00Z",
      "PersonPersonId": 0,
      "PersonLastName": null,
      "PersonUsedFirstName": null,
      "PersonGender": null,
      "MemberOfParliament": null,
      "IsMP": false,
      "IsSenator": false,
      "GovernorGeneral": null,
      "Documents": null,
      "Senator": null,
      "NotesEn": null,
      "NotesFr": null,
      "InternalNotes": null,
      "IsCurrent": "False",
      "RoleId": 720,
      "NameEn": "Elected Representative",
      "Ordinal": 0,
      "Classes": [
        {
          "RoleClassId": 12,
          "RoleClassOrdinal": 50,
          "RoleToRoleClassOrdinal": null,
          "RoleClassNameEn": "Minister",
          "RoleClassNameFr": "Ministre"
        },
        {
          "RoleClassId": 45,
          "RoleClassOrdinal": null,
          "RoleToRoleClassOrdinal": null,
          "RoleClassNameEn": "Provincial and Territorial Responsabilities",
          "RoleClassNameFr": "Provinces et Territoires - Responsabilit\u00e9s"
        }
      ]
    }
  ],
  "MilitaryExperience": null,
  "MunicipalExperience": null,
  "FamilyTiesInParliament": [
    {
      "Children": null,
      "PersonId": 11629,
      "FirstName": "Heber Harold",
      "LastName": "Hatfield",
      "DateOfBirth": "1885-04-17T00:00:00Z",
      "DateOfBirthIsApproximate": false,
      "BirthLocationEn": "Middle Simonds, New Brunswick, Canada",
      "BirthLocationFr": "Middle Simonds, Nouveau-Brunswick, Canada",
      "DateOfDeath": "1952-01-03T00:00:00Z",
      "DateOfDeathIsApproximate": false,
      "RelationNameEn": "Father",
      "RelationNameFr": "P\u00e8re",
      "StartDate": null,
      "StartDateIsApproximate": false,
      "EndDate": null,
      "EndDateIsApproximate": false,
      "NotesEn": null,
      "NotesFr": null,
      "InternalNotes": null,
      "NotVisible": false
    }
  ],
  "Family": [
    {
      "Children": null,
      "PersonId": 11629,
      "FirstName": "Heber Harold",
      "LastName": "Hatfield",
      "DateOfBirth": "1885-04-17T00:00:00Z",
      "DateOfBirthIsApproximate": false,
      "BirthLocationEn": "Middle Simonds, New Brunswick, Canada",
      "BirthLocationFr": "Middle Simonds, Nouveau-Brunswick, Canada",
      "DateOfDeath": "1952-01-03T00:00:00Z",
      "DateOfDeathIsApproximate": false,
      "RelationNameEn": "Father",
      "RelationNameFr": "P\u00e8re",
      "StartDate": null,
      "StartDateIsApproximate": false,
      "EndDate": null,
      "EndDateIsApproximate": false,
      "NotesEn": null,
      "NotesFr": null,
      "InternalNotes": null,
      "NotVisible": false
    }
  ],
  "Education": [
    {
      "SchoolNameLongEn": "Dalhousie University",
      "SchoolNameLongFr": "Universit\u00e9 Dalhousie",
      "SchoolCityEn": "Halifax",
      "SchoolCityFr": "Halifax",
      "FieldOfStudyEn": "Laws",
      "FieldOfStudyFr": "Droit",
      "DiplomaLongEn": "Bachelor",
      "DiplomaLongFr": "Bachelier",
      "DiplomaShortEn": "B.A",
      "DiplomaShortFr": "B.A.",
      "GraduationYear": 1956
    },
    {
      "SchoolNameLongEn": "Acadia University",
      "SchoolNameLongFr": "Universit\u00e9 Acadia",
      "SchoolCityEn": "Wolfville",
      "SchoolCityFr": "Wolfville",
      "FieldOfStudyEn": "Arts",
      "FieldOfStudyFr": "Arts",
      "DiplomaLongEn": "Bachelor",
      "DiplomaLongFr": "Bachelier",
      "DiplomaShortEn": "B.A",
      "DiplomaShortFr": "B.A.",
      "GraduationYear": 1952
    }
  ],
  "PictureId": 28,
  "PictureCopyrightEn": "Michael Bedford Photography, Ottawa",
  "PictureCopyrightFr": "Michael Bedford Photography, Ottawa",
  "PictureCreditEn": "Senate",
  "PictureCreditFr": "S\u00e9nat",
  "DisplayTitleEn": "The Hon. Richard Bennett Hatfield, P.C., Senator",
  "DisplayTitleFr": "L'hon. Richard Bennett Hatfield, C.P., s\u00e9nateur",
  "PlaceOfBirthEn": "Woodstock, New Brunswick, Canada",
  "PlaceOfBirthFr": "Woodstock, Nouveau-Brunswick, Canada",
  "ProfessionsEn": "sales manager",
  "ProfessionsFr": "g\u00e9rant des ventes",
  "PreferredLanguageEn": "",
  "PreferredLanguageFr": "",
  "PlaceOfBurialEn": ", , ",
  "PlaceOfBurialFr": ", , "
}