{
  "Person": {
    "PersonId": 10769,
    "HOCPersonId": 0,
    "SenatePersonId": 0,
    "FormalFirstName": null,
    "UsedFirstName": "Stephen",
    "MiddleName": null,
    "MaidenName": null,
    "LastName": "Tobin",
    "IsDraftProfile": false,
    "MaidenSpeechNotFound": false,
    "DateOfBirth": "1836-01-01T00:00:00Z",
    "DateOfBirthIsApproximate": true,
    "DoNotDiscloseDateOfBirth": false,
    "DoNotDiscloseBirthLocation": false,
    "CityOfBirthEn": "Halifax",
    "CityOfBirthFr": "Halifax",
    "ProvinceOfBirthEn": "Nova Scotia",
    "ProvinceOfBirthFr": "Nouvelle-\u00c9cosse",
    "CountryOfBirthFr": "Canada",
    "CountryOfBirthEn": "Canada",
    "Gender": "M",
    "EthnicityLongEn": null,
    "EthnicityLongFr": null,
    "IsCanadianOrigin": true,
    "InternalNotes": null,
    "ExternalNotesEn": null,
    "ExternalNotesFr": null,
    "ReligionEn": null,
    "ReligionFr": null,
    "Professions": [
      {
        "NameEn": "merchant",
        "NameFr": "marchand",
        "SearchKeyWordsEn": "",
        "SearchKeyWordsFr": "",
        "ProfessionTypeEn": "Sales and service - Intermediate occupations",
        "ProfessionTypeFr": "Vente et services - Personnel interm\u00e9diaire",
        "Ordinal": null
      },
      {
        "NameEn": "insurance agent",
        "NameFr": "agent d'assurance",
        "SearchKeyWordsEn": "",
        "SearchKeyWordsFr": "",
        "ProfessionTypeEn": "Sales and service - Skilled occupations",
        "ProfessionTypeFr": "Vente et services - Personnel sp\u00e9cialis\u00e9",
        "Ordinal": null
      }
    ],
    "Languages": null,
    "Education": null,
    "FamilyRelations": null,
    "Pictures": [
      {
        "PictureId": 2955,
        "PictureDate": null,
        "TypeEn": "Studio",
        "TypeFr": "Studio",
        "PhotographerEn": "William James Topley",
        "PhotographerFr": "William James Topley",
        "CreditsEn": "PA 033550",
        "CreditsFr": "PA 033550",
        "CopyRightsEn": "Public Domain",
        "CopyRightsFr": "Du domaine public",
        "DisplayForWeb": true,
        "InternalNotes": null
      }
    ],
    "Titles": [
      {
        "LongEn": null,
        "LongFr": null,
        "AcronymEn": null,
        "AcronymFr": null,
        "IsHonorific": false,
        "IsScholarity": false,
        "IsSalutation": true,
        "Ordinal": 0
      },
      {
        "LongEn": "Member of Parliament",
        "LongFr": "d\u00e9put\u00e9",
        "AcronymEn": "M.P.",
        "AcronymFr": "d\u00e9put\u00e9",
        "IsHonorific": false,
        "IsScholarity": false,
        "IsSalutation": false,
        "Ordinal": 0
      }
    ],
    "Roles": [
      {
        "PersonRoleId": 116243,
        "NameFr": "Membre du parti",
        "StartDate": "1872-10-12T00:00:00Z",
        "StartDateIsApproximate": false,
        "EndDate": "1874-01-21T00:00:00Z",
        "EndDateIsApproximate": false,
        "EndReasonEn": null,
        "EndReasonFr": null,
        "EndReasonTypeEn": null,
        "EndReasonTypeFr": null,
        "SourceOfInformationEn": null,
        "SourceOfInformationFr": null,
        "IsActing": false,
        "ActingTextEn": null,
        "ActingTextFr": null,
        "HasCrossedTheFloor": false,
        "OrganizationId": 4831,
        "OrganizationLongEn": "Liberal Party of Canada",
        "OrganizationLongFr": "Parti lib\u00e9ral du Canada",
        "OrganizationShortEn": "Liberal",
        "OrganizationShortFr": "Lib\u00e9ral",
        "OrganizationAcronymEn": "Lib.",
        "OrganizationAcronymFr": "Lib.",
        "OrganizationTypeId": 4,
        "OrganizationTypeEn": "Party",
        "OrganizationTypeFr": "Parti",
        "OrganizationProvinceEn": null,
        "OrganizationProvinceFr": null,
        "OrganizationHasProfile": true,
        "IsSenatorialDivision": false,
        "ToBeStyledAsEn": "",
        "ToBeStyledAsFr": "",
        "GroupId": 0,
        "Source": null,
        "PortFolioEn": null,
        "PortFolioFr": null,
        "Committee": null,
        "GroupingTitleEn": "Parliamentarian",
        "GroupingTitleFr": "Parlementaire",
        "GroupingOrder": 1,
        "ParliamentStart": "1873-03-05T00:00:00Z",
        "ParliamentEnd": "1874-01-02T00:00:00Z",
        "ParliamentNumber": 2,
        "PartyOrganizationId": 4831,
        "PartyEn": "Liberal Party of Canada",
        "PartyFr": "Parti lib\u00e9ral du Canada",
        "PartyStartDate": "1872-10-12T00:00:00Z",
        "PartyEndDate": "1874-01-21T00:00:00Z",
        "PersonPersonId": 0,
        "PersonLastName": null,
        "PersonUsedFirstName": null,
        "PersonGender": null,
        "MemberOfParliament": null,
        "IsMP": false,
        "IsSenator": false,
        "GovernorGeneral": null,
        "Documents": null,
        "Senator": null,
        "NotesEn": null,
        "NotesFr": null,
        "InternalNotes": null,
        "IsCurrent": "False",
        "RoleId": 722,
        "NameEn": "Party Member",
        "Ordinal": null,
        "Classes": [
          {
            "RoleClassId": 105,
            "RoleClassOrdinal": null,
            "RoleToRoleClassOrdinal": null,
            "RoleClassNameEn": "Parliamentarian",
            "RoleClassNameFr": "Parlementaire"
          }
        ]
      },
      {
        "PersonRoleId": 66381,
        "NameFr": "Maire",
        "StartDate": "1878-01-01T00:00:00Z",
        "StartDateIsApproximate": true,
        "EndDate": "1881-01-01T00:00:00Z",
        "EndDateIsApproximate": true,
        "EndReasonEn": null,
        "EndReasonFr": null,
        "EndReasonTypeEn": null,
        "EndReasonTypeFr": null,
        "SourceOfInformationEn": null,
        "SourceOfInformationFr": null,
        "IsActing": false,
        "ActingTextEn": null,
        "ActingTextFr": null,
        "HasCrossedTheFloor": false,
        "OrganizationId": 3493,
        "OrganizationLongEn": "Halifax",
        "OrganizationLongFr": "Halifax",
        "OrganizationShortEn": "",
        "OrganizationShortFr": "",
        "OrganizationAcronymEn": "",
        "OrganizationAcronymFr": "",
        "OrganizationTypeId": 11,
        "OrganizationTypeEn": "Municipal Government",
        "OrganizationTypeFr": "Gouvernement municipal",
        "OrganizationProvinceEn": null,
        "OrganizationProvinceFr": null,
        "OrganizationHasProfile": true,
        "IsSenatorialDivision": false,
        "ToBeStyledAsEn": "",
        "ToBeStyledAsFr": "",
        "GroupId": 0,
        "Source": null,
        "PortFolioEn": null,
        "PortFolioFr": null,
        "Committee": null,
        "GroupingTitleEn": null,
        "GroupingTitleFr": null,
        "GroupingOrder": 0,
        "ParliamentStart": null,
        "ParliamentEnd": null,
        "ParliamentNumber": 0,
        "PartyOrganizationId": 0,
        "PartyEn": null,
        "PartyFr": null,
        "PartyStartDate": null,
        "PartyEndDate": null,
        "PersonPersonId": 0,
        "PersonLastName": null,
        "PersonUsedFirstName": null,
        "PersonGender": null,
        "MemberOfParliament": null,
        "IsMP": false,
        "IsSenator": false,
        "GovernorGeneral": null,
        "Documents": null,
        "Senator": null,
        "NotesEn": null,
        "NotesFr": null,
        "InternalNotes": null,
        "IsCurrent": "False",
        "RoleId": 223,
        "NameEn": "Mayor",
        "Ordinal": null,
        "Classes": [
          {
            "RoleClassId": 115,
            "RoleClassOrdinal": null,
            "RoleToRoleClassOrdinal": null,
            "RoleClassNameEn": "Municipal",
            "RoleClassNameFr": "Municipal"
          }
        ]
      },
      {
        "PersonRoleId": 75104,
        "NameFr": "Maire",
        "StartDate": "1867-01-01T00:00:00Z",
        "StartDateIsApproximate": true,
        "EndDate": "1870-01-01T00:00:00Z",
        "EndDateIsApproximate": true,
        "EndReasonEn": null,
        "EndReasonFr": null,
        "EndReasonTypeEn": null,
        "EndReasonTypeFr": null,
        "SourceOfInformationEn": null,
        "SourceOfInformationFr": null,
        "IsActing": false,
        "ActingTextEn": null,
        "ActingTextFr": null,
        "HasCrossedTheFloor": false,
        "OrganizationId": 3493,
        "OrganizationLongEn": "Halifax",
        "OrganizationLongFr": "Halifax",
        "OrganizationShortEn": "",
        "OrganizationShortFr": "",
        "OrganizationAcronymEn": "",
        "OrganizationAcronymFr": "",
        "OrganizationTypeId": 11,
        "OrganizationTypeEn": "Municipal Government",
        "OrganizationTypeFr": "Gouvernement municipal",
        "OrganizationProvinceEn": null,
        "OrganizationProvinceFr": null,
        "OrganizationHasProfile": true,
        "IsSenatorialDivision": false,
        "ToBeStyledAsEn": "",
        "ToBeStyledAsFr": "",
        "GroupId": 0,
        "Source": null,
        "PortFolioEn": null,
        "PortFolioFr": null,
        "Committee": null,
        "GroupingTitleEn": null,
        "GroupingTitleFr": null,
        "GroupingOrder": 0,
        "ParliamentStart": null,
        "ParliamentEnd": null,
        "ParliamentNumber": 0,
        "PartyOrganizationId": 0,
        "PartyEn": null,
        "PartyFr": null,
        "PartyStartDate": null,
        "PartyEndDate": null,
        "PersonPersonId": 0,
        "PersonLastName": null,
        "PersonUsedFirstName": null,
        "PersonGender": null,
        "MemberOfParliament": null,
        "IsMP": false,
        "IsSenator": false,
        "GovernorGeneral": null,
        "Documents": null,
        "Senator": null,
        "NotesEn": null,
        "NotesFr": null,
        "InternalNotes": null,
        "IsCurrent": "False",
        "RoleId": 223,
        "NameEn": "Mayor",
        "Ordinal": null,
        "Classes": [
          {
            "RoleClassId": 115,
            "RoleClassOrdinal": null,
            "RoleToRoleClassOrdinal": null,
            "RoleClassNameEn": "Municipal",
            "RoleClassNameFr": "Municipal"
          }
        ]
      },
      {
        "PersonRoleId": 108482,
        "NameFr": "Conseiller municipal",
        "StartDate": null,
        "StartDateIsApproximate": false,
        "EndDate": null,
        "EndDateIsApproximate": false,
        "EndReasonEn": null,
        "EndReasonFr": null,
        "EndReasonTypeEn": null,
        "EndReasonTypeFr": null,
        "SourceOfInformationEn": null,
        "SourceOfInformationFr": null,
        "IsActing": false,
        "ActingTextEn": null,
        "ActingTextFr": null,
        "HasCrossedTheFloor": false,
        "OrganizationId": 3493,
        "OrganizationLongEn": "Halifax",
        "OrganizationLongFr": "Halifax",
        "OrganizationShortEn": "",
        "OrganizationShortFr": "",
        "OrganizationAcronymEn": "",
        "OrganizationAcronymFr": "",
        "OrganizationTypeId": 11,
        "OrganizationTypeEn": "Municipal Government",
        "OrganizationTypeFr": "Gouvernement municipal",
        "OrganizationProvinceEn": null,
        "OrganizationProvinceFr": null,
        "OrganizationHasProfile": true,
        "IsSenatorialDivision": false,
        "ToBeStyledAsEn": "",
        "ToBeStyledAsFr": "",
        "GroupId": 0,
        "Source": null,
        "PortFolioEn": null,
        "PortFolioFr": null,
        "Committee": null,
        "GroupingTitleEn": null,
        "GroupingTitleFr": null,
        "GroupingOrder": 0,
        "ParliamentStart": null,
        "ParliamentEnd": null,
        "ParliamentNumber": 0,
        "PartyOrganizationId": 0,
        "PartyEn": null,
        "PartyFr": null,
        "PartyStartDate": null,
        "PartyEndDate": null,
        "PersonPersonId": 0,
        "PersonLastName": null,
        "PersonUsedFirstName": null,
        "PersonGender": null,
        "MemberOfParliament": null,
        "IsMP": false,
        "IsSenator": false,
        "GovernorGeneral": null,
        "Documents": null,
        "Senator": null,
        "NotesEn": null,
        "NotesFr": null,
        "InternalNotes": null,
        "IsCurrent": "True",
        "RoleId": 777,
        "NameEn": "City Councillor",
        "Ordinal": null,
        "Classes": [
          {
            "RoleClassId": 115,
            "RoleClassOrdinal": null,
            "RoleToRoleClassOrdinal": null,
            "RoleClassNameEn": "Municipal",
            "RoleClassNameFr": "Municipal"
          }
        ]
      },
      {
        "PersonRoleId": 45467,
        "NameFr": "Membre pour la circonscription",
        "StartDate": "1872-10-12T00:00:00Z",
        "StartDateIsApproximate": false,
        "EndDate": "1874-01-21T00:00:00Z",
        "EndDateIsApproximate": false,
        "EndReasonEn": null,
        "EndReasonFr": null,
        "EndReasonTypeEn": null,
        "EndReasonTypeFr": null,
        "SourceOfInformationEn": null,
        "SourceOfInformationFr": null,
        "IsActing": false,
        "ActingTextEn": null,
        "ActingTextFr": null,
        "HasCrossedTheFloor": false,
        "OrganizationId": 3479,
        "OrganizationLongEn": "Halifax",
        "OrganizationLongFr": "Halifax",
        "OrganizationShortEn": "",
        "OrganizationShortFr": "",
        "OrganizationAcronymEn": "",
        "OrganizationAcronymFr": "",
        "OrganizationTypeId": 35,
        "OrganizationTypeEn": "Constituency",
        "OrganizationTypeFr": "Circonscription",
        "OrganizationProvinceEn": "Nova Scotia",
        "OrganizationProvinceFr": "Nouvelle-\u00c9cosse",
        "OrganizationHasProfile": true,
        "IsSenatorialDivision": false,
        "ToBeStyledAsEn": "",
        "ToBeStyledAsFr": "",
        "GroupId": 0,
        "Source": null,
        "PortFolioEn": null,
        "PortFolioFr": null,
        "Committee": null,
        "GroupingTitleEn": "Parliamentarian",
        "GroupingTitleFr": "Parlementaire",
        "GroupingOrder": 1,
        "ParliamentStart": "1873-03-05T00:00:00Z",
        "ParliamentEnd": "1874-01-02T00:00:00Z",
        "ParliamentNumber": 2,
        "PartyOrganizationId": 4831,
        "PartyEn": "Liberal Party of Canada",
        "PartyFr": "Parti lib\u00e9ral du Canada",
        "PartyStartDate": "1872-10-12T00:00:00Z",
        "PartyEndDate": "1874-01-21T00:00:00Z",
        "PersonPersonId": 0,
        "PersonLastName": null,
        "PersonUsedFirstName": null,
        "PersonGender": null,
        "MemberOfParliament": {
          "OccupationTypeEn": "Continuous",
          "OccupationTypeFr": "Continue"
        },
        "IsMP": true,
        "IsSenator": false,
        "GovernorGeneral": null,
        "Documents": null,
        "Senator": null,
        "NotesEn": null,
        "NotesFr": null,
        "InternalNotes": null,
        "IsCurrent": "False",
        "RoleId": 719,
        "NameEn": "Constituency Member",
        "Ordinal": 240,
        "Classes": [
          {
            "RoleClassId": 49,
            "RoleClassOrdinal": 2,
            "RoleToRoleClassOrdinal": null,
            "RoleClassNameEn": "Salaries in the House of Commons",
            "RoleClassNameFr": "Salaires \u00e0 la Chambre des Communes"
          },
          {
            "RoleClassId": 105,
            "RoleClassOrdinal": null,
            "RoleToRoleClassOrdinal": null,
            "RoleClassNameEn": "Parliamentarian",
            "RoleClassNameFr": "Parlementaire"
          }
        ]
      },
      {
        "PersonRoleId": 245654,
        "NameFr": "Membre",
        "StartDate": "1873-03-05T00:00:00Z",
        "StartDateIsApproximate": false,
        "EndDate": "1873-08-13T00:00:00Z",
        "EndDateIsApproximate": false,
        "EndReasonEn": null,
        "EndReasonFr": null,
        "EndReasonTypeEn": null,
        "EndReasonTypeFr": null,
        "SourceOfInformationEn": null,
        "SourceOfInformationFr": null,
        "IsActing": false,
        "ActingTextEn": null,
        "ActingTextFr": null,
        "HasCrossedTheFloor": false,
        "OrganizationId": 10294,
        "OrganizationLongEn": "Standing Committee on Standing Orders",
        "OrganizationLongFr": "Comit\u00e9 permanent du r\u00e8glement",
        "OrganizationShortEn": "Standing Orders",
        "OrganizationShortFr": "R\u00e8glement",
        "OrganizationAcronymEn": "",
        "OrganizationAcronymFr": "",
        "OrganizationTypeId": 27,
        "OrganizationTypeEn": "Committee",
        "OrganizationTypeFr": "Comit\u00e9",
        "OrganizationProvinceEn": null,
        "OrganizationProvinceFr": null,
        "OrganizationHasProfile": true,
        "IsSenatorialDivision": false,
        "ToBeStyledAsEn": "",
        "ToBeStyledAsFr": "",
        "GroupId": 0,
        "Source": null,
        "PortFolioEn": null,
        "PortFolioFr": null,
        "Committee": {
          "OrganizationId": 0,
          "SenateCommitteeId": 0,
          "CommitteeTypeId": 5,
          "CommitteeTypeEn": "Standing",
          "CommitteeTypeFr": "Permanent",
          "CompositionTypeId": 3,
          "CompositionTypeLongEn": "House of Commons",
          "CompositionTypeLongFr": "Chambre des communes",
          "CompositionTypeShortEn": "C",
          "CompositionTypeShortFr": "C",
          "Sessions": [
            {
              "SessionId": 0,
              "SessionNumber": 1,
              "ParliamentNumber": 2,
              "StartDate": "1873-03-05T00:00:00Z",
              "EndDate": "1873-08-13T00:00:00Z",
              "ShortEn": "1st",
              "ShortFr": "1\u00e8re"
            }
          ],
          "Mandates": null
        },
        "GroupingTitleEn": null,
        "GroupingTitleFr": null,
        "GroupingOrder": 0,
        "ParliamentStart": null,
        "ParliamentEnd": null,
        "ParliamentNumber": 0,
        "PartyOrganizationId": 4831,
        "PartyEn": "Liberal Party of Canada",
        "PartyFr": "Parti lib\u00e9ral du Canada",
        "PartyStartDate": "1872-10-12T00:00:00Z",
        "PartyEndDate": "1874-01-21T00:00:00Z",
        "PersonPersonId": 0,
        "PersonLastName": null,
        "PersonUsedFirstName": null,
        "PersonGender": null,
        "MemberOfParliament": null,
        "IsMP": false,
        "IsSenator": false,
        "GovernorGeneral": null,
        "Documents": null,
        "Senator": null,
        "NotesEn": null,
        "NotesFr": null,
        "InternalNotes": null,
        "IsCurrent": "False",
        "RoleId": 226,
        "NameEn": "Member",
        "Ordinal": 300,
        "Classes": [
          {
            "RoleClassId": 33,
            "RoleClassOrdinal": null,
            "RoleToRoleClassOrdinal": null,
            "RoleClassNameEn": "Committee",
            "RoleClassNameFr": "Comit\u00e9"
          },
          {
            "RoleClassId": 113,
            "RoleClassOrdinal": null,
            "RoleToRoleClassOrdinal": null,
            "RoleClassNameEn": "ElectionProcessCloseDissolution",
            "RoleClassNameFr": "ElectionProcessCloseDissolution"
          }
        ]
      },
      {
        "PersonRoleId": 245674,
        "NameFr": "Membre",
        "StartDate": "1873-03-05T00:00:00Z",
        "StartDateIsApproximate": false,
        "EndDate": "1873-08-13T00:00:00Z",
        "EndDateIsApproximate": false,
        "EndReasonEn": null,
        "EndReasonFr": null,
        "EndReasonTypeEn": null,
        "EndReasonTypeFr": null,
        "SourceOfInformationEn": null,
        "SourceOfInformationFr": null,
        "IsActing": false,
        "ActingTextEn": null,
        "ActingTextFr": null,
        "HasCrossedTheFloor": false,
        "OrganizationId": 4846,
        "OrganizationLongEn": "Standing Joint Committee on the Library of Parliament",
        "OrganizationLongFr": "Comit\u00e9 mixte permanent de la Biblioth\u00e8que du Parlement",
        "OrganizationShortEn": "Library of Parliament",
        "OrganizationShortFr": "Biblioth\u00e8que du Parlement",
        "OrganizationAcronymEn": "BILI",
        "OrganizationAcronymFr": "BILI",
        "OrganizationTypeId": 27,
        "OrganizationTypeEn": "Committee",
        "OrganizationTypeFr": "Comit\u00e9",
        "OrganizationProvinceEn": null,
        "OrganizationProvinceFr": null,
        "OrganizationHasProfile": true,
        "IsSenatorialDivision": false,
        "ToBeStyledAsEn": "",
        "ToBeStyledAsFr": "",
        "GroupId": 0,
        "Source": null,
        "PortFolioEn": null,
        "PortFolioFr": null,
        "Committee": {
          "OrganizationId": 0,
          "SenateCommitteeId": 0,
          "CommitteeTypeId": 5,
          "CommitteeTypeEn": "Standing",
          "CommitteeTypeFr": "Permanent",
          "CompositionTypeId": 8,
          "CompositionTypeLongEn": "Joint",
          "CompositionTypeLongFr": "Mixte",
          "CompositionTypeShortEn": "J",
          "CompositionTypeShortFr": "J",
          "Sessions": [
            {
              "SessionId": 0,
              "SessionNumber": 1,
              "ParliamentNumber": 2,
              "StartDate": "1873-03-05T00:00:00Z",
              "EndDate": "1873-08-13T00:00:00Z",
              "ShortEn": "1st",
              "ShortFr": "1\u00e8re"
            }
          ],
          "Mandates": null
        },
        "GroupingTitleEn": null,
        "GroupingTitleFr": null,
        "GroupingOrder": 0,
        "ParliamentStart": null,
        "ParliamentEnd": null,
        "ParliamentNumber": 0,
        "PartyOrganizationId": 4831,
        "PartyEn": "Liberal Party of Canada",
        "PartyFr": "Parti lib\u00e9ral du Canada",
        "PartyStartDate": "1872-10-12T00:00:00Z",
        "PartyEndDate": "1874-01-21T00:00:00Z",
        "PersonPersonId": 0,
        "PersonLastName": null,
        "PersonUsedFirstName": null,
        "PersonGender": null,
        "MemberOfParliament": null,
        "IsMP": false,
        "IsSenator": false,
        "GovernorGeneral": null,
        "Documents": null,
        "Senator": null,
        "NotesEn": null,
        "NotesFr": null,
        "InternalNotes": null,
        "IsCurrent": "False",
        "RoleId": 226,
        "NameEn": "Member",
        "Ordinal": 300,
        "Classes": [
          {
            "RoleClassId": 33,
            "RoleClassOrdinal": null,
            "RoleToRoleClassOrdinal": null,
            "RoleClassNameEn": "Committee",
            "RoleClassNameFr": "Comit\u00e9"
          },
          {
            "RoleClassId": 113,
            "RoleClassOrdinal": null,
            "RoleToRoleClassOrdinal": null,
            "RoleClassNameEn": "ElectionProcessCloseDissolution",
            "RoleClassNameFr": "ElectionProcessCloseDissolution"
          }
        ]
      },
      {
        "PersonRoleId": 245963,
        "NameFr": "Membre",
        "StartDate": "1873-03-05T00:00:00Z",
        "StartDateIsApproximate": false,
        "EndDate": "1873-08-13T00:00:00Z",
        "EndDateIsApproximate": false,
        "EndReasonEn": null,
        "EndReasonFr": null,
        "EndReasonTypeEn": null,
        "EndReasonTypeFr": null,
        "SourceOfInformationEn": null,
        "SourceOfInformationFr": null,
        "IsActing": false,
        "ActingTextEn": null,
        "ActingTextFr": null,
        "HasCrossedTheFloor": false,
        "OrganizationId": 766,
        "OrganizationLongEn": "Standing Committee on Banking and Commerce",
        "OrganizationLongFr": "Comit\u00e9 permanent des banques et du commerce",
        "OrganizationShortEn": "Banking and Commerce",
        "OrganizationShortFr": "Banques et commerce",
        "OrganizationAcronymEn": "",
        "OrganizationAcronymFr": "",
        "OrganizationTypeId": 27,
        "OrganizationTypeEn": "Committee",
        "OrganizationTypeFr": "Comit\u00e9",
        "OrganizationProvinceEn": null,
        "OrganizationProvinceFr": null,
        "OrganizationHasProfile": true,
        "IsSenatorialDivision": false,
        "ToBeStyledAsEn": "",
        "ToBeStyledAsFr": "",
        "GroupId": 0,
        "Source": null,
        "PortFolioEn": null,
        "PortFolioFr": null,
        "Committee": {
          "OrganizationId": 0,
          "SenateCommitteeId": 0,
          "CommitteeTypeId": 5,
          "CommitteeTypeEn": "Standing",
          "CommitteeTypeFr": "Permanent",
          "CompositionTypeId": 3,
          "CompositionTypeLongEn": "House of Commons",
          "CompositionTypeLongFr": "Chambre des communes",
          "CompositionTypeShortEn": "C",
          "CompositionTypeShortFr": "C",
          "Sessions": [
            {
              "SessionId": 0,
              "SessionNumber": 1,
              "ParliamentNumber": 2,
              "StartDate": "1873-03-05T00:00:00Z",
              "EndDate": "1873-08-13T00:00:00Z",
              "ShortEn": "1st",
              "ShortFr": "1\u00e8re"
            }
          ],
          "Mandates": null
        },
        "GroupingTitleEn": null,
        "GroupingTitleFr": null,
        "GroupingOrder": 0,
        "ParliamentStart": null,
        "ParliamentEnd": null,
        "ParliamentNumber": 0,
        "PartyOrganizationId": 4831,
        "PartyEn": "Liberal Party of Canada",
        "PartyFr": "Parti lib\u00e9ral du Canada",
        "PartyStartDate": "1872-10-12T00:00:00Z",
        "PartyEndDate": "1874-01-21T00:00:00Z",
        "PersonPersonId": 0,
        "PersonLastName": null,
        "PersonUsedFirstName": null,
        "PersonGender": null,
        "MemberOfParliament": null,
        "IsMP": false,
        "IsSenator": false,
        "GovernorGeneral": null,
        "Documents": null,
        "Senator": null,
        "NotesEn": null,
        "NotesFr": null,
        "InternalNotes": null,
        "IsCurrent": "False",
        "RoleId": 226,
        "NameEn": "Member",
        "Ordinal": 300,
        "Classes": [
          {
            "RoleClassId": 33,
            "RoleClassOrdinal": null,
            "RoleToRoleClassOrdinal": null,
            "RoleClassNameEn": "Committee",
            "RoleClassNameFr": "Comit\u00e9"
          },
          {
            "RoleClassId": 113,
            "RoleClassOrdinal": null,
            "RoleToRoleClassOrdinal": null,
            "RoleClassNameEn": "ElectionProcessCloseDissolution",
            "RoleClassNameFr": "ElectionProcessCloseDissolution"
          }
        ]
      },
      {
        "PersonRoleId": 256514,
        "NameFr": "Membre",
        "StartDate": "1873-03-05T00:00:00Z",
        "StartDateIsApproximate": false,
        "EndDate": "1873-08-13T00:00:00Z",
        "EndDateIsApproximate": false,
        "EndReasonEn": null,
        "EndReasonFr": null,
        "EndReasonTypeEn": null,
        "EndReasonTypeFr": null,
        "SourceOfInformationEn": null,
        "SourceOfInformationFr": null,
        "IsActing": false,
        "ActingTextEn": null,
        "ActingTextFr": null,
        "HasCrossedTheFloor": false,
        "OrganizationId": 11315,
        "OrganizationLongEn": "Special Committee respecting the Petition of Joseph Bouchette, Surveyor General (to publish the topographical and geographical maps of the province)",
        "OrganizationLongFr": "Comit\u00e9 sp\u00e9cial sur la requ\u00eate de Joseph Bouchette, arpenteur g\u00e9n\u00e9ral (publier les cartes topographiques et g\u00e9ographiques de la province)",
        "OrganizationShortEn": "Petition of Joseph Bouchette (to publish the topographical and geographical maps of the province)",
        "OrganizationShortFr": "Requ\u00eate de Joseph Bouchette, arpenteur g\u00e9n\u00e9ral (publier les cartes topographiques et g\u00e9ographiques de la province)",
        "OrganizationAcronymEn": "",
        "OrganizationAcronymFr": "",
        "OrganizationTypeId": 27,
        "OrganizationTypeEn": "Committee",
        "OrganizationTypeFr": "Comit\u00e9",
        "OrganizationProvinceEn": null,
        "OrganizationProvinceFr": null,
        "OrganizationHasProfile": true,
        "IsSenatorialDivision": false,
        "ToBeStyledAsEn": "",
        "ToBeStyledAsFr": "",
        "GroupId": 0,
        "Source": null,
        "PortFolioEn": null,
        "PortFolioFr": null,
        "Committee": {
          "OrganizationId": 0,
          "SenateCommitteeId": 0,
          "CommitteeTypeId": 4,
          "CommitteeTypeEn": "Special",
          "CommitteeTypeFr": "Sp\u00e9cial",
          "CompositionTypeId": 3,
          "CompositionTypeLongEn": "House of Commons",
          "CompositionTypeLongFr": "Chambre des communes",
          "CompositionTypeShortEn": "C",
          "CompositionTypeShortFr": "C",
          "Sessions": [
            {
              "SessionId": 0,
              "SessionNumber": 1,
              "ParliamentNumber": 2,
              "StartDate": "1873-03-05T00:00:00Z",
              "EndDate": "1873-08-13T00:00:00Z",
              "ShortEn": "1st",
              "ShortFr": "1\u00e8re"
            }
          ],
          "Mandates": null
        },
        "GroupingTitleEn": null,
        "GroupingTitleFr": null,
        "GroupingOrder": 0,
        "ParliamentStart": null,
        "ParliamentEnd": null,
        "ParliamentNumber": 0,
        "PartyOrganizationId": 4831,
        "PartyEn": "Liberal Party of Canada",
        "PartyFr": "Parti lib\u00e9ral du Canada",
        "PartyStartDate": "1872-10-12T00:00:00Z",
        "PartyEndDate": "1874-01-21T00:00:00Z",
        "PersonPersonId": 0,
        "PersonLastName": null,
        "PersonUsedFirstName": null,
        "PersonGender": null,
        "MemberOfParliament": null,
        "IsMP": false,
        "IsSenator": false,
        "GovernorGeneral": null,
        "Documents": null,
        "Senator": null,
        "NotesEn": null,
        "NotesFr": null,
        "InternalNotes": null,
        "IsCurrent": "False",
        "RoleId": 226,
        "NameEn": "Member",
        "Ordinal": 300,
        "Classes": [
          {
            "RoleClassId": 33,
            "RoleClassOrdinal": null,
            "RoleToRoleClassOrdinal": null,
            "RoleClassNameEn": "Committee",
            "RoleClassNameFr": "Comit\u00e9"
          },
          {
            "RoleClassId": 113,
            "RoleClassOrdinal": null,
            "RoleToRoleClassOrdinal": null,
            "RoleClassNameEn": "ElectionProcessCloseDissolution",
            "RoleClassNameFr": "ElectionProcessCloseDissolution"
          }
        ]
      },
      {
        "PersonRoleId": 257686,
        "NameFr": "Membre",
        "StartDate": "1873-03-05T00:00:00Z",
        "StartDateIsApproximate": false,
        "EndDate": "1873-08-13T00:00:00Z",
        "EndDateIsApproximate": false,
        "EndReasonEn": null,
        "EndReasonFr": null,
        "EndReasonTypeEn": null,
        "EndReasonTypeFr": null,
        "SourceOfInformationEn": null,
        "SourceOfInformationFr": null,
        "IsActing": false,
        "ActingTextEn": null,
        "ActingTextFr": null,
        "HasCrossedTheFloor": false,
        "OrganizationId": 11392,
        "OrganizationLongEn": "Special Committee for an Address to thank His Excellency the Governor General for his gracious Speech from the Throne at the commencement of the Session",
        "OrganizationLongFr": "Comit\u00e9 sp\u00e9cial au sujet d'une adresse pour remercier Son Excellence de son gracieux discours du tr\u00f4ne \u00e0 l'ouverture de la session",
        "OrganizationShortEn": "Address to thank His Excellency for his gracious Speech from the Throne at the commencement of the Session",
        "OrganizationShortFr": "Adresse pour remercier Son Excellence le Governeur-G\u00e9n\u00e9ral de son gracieux discours \u00e0 l'ouverture de la session",
        "OrganizationAcronymEn": "",
        "OrganizationAcronymFr": "",
        "OrganizationTypeId": 27,
        "OrganizationTypeEn": "Committee",
        "OrganizationTypeFr": "Comit\u00e9",
        "OrganizationProvinceEn": null,
        "OrganizationProvinceFr": null,
        "OrganizationHasProfile": true,
        "IsSenatorialDivision": false,
        "ToBeStyledAsEn": "",
        "ToBeStyledAsFr": "",
        "GroupId": 0,
        "Source": null,
        "PortFolioEn": null,
        "PortFolioFr": null,
        "Committee": {
          "OrganizationId": 0,
          "SenateCommitteeId": 0,
          "CommitteeTypeId": 4,
          "CommitteeTypeEn": "Special",
          "CommitteeTypeFr": "Sp\u00e9cial",
          "CompositionTypeId": 3,
          "CompositionTypeLongEn": "House of Commons",
          "CompositionTypeLongFr": "Chambre des communes",
          "CompositionTypeShortEn": "C",
          "CompositionTypeShortFr": "C",
          "Sessions": [
            {
              "SessionId": 0,
              "SessionNumber": 1,
              "ParliamentNumber": 2,
              "StartDate": "1873-03-05T00:00:00Z",
              "EndDate": "1873-08-13T00:00:00Z",
              "ShortEn": "1st",
              "ShortFr": "1\u00e8re"
            }
          ],
          "Mandates": null
        },
        "GroupingTitleEn": null,
        "GroupingTitleFr": null,
        "GroupingOrder": 0,
        "ParliamentStart": null,
        "ParliamentEnd": null,
        "ParliamentNumber": 0,
        "PartyOrganizationId": 4831,
        "PartyEn": "Liberal Party of Canada",
        "PartyFr": "Parti lib\u00e9ral du Canada",
        "PartyStartDate": "1872-10-12T00:00:00Z",
        "PartyEndDate": "1874-01-21T00:00:00Z",
        "PersonPersonId": 0,
        "PersonLastName": null,
        "PersonUsedFirstName": null,
        "PersonGender": null,
        "MemberOfParliament": null,
        "IsMP": false,
        "IsSenator": false,
        "GovernorGeneral": null,
        "Documents": null,
        "Senator": null,
        "NotesEn": null,
        "NotesFr": null,
        "InternalNotes": null,
        "IsCurrent": "False",
        "RoleId": 226,
        "NameEn": "Member",
        "Ordinal": 300,
        "Classes": [
          {
            "RoleClassId": 33,
            "RoleClassOrdinal": null,
            "RoleToRoleClassOrdinal": null,
            "RoleClassNameEn": "Committee",
            "RoleClassNameFr": "Comit\u00e9"
          },
          {
            "RoleClassId": 113,
            "RoleClassOrdinal": null,
            "RoleToRoleClassOrdinal": null,
            "RoleClassNameEn": "ElectionProcessCloseDissolution",
            "RoleClassNameFr": "ElectionProcessCloseDissolution"
          }
        ]
      }
    ],
    "HillAddresses": null,
    "ConstituencyAddresses": null,
    "WebLinks": null,
    "Bibliography": null,
    "ElectionCandidates": [
      {
        "ElectionCandidateId": 9154,
        "ParliamentNumber": 2,
        "ElectionId": 226,
        "ElectionDate": "1872-07-20T00:00:00Z",
        "IsGeneral": true,
        "IsPreliminary": false,
        "OrganizationId": 3479,
        "ConstituencyEn": "Halifax",
        "ConstituencyFr": "Halifax",
        "ProvinceEn": null,
        "ProvinceFr": null,
        "PersonRoleId": null,
        "ElectionCanadaFirstName": "Stephen",
        "ElectionCanadaLastName": "TOBIN",
        "ElectionCanadaMiddleName": null,
        "Gender": "M",
        "OccupationEn": "Commission merchant",
        "OccupationFr": "Marchand \u00e0 la commission",
        "PartyOrganizationId": 4831,
        "PartyNameEn": "Liberal Party of Canada",
        "PartyNameFr": "Parti lib\u00e9ral du Canada",
        "Votes": 2486,
        "ResultLongEn": "Elected",
        "ResultLongFr": "\u00c9lu",
        "OtherResultLongEn": null,
        "OtherResultLongFr": null,
        "NotesEn": null,
        "NotesFr": null,
        "InternalNotes": null
      }
    ],
    "Death": {
      "DateOfDeath": "1905-10-10T00:00:00Z",
      "DateOfDeathIsApproximate": false,
      "DeceasedOnDuty": false,
      "RecordNotFound": false,
      "CauseOfDeathEn": null,
      "CauseOfDeathFr": null,
      "CemetaryNameEn": null,
      "CemetaryNameFr": null,
      "CemetaryCityEn": null,
      "CemetaryCityFr": null,
      "CemetaryProvinceEn": null,
      "CemetaryProvinceFr": null,
      "CemetaryCountryEn": null,
      "CemetaryCountryFr": null,
      "FuneralDate": null,
      "StateLayFuneralLocationEn": null,
      "StateLayFuneralLocationFr": null,
      "StateLayFuneralStartDate": null,
      "StateLayFuneralEndDate": null,
      "ReferenceOfStateLay": null
    },
    "PrimeMinister": null,
    "Parliaments": null,
    "Age": 69,
    "DisplayName": "Tobin, Stephen",
    "StraightDisplayName": "Stephen Tobin",
    "PartyEn": "Liberal Party of Canada (1872/10/12 - 1874/01/21)<br>",
    "PartyFr": "Parti lib\u00e9ral du Canada (1872/10/12 - 1874/01/21)<br>",
    "ConstituencyEn": "Halifax (1872/10/12 - 1874/01/21)<br>",
    "ConstituencyFr": "Halifax (1872/10/12 - 1874/01/21)<br>",
    "CurrentPartyEn": "Liberal Party of Canada",
    "CurrentPartyFr": "Parti lib\u00e9ral du Canada",
    "CurrentConstituencyEn": "Halifax",
    "CurrentConstituencyFr": "Halifax",
    "ElectedInParliaments": "2;",
    "ServedInParliaments": "2;",
    "ProvinceEn": "Nova Scotia<br>",
    "ProvinceFr": "Nouvelle-\u00c9cosse<br>",
    "PrimeMinisterEn": "",
    "PrimeMinisterFr": "",
    "CabinetChairEn": "",
    "CabinetChairFr": "",
    "CabinetCommitteeMemberEn": "",
    "CabinetCommitteeMemberFr": "",
    "LeaderOpposition": "",
    "DeputyPrimeMinister": "",
    "SpeakerHouseOfCommons": "",
    "SpeakerSenate": "",
    "SpeakerProTempore": "",
    "DeputySpeaker": "",
    "AssistantDeputySpeakerChairEn": "",
    "AssistantDeputySpeakerChairFr": "",
    "MinisterOfEn": "",
    "MinisterOfFr": "",
    "AssociateMinisterOfEn": "",
    "AssociateMinisterOfFr": "",
    "MinisterOfStateOfEn": "",
    "MinisterOfStateOfFr": "",
    "SecretaryOfStateOfEn": "",
    "SecretaryOfStateOfFr": "",
    "ParliamentarySecretaryOfEn": "",
    "ParliamentarySecretaryOfFr": "",
    "ParliamentaryAssistantOfEn": "",
    "ParliamentaryAssistantOfFr": "",
    "PartyLeaderEn": "",
    "PartyLeaderFr": "",
    "HouseLeaderEn": "",
    "HouseLeaderFr": "",
    "DeputyHouseLeaderEn": "",
    "DeputyHouseLeaderFr": "",
    "WhipEn": "",
    "WhipFr": "",
    "DeputyWhipEn": "",
    "DeputyWhipFr": "",
    "CriticOfEn": "",
    "CriticOfFr": "",
    "AssistantCriticOfEn": "",
    "AssistantCriticOfFr": "",
    "TypeOfParliamentarianEn": "MP (1872/10/12 - 1874/01/21)<br>",
    "TypeOfParliamentarianFr": "D\u00e9put\u00e9 (1872/10/12 - 1874/01/21)<br>",
    "MemberOfParliamentMandate": "1872/10/12 - 1874/01/21<br>",
    "SenateMandate": "",
    "DiedInOffice": false,
    "PremiershipExperienceEn": "",
    "PremiershipExperienceFr": "",
    "ProvincialExperienceEn": "",
    "ProvincialExperienceFr": "",
    "MunicipalExperienceEn": "Halifax - City Councillor ( - )<br>Halifax - Mayor (1878 - 1881)<br>Halifax - Mayor (1867 - 1870)<br>",
    "MunicipalExperienceFr": "Halifax - Conseiller municipal ( - )<br>Halifax - Maire (1878 - 1881)<br>Halifax - Maire (1867 - 1870)<br>",
    "MilitaryServiceEn": "",
    "MilitaryServiceFr": "",
    "MinistryDurationEn": "",
    "MinistryDurationFr": "",
    "ProfessionsEn": ", insurance agent, merchant",
    "ProfessionsFr": ", agent d'assurance, marchand",
    "LanguageEn": "",
    "LanguageFr": "",
    "IsPrimeMinister": false,
    "YearsOfServiceSegments": [
      {
        "TotalDays": 467,
        "Years": 1,
        "Months": 3,
        "Days": 10,
        "Hours": 0,
        "Minutes": 0,
        "Seconds": 0,
        "Milliseconds": 0
      }
    ],
    "IsCurrentlyInOffice": false,
    "IsCurrentlySenator": false,
    "IsCurrentlyMP": false,
    "HasMaidenSpeech": false,
    "_id": "59f8770be413e1389ffd1a91",
    "LastUpdatedId": "000000000000000000000000",
    "LastModified": "0001-01-01T00:00:00",
    "ModifiedBy": null
  },
  "FederalExperience": [
    {
      "PersonRoleId": 45467,
      "NameFr": "Membre pour la circonscription",
      "StartDate": "1872-10-12T00:00:00Z",
      "StartDateIsApproximate": false,
      "EndDate": "1874-01-21T00:00:00Z",
      "EndDateIsApproximate": false,
      "EndReasonEn": null,
      "EndReasonFr": null,
      "EndReasonTypeEn": null,
      "EndReasonTypeFr": null,
      "SourceOfInformationEn": null,
      "SourceOfInformationFr": null,
      "IsActing": false,
      "ActingTextEn": null,
      "ActingTextFr": null,
      "HasCrossedTheFloor": false,
      "OrganizationId": 3479,
      "OrganizationLongEn": "Halifax",
      "OrganizationLongFr": "Halifax",
      "OrganizationShortEn": "",
      "OrganizationShortFr": "",
      "OrganizationAcronymEn": "",
      "OrganizationAcronymFr": "",
      "OrganizationTypeId": 35,
      "OrganizationTypeEn": "Constituency",
      "OrganizationTypeFr": "Circonscription",
      "OrganizationProvinceEn": "Nova Scotia",
      "OrganizationProvinceFr": "Nouvelle-\u00c9cosse",
      "OrganizationHasProfile": true,
      "IsSenatorialDivision": false,
      "ToBeStyledAsEn": "",
      "ToBeStyledAsFr": "",
      "GroupId": 0,
      "Source": null,
      "PortFolioEn": null,
      "PortFolioFr": null,
      "Committee": null,
      "GroupingTitleEn": "Parliamentarian",
      "GroupingTitleFr": "Parlementaire",
      "GroupingOrder": 1,
      "ParliamentStart": "1873-03-05T00:00:00Z",
      "ParliamentEnd": "1874-01-02T00:00:00Z",
      "ParliamentNumber": 2,
      "PartyOrganizationId": 4831,
      "PartyEn": "Liberal Party of Canada",
      "PartyFr": "Parti lib\u00e9ral du Canada",
      "PartyStartDate": "1872-10-12T00:00:00Z",
      "PartyEndDate": "1874-01-21T00:00:00Z",
      "PersonPersonId": 0,
      "PersonLastName": null,
      "PersonUsedFirstName": null,
      "PersonGender": null,
      "MemberOfParliament": {
        "OccupationTypeEn": "Continuous",
        "OccupationTypeFr": "Continue"
      },
      "IsMP": true,
      "IsSenator": false,
      "GovernorGeneral": null,
      "Documents": null,
      "Senator": null,
      "NotesEn": null,
      "NotesFr": null,
      "InternalNotes": null,
      "IsCurrent": "False",
      "RoleId": 719,
      "NameEn": "Constituency Member",
      "Ordinal": 240,
      "Classes": [
        {
          "RoleClassId": 49,
          "RoleClassOrdinal": 2,
          "RoleToRoleClassOrdinal": null,
          "RoleClassNameEn": "Salaries in the House of Commons",
          "RoleClassNameFr": "Salaires \u00e0 la Chambre des Communes"
        },
        {
          "RoleClassId": 105,
          "RoleClassOrdinal": null,
          "RoleToRoleClassOrdinal": null,
          "RoleClassNameEn": "Parliamentarian",
          "RoleClassNameFr": "Parlementaire"
        }
      ]
    },
    {
      "PersonRoleId": 116243,
      "NameFr": "Membre du parti",
      "StartDate": "1872-10-12T00:00:00Z",
      "StartDateIsApproximate": false,
      "EndDate": "1874-01-21T00:00:00Z",
      "EndDateIsApproximate": false,
      "EndReasonEn": null,
      "EndReasonFr": null,
      "EndReasonTypeEn": null,
      "EndReasonTypeFr": null,
      "SourceOfInformationEn": null,
      "SourceOfInformationFr": null,
      "IsActing": false,
      "ActingTextEn": null,
      "ActingTextFr": null,
      "HasCrossedTheFloor": false,
      "OrganizationId": 4831,
      "OrganizationLongEn": "Liberal Party of Canada",
      "OrganizationLongFr": "Parti lib\u00e9ral du Canada",
      "OrganizationShortEn": "Liberal",
      "OrganizationShortFr": "Lib\u00e9ral",
      "OrganizationAcronymEn": "Lib.",
      "OrganizationAcronymFr": "Lib.",
      "OrganizationTypeId": 4,
      "OrganizationTypeEn": "Party",
      "OrganizationTypeFr": "Parti",
      "OrganizationProvinceEn": null,
      "OrganizationProvinceFr": null,
      "OrganizationHasProfile": true,
      "IsSenatorialDivision": false,
      "ToBeStyledAsEn": "",
      "ToBeStyledAsFr": "",
      "GroupId": 0,
      "Source": null,
      "PortFolioEn": null,
      "PortFolioFr": null,
      "Committee": null,
      "GroupingTitleEn": "Parliamentarian",
      "GroupingTitleFr": "Parlementaire",
      "GroupingOrder": 1,
      "ParliamentStart": "1873-03-05T00:00:00Z",
      "ParliamentEnd": "1874-01-02T00:00:00Z",
      "ParliamentNumber": 2,
      "PartyOrganizationId": 4831,
      "PartyEn": "Liberal Party of Canada",
      "PartyFr": "Parti lib\u00e9ral du Canada",
      "PartyStartDate": "1872-10-12T00:00:00Z",
      "PartyEndDate": "1874-01-21T00:00:00Z",
      "PersonPersonId": 0,
      "PersonLastName": null,
      "PersonUsedFirstName": null,
      "PersonGender": null,
      "MemberOfParliament": null,
      "IsMP": false,
      "IsSenator": false,
      "GovernorGeneral": null,
      "Documents": null,
      "Senator": null,
      "NotesEn": null,
      "NotesFr": null,
      "InternalNotes": null,
      "IsCurrent": "False",
      "RoleId": 722,
      "NameEn": "Party Member",
      "Ordinal": null,
      "Classes": [
        {
          "RoleClassId": 105,
          "RoleClassOrdinal": null,
          "RoleToRoleClassOrdinal": null,
          "RoleClassNameEn": "Parliamentarian",
          "RoleClassNameFr": "Parlementaire"
        }
      ]
    }
  ],
  "FederalExperienceList": [
    {
      "PersonRoleId": 116243,
      "NameFr": "Membre du parti",
      "StartDate": "1872-10-12T00:00:00Z",
      "StartDateIsApproximate": false,
      "EndDate": "1874-01-21T00:00:00Z",
      "EndDateIsApproximate": false,
      "EndReasonEn": null,
      "EndReasonFr": null,
      "EndReasonTypeEn": null,
      "EndReasonTypeFr": null,
      "SourceOfInformationEn": null,
      "SourceOfInformationFr": null,
      "IsActing": false,
      "ActingTextEn": null,
      "ActingTextFr": null,
      "HasCrossedTheFloor": false,
      "OrganizationId": 4831,
      "OrganizationLongEn": "Liberal Party of Canada",
      "OrganizationLongFr": "Parti lib\u00e9ral du Canada",
      "OrganizationShortEn": "Liberal",
      "OrganizationShortFr": "Lib\u00e9ral",
      "OrganizationAcronymEn": "Lib.",
      "OrganizationAcronymFr": "Lib.",
      "OrganizationTypeId": 4,
      "OrganizationTypeEn": "Party",
      "OrganizationTypeFr": "Parti",
      "OrganizationProvinceEn": null,
      "OrganizationProvinceFr": null,
      "OrganizationHasProfile": true,
      "IsSenatorialDivision": false,
      "ToBeStyledAsEn": "",
      "ToBeStyledAsFr": "",
      "GroupId": 0,
      "Source": null,
      "PortFolioEn": null,
      "PortFolioFr": null,
      "Committee": null,
      "GroupingTitleEn": "Parliamentarian",
      "GroupingTitleFr": "Parlementaire",
      "GroupingOrder": 1,
      "ParliamentStart": "1873-03-05T00:00:00Z",
      "ParliamentEnd": "1874-01-02T00:00:00Z",
      "ParliamentNumber": 2,
      "PartyOrganizationId": 4831,
      "PartyEn": "Liberal Party of Canada",
      "PartyFr": "Parti lib\u00e9ral du Canada",
      "PartyStartDate": "1872-10-12T00:00:00Z",
      "PartyEndDate": "1874-01-21T00:00:00Z",
      "PersonPersonId": 0,
      "PersonLastName": null,
      "PersonUsedFirstName": null,
      "PersonGender": null,
      "MemberOfParliament": null,
      "IsMP": false,
      "IsSenator": false,
      "GovernorGeneral": null,
      "Documents": null,
      "Senator": null,
      "NotesEn": null,
      "NotesFr": null,
      "InternalNotes": null,
      "IsCurrent": "False",
      "RoleId": 722,
      "NameEn": "Party Member",
      "Ordinal": null,
      "Classes": [
        {
          "RoleClassId": 105,
          "RoleClassOrdinal": null,
          "RoleToRoleClassOrdinal": null,
          "RoleClassNameEn": "Parliamentarian",
          "RoleClassNameFr": "Parlementaire"
        }
      ]
    },
    {
      "PersonRoleId": 45467,
      "NameFr": "Membre pour la circonscription",
      "StartDate": "1872-10-12T00:00:00Z",
      "StartDateIsApproximate": false,
      "EndDate": "1874-01-21T00:00:00Z",
      "EndDateIsApproximate": false,
      "EndReasonEn": null,
      "EndReasonFr": null,
      "EndReasonTypeEn": null,
      "EndReasonTypeFr": null,
      "SourceOfInformationEn": null,
      "SourceOfInformationFr": null,
      "IsActing": false,
      "ActingTextEn": null,
      "ActingTextFr": null,
      "HasCrossedTheFloor": false,
      "OrganizationId": 3479,
      "OrganizationLongEn": "Halifax",
      "OrganizationLongFr": "Halifax",
      "OrganizationShortEn": "",
      "OrganizationShortFr": "",
      "OrganizationAcronymEn": "",
      "OrganizationAcronymFr": "",
      "OrganizationTypeId": 35,
      "OrganizationTypeEn": "Constituency",
      "OrganizationTypeFr": "Circonscription",
      "OrganizationProvinceEn": "Nova Scotia",
      "OrganizationProvinceFr": "Nouvelle-\u00c9cosse",
      "OrganizationHasProfile": true,
      "IsSenatorialDivision": false,
      "ToBeStyledAsEn": "",
      "ToBeStyledAsFr": "",
      "GroupId": 0,
      "Source": null,
      "PortFolioEn": null,
      "PortFolioFr": null,
      "Committee": null,
      "GroupingTitleEn": "Parliamentarian",
      "GroupingTitleFr": "Parlementaire",
      "GroupingOrder": 1,
      "ParliamentStart": "1873-03-05T00:00:00Z",
      "ParliamentEnd": "1874-01-02T00:00:00Z",
      "ParliamentNumber": 2,
      "PartyOrganizationId": 4831,
      "PartyEn": "Liberal Party of Canada",
      "PartyFr": "Parti lib\u00e9ral du Canada",
      "PartyStartDate": "1872-10-12T00:00:00Z",
      "PartyEndDate": "1874-01-21T00:00:00Z",
      "PersonPersonId": 0,
      "PersonLastName": null,
      "PersonUsedFirstName": null,
      "PersonGender": null,
      "MemberOfParliament": {
        "OccupationTypeEn": "Continuous",
        "OccupationTypeFr": "Continue"
      },
      "IsMP": true,
      "IsSenator": false,
      "GovernorGeneral": null,
      "Documents": null,
      "Senator": null,
      "NotesEn": null,
      "NotesFr": null,
      "InternalNotes": null,
      "IsCurrent": "False",
      "RoleId": 719,
      "NameEn": "Constituency Member",
      "Ordinal": 240,
      "Classes": [
        {
          "RoleClassId": 49,
          "RoleClassOrdinal": 2,
          "RoleToRoleClassOrdinal": null,
          "RoleClassNameEn": "Salaries in the House of Commons",
          "RoleClassNameFr": "Salaires \u00e0 la Chambre des Communes"
        },
        {
          "RoleClassId": 105,
          "RoleClassOrdinal": null,
          "RoleToRoleClassOrdinal": null,
          "RoleClassNameEn": "Parliamentarian",
          "RoleClassNameFr": "Parlementaire"
        }
      ]
    }
  ],
  "CommitteeMembership": [
    {
      "NameEn": "Member",
      "NameFr": "Membre",
      "RoleId": 226,
      "OrganizationId": 10294,
      "OrganizationLongEn": "Standing Committee on Standing Orders",
      "OrganizationLongFr": "Comit\u00e9 permanent du r\u00e8glement",
      "OrganizationTypeEn": "Committee",
      "OrganizationTypeFr": "Comit\u00e9",
      "OrganizationTypeId": 27,
      "PartyEn": "Liberal Party of Canada",
      "PartyFr": "Parti lib\u00e9ral du Canada",
      "CompositionTypeLongEn": "House of Commons",
      "CompositionTypeLongFr": "Chambre des communes",
      "CompositionTypeShortEn": "C",
      "CompositionTypeShortFr": "C",
      "CommitteeTypeEn": "Standing",
      "CommitteeTypeFr": "Permanent",
      "ParliamentNumber": 2,
      "SessionNumber": 1,
      "ShortEn": "1st",
      "ShortFr": "1\u00e8re"
    },
    {
      "NameEn": "Member",
      "NameFr": "Membre",
      "RoleId": 226,
      "OrganizationId": 4846,
      "OrganizationLongEn": "Standing Joint Committee on the Library of Parliament",
      "OrganizationLongFr": "Comit\u00e9 mixte permanent de la Biblioth\u00e8que du Parlement",
      "OrganizationTypeEn": "Committee",
      "OrganizationTypeFr": "Comit\u00e9",
      "OrganizationTypeId": 27,
      "PartyEn": "Liberal Party of Canada",
      "PartyFr": "Parti lib\u00e9ral du Canada",
      "CompositionTypeLongEn": "Joint",
      "CompositionTypeLongFr": "Mixte",
      "CompositionTypeShortEn": "J",
      "CompositionTypeShortFr": "J",
      "CommitteeTypeEn": "Standing",
      "CommitteeTypeFr": "Permanent",
      "ParliamentNumber": 2,
      "SessionNumber": 1,
      "ShortEn": "1st",
      "ShortFr": "1\u00e8re"
    },
    {
      "NameEn": "Member",
      "NameFr": "Membre",
      "RoleId": 226,
      "OrganizationId": 766,
      "OrganizationLongEn": "Standing Committee on Banking and Commerce",
      "OrganizationLongFr": "Comit\u00e9 permanent des banques et du commerce",
      "OrganizationTypeEn": "Committee",
      "OrganizationTypeFr": "Comit\u00e9",
      "OrganizationTypeId": 27,
      "PartyEn": "Liberal Party of Canada",
      "PartyFr": "Parti lib\u00e9ral du Canada",
      "CompositionTypeLongEn": "House of Commons",
      "CompositionTypeLongFr": "Chambre des communes",
      "CompositionTypeShortEn": "C",
      "CompositionTypeShortFr": "C",
      "CommitteeTypeEn": "Standing",
      "CommitteeTypeFr": "Permanent",
      "ParliamentNumber": 2,
      "SessionNumber": 1,
      "ShortEn": "1st",
      "ShortFr": "1\u00e8re"
    },
    {
      "NameEn": "Member",
      "NameFr": "Membre",
      "RoleId": 226,
      "OrganizationId": 11315,
      "OrganizationLongEn": "Special Committee respecting the Petition of Joseph Bouchette, Surveyor General (to publish the topographical and geographical maps of the province)",
      "OrganizationLongFr": "Comit\u00e9 sp\u00e9cial sur la requ\u00eate de Joseph Bouchette, arpenteur g\u00e9n\u00e9ral (publier les cartes topographiques et g\u00e9ographiques de la province)",
      "OrganizationTypeEn": "Committee",
      "OrganizationTypeFr": "Comit\u00e9",
      "OrganizationTypeId": 27,
      "PartyEn": "Liberal Party of Canada",
      "PartyFr": "Parti lib\u00e9ral du Canada",
      "CompositionTypeLongEn": "House of Commons",
      "CompositionTypeLongFr": "Chambre des communes",
      "CompositionTypeShortEn": "C",
      "CompositionTypeShortFr": "C",
      "CommitteeTypeEn": "Special",
      "CommitteeTypeFr": "Sp\u00e9cial",
      "ParliamentNumber": 2,
      "SessionNumber": 1,
      "ShortEn": "1st",
      "ShortFr": "1\u00e8re"
    },
    {
      "NameEn": "Member",
      "NameFr": "Membre",
      "RoleId": 226,
      "OrganizationId": 11392,
      "OrganizationLongEn": "Special Committee for an Address to thank His Excellency the Governor General for his gracious Speech from the Throne at the commencement of the Session",
      "OrganizationLongFr": "Comit\u00e9 sp\u00e9cial au sujet d'une adresse pour remercier Son Excellence de son gracieux discours du tr\u00f4ne \u00e0 l'ouverture de la session",
      "OrganizationTypeEn": "Committee",
      "OrganizationTypeFr": "Comit\u00e9",
      "OrganizationTypeId": 27,
      "PartyEn": "Liberal Party of Canada",
      "PartyFr": "Parti lib\u00e9ral du Canada",
      "CompositionTypeLongEn": "House of Commons",
      "CompositionTypeLongFr": "Chambre des communes",
      "CompositionTypeShortEn": "C",
      "CompositionTypeShortFr": "C",
      "CommitteeTypeEn": "Special",
      "CommitteeTypeFr": "Sp\u00e9cial",
      "ParliamentNumber": 2,
      "SessionNumber": 1,
      "ShortEn": "1st",
      "ShortFr": "1\u00e8re"
    }
  ],
  "PublicOfficeExperience": null,
  "ProvincialExperience": null,
  "MilitaryExperience": null,
  "MunicipalExperience": [
    {
      "PersonRoleId": 66381,
      "NameFr": "Maire",
      "StartDate": "1878-01-01T00:00:00Z",
      "StartDateIsApproximate": true,
      "EndDate": "1881-01-01T00:00:00Z",
      "EndDateIsApproximate": true,
      "EndReasonEn": null,
      "EndReasonFr": null,
      "EndReasonTypeEn": null,
      "EndReasonTypeFr": null,
      "SourceOfInformationEn": null,
      "SourceOfInformationFr": null,
      "IsActing": false,
      "ActingTextEn": null,
      "ActingTextFr": null,
      "HasCrossedTheFloor": false,
      "OrganizationId": 3493,
      "OrganizationLongEn": "Halifax",
      "OrganizationLongFr": "Halifax",
      "OrganizationShortEn": "",
      "OrganizationShortFr": "",
      "OrganizationAcronymEn": "",
      "OrganizationAcronymFr": "",
      "OrganizationTypeId": 11,
      "OrganizationTypeEn": "Municipal Government",
      "OrganizationTypeFr": "Gouvernement municipal",
      "OrganizationProvinceEn": null,
      "OrganizationProvinceFr": null,
      "OrganizationHasProfile": true,
      "IsSenatorialDivision": false,
      "ToBeStyledAsEn": "",
      "ToBeStyledAsFr": "",
      "GroupId": 0,
      "Source": null,
      "PortFolioEn": null,
      "PortFolioFr": null,
      "Committee": null,
      "GroupingTitleEn": null,
      "GroupingTitleFr": null,
      "GroupingOrder": 0,
      "ParliamentStart": null,
      "ParliamentEnd": null,
      "ParliamentNumber": 0,
      "PartyOrganizationId": 0,
      "PartyEn": null,
      "PartyFr": null,
      "PartyStartDate": null,
      "PartyEndDate": null,
      "PersonPersonId": 0,
      "PersonLastName": null,
      "PersonUsedFirstName": null,
      "PersonGender": null,
      "MemberOfParliament": null,
      "IsMP": false,
      "IsSenator": false,
      "GovernorGeneral": null,
      "Documents": null,
      "Senator": null,
      "NotesEn": null,
      "NotesFr": null,
      "InternalNotes": null,
      "IsCurrent": "False",
      "RoleId": 223,
      "NameEn": "Mayor",
      "Ordinal": null,
      "Classes": [
        {
          "RoleClassId": 115,
          "RoleClassOrdinal": null,
          "RoleToRoleClassOrdinal": null,
          "RoleClassNameEn": "Municipal",
          "RoleClassNameFr": "Municipal"
        }
      ]
    },
    {
      "PersonRoleId": 75104,
      "NameFr": "Maire",
      "StartDate": "1867-01-01T00:00:00Z",
      "StartDateIsApproximate": true,
      "EndDate": "1870-01-01T00:00:00Z",
      "EndDateIsApproximate": true,
      "EndReasonEn": null,
      "EndReasonFr": null,
      "EndReasonTypeEn": null,
      "EndReasonTypeFr": null,
      "SourceOfInformationEn": null,
      "SourceOfInformationFr": null,
      "IsActing": false,
      "ActingTextEn": null,
      "ActingTextFr": null,
      "HasCrossedTheFloor": false,
      "OrganizationId": 3493,
      "OrganizationLongEn": "Halifax",
      "OrganizationLongFr": "Halifax",
      "OrganizationShortEn": "",
      "OrganizationShortFr": "",
      "OrganizationAcronymEn": "",
      "OrganizationAcronymFr": "",
      "OrganizationTypeId": 11,
      "OrganizationTypeEn": "Municipal Government",
      "OrganizationTypeFr": "Gouvernement municipal",
      "OrganizationProvinceEn": null,
      "OrganizationProvinceFr": null,
      "OrganizationHasProfile": true,
      "IsSenatorialDivision": false,
      "ToBeStyledAsEn": "",
      "ToBeStyledAsFr": "",
      "GroupId": 0,
      "Source": null,
      "PortFolioEn": null,
      "PortFolioFr": null,
      "Committee": null,
      "GroupingTitleEn": null,
      "GroupingTitleFr": null,
      "GroupingOrder": 0,
      "ParliamentStart": null,
      "ParliamentEnd": null,
      "ParliamentNumber": 0,
      "PartyOrganizationId": 0,
      "PartyEn": null,
      "PartyFr": null,
      "PartyStartDate": null,
      "PartyEndDate": null,
      "PersonPersonId": 0,
      "PersonLastName": null,
      "PersonUsedFirstName": null,
      "PersonGender": null,
      "MemberOfParliament": null,
      "IsMP": false,
      "IsSenator": false,
      "GovernorGeneral": null,
      "Documents": null,
      "Senator": null,
      "NotesEn": null,
      "NotesFr": null,
      "InternalNotes": null,
      "IsCurrent": "False",
      "RoleId": 223,
      "NameEn": "Mayor",
      "Ordinal": null,
      "Classes": [
        {
          "RoleClassId": 115,
          "RoleClassOrdinal": null,
          "RoleToRoleClassOrdinal": null,
          "RoleClassNameEn": "Municipal",
          "RoleClassNameFr": "Municipal"
        }
      ]
    },
    {
      "PersonRoleId": 108482,
      "NameFr": "Conseiller municipal",
      "StartDate": null,
      "StartDateIsApproximate": false,
      "EndDate": null,
      "EndDateIsApproximate": false,
      "EndReasonEn": null,
      "EndReasonFr": null,
      "EndReasonTypeEn": null,
      "EndReasonTypeFr": null,
      "SourceOfInformationEn": null,
      "SourceOfInformationFr": null,
      "IsActing": false,
      "ActingTextEn": null,
      "ActingTextFr": null,
      "HasCrossedTheFloor": false,
      "OrganizationId": 3493,
      "OrganizationLongEn": "Halifax",
      "OrganizationLongFr": "Halifax",
      "OrganizationShortEn": "",
      "OrganizationShortFr": "",
      "OrganizationAcronymEn": "",
      "OrganizationAcronymFr": "",
      "OrganizationTypeId": 11,
      "OrganizationTypeEn": "Municipal Government",
      "OrganizationTypeFr": "Gouvernement municipal",
      "OrganizationProvinceEn": null,
      "OrganizationProvinceFr": null,
      "OrganizationHasProfile": true,
      "IsSenatorialDivision": false,
      "ToBeStyledAsEn": "",
      "ToBeStyledAsFr": "",
      "GroupId": 0,
      "Source": null,
      "PortFolioEn": null,
      "PortFolioFr": null,
      "Committee": null,
      "GroupingTitleEn": null,
      "GroupingTitleFr": null,
      "GroupingOrder": 0,
      "ParliamentStart": null,
      "ParliamentEnd": null,
      "ParliamentNumber": 0,
      "PartyOrganizationId": 0,
      "PartyEn": null,
      "PartyFr": null,
      "PartyStartDate": null,
      "PartyEndDate": null,
      "PersonPersonId": 0,
      "PersonLastName": null,
      "PersonUsedFirstName": null,
      "PersonGender": null,
      "MemberOfParliament": null,
      "IsMP": false,
      "IsSenator": false,
      "GovernorGeneral": null,
      "Documents": null,
      "Senator": null,
      "NotesEn": null,
      "NotesFr": null,
      "InternalNotes": null,
      "IsCurrent": "True",
      "RoleId": 777,
      "NameEn": "City Councillor",
      "Ordinal": null,
      "Classes": [
        {
          "RoleClassId": 115,
          "RoleClassOrdinal": null,
          "RoleToRoleClassOrdinal": null,
          "RoleClassNameEn": "Municipal",
          "RoleClassNameFr": "Municipal"
        }
      ]
    }
  ],
  "FamilyTiesInParliament": null,
  "Family": null,
  "Education": null,
  "PictureId": 2955,
  "PictureCopyrightEn": "Public Domain",
  "PictureCopyrightFr": "Du domaine public",
  "PictureCreditEn": "PA 033550",
  "PictureCreditFr": "PA 033550",
  "DisplayTitleEn": " Stephen Tobin, M.P.",
  "DisplayTitleFr": " Stephen Tobin, d\u00e9put\u00e9",
  "PlaceOfBirthEn": "Halifax, Nova Scotia, Canada",
  "PlaceOfBirthFr": "Halifax, Nouvelle-\u00c9cosse, Canada",
  "ProfessionsEn": "merchant, insurance agent",
  "ProfessionsFr": "marchand, agent d'assurance",
  "PreferredLanguageEn": "",
  "PreferredLanguageFr": "",
  "PlaceOfBurialEn": ", , ",
  "PlaceOfBurialFr": ", , "
}