{
  "Person": {
    "PersonId": 18483,
    "HOCPersonId": 88687,
    "SenatePersonId": 0,
    "FormalFirstName": null,
    "UsedFirstName": "Nathaniel",
    "MiddleName": null,
    "MaidenName": null,
    "LastName": "Erskine-Smith",
    "IsDraftProfile": false,
    "MaidenSpeechNotFound": false,
    "DateOfBirth": "1984-06-15T00:00:00Z",
    "DateOfBirthIsApproximate": false,
    "DoNotDiscloseDateOfBirth": false,
    "DoNotDiscloseBirthLocation": false,
    "CityOfBirthEn": "Toronto",
    "CityOfBirthFr": "Toronto",
    "ProvinceOfBirthEn": "Ontario",
    "ProvinceOfBirthFr": "Ontario",
    "CountryOfBirthFr": "Canada",
    "CountryOfBirthEn": "Canada",
    "Gender": "M",
    "EthnicityLongEn": null,
    "EthnicityLongFr": null,
    "IsCanadianOrigin": true,
    "InternalNotes": null,
    "ExternalNotesEn": null,
    "ExternalNotesFr": null,
    "ReligionEn": null,
    "ReligionFr": null,
    "Professions": [
      {
        "NameEn": "lawyer",
        "NameFr": "avocat",
        "SearchKeyWordsEn": "",
        "SearchKeyWordsFr": "",
        "ProfessionTypeEn": "Law, social science, education, government services and religion - Professional occupations",
        "ProfessionTypeFr": "Droit, sciences sociales, enseignement, administration publique et religion - Personnel professionnel",
        "Ordinal": null
      }
    ],
    "Languages": [
      {
        "NameEn": "English",
        "NameFr": "Anglais",
        "IsPreferred": true,
        "Ordinal": 0
      },
      {
        "NameEn": "French",
        "NameFr": "Fran\u00e7ais",
        "IsPreferred": true,
        "Ordinal": 1
      }
    ],
    "Education": [
      {
        "SchoolNameLongEn": "Queen's University",
        "SchoolNameLongFr": "Universit\u00e9 Queen's",
        "SchoolCityEn": "",
        "SchoolCityFr": "",
        "FieldOfStudyEn": "Laws",
        "FieldOfStudyFr": "Droit",
        "DiplomaLongEn": "Bachelor (Juris)",
        "DiplomaLongFr": "Baccalaur\u00e9at (Juris)",
        "DiplomaShortEn": "B.A. (Juris)",
        "DiplomaShortFr": "B.A. (Juris)",
        "GraduationYear": null
      },
      {
        "SchoolNameLongEn": "University of Oxford",
        "SchoolNameLongFr": "University of Oxford",
        "SchoolCityEn": "Oxford",
        "SchoolCityFr": "Oxford",
        "FieldOfStudyEn": "Constitutional Law and Political Science",
        "FieldOfStudyFr": "Droit constitutionnel et Science politique",
        "DiplomaLongEn": "Master",
        "DiplomaLongFr": "Ma\u00eetrise",
        "DiplomaShortEn": "M.A.",
        "DiplomaShortFr": "M.A.",
        "GraduationYear": null
      },
      {
        "SchoolNameLongEn": "Queen's University",
        "SchoolNameLongFr": "Universit\u00e9 Queen's",
        "SchoolCityEn": "",
        "SchoolCityFr": "",
        "FieldOfStudyEn": "Arts",
        "FieldOfStudyFr": "Arts",
        "DiplomaLongEn": "Bachelor",
        "DiplomaLongFr": "Bachelier",
        "DiplomaShortEn": "B.A",
        "DiplomaShortFr": "B.A.",
        "GraduationYear": null
      }
    ],
    "FamilyRelations": null,
    "Pictures": [
      {
        "PictureId": 9223,
        "PictureDate": null,
        "TypeEn": "Photographer",
        "TypeFr": "Photographe",
        "PhotographerEn": null,
        "PhotographerFr": null,
        "CreditsEn": "Unofficial photo<br> (Campaign photo)",
        "CreditsFr": "Photo non officielle<br>(Photo \u00e9lectorale)",
        "CopyRightsEn": null,
        "CopyRightsFr": null,
        "DisplayForWeb": false,
        "InternalNotes": null
      },
      {
        "PictureId": 10172,
        "PictureDate": "2018-12-21T05:00:00Z",
        "TypeEn": "Photographer",
        "TypeFr": "Photographe",
        "PhotographerEn": "House of Commons photographer",
        "PhotographerFr": "Photographe de la Chambre des communes",
        "CreditsEn": "House of Commons",
        "CreditsFr": "Chambre des communes",
        "CopyRightsEn": "House of Commons 2017",
        "CopyRightsFr": "Chambre des communes 2017",
        "DisplayForWeb": false,
        "InternalNotes": null
      },
      {
        "PictureId": 11213,
        "PictureDate": "2019-12-19T05:00:00Z",
        "TypeEn": "Photographer",
        "TypeFr": "Photographe",
        "PhotographerEn": "House of Commons photographer",
        "PhotographerFr": "Photographe de la Chambre des communes",
        "CreditsEn": "House of Commons",
        "CreditsFr": "Chambre des communes",
        "CopyRightsEn": "House of Commons 2019",
        "CopyRightsFr": "Chambre des communes 2019",
        "DisplayForWeb": false,
        "InternalNotes": null
      },
      {
        "PictureId": 11684,
        "PictureDate": "2021-12-07T05:00:00Z",
        "TypeEn": "Photographer",
        "TypeFr": "Photographe",
        "PhotographerEn": "House of Commons photographer",
        "PhotographerFr": "Photographe de la Chambre des communes",
        "CreditsEn": "House of Commons",
        "CreditsFr": "Chambre des communes",
        "CopyRightsEn": "House of Commons 2021",
        "CopyRightsFr": "Chambre des communes 2021",
        "DisplayForWeb": true,
        "InternalNotes": null
      }
    ],
    "Titles": [
      {
        "LongEn": "Member of Parliament",
        "LongFr": "d\u00e9put\u00e9",
        "AcronymEn": "M.P.",
        "AcronymFr": "d\u00e9put\u00e9",
        "IsHonorific": false,
        "IsScholarity": false,
        "IsSalutation": false,
        "Ordinal": 0
      },
      {
        "LongEn": "Mister",
        "LongFr": "Monsieur",
        "AcronymEn": "Mr.",
        "AcronymFr": "Monsieur",
        "IsHonorific": false,
        "IsScholarity": false,
        "IsSalutation": true,
        "Ordinal": 0
      }
    ],
    "Roles": [
      {
        "PersonRoleId": 265653,
        "NameFr": "Membre du parti",
        "StartDate": "2015-10-19T00:00:00Z",
        "StartDateIsApproximate": false,
        "EndDate": null,
        "EndDateIsApproximate": false,
        "EndReasonEn": null,
        "EndReasonFr": null,
        "EndReasonTypeEn": null,
        "EndReasonTypeFr": null,
        "SourceOfInformationEn": null,
        "SourceOfInformationFr": null,
        "IsActing": false,
        "ActingTextEn": null,
        "ActingTextFr": null,
        "HasCrossedTheFloor": false,
        "OrganizationId": 4831,
        "OrganizationLongEn": "Liberal Party of Canada",
        "OrganizationLongFr": "Parti lib\u00e9ral du Canada",
        "OrganizationShortEn": "Liberal",
        "OrganizationShortFr": "Lib\u00e9ral",
        "OrganizationAcronymEn": "Lib.",
        "OrganizationAcronymFr": "Lib.",
        "OrganizationTypeId": 4,
        "OrganizationTypeEn": "Party",
        "OrganizationTypeFr": "Parti",
        "OrganizationProvinceEn": null,
        "OrganizationProvinceFr": null,
        "OrganizationHasProfile": true,
        "IsSenatorialDivision": false,
        "ToBeStyledAsEn": "",
        "ToBeStyledAsFr": "",
        "GroupId": 0,
        "Source": null,
        "PortFolioEn": null,
        "PortFolioFr": null,
        "Committee": null,
        "GroupingTitleEn": "Parliamentarian",
        "GroupingTitleFr": "Parlementaire",
        "GroupingOrder": 1,
        "ParliamentStart": "2015-12-03T00:00:00Z",
        "ParliamentEnd": "2019-09-11T04:00:00Z",
        "ParliamentNumber": 42,
        "PartyOrganizationId": 4831,
        "PartyEn": "Liberal Party of Canada",
        "PartyFr": "Parti lib\u00e9ral du Canada",
        "PartyStartDate": "2015-10-19T00:00:00Z",
        "PartyEndDate": null,
        "PersonPersonId": 0,
        "PersonLastName": null,
        "PersonUsedFirstName": null,
        "PersonGender": null,
        "MemberOfParliament": null,
        "IsMP": false,
        "IsSenator": false,
        "GovernorGeneral": null,
        "Documents": null,
        "Senator": null,
        "NotesEn": null,
        "NotesFr": null,
        "InternalNotes": null,
        "IsCurrent": "True",
        "RoleId": 722,
        "NameEn": "Party Member",
        "Ordinal": null,
        "Classes": [
          {
            "RoleClassId": 105,
            "RoleClassOrdinal": null,
            "RoleToRoleClassOrdinal": null,
            "RoleClassNameEn": "Parliamentarian",
            "RoleClassNameFr": "Parlementaire"
          }
        ]
      },
      {
        "PersonRoleId": 308237,
        "NameFr": "Vice-pr\u00e9sident",
        "StartDate": "2017-02-02T00:00:00Z",
        "StartDateIsApproximate": false,
        "EndDate": "2019-09-11T04:00:00Z",
        "EndDateIsApproximate": false,
        "EndReasonEn": null,
        "EndReasonFr": null,
        "EndReasonTypeEn": null,
        "EndReasonTypeFr": null,
        "SourceOfInformationEn": null,
        "SourceOfInformationFr": null,
        "IsActing": false,
        "ActingTextEn": null,
        "ActingTextFr": null,
        "HasCrossedTheFloor": false,
        "OrganizationId": 391,
        "OrganizationLongEn": "Standing Committee on Access to Information, Privacy and Ethics",
        "OrganizationLongFr": "Comit\u00e9 permanent de l'acc\u00e8s \u00e0 l'information, protection des renseignements personnels et \u00e9thique",
        "OrganizationShortEn": "Access to Information, Privacy and Ethics",
        "OrganizationShortFr": "Acc\u00e8s \u00e0 l'information, protection des renseignements personnels et \u00e9thique",
        "OrganizationAcronymEn": "ETHI",
        "OrganizationAcronymFr": "ETHI",
        "OrganizationTypeId": 27,
        "OrganizationTypeEn": "Committee",
        "OrganizationTypeFr": "Comit\u00e9",
        "OrganizationProvinceEn": null,
        "OrganizationProvinceFr": null,
        "OrganizationHasProfile": false,
        "IsSenatorialDivision": false,
        "ToBeStyledAsEn": null,
        "ToBeStyledAsFr": null,
        "GroupId": 0,
        "Source": "PrismCommitteeImport",
        "PortFolioEn": null,
        "PortFolioFr": null,
        "Committee": {
          "OrganizationId": 0,
          "SenateCommitteeId": 0,
          "CommitteeTypeId": 5,
          "CommitteeTypeEn": "Standing",
          "CommitteeTypeFr": "Permanent",
          "CompositionTypeId": 3,
          "CompositionTypeLongEn": "House of Commons",
          "CompositionTypeLongFr": "Chambre des communes",
          "CompositionTypeShortEn": "C",
          "CompositionTypeShortFr": "C",
          "Sessions": [
            {
              "SessionId": 0,
              "SessionNumber": 1,
              "ParliamentNumber": 42,
              "StartDate": "2015-12-03T00:00:00Z",
              "EndDate": "2019-09-11T04:00:00Z",
              "ShortEn": "1st",
              "ShortFr": "1\u00e8re"
            }
          ],
          "Mandates": null
        },
        "GroupingTitleEn": null,
        "GroupingTitleFr": null,
        "GroupingOrder": 0,
        "ParliamentStart": null,
        "ParliamentEnd": null,
        "ParliamentNumber": 0,
        "PartyOrganizationId": 4831,
        "PartyEn": "Liberal Party of Canada",
        "PartyFr": "Parti lib\u00e9ral du Canada",
        "PartyStartDate": "2015-10-19T00:00:00Z",
        "PartyEndDate": null,
        "PersonPersonId": 0,
        "PersonLastName": null,
        "PersonUsedFirstName": null,
        "PersonGender": null,
        "MemberOfParliament": null,
        "IsMP": false,
        "IsSenator": false,
        "GovernorGeneral": null,
        "Documents": null,
        "Senator": null,
        "NotesEn": null,
        "NotesFr": null,
        "InternalNotes": null,
        "IsCurrent": "False",
        "RoleId": 1175,
        "NameEn": "Vice-Chair",
        "Ordinal": 200,
        "Classes": [
          {
            "RoleClassId": 33,
            "RoleClassOrdinal": null,
            "RoleToRoleClassOrdinal": null,
            "RoleClassNameEn": "Committee",
            "RoleClassNameFr": "Comit\u00e9"
          },
          {
            "RoleClassId": 113,
            "RoleClassOrdinal": null,
            "RoleToRoleClassOrdinal": null,
            "RoleClassNameEn": "ElectionProcessCloseDissolution",
            "RoleClassNameFr": "ElectionProcessCloseDissolution"
          }
        ]
      },
      {
        "PersonRoleId": 265652,
        "NameFr": "Membre pour la circonscription",
        "StartDate": "2015-10-19T00:00:00Z",
        "StartDateIsApproximate": false,
        "EndDate": null,
        "EndDateIsApproximate": false,
        "EndReasonEn": null,
        "EndReasonFr": null,
        "EndReasonTypeEn": null,
        "EndReasonTypeFr": null,
        "SourceOfInformationEn": null,
        "SourceOfInformationFr": null,
        "IsActing": false,
        "ActingTextEn": null,
        "ActingTextFr": null,
        "HasCrossedTheFloor": false,
        "OrganizationId": 832,
        "OrganizationLongEn": "Beaches--East York",
        "OrganizationLongFr": "Beaches--East York",
        "OrganizationShortEn": "",
        "OrganizationShortFr": "",
        "OrganizationAcronymEn": "",
        "OrganizationAcronymFr": "",
        "OrganizationTypeId": 35,
        "OrganizationTypeEn": "Constituency",
        "OrganizationTypeFr": "Circonscription",
        "OrganizationProvinceEn": "Ontario",
        "OrganizationProvinceFr": "Ontario",
        "OrganizationHasProfile": true,
        "IsSenatorialDivision": false,
        "ToBeStyledAsEn": "",
        "ToBeStyledAsFr": "",
        "GroupId": 0,
        "Source": null,
        "PortFolioEn": null,
        "PortFolioFr": null,
        "Committee": null,
        "GroupingTitleEn": "Parliamentarian",
        "GroupingTitleFr": "Parlementaire",
        "GroupingOrder": 1,
        "ParliamentStart": "2015-12-03T00:00:00Z",
        "ParliamentEnd": "2019-09-11T04:00:00Z",
        "ParliamentNumber": 42,
        "PartyOrganizationId": 4831,
        "PartyEn": "Liberal Party of Canada",
        "PartyFr": "Parti lib\u00e9ral du Canada",
        "PartyStartDate": "2015-10-19T00:00:00Z",
        "PartyEndDate": null,
        "PersonPersonId": 0,
        "PersonLastName": null,
        "PersonUsedFirstName": null,
        "PersonGender": null,
        "MemberOfParliament": {
          "OccupationTypeEn": "Continuous",
          "OccupationTypeFr": "Continue"
        },
        "IsMP": true,
        "IsSenator": false,
        "GovernorGeneral": null,
        "Documents": null,
        "Senator": null,
        "NotesEn": null,
        "NotesFr": null,
        "InternalNotes": null,
        "IsCurrent": "True",
        "RoleId": 719,
        "NameEn": "Constituency Member",
        "Ordinal": 240,
        "Classes": [
          {
            "RoleClassId": 49,
            "RoleClassOrdinal": 2,
            "RoleToRoleClassOrdinal": null,
            "RoleClassNameEn": "Salaries in the House of Commons",
            "RoleClassNameFr": "Salaires \u00e0 la Chambre des Communes"
          },
          {
            "RoleClassId": 105,
            "RoleClassOrdinal": null,
            "RoleToRoleClassOrdinal": null,
            "RoleClassNameEn": "Parliamentarian",
            "RoleClassNameFr": "Parlementaire"
          }
        ]
      },
      {
        "PersonRoleId": 308238,
        "NameFr": "Membre",
        "StartDate": "2015-12-03T00:00:00Z",
        "StartDateIsApproximate": false,
        "EndDate": "2019-09-11T04:00:00Z",
        "EndDateIsApproximate": false,
        "EndReasonEn": null,
        "EndReasonFr": null,
        "EndReasonTypeEn": null,
        "EndReasonTypeFr": null,
        "SourceOfInformationEn": null,
        "SourceOfInformationFr": null,
        "IsActing": false,
        "ActingTextEn": null,
        "ActingTextFr": null,
        "HasCrossedTheFloor": false,
        "OrganizationId": 8642,
        "OrganizationLongEn": "Standing Committee on Public Safety and National Security",
        "OrganizationLongFr": "Comit\u00e9 permanent de la s\u00e9curit\u00e9 publique et nationale",
        "OrganizationShortEn": "Public Safety and National Security",
        "OrganizationShortFr": "S\u00e9curit\u00e9 publique et nationale",
        "OrganizationAcronymEn": "SECU",
        "OrganizationAcronymFr": "SECU",
        "OrganizationTypeId": 27,
        "OrganizationTypeEn": "Committee",
        "OrganizationTypeFr": "Comit\u00e9",
        "OrganizationProvinceEn": null,
        "OrganizationProvinceFr": null,
        "OrganizationHasProfile": false,
        "IsSenatorialDivision": false,
        "ToBeStyledAsEn": null,
        "ToBeStyledAsFr": null,
        "GroupId": 0,
        "Source": "PrismCommitteeImport",
        "PortFolioEn": null,
        "PortFolioFr": null,
        "Committee": {
          "OrganizationId": 0,
          "SenateCommitteeId": 0,
          "CommitteeTypeId": 5,
          "CommitteeTypeEn": "Standing",
          "CommitteeTypeFr": "Permanent",
          "CompositionTypeId": 3,
          "CompositionTypeLongEn": "House of Commons",
          "CompositionTypeLongFr": "Chambre des communes",
          "CompositionTypeShortEn": "C",
          "CompositionTypeShortFr": "C",
          "Sessions": [
            {
              "SessionId": 0,
              "SessionNumber": 1,
              "ParliamentNumber": 42,
              "StartDate": "2015-12-03T00:00:00Z",
              "EndDate": "2019-09-11T04:00:00Z",
              "ShortEn": "1st",
              "ShortFr": "1\u00e8re"
            }
          ],
          "Mandates": null
        },
        "GroupingTitleEn": null,
        "GroupingTitleFr": null,
        "GroupingOrder": 0,
        "ParliamentStart": null,
        "ParliamentEnd": null,
        "ParliamentNumber": 0,
        "PartyOrganizationId": 4831,
        "PartyEn": "Liberal Party of Canada",
        "PartyFr": "Parti lib\u00e9ral du Canada",
        "PartyStartDate": "2015-10-19T00:00:00Z",
        "PartyEndDate": null,
        "PersonPersonId": 0,
        "PersonLastName": null,
        "PersonUsedFirstName": null,
        "PersonGender": null,
        "MemberOfParliament": null,
        "IsMP": false,
        "IsSenator": false,
        "GovernorGeneral": null,
        "Documents": null,
        "Senator": null,
        "NotesEn": null,
        "NotesFr": null,
        "InternalNotes": null,
        "IsCurrent": "False",
        "RoleId": 226,
        "NameEn": "Member",
        "Ordinal": 300,
        "Classes": [
          {
            "RoleClassId": 33,
            "RoleClassOrdinal": null,
            "RoleToRoleClassOrdinal": null,
            "RoleClassNameEn": "Committee",
            "RoleClassNameFr": "Comit\u00e9"
          },
          {
            "RoleClassId": 113,
            "RoleClassOrdinal": null,
            "RoleToRoleClassOrdinal": null,
            "RoleClassNameEn": "ElectionProcessCloseDissolution",
            "RoleClassNameFr": "ElectionProcessCloseDissolution"
          }
        ]
      },
      {
        "PersonRoleId": 308239,
        "NameFr": "Membre",
        "StartDate": "2015-12-03T00:00:00Z",
        "StartDateIsApproximate": false,
        "EndDate": "2019-09-11T04:00:00Z",
        "EndDateIsApproximate": false,
        "EndReasonEn": null,
        "EndReasonFr": null,
        "EndReasonTypeEn": null,
        "EndReasonTypeFr": null,
        "SourceOfInformationEn": null,
        "SourceOfInformationFr": null,
        "IsActing": false,
        "ActingTextEn": null,
        "ActingTextFr": null,
        "HasCrossedTheFloor": false,
        "OrganizationId": 15025,
        "OrganizationLongEn": "Subcommittee on Agenda and Procedure of the Standing Committee on Access to Information, Privacy and Ethics",
        "OrganizationLongFr": "Sous-comit\u00e9 du programme et de la proc\u00e9dure du Comit\u00e9 permanent de l'acc\u00e8s \u00e0 l'information, de la protection des renseignements personnels et de l'\u00e9thique",
        "OrganizationShortEn": "Subcommittee on Agenda and Procedure",
        "OrganizationShortFr": "Sous-comit\u00e9 du programme et de la proc\u00e9dure",
        "OrganizationAcronymEn": null,
        "OrganizationAcronymFr": null,
        "OrganizationTypeId": 27,
        "OrganizationTypeEn": "Committee",
        "OrganizationTypeFr": "Comit\u00e9",
        "OrganizationProvinceEn": null,
        "OrganizationProvinceFr": null,
        "OrganizationHasProfile": true,
        "IsSenatorialDivision": false,
        "ToBeStyledAsEn": null,
        "ToBeStyledAsFr": null,
        "GroupId": 0,
        "Source": "PrismCommitteeImport",
        "PortFolioEn": null,
        "PortFolioFr": null,
        "Committee": {
          "OrganizationId": 0,
          "SenateCommitteeId": 0,
          "CommitteeTypeId": 10,
          "CommitteeTypeEn": "Subcommittee",
          "CommitteeTypeFr": "Sous-comit\u00e9",
          "CompositionTypeId": 3,
          "CompositionTypeLongEn": "House of Commons",
          "CompositionTypeLongFr": "Chambre des communes",
          "CompositionTypeShortEn": null,
          "CompositionTypeShortFr": null,
          "Sessions": [
            {
              "SessionId": 0,
              "SessionNumber": 1,
              "ParliamentNumber": 42,
              "StartDate": "2015-12-03T00:00:00Z",
              "EndDate": "2019-09-11T04:00:00Z",
              "ShortEn": "1st",
              "ShortFr": "1\u00e8re"
            }
          ],
          "Mandates": null
        },
        "GroupingTitleEn": null,
        "GroupingTitleFr": null,
        "GroupingOrder": 0,
        "ParliamentStart": null,
        "ParliamentEnd": null,
        "ParliamentNumber": 0,
        "PartyOrganizationId": 4831,
        "PartyEn": "Liberal Party of Canada",
        "PartyFr": "Parti lib\u00e9ral du Canada",
        "PartyStartDate": "2015-10-19T00:00:00Z",
        "PartyEndDate": null,
        "PersonPersonId": 0,
        "PersonLastName": null,
        "PersonUsedFirstName": null,
        "PersonGender": null,
        "MemberOfParliament": null,
        "IsMP": false,
        "IsSenator": false,
        "GovernorGeneral": null,
        "Documents": null,
        "Senator": null,
        "NotesEn": null,
        "NotesFr": null,
        "InternalNotes": null,
        "IsCurrent": "False",
        "RoleId": 226,
        "NameEn": "Member",
        "Ordinal": 300,
        "Classes": [
          {
            "RoleClassId": 33,
            "RoleClassOrdinal": null,
            "RoleToRoleClassOrdinal": null,
            "RoleClassNameEn": "Committee",
            "RoleClassNameFr": "Comit\u00e9"
          },
          {
            "RoleClassId": 113,
            "RoleClassOrdinal": null,
            "RoleToRoleClassOrdinal": null,
            "RoleClassNameEn": "ElectionProcessCloseDissolution",
            "RoleClassNameFr": "ElectionProcessCloseDissolution"
          }
        ]
      },
      {
        "PersonRoleId": 310458,
        "NameFr": "Membre",
        "StartDate": "2016-01-29T10:00:00Z",
        "StartDateIsApproximate": false,
        "EndDate": "2019-09-11T04:00:00Z",
        "EndDateIsApproximate": false,
        "EndReasonEn": null,
        "EndReasonFr": null,
        "EndReasonTypeEn": null,
        "EndReasonTypeFr": null,
        "SourceOfInformationEn": null,
        "SourceOfInformationFr": null,
        "IsActing": false,
        "ActingTextEn": null,
        "ActingTextFr": null,
        "HasCrossedTheFloor": false,
        "OrganizationId": 391,
        "OrganizationLongEn": "Standing Committee on Access to Information, Privacy and Ethics",
        "OrganizationLongFr": "Comit\u00e9 permanent de l'acc\u00e8s \u00e0 l'information, protection des renseignements personnels et \u00e9thique",
        "OrganizationShortEn": "Access to Information, Privacy and Ethics",
        "OrganizationShortFr": "Acc\u00e8s \u00e0 l'information, protection des renseignements personnels et \u00e9thique",
        "OrganizationAcronymEn": "ETHI",
        "OrganizationAcronymFr": "ETHI",
        "OrganizationTypeId": 27,
        "OrganizationTypeEn": "Committee",
        "OrganizationTypeFr": "Comit\u00e9",
        "OrganizationProvinceEn": null,
        "OrganizationProvinceFr": null,
        "OrganizationHasProfile": true,
        "IsSenatorialDivision": false,
        "ToBeStyledAsEn": null,
        "ToBeStyledAsFr": null,
        "GroupId": 0,
        "Source": null,
        "PortFolioEn": null,
        "PortFolioFr": null,
        "Committee": {
          "OrganizationId": 0,
          "SenateCommitteeId": 0,
          "CommitteeTypeId": 5,
          "CommitteeTypeEn": "Standing",
          "CommitteeTypeFr": "Permanent",
          "CompositionTypeId": 3,
          "CompositionTypeLongEn": "House of Commons",
          "CompositionTypeLongFr": "Chambre des communes",
          "CompositionTypeShortEn": "C",
          "CompositionTypeShortFr": "C",
          "Sessions": [
            {
              "SessionId": 0,
              "SessionNumber": 1,
              "ParliamentNumber": 42,
              "StartDate": "2015-12-03T00:00:00Z",
              "EndDate": "2019-09-11T04:00:00Z",
              "ShortEn": "1st",
              "ShortFr": "1\u00e8re"
            }
          ],
          "Mandates": null
        },
        "GroupingTitleEn": null,
        "GroupingTitleFr": null,
        "GroupingOrder": 0,
        "ParliamentStart": null,
        "ParliamentEnd": null,
        "ParliamentNumber": 0,
        "PartyOrganizationId": 4831,
        "PartyEn": "Liberal Party of Canada",
        "PartyFr": "Parti lib\u00e9ral du Canada",
        "PartyStartDate": "2015-10-19T00:00:00Z",
        "PartyEndDate": null,
        "PersonPersonId": 0,
        "PersonLastName": null,
        "PersonUsedFirstName": null,
        "PersonGender": null,
        "MemberOfParliament": null,
        "IsMP": false,
        "IsSenator": false,
        "GovernorGeneral": null,
        "Documents": null,
        "Senator": null,
        "NotesEn": null,
        "NotesFr": null,
        "InternalNotes": null,
        "IsCurrent": "False",
        "RoleId": 226,
        "NameEn": "Member",
        "Ordinal": 300,
        "Classes": [
          {
            "RoleClassId": 33,
            "RoleClassOrdinal": null,
            "RoleToRoleClassOrdinal": null,
            "RoleClassNameEn": "Committee",
            "RoleClassNameFr": "Comit\u00e9"
          },
          {
            "RoleClassId": 113,
            "RoleClassOrdinal": null,
            "RoleToRoleClassOrdinal": null,
            "RoleClassNameEn": "ElectionProcessCloseDissolution",
            "RoleClassNameFr": "ElectionProcessCloseDissolution"
          }
        ]
      },
      {
        "PersonRoleId": 319684,
        "NameFr": "Membre",
        "StartDate": "2020-02-05T05:00:00Z",
        "StartDateIsApproximate": false,
        "EndDate": "2020-08-17T04:00:00Z",
        "EndDateIsApproximate": false,
        "EndReasonEn": null,
        "EndReasonFr": null,
        "EndReasonTypeEn": null,
        "EndReasonTypeFr": null,
        "SourceOfInformationEn": null,
        "SourceOfInformationFr": null,
        "IsActing": false,
        "ActingTextEn": null,
        "ActingTextFr": null,
        "HasCrossedTheFloor": false,
        "OrganizationId": 3904,
        "OrganizationLongEn": "Standing Committee on Industry, Science and Technology",
        "OrganizationLongFr": "Comit\u00e9 permanent de l'industrie, des sciences et de la technologie",
        "OrganizationShortEn": "Industry, Science and Technology",
        "OrganizationShortFr": "Industrie, sciences et technologie",
        "OrganizationAcronymEn": "INDU",
        "OrganizationAcronymFr": "INDU",
        "OrganizationTypeId": 27,
        "OrganizationTypeEn": "Committee",
        "OrganizationTypeFr": "Comit\u00e9",
        "OrganizationProvinceEn": null,
        "OrganizationProvinceFr": null,
        "OrganizationHasProfile": true,
        "IsSenatorialDivision": false,
        "ToBeStyledAsEn": null,
        "ToBeStyledAsFr": null,
        "GroupId": 0,
        "Source": null,
        "PortFolioEn": null,
        "PortFolioFr": null,
        "Committee": {
          "OrganizationId": 0,
          "SenateCommitteeId": 0,
          "CommitteeTypeId": 5,
          "CommitteeTypeEn": "Standing",
          "CommitteeTypeFr": "Permanent",
          "CompositionTypeId": 3,
          "CompositionTypeLongEn": "House of Commons",
          "CompositionTypeLongFr": "Chambre des communes",
          "CompositionTypeShortEn": "C",
          "CompositionTypeShortFr": "C",
          "Sessions": [
            {
              "SessionId": 0,
              "SessionNumber": 1,
              "ParliamentNumber": 43,
              "StartDate": "2019-12-05T05:00:00Z",
              "EndDate": "2020-08-18T04:00:00Z",
              "ShortEn": "1st",
              "ShortFr": "1\u00e8re"
            }
          ],
          "Mandates": null
        },
        "GroupingTitleEn": null,
        "GroupingTitleFr": null,
        "GroupingOrder": 0,
        "ParliamentStart": null,
        "ParliamentEnd": null,
        "ParliamentNumber": 0,
        "PartyOrganizationId": 4831,
        "PartyEn": "Liberal Party of Canada",
        "PartyFr": "Parti lib\u00e9ral du Canada",
        "PartyStartDate": "2015-10-19T00:00:00Z",
        "PartyEndDate": null,
        "PersonPersonId": 0,
        "PersonLastName": null,
        "PersonUsedFirstName": null,
        "PersonGender": null,
        "MemberOfParliament": null,
        "IsMP": false,
        "IsSenator": false,
        "GovernorGeneral": null,
        "Documents": null,
        "Senator": null,
        "NotesEn": null,
        "NotesFr": null,
        "InternalNotes": null,
        "IsCurrent": "False",
        "RoleId": 226,
        "NameEn": "Member",
        "Ordinal": 300,
        "Classes": [
          {
            "RoleClassId": 33,
            "RoleClassOrdinal": null,
            "RoleToRoleClassOrdinal": null,
            "RoleClassNameEn": "Committee",
            "RoleClassNameFr": "Comit\u00e9"
          },
          {
            "RoleClassId": 113,
            "RoleClassOrdinal": null,
            "RoleToRoleClassOrdinal": null,
            "RoleClassNameEn": "ElectionProcessCloseDissolution",
            "RoleClassNameFr": "ElectionProcessCloseDissolution"
          }
        ]
      },
      {
        "PersonRoleId": 320374,
        "NameFr": "Membre",
        "StartDate": "2020-04-20T04:00:00Z",
        "StartDateIsApproximate": false,
        "EndDate": "2020-08-17T04:00:00Z",
        "EndDateIsApproximate": false,
        "EndReasonEn": null,
        "EndReasonFr": null,
        "EndReasonTypeEn": null,
        "EndReasonTypeFr": null,
        "SourceOfInformationEn": null,
        "SourceOfInformationFr": null,
        "IsActing": false,
        "ActingTextEn": null,
        "ActingTextFr": null,
        "HasCrossedTheFloor": false,
        "OrganizationId": 15341,
        "OrganizationLongEn": "Special Committee on the COVID-19 Pandemic",
        "OrganizationLongFr": "Comit\u00e9 sp\u00e9cial sur la pand\u00e9mie de la COVID-19",
        "OrganizationShortEn": "Special Committee on the COVID-19 Pandemic",
        "OrganizationShortFr": "Comit\u00e9 sp\u00e9cial sur la pand\u00e9mie de la COVID-19",
        "OrganizationAcronymEn": "COVI",
        "OrganizationAcronymFr": "COVI",
        "OrganizationTypeId": 27,
        "OrganizationTypeEn": "Committee",
        "OrganizationTypeFr": "Comit\u00e9",
        "OrganizationProvinceEn": null,
        "OrganizationProvinceFr": null,
        "OrganizationHasProfile": true,
        "IsSenatorialDivision": false,
        "ToBeStyledAsEn": null,
        "ToBeStyledAsFr": null,
        "GroupId": 0,
        "Source": null,
        "PortFolioEn": null,
        "PortFolioFr": null,
        "Committee": {
          "OrganizationId": 0,
          "SenateCommitteeId": 0,
          "CommitteeTypeId": 4,
          "CommitteeTypeEn": "Special",
          "CommitteeTypeFr": "Sp\u00e9cial",
          "CompositionTypeId": 3,
          "CompositionTypeLongEn": "House of Commons",
          "CompositionTypeLongFr": "Chambre des communes",
          "CompositionTypeShortEn": null,
          "CompositionTypeShortFr": null,
          "Sessions": [
            {
              "SessionId": 0,
              "SessionNumber": 1,
              "ParliamentNumber": 43,
              "StartDate": "2019-12-05T05:00:00Z",
              "EndDate": "2020-08-18T04:00:00Z",
              "ShortEn": "1st",
              "ShortFr": "1\u00e8re"
            }
          ],
          "Mandates": null
        },
        "GroupingTitleEn": null,
        "GroupingTitleFr": null,
        "GroupingOrder": 0,
        "ParliamentStart": null,
        "ParliamentEnd": null,
        "ParliamentNumber": 0,
        "PartyOrganizationId": 4831,
        "PartyEn": "Liberal Party of Canada",
        "PartyFr": "Parti lib\u00e9ral du Canada",
        "PartyStartDate": "2015-10-19T00:00:00Z",
        "PartyEndDate": null,
        "PersonPersonId": 0,
        "PersonLastName": null,
        "PersonUsedFirstName": null,
        "PersonGender": null,
        "MemberOfParliament": null,
        "IsMP": false,
        "IsSenator": false,
        "GovernorGeneral": null,
        "Documents": null,
        "Senator": null,
        "NotesEn": null,
        "NotesFr": null,
        "InternalNotes": null,
        "IsCurrent": "False",
        "RoleId": 226,
        "NameEn": "Member",
        "Ordinal": 300,
        "Classes": [
          {
            "RoleClassId": 33,
            "RoleClassOrdinal": null,
            "RoleToRoleClassOrdinal": null,
            "RoleClassNameEn": "Committee",
            "RoleClassNameFr": "Comit\u00e9"
          },
          {
            "RoleClassId": 113,
            "RoleClassOrdinal": null,
            "RoleToRoleClassOrdinal": null,
            "RoleClassNameEn": "ElectionProcessCloseDissolution",
            "RoleClassNameFr": "ElectionProcessCloseDissolution"
          }
        ]
      },
      {
        "PersonRoleId": 320831,
        "NameFr": "Membre",
        "StartDate": "2020-04-17T04:00:00Z",
        "StartDateIsApproximate": false,
        "EndDate": "2020-05-21T04:00:00Z",
        "EndDateIsApproximate": false,
        "EndReasonEn": null,
        "EndReasonFr": null,
        "EndReasonTypeEn": null,
        "EndReasonTypeFr": null,
        "SourceOfInformationEn": null,
        "SourceOfInformationFr": null,
        "IsActing": false,
        "ActingTextEn": null,
        "ActingTextFr": null,
        "HasCrossedTheFloor": false,
        "OrganizationId": 15035,
        "OrganizationLongEn": "Subcommittee on Agenda and Procedure of the Standing Committee on Industry, Science and Technology",
        "OrganizationLongFr": "Sous-comit\u00e9 du programme et de la proc\u00e9dure du Comit\u00e9 permanent de l'industrie, des sciences et de la technologie",
        "OrganizationShortEn": "Subcommittee on Agenda and Procedure",
        "OrganizationShortFr": "Sous-comit\u00e9 du programme et de la proc\u00e9dure",
        "OrganizationAcronymEn": "SIND",
        "OrganizationAcronymFr": "SIND",
        "OrganizationTypeId": 27,
        "OrganizationTypeEn": "Committee",
        "OrganizationTypeFr": "Comit\u00e9",
        "OrganizationProvinceEn": null,
        "OrganizationProvinceFr": null,
        "OrganizationHasProfile": true,
        "IsSenatorialDivision": false,
        "ToBeStyledAsEn": null,
        "ToBeStyledAsFr": null,
        "GroupId": 0,
        "Source": null,
        "PortFolioEn": null,
        "PortFolioFr": null,
        "Committee": {
          "OrganizationId": 0,
          "SenateCommitteeId": 0,
          "CommitteeTypeId": 10,
          "CommitteeTypeEn": "Subcommittee",
          "CommitteeTypeFr": "Sous-comit\u00e9",
          "CompositionTypeId": 3,
          "CompositionTypeLongEn": "House of Commons",
          "CompositionTypeLongFr": "Chambre des communes",
          "CompositionTypeShortEn": null,
          "CompositionTypeShortFr": null,
          "Sessions": [
            {
              "SessionId": 0,
              "SessionNumber": 1,
              "ParliamentNumber": 43,
              "StartDate": "2019-12-05T05:00:00Z",
              "EndDate": "2020-08-18T04:00:00Z",
              "ShortEn": "1st",
              "ShortFr": "1\u00e8re"
            }
          ],
          "Mandates": null
        },
        "GroupingTitleEn": null,
        "GroupingTitleFr": null,
        "GroupingOrder": 0,
        "ParliamentStart": null,
        "ParliamentEnd": null,
        "ParliamentNumber": 0,
        "PartyOrganizationId": 4831,
        "PartyEn": "Liberal Party of Canada",
        "PartyFr": "Parti lib\u00e9ral du Canada",
        "PartyStartDate": "2015-10-19T00:00:00Z",
        "PartyEndDate": null,
        "PersonPersonId": 0,
        "PersonLastName": null,
        "PersonUsedFirstName": null,
        "PersonGender": null,
        "MemberOfParliament": null,
        "IsMP": false,
        "IsSenator": false,
        "GovernorGeneral": null,
        "Documents": null,
        "Senator": null,
        "NotesEn": null,
        "NotesFr": null,
        "InternalNotes": null,
        "IsCurrent": "False",
        "RoleId": 226,
        "NameEn": "Member",
        "Ordinal": 300,
        "Classes": [
          {
            "RoleClassId": 33,
            "RoleClassOrdinal": null,
            "RoleToRoleClassOrdinal": null,
            "RoleClassNameEn": "Committee",
            "RoleClassNameFr": "Comit\u00e9"
          },
          {
            "RoleClassId": 113,
            "RoleClassOrdinal": null,
            "RoleToRoleClassOrdinal": null,
            "RoleClassNameEn": "ElectionProcessCloseDissolution",
            "RoleClassNameFr": "ElectionProcessCloseDissolution"
          }
        ]
      },
      {
        "PersonRoleId": 321123,
        "NameFr": "Membre",
        "StartDate": "2020-10-06T04:00:00Z",
        "StartDateIsApproximate": false,
        "EndDate": "2021-08-15T04:00:00Z",
        "EndDateIsApproximate": false,
        "EndReasonEn": null,
        "EndReasonFr": null,
        "EndReasonTypeEn": null,
        "EndReasonTypeFr": null,
        "SourceOfInformationEn": null,
        "SourceOfInformationFr": null,
        "IsActing": false,
        "ActingTextEn": null,
        "ActingTextFr": null,
        "HasCrossedTheFloor": false,
        "OrganizationId": 3904,
        "OrganizationLongEn": "Standing Committee on Industry, Science and Technology",
        "OrganizationLongFr": "Comit\u00e9 permanent de l'industrie, des sciences et de la technologie",
        "OrganizationShortEn": "Industry, Science and Technology",
        "OrganizationShortFr": "Industrie, sciences et technologie",
        "OrganizationAcronymEn": "INDU",
        "OrganizationAcronymFr": "INDU",
        "OrganizationTypeId": 27,
        "OrganizationTypeEn": "Committee",
        "OrganizationTypeFr": "Comit\u00e9",
        "OrganizationProvinceEn": null,
        "OrganizationProvinceFr": null,
        "OrganizationHasProfile": true,
        "IsSenatorialDivision": false,
        "ToBeStyledAsEn": null,
        "ToBeStyledAsFr": null,
        "GroupId": 0,
        "Source": null,
        "PortFolioEn": null,
        "PortFolioFr": null,
        "Committee": {
          "OrganizationId": 0,
          "SenateCommitteeId": 0,
          "CommitteeTypeId": 5,
          "CommitteeTypeEn": "Standing",
          "CommitteeTypeFr": "Permanent",
          "CompositionTypeId": 3,
          "CompositionTypeLongEn": "House of Commons",
          "CompositionTypeLongFr": "Chambre des communes",
          "CompositionTypeShortEn": "C",
          "CompositionTypeShortFr": "C",
          "Sessions": [
            {
              "SessionId": 0,
              "SessionNumber": 2,
              "ParliamentNumber": 43,
              "StartDate": "2020-09-23T04:00:00Z",
              "EndDate": "2021-08-15T04:00:00Z",
              "ShortEn": "2nd",
              "ShortFr": "2e"
            }
          ],
          "Mandates": null
        },
        "GroupingTitleEn": null,
        "GroupingTitleFr": null,
        "GroupingOrder": 0,
        "ParliamentStart": null,
        "ParliamentEnd": null,
        "ParliamentNumber": 0,
        "PartyOrganizationId": 4831,
        "PartyEn": "Liberal Party of Canada",
        "PartyFr": "Parti lib\u00e9ral du Canada",
        "PartyStartDate": "2015-10-19T00:00:00Z",
        "PartyEndDate": null,
        "PersonPersonId": 0,
        "PersonLastName": null,
        "PersonUsedFirstName": null,
        "PersonGender": null,
        "MemberOfParliament": null,
        "IsMP": false,
        "IsSenator": false,
        "GovernorGeneral": null,
        "Documents": null,
        "Senator": null,
        "NotesEn": null,
        "NotesFr": null,
        "InternalNotes": null,
        "IsCurrent": "False",
        "RoleId": 226,
        "NameEn": "Member",
        "Ordinal": 300,
        "Classes": [
          {
            "RoleClassId": 33,
            "RoleClassOrdinal": null,
            "RoleToRoleClassOrdinal": null,
            "RoleClassNameEn": "Committee",
            "RoleClassNameFr": "Comit\u00e9"
          },
          {
            "RoleClassId": 113,
            "RoleClassOrdinal": null,
            "RoleToRoleClassOrdinal": null,
            "RoleClassNameEn": "ElectionProcessCloseDissolution",
            "RoleClassNameFr": "ElectionProcessCloseDissolution"
          }
        ]
      },
      {
        "PersonRoleId": 321476,
        "NameFr": "Membre",
        "StartDate": "2020-10-15T04:00:00Z",
        "StartDateIsApproximate": false,
        "EndDate": "2021-08-15T04:00:00Z",
        "EndDateIsApproximate": false,
        "EndReasonEn": null,
        "EndReasonFr": null,
        "EndReasonTypeEn": null,
        "EndReasonTypeFr": null,
        "SourceOfInformationEn": null,
        "SourceOfInformationFr": null,
        "IsActing": false,
        "ActingTextEn": null,
        "ActingTextFr": null,
        "HasCrossedTheFloor": false,
        "OrganizationId": 15035,
        "OrganizationLongEn": "Subcommittee on Agenda and Procedure of the Standing Committee on Industry, Science and Technology",
        "OrganizationLongFr": "Sous-comit\u00e9 du programme et de la proc\u00e9dure du Comit\u00e9 permanent de l'industrie, des sciences et de la technologie",
        "OrganizationShortEn": "Subcommittee on Agenda and Procedure",
        "OrganizationShortFr": "Sous-comit\u00e9 du programme et de la proc\u00e9dure",
        "OrganizationAcronymEn": "SIND",
        "OrganizationAcronymFr": "SIND",
        "OrganizationTypeId": 27,
        "OrganizationTypeEn": "Committee",
        "OrganizationTypeFr": "Comit\u00e9",
        "OrganizationProvinceEn": null,
        "OrganizationProvinceFr": null,
        "OrganizationHasProfile": true,
        "IsSenatorialDivision": false,
        "ToBeStyledAsEn": null,
        "ToBeStyledAsFr": null,
        "GroupId": 0,
        "Source": null,
        "PortFolioEn": null,
        "PortFolioFr": null,
        "Committee": {
          "OrganizationId": 0,
          "SenateCommitteeId": 0,
          "CommitteeTypeId": 10,
          "CommitteeTypeEn": "Subcommittee",
          "CommitteeTypeFr": "Sous-comit\u00e9",
          "CompositionTypeId": 3,
          "CompositionTypeLongEn": "House of Commons",
          "CompositionTypeLongFr": "Chambre des communes",
          "CompositionTypeShortEn": null,
          "CompositionTypeShortFr": null,
          "Sessions": [
            {
              "SessionId": 0,
              "SessionNumber": 2,
              "ParliamentNumber": 43,
              "StartDate": "2020-09-23T04:00:00Z",
              "EndDate": "2021-08-15T04:00:00Z",
              "ShortEn": "2nd",
              "ShortFr": "2e"
            }
          ],
          "Mandates": null
        },
        "GroupingTitleEn": null,
        "GroupingTitleFr": null,
        "GroupingOrder": 0,
        "ParliamentStart": null,
        "ParliamentEnd": null,
        "ParliamentNumber": 0,
        "PartyOrganizationId": 4831,
        "PartyEn": "Liberal Party of Canada",
        "PartyFr": "Parti lib\u00e9ral du Canada",
        "PartyStartDate": "2015-10-19T00:00:00Z",
        "PartyEndDate": null,
        "PersonPersonId": 0,
        "PersonLastName": null,
        "PersonUsedFirstName": null,
        "PersonGender": null,
        "MemberOfParliament": null,
        "IsMP": false,
        "IsSenator": false,
        "GovernorGeneral": null,
        "Documents": null,
        "Senator": null,
        "NotesEn": null,
        "NotesFr": null,
        "InternalNotes": null,
        "IsCurrent": "False",
        "RoleId": 226,
        "NameEn": "Member",
        "Ordinal": 300,
        "Classes": [
          {
            "RoleClassId": 33,
            "RoleClassOrdinal": null,
            "RoleToRoleClassOrdinal": null,
            "RoleClassNameEn": "Committee",
            "RoleClassNameFr": "Comit\u00e9"
          },
          {
            "RoleClassId": 113,
            "RoleClassOrdinal": null,
            "RoleToRoleClassOrdinal": null,
            "RoleClassNameEn": "ElectionProcessCloseDissolution",
            "RoleClassNameFr": "ElectionProcessCloseDissolution"
          }
        ]
      },
      {
        "PersonRoleId": 323855,
        "NameFr": "Membre",
        "StartDate": "2021-12-09T05:00:00Z",
        "StartDateIsApproximate": false,
        "EndDate": "2023-09-24T04:00:00Z",
        "EndDateIsApproximate": false,
        "EndReasonEn": null,
        "EndReasonFr": null,
        "EndReasonTypeEn": null,
        "EndReasonTypeFr": null,
        "SourceOfInformationEn": null,
        "SourceOfInformationFr": null,
        "IsActing": false,
        "ActingTextEn": null,
        "ActingTextFr": null,
        "HasCrossedTheFloor": false,
        "OrganizationId": 15389,
        "OrganizationLongEn": "Standing Committee on Industry and Technology",
        "OrganizationLongFr": "Comit\u00e9 permanent de l'industrie et de la technologie",
        "OrganizationShortEn": "Industry and Technology",
        "OrganizationShortFr": "Industrie et de la technologie",
        "OrganizationAcronymEn": "INDU",
        "OrganizationAcronymFr": "INDU",
        "OrganizationTypeId": 27,
        "OrganizationTypeEn": "Committee",
        "OrganizationTypeFr": "Comit\u00e9",
        "OrganizationProvinceEn": null,
        "OrganizationProvinceFr": null,
        "OrganizationHasProfile": true,
        "IsSenatorialDivision": false,
        "ToBeStyledAsEn": null,
        "ToBeStyledAsFr": null,
        "GroupId": 0,
        "Source": null,
        "PortFolioEn": null,
        "PortFolioFr": null,
        "Committee": {
          "OrganizationId": 0,
          "SenateCommitteeId": 0,
          "CommitteeTypeId": 5,
          "CommitteeTypeEn": "Standing",
          "CommitteeTypeFr": "Permanent",
          "CompositionTypeId": 3,
          "CompositionTypeLongEn": "House of Commons",
          "CompositionTypeLongFr": "Chambre des communes",
          "CompositionTypeShortEn": null,
          "CompositionTypeShortFr": null,
          "Sessions": [
            {
              "SessionId": 0,
              "SessionNumber": 1,
              "ParliamentNumber": 44,
              "StartDate": "2021-11-22T05:00:00Z",
              "EndDate": null,
              "ShortEn": "1st",
              "ShortFr": "1\u00e8re"
            }
          ],
          "Mandates": null
        },
        "GroupingTitleEn": null,
        "GroupingTitleFr": null,
        "GroupingOrder": 0,
        "ParliamentStart": null,
        "ParliamentEnd": null,
        "ParliamentNumber": 0,
        "PartyOrganizationId": 4831,
        "PartyEn": "Liberal Party of Canada",
        "PartyFr": "Parti lib\u00e9ral du Canada",
        "PartyStartDate": "2015-10-19T00:00:00Z",
        "PartyEndDate": null,
        "PersonPersonId": 0,
        "PersonLastName": null,
        "PersonUsedFirstName": null,
        "PersonGender": null,
        "MemberOfParliament": null,
        "IsMP": false,
        "IsSenator": false,
        "GovernorGeneral": null,
        "Documents": null,
        "Senator": null,
        "NotesEn": null,
        "NotesFr": null,
        "InternalNotes": null,
        "IsCurrent": "False",
        "RoleId": 226,
        "NameEn": "Member",
        "Ordinal": 300,
        "Classes": null
      },
      {
        "PersonRoleId": 323871,
        "NameFr": "Membre",
        "StartDate": "2021-12-14T05:00:00Z",
        "StartDateIsApproximate": false,
        "EndDate": null,
        "EndDateIsApproximate": false,
        "EndReasonEn": null,
        "EndReasonFr": null,
        "EndReasonTypeEn": null,
        "EndReasonTypeFr": null,
        "SourceOfInformationEn": null,
        "SourceOfInformationFr": null,
        "IsActing": false,
        "ActingTextEn": null,
        "ActingTextFr": null,
        "HasCrossedTheFloor": false,
        "OrganizationId": 15390,
        "OrganizationLongEn": "Subcommittee on Agenda and Procedure of the Standing Committee on Industry and Technology",
        "OrganizationLongFr": "Sous-comit\u00e9 du programme et de la proc\u00e9dure du Comit\u00e9 permanent de l'industrie et de la technologie",
        "OrganizationShortEn": null,
        "OrganizationShortFr": null,
        "OrganizationAcronymEn": "SIND",
        "OrganizationAcronymFr": "SIND",
        "OrganizationTypeId": 27,
        "OrganizationTypeEn": "Committee",
        "OrganizationTypeFr": "Comit\u00e9",
        "OrganizationProvinceEn": null,
        "OrganizationProvinceFr": null,
        "OrganizationHasProfile": true,
        "IsSenatorialDivision": false,
        "ToBeStyledAsEn": null,
        "ToBeStyledAsFr": null,
        "GroupId": 0,
        "Source": null,
        "PortFolioEn": null,
        "PortFolioFr": null,
        "Committee": {
          "OrganizationId": 0,
          "SenateCommitteeId": 0,
          "CommitteeTypeId": 10,
          "CommitteeTypeEn": "Subcommittee",
          "CommitteeTypeFr": "Sous-comit\u00e9",
          "CompositionTypeId": 3,
          "CompositionTypeLongEn": "House of Commons",
          "CompositionTypeLongFr": "Chambre des communes",
          "CompositionTypeShortEn": null,
          "CompositionTypeShortFr": null,
          "Sessions": [
            {
              "SessionId": 0,
              "SessionNumber": 1,
              "ParliamentNumber": 44,
              "StartDate": "2021-11-22T05:00:00Z",
              "EndDate": null,
              "ShortEn": "1st",
              "ShortFr": "1\u00e8re"
            }
          ],
          "Mandates": null
        },
        "GroupingTitleEn": null,
        "GroupingTitleFr": null,
        "GroupingOrder": 0,
        "ParliamentStart": null,
        "ParliamentEnd": null,
        "ParliamentNumber": 0,
        "PartyOrganizationId": 4831,
        "PartyEn": "Liberal Party of Canada",
        "PartyFr": "Parti lib\u00e9ral du Canada",
        "PartyStartDate": "2015-10-19T00:00:00Z",
        "PartyEndDate": null,
        "PersonPersonId": 0,
        "PersonLastName": null,
        "PersonUsedFirstName": null,
        "PersonGender": null,
        "MemberOfParliament": null,
        "IsMP": false,
        "IsSenator": false,
        "GovernorGeneral": null,
        "Documents": null,
        "Senator": null,
        "NotesEn": null,
        "NotesFr": null,
        "InternalNotes": null,
        "IsCurrent": "True",
        "RoleId": 226,
        "NameEn": "Member",
        "Ordinal": 300,
        "Classes": [
          {
            "RoleClassId": 33,
            "RoleClassOrdinal": null,
            "RoleToRoleClassOrdinal": null,
            "RoleClassNameEn": "Committee",
            "RoleClassNameFr": "Comit\u00e9"
          },
          {
            "RoleClassId": 113,
            "RoleClassOrdinal": null,
            "RoleToRoleClassOrdinal": null,
            "RoleClassNameEn": "ElectionProcessCloseDissolution",
            "RoleClassNameFr": "ElectionProcessCloseDissolution"
          }
        ]
      }
    ],
    "HillAddresses": [
      {
        "BuildingEn": "Justice Building",
        "BuildingFr": "\u00e9difice de la Justice",
        "SuiteNumber": "210",
        "Emails": [
          {
            "Address": "Nathaniel.Erskine-Smith@parl.gc.ca"
          }
        ],
        "Phones": [
          {
            "TypeShortEn": "Phone",
            "TypeShortFr": "T\u00e9l\u00e9phone",
            "TypeLongEn": "Main Telephone Number",
            "TypeLongFr": "Num\u00e9ro de t\u00e9l\u00e9phone principal",
            "Number": "613-992-2115",
            "IsTollFree": false,
            "SortingOrdinal": 10
          },
          {
            "TypeShortEn": "Fax",
            "TypeShortFr": "T\u00e9l\u00e9copieur",
            "TypeLongEn": "Fax Number",
            "TypeLongFr": "Num\u00e9ro de t\u00e9l\u00e9copieur",
            "Number": "613-996-7942",
            "IsTollFree": false,
            "SortingOrdinal": 11
          }
        ],
        "IsPending": false,
        "StartDate": "2021-11-20T00:00:00Z",
        "StartDateIsApproximate": false,
        "EndDate": null,
        "EndDateIsApproximate": false
      }
    ],
    "ConstituencyAddresses": [
      {
        "OrganizationAddressId": 2483,
        "AddressTypeEn": null,
        "AddressTypeFr": null,
        "StreetAddresseEn": "1902 Danforth Avenue",
        "StreetAddresseFr": "1902, avenue Danforth",
        "CityEn": "Toronto",
        "CityFr": "Toronto",
        "ProvinceEn": "Ontario",
        "ProvinceFr": "Ontario",
        "CountryEn": null,
        "CountryFr": null,
        "PostalCode": "M4C 1J4",
        "Emails": [
          {
            "AddressEn": "Nathaniel.Erskine-Smith@parl.gc.ca",
            "AddressFr": "Nathaniel.Erskine-Smith@parl.gc.ca"
          }
        ],
        "Phones": [
          {
            "TypeShortEn": "Phone",
            "TypeShortFr": "T\u00e9l\u00e9phone",
            "TypeLongEn": "Main Telephone Number",
            "TypeLongFr": "Num\u00e9ro de t\u00e9l\u00e9phone principal",
            "Number": "416-467-0860",
            "IsTollFree": false,
            "SortingOrdinal": 10
          },
          {
            "TypeShortEn": "Fax",
            "TypeShortFr": "T\u00e9l\u00e9copieur",
            "TypeLongEn": "Fax Number",
            "TypeLongFr": "Num\u00e9ro de t\u00e9l\u00e9copieur",
            "Number": "416-467-0905",
            "IsTollFree": false,
            "SortingOrdinal": 11
          }
        ],
        "Links": [],
        "IsPending": false,
        "StartDate": "2015-10-20T08:33:00Z",
        "StartDateIsApproximate": false,
        "EndDate": null,
        "EndDateIsApproximate": false
      }
    ],
    "WebLinks": [
      {
        "TypeEn": "Hill Address",
        "TypeFr": "Adresse de la colline",
        "TitleFr": "Profil du d\u00e9put\u00e9",
        "TitleEn": "MP profile",
        "UrlEn": "http://www.ourcommons.ca/Parliamentarians/en/members/Nathaniel-Erskine-Smith(88687)",
        "UrlFr": "http://www.noscommunes.ca/Parliamentarians/fr/members/Nathaniel-Erskine-Smith(88687)"
      },
      {
        "TypeEn": "Maiden Speech",
        "TypeFr": "Premier discours",
        "TitleFr": "Premier discours \u00e0 la Chambre des communes",
        "TitleEn": "Maiden Speech in the House of Commons",
        "UrlEn": "http://www.ourcommons.ca/DocumentViewer/en/42-1/house/sitting-4/hansard#Int-8761120",
        "UrlFr": "http://www.noscommunes.ca/DocumentViewer/fr/42-1/chambre/seance-4/debats#Int-8761120"
      },
      {
        "TypeEn": "Party Website",
        "TypeFr": "Site Web du parti politique",
        "TitleFr": "Site Web du parti",
        "TitleEn": "Party Website",
        "UrlEn": "http://www.liberal.ca/mp/",
        "UrlFr": "http://www.liberal.ca/fr/vos-deputes/"
      },
      {
        "TypeEn": "Personal Website",
        "TypeFr": "Site Web personnel",
        "TitleFr": "Site Web personnel (Disponible en anglais seulement)",
        "TitleEn": "Personal Website",
        "UrlEn": "http://beynate.ca/",
        "UrlFr": "http://beynate.ca/"
      }
    ],
    "Bibliography": null,
    "ElectionCandidates": [
      {
        "ElectionCandidateId": 40704,
        "ParliamentNumber": 42,
        "ElectionId": 764,
        "ElectionDate": "2015-10-19T00:00:00Z",
        "IsGeneral": true,
        "IsPreliminary": false,
        "OrganizationId": 832,
        "ConstituencyEn": "Beaches--East York",
        "ConstituencyFr": "Beaches--East York",
        "ProvinceEn": null,
        "ProvinceFr": null,
        "PersonRoleId": null,
        "ElectionCanadaFirstName": "Nathaniel",
        "ElectionCanadaLastName": "Erskine-Smith",
        "ElectionCanadaMiddleName": null,
        "Gender": "M",
        "OccupationEn": "Lawyer",
        "OccupationFr": "Avocat",
        "PartyOrganizationId": 4831,
        "PartyNameEn": "Liberal Party of Canada",
        "PartyNameFr": "Parti lib\u00e9ral du Canada",
        "Votes": 27458,
        "ResultLongEn": "Elected",
        "ResultLongFr": "\u00c9lu",
        "OtherResultLongEn": null,
        "OtherResultLongFr": null,
        "NotesEn": null,
        "NotesFr": null,
        "InternalNotes": null
      },
      {
        "ElectionCandidateId": 44333,
        "ParliamentNumber": 43,
        "ElectionId": 802,
        "ElectionDate": "2019-10-21T04:00:00Z",
        "IsGeneral": true,
        "IsPreliminary": false,
        "OrganizationId": 832,
        "ConstituencyEn": "Beaches--East York",
        "ConstituencyFr": "Beaches--East York",
        "ProvinceEn": "Ontario",
        "ProvinceFr": "Ontario",
        "PersonRoleId": null,
        "ElectionCanadaFirstName": "Nathaniel",
        "ElectionCanadaLastName": "Erskine-Smith",
        "ElectionCanadaMiddleName": null,
        "Gender": "M",
        "OccupationEn": "Parliamentarian",
        "OccupationFr": "Parlementaire",
        "PartyOrganizationId": 4831,
        "PartyNameEn": "Liberal Party of Canada",
        "PartyNameFr": "Parti lib\u00e9ral du Canada",
        "Votes": 32647,
        "ResultLongEn": "Elected",
        "ResultLongFr": "\u00c9lu",
        "OtherResultLongEn": null,
        "OtherResultLongFr": null,
        "NotesEn": null,
        "NotesFr": null,
        "InternalNotes": null
      },
      {
        "ElectionCandidateId": 46464,
        "ParliamentNumber": 44,
        "ElectionId": 805,
        "ElectionDate": "2021-09-20T04:00:00Z",
        "IsGeneral": true,
        "IsPreliminary": false,
        "OrganizationId": 832,
        "ConstituencyEn": "Beaches--East York",
        "ConstituencyFr": "Beaches--East York",
        "ProvinceEn": "Ontario",
        "ProvinceFr": "Ontario",
        "PersonRoleId": null,
        "ElectionCanadaFirstName": "Nathaniel",
        "ElectionCanadaLastName": "Erskine-Smith",
        "ElectionCanadaMiddleName": null,
        "Gender": "M",
        "OccupationEn": "Parliamentarian",
        "OccupationFr": "Parlementaire",
        "PartyOrganizationId": 4831,
        "PartyNameEn": "Liberal Party of Canada",
        "PartyNameFr": "Parti lib\u00e9ral du Canada",
        "Votes": 28919,
        "ResultLongEn": "Elected",
        "ResultLongFr": "\u00c9lu",
        "OtherResultLongEn": null,
        "OtherResultLongFr": null,
        "NotesEn": null,
        "NotesFr": null,
        "InternalNotes": null
      }
    ],
    "Death": null,
    "PrimeMinister": null,
    "Parliaments": null,
    "Age": 39,
    "DisplayName": "Erskine-Smith, Nathaniel",
    "StraightDisplayName": "Nathaniel Erskine-Smith",
    "PartyEn": "Liberal Party of Canada (2015/10/19 - )<br>",
    "PartyFr": "Parti lib\u00e9ral du Canada (2015/10/19 - )<br>",
    "ConstituencyEn": "Beaches--East York (2015/10/19 - )<br>",
    "ConstituencyFr": "Beaches--East York (2015/10/19 - )<br>",
    "CurrentPartyEn": "Liberal Party of Canada",
    "CurrentPartyFr": "Parti lib\u00e9ral du Canada",
    "CurrentConstituencyEn": "Beaches--East York",
    "CurrentConstituencyFr": "Beaches--East York",
    "ElectedInParliaments": "44;43;42;",
    "ServedInParliaments": "44;43;42;",
    "ProvinceEn": "Ontario<br>",
    "ProvinceFr": "Ontario<br>",
    "PrimeMinisterEn": "",
    "PrimeMinisterFr": "",
    "CabinetChairEn": "",
    "CabinetChairFr": "",
    "CabinetCommitteeMemberEn": "",
    "CabinetCommitteeMemberFr": "",
    "LeaderOpposition": "",
    "DeputyPrimeMinister": "",
    "SpeakerHouseOfCommons": "",
    "SpeakerSenate": "",
    "SpeakerProTempore": "",
    "DeputySpeaker": "",
    "AssistantDeputySpeakerChairEn": "",
    "AssistantDeputySpeakerChairFr": "",
    "MinisterOfEn": "",
    "MinisterOfFr": "",
    "AssociateMinisterOfEn": "",
    "AssociateMinisterOfFr": "",
    "MinisterOfStateOfEn": "",
    "MinisterOfStateOfFr": "",
    "SecretaryOfStateOfEn": "",
    "SecretaryOfStateOfFr": "",
    "ParliamentarySecretaryOfEn": "",
    "ParliamentarySecretaryOfFr": "",
    "ParliamentaryAssistantOfEn": "",
    "ParliamentaryAssistantOfFr": "",
    "PartyLeaderEn": "",
    "PartyLeaderFr": "",
    "HouseLeaderEn": "",
    "HouseLeaderFr": "",
    "DeputyHouseLeaderEn": "",
    "DeputyHouseLeaderFr": "",
    "WhipEn": "",
    "WhipFr": "",
    "DeputyWhipEn": "",
    "DeputyWhipFr": "",
    "CriticOfEn": "",
    "CriticOfFr": "",
    "AssistantCriticOfEn": "",
    "AssistantCriticOfFr": "",
    "TypeOfParliamentarianEn": "MP (2015/10/19 - )<br>",
    "TypeOfParliamentarianFr": "D\u00e9put\u00e9 (2015/10/19 - )<br>",
    "MemberOfParliamentMandate": "2015/10/19 - <br>",
    "SenateMandate": "",
    "DiedInOffice": false,
    "PremiershipExperienceEn": "",
    "PremiershipExperienceFr": "",
    "ProvincialExperienceEn": "",
    "ProvincialExperienceFr": "",
    "MunicipalExperienceEn": "",
    "MunicipalExperienceFr": "",
    "MilitaryServiceEn": "",
    "MilitaryServiceFr": "",
    "MinistryDurationEn": "",
    "MinistryDurationFr": "",
    "ProfessionsEn": ", lawyer",
    "ProfessionsFr": ", avocat",
    "LanguageEn": "English, French",
    "LanguageFr": "Anglais, fran\u00e7ais",
    "IsPrimeMinister": false,
    "YearsOfServiceSegments": [
      {
        "TotalDays": 3147,
        "Years": 8,
        "Months": 7,
        "Days": 12,
        "Hours": 21,
        "Minutes": 1,
        "Seconds": 56,
        "Milliseconds": 100
      }
    ],
    "YearsOfServiceSegmentsSenate": [],
    "YearsOfServiceSegmentsHouse": [
      {
        "TotalDays": 3147,
        "Years": 8,
        "Months": 7,
        "Days": 12,
        "Hours": 21,
        "Minutes": 1,
        "Seconds": 56,
        "Milliseconds": 100
      }
    ],
    "IsCurrentlyInOffice": true,
    "IsCurrentlySenator": false,
    "IsCurrentlyMP": true,
    "HasMaidenSpeech": true,
    "_id": "59f87713e413e1389ffd2924",
    "LastUpdatedId": "000000000000000000000000",
    "LastModified": "0001-01-01T00:00:00",
    "ModifiedBy": null
  },
  "FederalExperience": [
    {
      "PersonRoleId": 265652,
      "NameFr": "Membre pour la circonscription",
      "StartDate": "2015-10-19T00:00:00Z",
      "StartDateIsApproximate": false,
      "EndDate": null,
      "EndDateIsApproximate": false,
      "EndReasonEn": null,
      "EndReasonFr": null,
      "EndReasonTypeEn": null,
      "EndReasonTypeFr": null,
      "SourceOfInformationEn": null,
      "SourceOfInformationFr": null,
      "IsActing": false,
      "ActingTextEn": null,
      "ActingTextFr": null,
      "HasCrossedTheFloor": false,
      "OrganizationId": 832,
      "OrganizationLongEn": "Beaches--East York",
      "OrganizationLongFr": "Beaches--East York",
      "OrganizationShortEn": "",
      "OrganizationShortFr": "",
      "OrganizationAcronymEn": "",
      "OrganizationAcronymFr": "",
      "OrganizationTypeId": 35,
      "OrganizationTypeEn": "Constituency",
      "OrganizationTypeFr": "Circonscription",
      "OrganizationProvinceEn": "Ontario",
      "OrganizationProvinceFr": "Ontario",
      "OrganizationHasProfile": true,
      "IsSenatorialDivision": false,
      "ToBeStyledAsEn": "",
      "ToBeStyledAsFr": "",
      "GroupId": 0,
      "Source": null,
      "PortFolioEn": null,
      "PortFolioFr": null,
      "Committee": null,
      "GroupingTitleEn": "Parliamentarian",
      "GroupingTitleFr": "Parlementaire",
      "GroupingOrder": 1,
      "ParliamentStart": "2015-12-03T00:00:00Z",
      "ParliamentEnd": "2019-09-11T04:00:00Z",
      "ParliamentNumber": 42,
      "PartyOrganizationId": 4831,
      "PartyEn": "Liberal Party of Canada",
      "PartyFr": "Parti lib\u00e9ral du Canada",
      "PartyStartDate": "2015-10-19T00:00:00Z",
      "PartyEndDate": null,
      "PersonPersonId": 0,
      "PersonLastName": null,
      "PersonUsedFirstName": null,
      "PersonGender": null,
      "MemberOfParliament": {
        "OccupationTypeEn": "Continuous",
        "OccupationTypeFr": "Continue"
      },
      "IsMP": true,
      "IsSenator": false,
      "GovernorGeneral": null,
      "Documents": null,
      "Senator": null,
      "NotesEn": null,
      "NotesFr": null,
      "InternalNotes": null,
      "IsCurrent": "True",
      "RoleId": 719,
      "NameEn": "Constituency Member",
      "Ordinal": 240,
      "Classes": [
        {
          "RoleClassId": 49,
          "RoleClassOrdinal": 2,
          "RoleToRoleClassOrdinal": null,
          "RoleClassNameEn": "Salaries in the House of Commons",
          "RoleClassNameFr": "Salaires \u00e0 la Chambre des Communes"
        },
        {
          "RoleClassId": 105,
          "RoleClassOrdinal": null,
          "RoleToRoleClassOrdinal": null,
          "RoleClassNameEn": "Parliamentarian",
          "RoleClassNameFr": "Parlementaire"
        }
      ]
    },
    {
      "PersonRoleId": 265652,
      "NameFr": "Membre pour la circonscription",
      "StartDate": "2015-10-19T00:00:00Z",
      "StartDateIsApproximate": false,
      "EndDate": null,
      "EndDateIsApproximate": false,
      "EndReasonEn": null,
      "EndReasonFr": null,
      "EndReasonTypeEn": null,
      "EndReasonTypeFr": null,
      "SourceOfInformationEn": null,
      "SourceOfInformationFr": null,
      "IsActing": false,
      "ActingTextEn": null,
      "ActingTextFr": null,
      "HasCrossedTheFloor": false,
      "OrganizationId": 832,
      "OrganizationLongEn": "Beaches--East York",
      "OrganizationLongFr": "Beaches--East York",
      "OrganizationShortEn": "",
      "OrganizationShortFr": "",
      "OrganizationAcronymEn": "",
      "OrganizationAcronymFr": "",
      "OrganizationTypeId": 35,
      "OrganizationTypeEn": "Constituency",
      "OrganizationTypeFr": "Circonscription",
      "OrganizationProvinceEn": "Ontario",
      "OrganizationProvinceFr": "Ontario",
      "OrganizationHasProfile": true,
      "IsSenatorialDivision": false,
      "ToBeStyledAsEn": "",
      "ToBeStyledAsFr": "",
      "GroupId": 0,
      "Source": null,
      "PortFolioEn": null,
      "PortFolioFr": null,
      "Committee": null,
      "GroupingTitleEn": "Parliamentarian",
      "GroupingTitleFr": "Parlementaire",
      "GroupingOrder": 1,
      "ParliamentStart": "2019-12-05T05:00:00Z",
      "ParliamentEnd": "2021-08-15T04:00:00Z",
      "ParliamentNumber": 43,
      "PartyOrganizationId": 4831,
      "PartyEn": "Liberal Party of Canada",
      "PartyFr": "Parti lib\u00e9ral du Canada",
      "PartyStartDate": "2015-10-19T00:00:00Z",
      "PartyEndDate": null,
      "PersonPersonId": 0,
      "PersonLastName": null,
      "PersonUsedFirstName": null,
      "PersonGender": null,
      "MemberOfParliament": {
        "OccupationTypeEn": "Continuous",
        "OccupationTypeFr": "Continue"
      },
      "IsMP": true,
      "IsSenator": false,
      "GovernorGeneral": null,
      "Documents": null,
      "Senator": null,
      "NotesEn": null,
      "NotesFr": null,
      "InternalNotes": null,
      "IsCurrent": "True",
      "RoleId": 719,
      "NameEn": "Constituency Member",
      "Ordinal": 240,
      "Classes": [
        {
          "RoleClassId": 49,
          "RoleClassOrdinal": 2,
          "RoleToRoleClassOrdinal": null,
          "RoleClassNameEn": "Salaries in the House of Commons",
          "RoleClassNameFr": "Salaires \u00e0 la Chambre des Communes"
        },
        {
          "RoleClassId": 105,
          "RoleClassOrdinal": null,
          "RoleToRoleClassOrdinal": null,
          "RoleClassNameEn": "Parliamentarian",
          "RoleClassNameFr": "Parlementaire"
        }
      ]
    },
    {
      "PersonRoleId": 265652,
      "NameFr": "Membre pour la circonscription",
      "StartDate": "2015-10-19T00:00:00Z",
      "StartDateIsApproximate": false,
      "EndDate": null,
      "EndDateIsApproximate": false,
      "EndReasonEn": null,
      "EndReasonFr": null,
      "EndReasonTypeEn": null,
      "EndReasonTypeFr": null,
      "SourceOfInformationEn": null,
      "SourceOfInformationFr": null,
      "IsActing": false,
      "ActingTextEn": null,
      "ActingTextFr": null,
      "HasCrossedTheFloor": false,
      "OrganizationId": 832,
      "OrganizationLongEn": "Beaches--East York",
      "OrganizationLongFr": "Beaches--East York",
      "OrganizationShortEn": "",
      "OrganizationShortFr": "",
      "OrganizationAcronymEn": "",
      "OrganizationAcronymFr": "",
      "OrganizationTypeId": 35,
      "OrganizationTypeEn": "Constituency",
      "OrganizationTypeFr": "Circonscription",
      "OrganizationProvinceEn": "Ontario",
      "OrganizationProvinceFr": "Ontario",
      "OrganizationHasProfile": true,
      "IsSenatorialDivision": false,
      "ToBeStyledAsEn": "",
      "ToBeStyledAsFr": "",
      "GroupId": 0,
      "Source": null,
      "PortFolioEn": null,
      "PortFolioFr": null,
      "Committee": null,
      "GroupingTitleEn": "Parliamentarian",
      "GroupingTitleFr": "Parlementaire",
      "GroupingOrder": 1,
      "ParliamentStart": "2021-11-22T05:00:00Z",
      "ParliamentEnd": null,
      "ParliamentNumber": 44,
      "PartyOrganizationId": 4831,
      "PartyEn": "Liberal Party of Canada",
      "PartyFr": "Parti lib\u00e9ral du Canada",
      "PartyStartDate": "2015-10-19T00:00:00Z",
      "PartyEndDate": null,
      "PersonPersonId": 0,
      "PersonLastName": null,
      "PersonUsedFirstName": null,
      "PersonGender": null,
      "MemberOfParliament": {
        "OccupationTypeEn": "Continuous",
        "OccupationTypeFr": "Continue"
      },
      "IsMP": true,
      "IsSenator": false,
      "GovernorGeneral": null,
      "Documents": null,
      "Senator": null,
      "NotesEn": null,
      "NotesFr": null,
      "InternalNotes": null,
      "IsCurrent": "True",
      "RoleId": 719,
      "NameEn": "Constituency Member",
      "Ordinal": 240,
      "Classes": [
        {
          "RoleClassId": 49,
          "RoleClassOrdinal": 2,
          "RoleToRoleClassOrdinal": null,
          "RoleClassNameEn": "Salaries in the House of Commons",
          "RoleClassNameFr": "Salaires \u00e0 la Chambre des Communes"
        },
        {
          "RoleClassId": 105,
          "RoleClassOrdinal": null,
          "RoleToRoleClassOrdinal": null,
          "RoleClassNameEn": "Parliamentarian",
          "RoleClassNameFr": "Parlementaire"
        }
      ]
    },
    {
      "PersonRoleId": 265653,
      "NameFr": "Membre du parti",
      "StartDate": "2015-10-19T00:00:00Z",
      "StartDateIsApproximate": false,
      "EndDate": null,
      "EndDateIsApproximate": false,
      "EndReasonEn": null,
      "EndReasonFr": null,
      "EndReasonTypeEn": null,
      "EndReasonTypeFr": null,
      "SourceOfInformationEn": null,
      "SourceOfInformationFr": null,
      "IsActing": false,
      "ActingTextEn": null,
      "ActingTextFr": null,
      "HasCrossedTheFloor": false,
      "OrganizationId": 4831,
      "OrganizationLongEn": "Liberal Party of Canada",
      "OrganizationLongFr": "Parti lib\u00e9ral du Canada",
      "OrganizationShortEn": "Liberal",
      "OrganizationShortFr": "Lib\u00e9ral",
      "OrganizationAcronymEn": "Lib.",
      "OrganizationAcronymFr": "Lib.",
      "OrganizationTypeId": 4,
      "OrganizationTypeEn": "Party",
      "OrganizationTypeFr": "Parti",
      "OrganizationProvinceEn": null,
      "OrganizationProvinceFr": null,
      "OrganizationHasProfile": true,
      "IsSenatorialDivision": false,
      "ToBeStyledAsEn": "",
      "ToBeStyledAsFr": "",
      "GroupId": 0,
      "Source": null,
      "PortFolioEn": null,
      "PortFolioFr": null,
      "Committee": null,
      "GroupingTitleEn": "Parliamentarian",
      "GroupingTitleFr": "Parlementaire",
      "GroupingOrder": 1,
      "ParliamentStart": "2015-12-03T00:00:00Z",
      "ParliamentEnd": "2019-09-11T04:00:00Z",
      "ParliamentNumber": 42,
      "PartyOrganizationId": 4831,
      "PartyEn": "Liberal Party of Canada",
      "PartyFr": "Parti lib\u00e9ral du Canada",
      "PartyStartDate": "2015-10-19T00:00:00Z",
      "PartyEndDate": null,
      "PersonPersonId": 0,
      "PersonLastName": null,
      "PersonUsedFirstName": null,
      "PersonGender": null,
      "MemberOfParliament": null,
      "IsMP": false,
      "IsSenator": false,
      "GovernorGeneral": null,
      "Documents": null,
      "Senator": null,
      "NotesEn": null,
      "NotesFr": null,
      "InternalNotes": null,
      "IsCurrent": "True",
      "RoleId": 722,
      "NameEn": "Party Member",
      "Ordinal": null,
      "Classes": [
        {
          "RoleClassId": 105,
          "RoleClassOrdinal": null,
          "RoleToRoleClassOrdinal": null,
          "RoleClassNameEn": "Parliamentarian",
          "RoleClassNameFr": "Parlementaire"
        }
      ]
    },
    {
      "PersonRoleId": 265653,
      "NameFr": "Membre du parti",
      "StartDate": "2015-10-19T00:00:00Z",
      "StartDateIsApproximate": false,
      "EndDate": null,
      "EndDateIsApproximate": false,
      "EndReasonEn": null,
      "EndReasonFr": null,
      "EndReasonTypeEn": null,
      "EndReasonTypeFr": null,
      "SourceOfInformationEn": null,
      "SourceOfInformationFr": null,
      "IsActing": false,
      "ActingTextEn": null,
      "ActingTextFr": null,
      "HasCrossedTheFloor": false,
      "OrganizationId": 4831,
      "OrganizationLongEn": "Liberal Party of Canada",
      "OrganizationLongFr": "Parti lib\u00e9ral du Canada",
      "OrganizationShortEn": "Liberal",
      "OrganizationShortFr": "Lib\u00e9ral",
      "OrganizationAcronymEn": "Lib.",
      "OrganizationAcronymFr": "Lib.",
      "OrganizationTypeId": 4,
      "OrganizationTypeEn": "Party",
      "OrganizationTypeFr": "Parti",
      "OrganizationProvinceEn": null,
      "OrganizationProvinceFr": null,
      "OrganizationHasProfile": true,
      "IsSenatorialDivision": false,
      "ToBeStyledAsEn": "",
      "ToBeStyledAsFr": "",
      "GroupId": 0,
      "Source": null,
      "PortFolioEn": null,
      "PortFolioFr": null,
      "Committee": null,
      "GroupingTitleEn": "Parliamentarian",
      "GroupingTitleFr": "Parlementaire",
      "GroupingOrder": 1,
      "ParliamentStart": "2019-12-05T05:00:00Z",
      "ParliamentEnd": "2021-08-15T04:00:00Z",
      "ParliamentNumber": 43,
      "PartyOrganizationId": 4831,
      "PartyEn": "Liberal Party of Canada",
      "PartyFr": "Parti lib\u00e9ral du Canada",
      "PartyStartDate": "2015-10-19T00:00:00Z",
      "PartyEndDate": null,
      "PersonPersonId": 0,
      "PersonLastName": null,
      "PersonUsedFirstName": null,
      "PersonGender": null,
      "MemberOfParliament": null,
      "IsMP": false,
      "IsSenator": false,
      "GovernorGeneral": null,
      "Documents": null,
      "Senator": null,
      "NotesEn": null,
      "NotesFr": null,
      "InternalNotes": null,
      "IsCurrent": "True",
      "RoleId": 722,
      "NameEn": "Party Member",
      "Ordinal": null,
      "Classes": [
        {
          "RoleClassId": 105,
          "RoleClassOrdinal": null,
          "RoleToRoleClassOrdinal": null,
          "RoleClassNameEn": "Parliamentarian",
          "RoleClassNameFr": "Parlementaire"
        }
      ]
    },
    {
      "PersonRoleId": 265653,
      "NameFr": "Membre du parti",
      "StartDate": "2015-10-19T00:00:00Z",
      "StartDateIsApproximate": false,
      "EndDate": null,
      "EndDateIsApproximate": false,
      "EndReasonEn": null,
      "EndReasonFr": null,
      "EndReasonTypeEn": null,
      "EndReasonTypeFr": null,
      "SourceOfInformationEn": null,
      "SourceOfInformationFr": null,
      "IsActing": false,
      "ActingTextEn": null,
      "ActingTextFr": null,
      "HasCrossedTheFloor": false,
      "OrganizationId": 4831,
      "OrganizationLongEn": "Liberal Party of Canada",
      "OrganizationLongFr": "Parti lib\u00e9ral du Canada",
      "OrganizationShortEn": "Liberal",
      "OrganizationShortFr": "Lib\u00e9ral",
      "OrganizationAcronymEn": "Lib.",
      "OrganizationAcronymFr": "Lib.",
      "OrganizationTypeId": 4,
      "OrganizationTypeEn": "Party",
      "OrganizationTypeFr": "Parti",
      "OrganizationProvinceEn": null,
      "OrganizationProvinceFr": null,
      "OrganizationHasProfile": true,
      "IsSenatorialDivision": false,
      "ToBeStyledAsEn": "",
      "ToBeStyledAsFr": "",
      "GroupId": 0,
      "Source": null,
      "PortFolioEn": null,
      "PortFolioFr": null,
      "Committee": null,
      "GroupingTitleEn": "Parliamentarian",
      "GroupingTitleFr": "Parlementaire",
      "GroupingOrder": 1,
      "ParliamentStart": "2021-11-22T05:00:00Z",
      "ParliamentEnd": null,
      "ParliamentNumber": 44,
      "PartyOrganizationId": 4831,
      "PartyEn": "Liberal Party of Canada",
      "PartyFr": "Parti lib\u00e9ral du Canada",
      "PartyStartDate": "2015-10-19T00:00:00Z",
      "PartyEndDate": null,
      "PersonPersonId": 0,
      "PersonLastName": null,
      "PersonUsedFirstName": null,
      "PersonGender": null,
      "MemberOfParliament": null,
      "IsMP": false,
      "IsSenator": false,
      "GovernorGeneral": null,
      "Documents": null,
      "Senator": null,
      "NotesEn": null,
      "NotesFr": null,
      "InternalNotes": null,
      "IsCurrent": "True",
      "RoleId": 722,
      "NameEn": "Party Member",
      "Ordinal": null,
      "Classes": [
        {
          "RoleClassId": 105,
          "RoleClassOrdinal": null,
          "RoleToRoleClassOrdinal": null,
          "RoleClassNameEn": "Parliamentarian",
          "RoleClassNameFr": "Parlementaire"
        }
      ]
    }
  ],
  "FederalExperienceList": [
    {
      "PersonRoleId": 265653,
      "NameFr": "Membre du parti",
      "StartDate": "2015-10-19T00:00:00Z",
      "StartDateIsApproximate": false,
      "EndDate": null,
      "EndDateIsApproximate": false,
      "EndReasonEn": null,
      "EndReasonFr": null,
      "EndReasonTypeEn": null,
      "EndReasonTypeFr": null,
      "SourceOfInformationEn": null,
      "SourceOfInformationFr": null,
      "IsActing": false,
      "ActingTextEn": null,
      "ActingTextFr": null,
      "HasCrossedTheFloor": false,
      "OrganizationId": 4831,
      "OrganizationLongEn": "Liberal Party of Canada",
      "OrganizationLongFr": "Parti lib\u00e9ral du Canada",
      "OrganizationShortEn": "Liberal",
      "OrganizationShortFr": "Lib\u00e9ral",
      "OrganizationAcronymEn": "Lib.",
      "OrganizationAcronymFr": "Lib.",
      "OrganizationTypeId": 4,
      "OrganizationTypeEn": "Party",
      "OrganizationTypeFr": "Parti",
      "OrganizationProvinceEn": null,
      "OrganizationProvinceFr": null,
      "OrganizationHasProfile": true,
      "IsSenatorialDivision": false,
      "ToBeStyledAsEn": "",
      "ToBeStyledAsFr": "",
      "GroupId": 0,
      "Source": null,
      "PortFolioEn": null,
      "PortFolioFr": null,
      "Committee": null,
      "GroupingTitleEn": "Parliamentarian",
      "GroupingTitleFr": "Parlementaire",
      "GroupingOrder": 1,
      "ParliamentStart": "2015-12-03T00:00:00Z",
      "ParliamentEnd": "2019-09-11T04:00:00Z",
      "ParliamentNumber": 42,
      "PartyOrganizationId": 4831,
      "PartyEn": "Liberal Party of Canada",
      "PartyFr": "Parti lib\u00e9ral du Canada",
      "PartyStartDate": "2015-10-19T00:00:00Z",
      "PartyEndDate": null,
      "PersonPersonId": 0,
      "PersonLastName": null,
      "PersonUsedFirstName": null,
      "PersonGender": null,
      "MemberOfParliament": null,
      "IsMP": false,
      "IsSenator": false,
      "GovernorGeneral": null,
      "Documents": null,
      "Senator": null,
      "NotesEn": null,
      "NotesFr": null,
      "InternalNotes": null,
      "IsCurrent": "True",
      "RoleId": 722,
      "NameEn": "Party Member",
      "Ordinal": null,
      "Classes": [
        {
          "RoleClassId": 105,
          "RoleClassOrdinal": null,
          "RoleToRoleClassOrdinal": null,
          "RoleClassNameEn": "Parliamentarian",
          "RoleClassNameFr": "Parlementaire"
        }
      ]
    },
    {
      "PersonRoleId": 265652,
      "NameFr": "Membre pour la circonscription",
      "StartDate": "2015-10-19T00:00:00Z",
      "StartDateIsApproximate": false,
      "EndDate": null,
      "EndDateIsApproximate": false,
      "EndReasonEn": null,
      "EndReasonFr": null,
      "EndReasonTypeEn": null,
      "EndReasonTypeFr": null,
      "SourceOfInformationEn": null,
      "SourceOfInformationFr": null,
      "IsActing": false,
      "ActingTextEn": null,
      "ActingTextFr": null,
      "HasCrossedTheFloor": false,
      "OrganizationId": 832,
      "OrganizationLongEn": "Beaches--East York",
      "OrganizationLongFr": "Beaches--East York",
      "OrganizationShortEn": "",
      "OrganizationShortFr": "",
      "OrganizationAcronymEn": "",
      "OrganizationAcronymFr": "",
      "OrganizationTypeId": 35,
      "OrganizationTypeEn": "Constituency",
      "OrganizationTypeFr": "Circonscription",
      "OrganizationProvinceEn": "Ontario",
      "OrganizationProvinceFr": "Ontario",
      "OrganizationHasProfile": true,
      "IsSenatorialDivision": false,
      "ToBeStyledAsEn": "",
      "ToBeStyledAsFr": "",
      "GroupId": 0,
      "Source": null,
      "PortFolioEn": null,
      "PortFolioFr": null,
      "Committee": null,
      "GroupingTitleEn": "Parliamentarian",
      "GroupingTitleFr": "Parlementaire",
      "GroupingOrder": 1,
      "ParliamentStart": "2015-12-03T00:00:00Z",
      "ParliamentEnd": "2019-09-11T04:00:00Z",
      "ParliamentNumber": 42,
      "PartyOrganizationId": 4831,
      "PartyEn": "Liberal Party of Canada",
      "PartyFr": "Parti lib\u00e9ral du Canada",
      "PartyStartDate": "2015-10-19T00:00:00Z",
      "PartyEndDate": null,
      "PersonPersonId": 0,
      "PersonLastName": null,
      "PersonUsedFirstName": null,
      "PersonGender": null,
      "MemberOfParliament": {
        "OccupationTypeEn": "Continuous",
        "OccupationTypeFr": "Continue"
      },
      "IsMP": true,
      "IsSenator": false,
      "GovernorGeneral": null,
      "Documents": null,
      "Senator": null,
      "NotesEn": null,
      "NotesFr": null,
      "InternalNotes": null,
      "IsCurrent": "True",
      "RoleId": 719,
      "NameEn": "Constituency Member",
      "Ordinal": 240,
      "Classes": [
        {
          "RoleClassId": 49,
          "RoleClassOrdinal": 2,
          "RoleToRoleClassOrdinal": null,
          "RoleClassNameEn": "Salaries in the House of Commons",
          "RoleClassNameFr": "Salaires \u00e0 la Chambre des Communes"
        },
        {
          "RoleClassId": 105,
          "RoleClassOrdinal": null,
          "RoleToRoleClassOrdinal": null,
          "RoleClassNameEn": "Parliamentarian",
          "RoleClassNameFr": "Parlementaire"
        }
      ]
    }
  ],
  "CommitteeMembership": [
    {
      "NameEn": "Member",
      "NameFr": "Membre",
      "RoleId": 226,
      "OrganizationId": 15390,
      "OrganizationLongEn": "Subcommittee on Agenda and Procedure of the Standing Committee on Industry and Technology",
      "OrganizationLongFr": "Sous-comit\u00e9 du programme et de la proc\u00e9dure du Comit\u00e9 permanent de l'industrie et de la technologie",
      "OrganizationTypeEn": "Committee",
      "OrganizationTypeFr": "Comit\u00e9",
      "OrganizationTypeId": 27,
      "PartyEn": "Liberal Party of Canada",
      "PartyFr": "Parti lib\u00e9ral du Canada",
      "CompositionTypeLongEn": "House of Commons",
      "CompositionTypeLongFr": "Chambre des communes",
      "CompositionTypeShortEn": null,
      "CompositionTypeShortFr": null,
      "CommitteeTypeEn": "Subcommittee",
      "CommitteeTypeFr": "Sous-comit\u00e9",
      "ParliamentNumber": 44,
      "SessionNumber": 1,
      "ShortEn": "1st",
      "ShortFr": "1\u00e8re"
    },
    {
      "NameEn": "Member",
      "NameFr": "Membre",
      "RoleId": 226,
      "OrganizationId": 15389,
      "OrganizationLongEn": "Standing Committee on Industry and Technology",
      "OrganizationLongFr": "Comit\u00e9 permanent de l'industrie et de la technologie",
      "OrganizationTypeEn": "Committee",
      "OrganizationTypeFr": "Comit\u00e9",
      "OrganizationTypeId": 27,
      "PartyEn": "Liberal Party of Canada",
      "PartyFr": "Parti lib\u00e9ral du Canada",
      "CompositionTypeLongEn": "House of Commons",
      "CompositionTypeLongFr": "Chambre des communes",
      "CompositionTypeShortEn": null,
      "CompositionTypeShortFr": null,
      "CommitteeTypeEn": "Standing",
      "CommitteeTypeFr": "Permanent",
      "ParliamentNumber": 44,
      "SessionNumber": 1,
      "ShortEn": "1st",
      "ShortFr": "1\u00e8re"
    },
    {
      "NameEn": "Member",
      "NameFr": "Membre",
      "RoleId": 226,
      "OrganizationId": 15035,
      "OrganizationLongEn": "Subcommittee on Agenda and Procedure of the Standing Committee on Industry, Science and Technology",
      "OrganizationLongFr": "Sous-comit\u00e9 du programme et de la proc\u00e9dure du Comit\u00e9 permanent de l'industrie, des sciences et de la technologie",
      "OrganizationTypeEn": "Committee",
      "OrganizationTypeFr": "Comit\u00e9",
      "OrganizationTypeId": 27,
      "PartyEn": "Liberal Party of Canada",
      "PartyFr": "Parti lib\u00e9ral du Canada",
      "CompositionTypeLongEn": "House of Commons",
      "CompositionTypeLongFr": "Chambre des communes",
      "CompositionTypeShortEn": null,
      "CompositionTypeShortFr": null,
      "CommitteeTypeEn": "Subcommittee",
      "CommitteeTypeFr": "Sous-comit\u00e9",
      "ParliamentNumber": 43,
      "SessionNumber": 2,
      "ShortEn": "2nd",
      "ShortFr": "2e"
    },
    {
      "NameEn": "Member",
      "NameFr": "Membre",
      "RoleId": 226,
      "OrganizationId": 3904,
      "OrganizationLongEn": "Standing Committee on Industry, Science and Technology",
      "OrganizationLongFr": "Comit\u00e9 permanent de l'industrie, des sciences et de la technologie",
      "OrganizationTypeEn": "Committee",
      "OrganizationTypeFr": "Comit\u00e9",
      "OrganizationTypeId": 27,
      "PartyEn": "Liberal Party of Canada",
      "PartyFr": "Parti lib\u00e9ral du Canada",
      "CompositionTypeLongEn": "House of Commons",
      "CompositionTypeLongFr": "Chambre des communes",
      "CompositionTypeShortEn": "C",
      "CompositionTypeShortFr": "C",
      "CommitteeTypeEn": "Standing",
      "CommitteeTypeFr": "Permanent",
      "ParliamentNumber": 43,
      "SessionNumber": 2,
      "ShortEn": "2nd",
      "ShortFr": "2e"
    },
    {
      "NameEn": "Member",
      "NameFr": "Membre",
      "RoleId": 226,
      "OrganizationId": 15341,
      "OrganizationLongEn": "Special Committee on the COVID-19 Pandemic",
      "OrganizationLongFr": "Comit\u00e9 sp\u00e9cial sur la pand\u00e9mie de la COVID-19",
      "OrganizationTypeEn": "Committee",
      "OrganizationTypeFr": "Comit\u00e9",
      "OrganizationTypeId": 27,
      "PartyEn": "Liberal Party of Canada",
      "PartyFr": "Parti lib\u00e9ral du Canada",
      "CompositionTypeLongEn": "House of Commons",
      "CompositionTypeLongFr": "Chambre des communes",
      "CompositionTypeShortEn": null,
      "CompositionTypeShortFr": null,
      "CommitteeTypeEn": "Special",
      "CommitteeTypeFr": "Sp\u00e9cial",
      "ParliamentNumber": 43,
      "SessionNumber": 1,
      "ShortEn": "1st",
      "ShortFr": "1\u00e8re"
    },
    {
      "NameEn": "Member",
      "NameFr": "Membre",
      "RoleId": 226,
      "OrganizationId": 15035,
      "OrganizationLongEn": "Subcommittee on Agenda and Procedure of the Standing Committee on Industry, Science and Technology",
      "OrganizationLongFr": "Sous-comit\u00e9 du programme et de la proc\u00e9dure du Comit\u00e9 permanent de l'industrie, des sciences et de la technologie",
      "OrganizationTypeEn": "Committee",
      "OrganizationTypeFr": "Comit\u00e9",
      "OrganizationTypeId": 27,
      "PartyEn": "Liberal Party of Canada",
      "PartyFr": "Parti lib\u00e9ral du Canada",
      "CompositionTypeLongEn": "House of Commons",
      "CompositionTypeLongFr": "Chambre des communes",
      "CompositionTypeShortEn": null,
      "CompositionTypeShortFr": null,
      "CommitteeTypeEn": "Subcommittee",
      "CommitteeTypeFr": "Sous-comit\u00e9",
      "ParliamentNumber": 43,
      "SessionNumber": 1,
      "ShortEn": "1st",
      "ShortFr": "1\u00e8re"
    },
    {
      "NameEn": "Member",
      "NameFr": "Membre",
      "RoleId": 226,
      "OrganizationId": 3904,
      "OrganizationLongEn": "Standing Committee on Industry, Science and Technology",
      "OrganizationLongFr": "Comit\u00e9 permanent de l'industrie, des sciences et de la technologie",
      "OrganizationTypeEn": "Committee",
      "OrganizationTypeFr": "Comit\u00e9",
      "OrganizationTypeId": 27,
      "PartyEn": "Liberal Party of Canada",
      "PartyFr": "Parti lib\u00e9ral du Canada",
      "CompositionTypeLongEn": "House of Commons",
      "CompositionTypeLongFr": "Chambre des communes",
      "CompositionTypeShortEn": "C",
      "CompositionTypeShortFr": "C",
      "CommitteeTypeEn": "Standing",
      "CommitteeTypeFr": "Permanent",
      "ParliamentNumber": 43,
      "SessionNumber": 1,
      "ShortEn": "1st",
      "ShortFr": "1\u00e8re"
    },
    {
      "NameEn": "Vice-Chair",
      "NameFr": "Vice-pr\u00e9sident",
      "RoleId": 1175,
      "OrganizationId": 391,
      "OrganizationLongEn": "Standing Committee on Access to Information, Privacy and Ethics",
      "OrganizationLongFr": "Comit\u00e9 permanent de l'acc\u00e8s \u00e0 l'information, protection des renseignements personnels et \u00e9thique",
      "OrganizationTypeEn": "Committee",
      "OrganizationTypeFr": "Comit\u00e9",
      "OrganizationTypeId": 27,
      "PartyEn": "Liberal Party of Canada",
      "PartyFr": "Parti lib\u00e9ral du Canada",
      "CompositionTypeLongEn": "House of Commons",
      "CompositionTypeLongFr": "Chambre des communes",
      "CompositionTypeShortEn": "C",
      "CompositionTypeShortFr": "C",
      "CommitteeTypeEn": "Standing",
      "CommitteeTypeFr": "Permanent",
      "ParliamentNumber": 42,
      "SessionNumber": 1,
      "ShortEn": "1st",
      "ShortFr": "1\u00e8re"
    },
    {
      "NameEn": "Member",
      "NameFr": "Membre",
      "RoleId": 226,
      "OrganizationId": 391,
      "OrganizationLongEn": "Standing Committee on Access to Information, Privacy and Ethics",
      "OrganizationLongFr": "Comit\u00e9 permanent de l'acc\u00e8s \u00e0 l'information, protection des renseignements personnels et \u00e9thique",
      "OrganizationTypeEn": "Committee",
      "OrganizationTypeFr": "Comit\u00e9",
      "OrganizationTypeId": 27,
      "PartyEn": "Liberal Party of Canada",
      "PartyFr": "Parti lib\u00e9ral du Canada",
      "CompositionTypeLongEn": "House of Commons",
      "CompositionTypeLongFr": "Chambre des communes",
      "CompositionTypeShortEn": "C",
      "CompositionTypeShortFr": "C",
      "CommitteeTypeEn": "Standing",
      "CommitteeTypeFr": "Permanent",
      "ParliamentNumber": 42,
      "SessionNumber": 1,
      "ShortEn": "1st",
      "ShortFr": "1\u00e8re"
    },
    {
      "NameEn": "Member",
      "NameFr": "Membre",
      "RoleId": 226,
      "OrganizationId": 8642,
      "OrganizationLongEn": "Standing Committee on Public Safety and National Security",
      "OrganizationLongFr": "Comit\u00e9 permanent de la s\u00e9curit\u00e9 publique et nationale",
      "OrganizationTypeEn": "Committee",
      "OrganizationTypeFr": "Comit\u00e9",
      "OrganizationTypeId": 27,
      "PartyEn": "Liberal Party of Canada",
      "PartyFr": "Parti lib\u00e9ral du Canada",
      "CompositionTypeLongEn": "House of Commons",
      "CompositionTypeLongFr": "Chambre des communes",
      "CompositionTypeShortEn": "C",
      "CompositionTypeShortFr": "C",
      "CommitteeTypeEn": "Standing",
      "CommitteeTypeFr": "Permanent",
      "ParliamentNumber": 42,
      "SessionNumber": 1,
      "ShortEn": "1st",
      "ShortFr": "1\u00e8re"
    },
    {
      "NameEn": "Member",
      "NameFr": "Membre",
      "RoleId": 226,
      "OrganizationId": 15025,
      "OrganizationLongEn": "Subcommittee on Agenda and Procedure of the Standing Committee on Access to Information, Privacy and Ethics",
      "OrganizationLongFr": "Sous-comit\u00e9 du programme et de la proc\u00e9dure du Comit\u00e9 permanent de l'acc\u00e8s \u00e0 l'information, de la protection des renseignements personnels et de l'\u00e9thique",
      "OrganizationTypeEn": "Committee",
      "OrganizationTypeFr": "Comit\u00e9",
      "OrganizationTypeId": 27,
      "PartyEn": "Liberal Party of Canada",
      "PartyFr": "Parti lib\u00e9ral du Canada",
      "CompositionTypeLongEn": "House of Commons",
      "CompositionTypeLongFr": "Chambre des communes",
      "CompositionTypeShortEn": null,
      "CompositionTypeShortFr": null,
      "CommitteeTypeEn": "Subcommittee",
      "CommitteeTypeFr": "Sous-comit\u00e9",
      "ParliamentNumber": 42,
      "SessionNumber": 1,
      "ShortEn": "1st",
      "ShortFr": "1\u00e8re"
    }
  ],
  "PublicOfficeExperience": null,
  "ProvincialExperience": null,
  "MilitaryExperience": null,
  "MunicipalExperience": null,
  "FamilyTiesInParliament": null,
  "Family": null,
  "Education": [
    {
      "SchoolNameLongEn": "Queen's University",
      "SchoolNameLongFr": "Universit\u00e9 Queen's",
      "SchoolCityEn": "",
      "SchoolCityFr": "",
      "FieldOfStudyEn": "Laws",
      "FieldOfStudyFr": "Droit",
      "DiplomaLongEn": "Bachelor (Juris)",
      "DiplomaLongFr": "Baccalaur\u00e9at (Juris)",
      "DiplomaShortEn": "B.A. (Juris)",
      "DiplomaShortFr": "B.A. (Juris)",
      "GraduationYear": null
    },
    {
      "SchoolNameLongEn": "University of Oxford",
      "SchoolNameLongFr": "University of Oxford",
      "SchoolCityEn": "Oxford",
      "SchoolCityFr": "Oxford",
      "FieldOfStudyEn": "Constitutional Law and Political Science",
      "FieldOfStudyFr": "Droit constitutionnel et Science politique",
      "DiplomaLongEn": "Master",
      "DiplomaLongFr": "Ma\u00eetrise",
      "DiplomaShortEn": "M.A.",
      "DiplomaShortFr": "M.A.",
      "GraduationYear": null
    },
    {
      "SchoolNameLongEn": "Queen's University",
      "SchoolNameLongFr": "Universit\u00e9 Queen's",
      "SchoolCityEn": "",
      "SchoolCityFr": "",
      "FieldOfStudyEn": "Arts",
      "FieldOfStudyFr": "Arts",
      "DiplomaLongEn": "Bachelor",
      "DiplomaLongFr": "Bachelier",
      "DiplomaShortEn": "B.A",
      "DiplomaShortFr": "B.A.",
      "GraduationYear": null
    }
  ],
  "PictureId": 11684,
  "PictureCopyrightEn": "House of Commons 2021",
  "PictureCopyrightFr": "Chambre des communes 2021",
  "PictureCreditEn": "House of Commons",
  "PictureCreditFr": "Chambre des communes",
  "DisplayTitleEn": "Mr. Nathaniel Erskine-Smith, M.P.",
  "DisplayTitleFr": "Monsieur Nathaniel Erskine-Smith, d\u00e9put\u00e9",
  "PlaceOfBirthEn": "Toronto, Ontario, Canada",
  "PlaceOfBirthFr": "Toronto, Ontario, Canada",
  "ProfessionsEn": "lawyer",
  "ProfessionsFr": "avocat",
  "PreferredLanguageEn": "English, French",
  "PreferredLanguageFr": "Anglais, Fran\u00e7ais",
  "PlaceOfBurialEn": "",
  "PlaceOfBurialFr": ""
}