{
  "Person": {
    "PersonId": 18517,
    "HOCPersonId": 88858,
    "SenatePersonId": 0,
    "FormalFirstName": null,
    "UsedFirstName": "Gagan",
    "MiddleName": null,
    "MaidenName": null,
    "LastName": "Sikand",
    "IsDraftProfile": false,
    "MaidenSpeechNotFound": false,
    "DateOfBirth": null,
    "DateOfBirthIsApproximate": false,
    "DoNotDiscloseDateOfBirth": false,
    "DoNotDiscloseBirthLocation": false,
    "CityOfBirthEn": null,
    "CityOfBirthFr": null,
    "ProvinceOfBirthEn": null,
    "ProvinceOfBirthFr": null,
    "CountryOfBirthFr": null,
    "CountryOfBirthEn": null,
    "Gender": "M",
    "EthnicityLongEn": "Indian",
    "EthnicityLongFr": "Indien",
    "IsCanadianOrigin": false,
    "InternalNotes": null,
    "ExternalNotesEn": null,
    "ExternalNotesFr": null,
    "ReligionEn": "Sikh",
    "ReligionFr": "Sikhe",
    "Professions": [
      {
        "NameEn": "business owner",
        "NameFr": "propri\u00e9taire d'entreprise",
        "SearchKeyWordsEn": "",
        "SearchKeyWordsFr": "",
        "ProfessionTypeEn": "Management - Senior managers",
        "ProfessionTypeFr": "Gestion - Cadres sup\u00e9rieurs",
        "Ordinal": null
      },
      {
        "NameEn": "lawyer",
        "NameFr": "avocat",
        "SearchKeyWordsEn": "",
        "SearchKeyWordsFr": "",
        "ProfessionTypeEn": "Law, social science, education, government services and religion - Professional occupations",
        "ProfessionTypeFr": "Droit, sciences sociales, enseignement, administration publique et religion - Personnel professionnel",
        "Ordinal": null
      }
    ],
    "Languages": [
      {
        "NameEn": "English",
        "NameFr": "Anglais",
        "IsPreferred": true,
        "Ordinal": 0
      }
    ],
    "Education": [
      {
        "SchoolNameLongEn": "Unknown",
        "SchoolNameLongFr": "Inconnu",
        "SchoolCityEn": "Unknown",
        "SchoolCityFr": "Inconnu",
        "FieldOfStudyEn": "Laws",
        "FieldOfStudyFr": "Droit",
        "DiplomaLongEn": "Unknown",
        "DiplomaLongFr": "Inconnu",
        "DiplomaShortEn": null,
        "DiplomaShortFr": null,
        "GraduationYear": null
      }
    ],
    "FamilyRelations": null,
    "Pictures": [
      {
        "PictureId": 8943,
        "PictureDate": null,
        "TypeEn": "Photographer",
        "TypeFr": "Photographe",
        "PhotographerEn": null,
        "PhotographerFr": null,
        "CreditsEn": "Unofficial photo<br> (Campaign photo)",
        "CreditsFr": "Photo non officielle<br>(Photo \u00e9lectorale)",
        "CopyRightsEn": null,
        "CopyRightsFr": null,
        "DisplayForWeb": false,
        "InternalNotes": null
      },
      {
        "PictureId": 10351,
        "PictureDate": "2018-12-21T05:00:00Z",
        "TypeEn": "Photographer",
        "TypeFr": "Photographe",
        "PhotographerEn": "House of Commons photographer",
        "PhotographerFr": "Photographe de la Chambre des communes",
        "CreditsEn": "House of Commons",
        "CreditsFr": "Chambre des communes",
        "CopyRightsEn": "House of Commons 2017",
        "CopyRightsFr": "Chambre des communes 2017",
        "DisplayForWeb": false,
        "InternalNotes": null
      },
      {
        "PictureId": 11377,
        "PictureDate": "2020-03-11T04:00:00Z",
        "TypeEn": "Photographer",
        "TypeFr": "Photographe",
        "PhotographerEn": "House of Commons photographer",
        "PhotographerFr": "Photographe de la Chambre des communes",
        "CreditsEn": "House of Commons",
        "CreditsFr": "Chambre des communes",
        "CopyRightsEn": "House of Commons 2020",
        "CopyRightsFr": "Chambre des communes 2020",
        "DisplayForWeb": true,
        "InternalNotes": null
      }
    ],
    "Titles": [
      {
        "LongEn": "Member of Parliament",
        "LongFr": "d\u00e9put\u00e9",
        "AcronymEn": "M.P.",
        "AcronymFr": "d\u00e9put\u00e9",
        "IsHonorific": false,
        "IsScholarity": false,
        "IsSalutation": false,
        "Ordinal": 0
      },
      {
        "LongEn": "",
        "LongFr": "",
        "AcronymEn": null,
        "AcronymFr": null,
        "IsHonorific": false,
        "IsScholarity": false,
        "IsSalutation": true,
        "Ordinal": 0
      }
    ],
    "Roles": [
      {
        "PersonRoleId": 310615,
        "NameFr": "Co-pr\u00e9sident(e)",
        "StartDate": "2018-04-19T04:00:00Z",
        "StartDateIsApproximate": false,
        "EndDate": "2019-09-11T04:00:00Z",
        "EndDateIsApproximate": false,
        "EndReasonEn": null,
        "EndReasonFr": null,
        "EndReasonTypeEn": null,
        "EndReasonTypeFr": null,
        "SourceOfInformationEn": null,
        "SourceOfInformationFr": null,
        "IsActing": false,
        "ActingTextEn": null,
        "ActingTextFr": null,
        "HasCrossedTheFloor": false,
        "OrganizationId": 4846,
        "OrganizationLongEn": "Standing Joint Committee on the Library of Parliament",
        "OrganizationLongFr": "Comit\u00e9 mixte permanent de la Biblioth\u00e8que du Parlement",
        "OrganizationShortEn": "Library of Parliament",
        "OrganizationShortFr": "Biblioth\u00e8que du Parlement",
        "OrganizationAcronymEn": "BILI",
        "OrganizationAcronymFr": "BILI",
        "OrganizationTypeId": 27,
        "OrganizationTypeEn": "Committee",
        "OrganizationTypeFr": "Comit\u00e9",
        "OrganizationProvinceEn": null,
        "OrganizationProvinceFr": null,
        "OrganizationHasProfile": true,
        "IsSenatorialDivision": false,
        "ToBeStyledAsEn": null,
        "ToBeStyledAsFr": null,
        "GroupId": 0,
        "Source": null,
        "PortFolioEn": null,
        "PortFolioFr": null,
        "Committee": {
          "OrganizationId": 0,
          "SenateCommitteeId": 0,
          "CommitteeTypeId": 5,
          "CommitteeTypeEn": "Standing",
          "CommitteeTypeFr": "Permanent",
          "CompositionTypeId": 8,
          "CompositionTypeLongEn": "Joint",
          "CompositionTypeLongFr": "Mixte",
          "CompositionTypeShortEn": "J",
          "CompositionTypeShortFr": "J",
          "Sessions": [
            {
              "SessionId": 0,
              "SessionNumber": 1,
              "ParliamentNumber": 42,
              "StartDate": "2015-12-03T00:00:00Z",
              "EndDate": "2019-09-11T04:00:00Z",
              "ShortEn": "1st",
              "ShortFr": "1\u00e8re"
            }
          ],
          "Mandates": null
        },
        "GroupingTitleEn": null,
        "GroupingTitleFr": null,
        "GroupingOrder": 0,
        "ParliamentStart": null,
        "ParliamentEnd": null,
        "ParliamentNumber": 0,
        "PartyOrganizationId": 4831,
        "PartyEn": "Liberal Party of Canada",
        "PartyFr": "Parti lib\u00e9ral du Canada",
        "PartyStartDate": "2015-10-19T00:00:00Z",
        "PartyEndDate": "2021-09-19T04:00:00Z",
        "PersonPersonId": 0,
        "PersonLastName": null,
        "PersonUsedFirstName": null,
        "PersonGender": null,
        "MemberOfParliament": null,
        "IsMP": false,
        "IsSenator": false,
        "GovernorGeneral": null,
        "Documents": null,
        "Senator": null,
        "NotesEn": null,
        "NotesFr": null,
        "InternalNotes": null,
        "IsCurrent": "False",
        "RoleId": 785,
        "NameEn": "Co-Chair",
        "Ordinal": null,
        "Classes": [
          {
            "RoleClassId": 33,
            "RoleClassOrdinal": null,
            "RoleToRoleClassOrdinal": null,
            "RoleClassNameEn": "Committee",
            "RoleClassNameFr": "Comit\u00e9"
          },
          {
            "RoleClassId": 113,
            "RoleClassOrdinal": null,
            "RoleToRoleClassOrdinal": null,
            "RoleClassNameEn": "ElectionProcessCloseDissolution",
            "RoleClassNameFr": "ElectionProcessCloseDissolution"
          }
        ]
      },
      {
        "PersonRoleId": 265765,
        "NameFr": "Membre du parti",
        "StartDate": "2015-10-19T00:00:00Z",
        "StartDateIsApproximate": false,
        "EndDate": "2021-09-19T04:00:00Z",
        "EndDateIsApproximate": false,
        "EndReasonEn": null,
        "EndReasonFr": null,
        "EndReasonTypeEn": null,
        "EndReasonTypeFr": null,
        "SourceOfInformationEn": null,
        "SourceOfInformationFr": null,
        "IsActing": false,
        "ActingTextEn": null,
        "ActingTextFr": null,
        "HasCrossedTheFloor": false,
        "OrganizationId": 4831,
        "OrganizationLongEn": "Liberal Party of Canada",
        "OrganizationLongFr": "Parti lib\u00e9ral du Canada",
        "OrganizationShortEn": "Liberal",
        "OrganizationShortFr": "Lib\u00e9ral",
        "OrganizationAcronymEn": "Lib.",
        "OrganizationAcronymFr": "Lib.",
        "OrganizationTypeId": 4,
        "OrganizationTypeEn": "Party",
        "OrganizationTypeFr": "Parti",
        "OrganizationProvinceEn": null,
        "OrganizationProvinceFr": null,
        "OrganizationHasProfile": true,
        "IsSenatorialDivision": false,
        "ToBeStyledAsEn": "",
        "ToBeStyledAsFr": "",
        "GroupId": 0,
        "Source": null,
        "PortFolioEn": null,
        "PortFolioFr": null,
        "Committee": null,
        "GroupingTitleEn": "Parliamentarian",
        "GroupingTitleFr": "Parlementaire",
        "GroupingOrder": 1,
        "ParliamentStart": "2015-12-03T00:00:00Z",
        "ParliamentEnd": "2019-09-11T04:00:00Z",
        "ParliamentNumber": 42,
        "PartyOrganizationId": 4831,
        "PartyEn": "Liberal Party of Canada",
        "PartyFr": "Parti lib\u00e9ral du Canada",
        "PartyStartDate": "2015-10-19T00:00:00Z",
        "PartyEndDate": "2021-09-19T04:00:00Z",
        "PersonPersonId": 0,
        "PersonLastName": null,
        "PersonUsedFirstName": null,
        "PersonGender": null,
        "MemberOfParliament": null,
        "IsMP": false,
        "IsSenator": false,
        "GovernorGeneral": null,
        "Documents": null,
        "Senator": null,
        "NotesEn": null,
        "NotesFr": null,
        "InternalNotes": null,
        "IsCurrent": "False",
        "RoleId": 722,
        "NameEn": "Party Member",
        "Ordinal": null,
        "Classes": [
          {
            "RoleClassId": 105,
            "RoleClassOrdinal": null,
            "RoleToRoleClassOrdinal": null,
            "RoleClassNameEn": "Parliamentarian",
            "RoleClassNameFr": "Parlementaire"
          }
        ]
      },
      {
        "PersonRoleId": 265764,
        "NameFr": "Membre pour la circonscription",
        "StartDate": "2015-10-19T00:00:00Z",
        "StartDateIsApproximate": false,
        "EndDate": "2021-09-19T04:00:00Z",
        "EndDateIsApproximate": false,
        "EndReasonEn": null,
        "EndReasonFr": null,
        "EndReasonTypeEn": null,
        "EndReasonTypeFr": null,
        "SourceOfInformationEn": null,
        "SourceOfInformationFr": null,
        "IsActing": false,
        "ActingTextEn": null,
        "ActingTextFr": null,
        "HasCrossedTheFloor": false,
        "OrganizationId": 5392,
        "OrganizationLongEn": "Mississauga--Streetsville",
        "OrganizationLongFr": "Mississauga--Streetsville",
        "OrganizationShortEn": "",
        "OrganizationShortFr": "",
        "OrganizationAcronymEn": "",
        "OrganizationAcronymFr": "",
        "OrganizationTypeId": 35,
        "OrganizationTypeEn": "Constituency",
        "OrganizationTypeFr": "Circonscription",
        "OrganizationProvinceEn": "Ontario",
        "OrganizationProvinceFr": "Ontario",
        "OrganizationHasProfile": true,
        "IsSenatorialDivision": false,
        "ToBeStyledAsEn": "",
        "ToBeStyledAsFr": "",
        "GroupId": 0,
        "Source": null,
        "PortFolioEn": null,
        "PortFolioFr": null,
        "Committee": null,
        "GroupingTitleEn": "Parliamentarian",
        "GroupingTitleFr": "Parlementaire",
        "GroupingOrder": 1,
        "ParliamentStart": "2015-12-03T00:00:00Z",
        "ParliamentEnd": "2019-09-11T04:00:00Z",
        "ParliamentNumber": 42,
        "PartyOrganizationId": 4831,
        "PartyEn": "Liberal Party of Canada",
        "PartyFr": "Parti lib\u00e9ral du Canada",
        "PartyStartDate": "2015-10-19T00:00:00Z",
        "PartyEndDate": "2021-09-19T04:00:00Z",
        "PersonPersonId": 0,
        "PersonLastName": null,
        "PersonUsedFirstName": null,
        "PersonGender": null,
        "MemberOfParliament": {
          "OccupationTypeEn": "Continuous",
          "OccupationTypeFr": "Continue"
        },
        "IsMP": true,
        "IsSenator": false,
        "GovernorGeneral": null,
        "Documents": null,
        "Senator": null,
        "NotesEn": null,
        "NotesFr": null,
        "InternalNotes": null,
        "IsCurrent": "False",
        "RoleId": 719,
        "NameEn": "Constituency Member",
        "Ordinal": 240,
        "Classes": [
          {
            "RoleClassId": 49,
            "RoleClassOrdinal": 2,
            "RoleToRoleClassOrdinal": null,
            "RoleClassNameEn": "Salaries in the House of Commons",
            "RoleClassNameFr": "Salaires \u00e0 la Chambre des Communes"
          },
          {
            "RoleClassId": 105,
            "RoleClassOrdinal": null,
            "RoleToRoleClassOrdinal": null,
            "RoleClassNameEn": "Parliamentarian",
            "RoleClassNameFr": "Parlementaire"
          }
        ]
      },
      {
        "PersonRoleId": 308305,
        "NameFr": "Membre",
        "StartDate": "2015-12-03T00:00:00Z",
        "StartDateIsApproximate": false,
        "EndDate": "2019-09-11T04:00:00Z",
        "EndDateIsApproximate": false,
        "EndReasonEn": null,
        "EndReasonFr": null,
        "EndReasonTypeEn": null,
        "EndReasonTypeFr": null,
        "SourceOfInformationEn": null,
        "SourceOfInformationFr": null,
        "IsActing": false,
        "ActingTextEn": null,
        "ActingTextFr": null,
        "HasCrossedTheFloor": false,
        "OrganizationId": 10376,
        "OrganizationLongEn": "Standing Committee on Transport, Infrastructure and Communities",
        "OrganizationLongFr": "Comit\u00e9 permanent des transports, de l'infrastructure et des collectivit\u00e9s",
        "OrganizationShortEn": "Transport, Infrastructure and Communities",
        "OrganizationShortFr": "Transports, infrastructure et collectivit\u00e9s",
        "OrganizationAcronymEn": "TRAN",
        "OrganizationAcronymFr": "TRAN",
        "OrganizationTypeId": 27,
        "OrganizationTypeEn": "Committee",
        "OrganizationTypeFr": "Comit\u00e9",
        "OrganizationProvinceEn": null,
        "OrganizationProvinceFr": null,
        "OrganizationHasProfile": false,
        "IsSenatorialDivision": false,
        "ToBeStyledAsEn": null,
        "ToBeStyledAsFr": null,
        "GroupId": 0,
        "Source": "PrismCommitteeImport",
        "PortFolioEn": null,
        "PortFolioFr": null,
        "Committee": {
          "OrganizationId": 0,
          "SenateCommitteeId": 0,
          "CommitteeTypeId": 5,
          "CommitteeTypeEn": "Standing",
          "CommitteeTypeFr": "Permanent",
          "CompositionTypeId": 3,
          "CompositionTypeLongEn": "House of Commons",
          "CompositionTypeLongFr": "Chambre des communes",
          "CompositionTypeShortEn": "C",
          "CompositionTypeShortFr": "C",
          "Sessions": [
            {
              "SessionId": 0,
              "SessionNumber": 1,
              "ParliamentNumber": 42,
              "StartDate": "2015-12-03T00:00:00Z",
              "EndDate": "2019-09-11T04:00:00Z",
              "ShortEn": "1st",
              "ShortFr": "1\u00e8re"
            }
          ],
          "Mandates": null
        },
        "GroupingTitleEn": null,
        "GroupingTitleFr": null,
        "GroupingOrder": 0,
        "ParliamentStart": null,
        "ParliamentEnd": null,
        "ParliamentNumber": 0,
        "PartyOrganizationId": 4831,
        "PartyEn": "Liberal Party of Canada",
        "PartyFr": "Parti lib\u00e9ral du Canada",
        "PartyStartDate": "2015-10-19T00:00:00Z",
        "PartyEndDate": "2021-09-19T04:00:00Z",
        "PersonPersonId": 0,
        "PersonLastName": null,
        "PersonUsedFirstName": null,
        "PersonGender": null,
        "MemberOfParliament": null,
        "IsMP": false,
        "IsSenator": false,
        "GovernorGeneral": null,
        "Documents": null,
        "Senator": null,
        "NotesEn": null,
        "NotesFr": null,
        "InternalNotes": null,
        "IsCurrent": "False",
        "RoleId": 226,
        "NameEn": "Member",
        "Ordinal": 300,
        "Classes": [
          {
            "RoleClassId": 33,
            "RoleClassOrdinal": null,
            "RoleToRoleClassOrdinal": null,
            "RoleClassNameEn": "Committee",
            "RoleClassNameFr": "Comit\u00e9"
          },
          {
            "RoleClassId": 113,
            "RoleClassOrdinal": null,
            "RoleToRoleClassOrdinal": null,
            "RoleClassNameEn": "ElectionProcessCloseDissolution",
            "RoleClassNameFr": "ElectionProcessCloseDissolution"
          }
        ]
      },
      {
        "PersonRoleId": 308306,
        "NameFr": "Membre",
        "StartDate": "2016-01-29T00:00:00Z",
        "StartDateIsApproximate": false,
        "EndDate": "2019-09-11T04:00:00Z",
        "EndDateIsApproximate": false,
        "EndReasonEn": null,
        "EndReasonFr": null,
        "EndReasonTypeEn": null,
        "EndReasonTypeFr": null,
        "SourceOfInformationEn": null,
        "SourceOfInformationFr": null,
        "IsActing": false,
        "ActingTextEn": null,
        "ActingTextFr": null,
        "HasCrossedTheFloor": false,
        "OrganizationId": 4846,
        "OrganizationLongEn": "Standing Joint Committee on the Library of Parliament",
        "OrganizationLongFr": "Comit\u00e9 mixte permanent de la Biblioth\u00e8que du Parlement",
        "OrganizationShortEn": "Library of Parliament",
        "OrganizationShortFr": "Biblioth\u00e8que du Parlement",
        "OrganizationAcronymEn": "BILI",
        "OrganizationAcronymFr": "BILI",
        "OrganizationTypeId": 27,
        "OrganizationTypeEn": "Committee",
        "OrganizationTypeFr": "Comit\u00e9",
        "OrganizationProvinceEn": null,
        "OrganizationProvinceFr": null,
        "OrganizationHasProfile": false,
        "IsSenatorialDivision": false,
        "ToBeStyledAsEn": null,
        "ToBeStyledAsFr": null,
        "GroupId": 0,
        "Source": "PrismCommitteeImport",
        "PortFolioEn": null,
        "PortFolioFr": null,
        "Committee": {
          "OrganizationId": 0,
          "SenateCommitteeId": 0,
          "CommitteeTypeId": 5,
          "CommitteeTypeEn": "Standing",
          "CommitteeTypeFr": "Permanent",
          "CompositionTypeId": 8,
          "CompositionTypeLongEn": "Joint",
          "CompositionTypeLongFr": "Mixte",
          "CompositionTypeShortEn": "J",
          "CompositionTypeShortFr": "J",
          "Sessions": [
            {
              "SessionId": 0,
              "SessionNumber": 1,
              "ParliamentNumber": 42,
              "StartDate": "2015-12-03T00:00:00Z",
              "EndDate": "2019-09-11T04:00:00Z",
              "ShortEn": "1st",
              "ShortFr": "1\u00e8re"
            }
          ],
          "Mandates": null
        },
        "GroupingTitleEn": null,
        "GroupingTitleFr": null,
        "GroupingOrder": 0,
        "ParliamentStart": null,
        "ParliamentEnd": null,
        "ParliamentNumber": 0,
        "PartyOrganizationId": 4831,
        "PartyEn": "Liberal Party of Canada",
        "PartyFr": "Parti lib\u00e9ral du Canada",
        "PartyStartDate": "2015-10-19T00:00:00Z",
        "PartyEndDate": "2021-09-19T04:00:00Z",
        "PersonPersonId": 0,
        "PersonLastName": null,
        "PersonUsedFirstName": null,
        "PersonGender": null,
        "MemberOfParliament": null,
        "IsMP": false,
        "IsSenator": false,
        "GovernorGeneral": null,
        "Documents": null,
        "Senator": null,
        "NotesEn": null,
        "NotesFr": null,
        "InternalNotes": null,
        "IsCurrent": "False",
        "RoleId": 226,
        "NameEn": "Member",
        "Ordinal": 300,
        "Classes": [
          {
            "RoleClassId": 33,
            "RoleClassOrdinal": null,
            "RoleToRoleClassOrdinal": null,
            "RoleClassNameEn": "Committee",
            "RoleClassNameFr": "Comit\u00e9"
          },
          {
            "RoleClassId": 113,
            "RoleClassOrdinal": null,
            "RoleToRoleClassOrdinal": null,
            "RoleClassNameEn": "ElectionProcessCloseDissolution",
            "RoleClassNameFr": "ElectionProcessCloseDissolution"
          }
        ]
      },
      {
        "PersonRoleId": 318477,
        "NameFr": "Membre",
        "StartDate": "2018-04-19T04:00:00Z",
        "StartDateIsApproximate": false,
        "EndDate": "2019-09-11T04:00:00Z",
        "EndDateIsApproximate": false,
        "EndReasonEn": null,
        "EndReasonFr": null,
        "EndReasonTypeEn": null,
        "EndReasonTypeFr": null,
        "SourceOfInformationEn": null,
        "SourceOfInformationFr": null,
        "IsActing": false,
        "ActingTextEn": null,
        "ActingTextFr": null,
        "HasCrossedTheFloor": false,
        "OrganizationId": 15012,
        "OrganizationLongEn": "Liaison Committee",
        "OrganizationLongFr": "Comit\u00e9 de liaison",
        "OrganizationShortEn": "Liaison",
        "OrganizationShortFr": "Liaison",
        "OrganizationAcronymEn": "LIAI",
        "OrganizationAcronymFr": "LIAI",
        "OrganizationTypeId": 27,
        "OrganizationTypeEn": "Committee",
        "OrganizationTypeFr": "Comit\u00e9",
        "OrganizationProvinceEn": null,
        "OrganizationProvinceFr": null,
        "OrganizationHasProfile": true,
        "IsSenatorialDivision": false,
        "ToBeStyledAsEn": null,
        "ToBeStyledAsFr": null,
        "GroupId": 0,
        "Source": null,
        "PortFolioEn": null,
        "PortFolioFr": null,
        "Committee": {
          "OrganizationId": 0,
          "SenateCommitteeId": 0,
          "CommitteeTypeId": 5,
          "CommitteeTypeEn": "Standing",
          "CommitteeTypeFr": "Permanent",
          "CompositionTypeId": 3,
          "CompositionTypeLongEn": "House of Commons",
          "CompositionTypeLongFr": "Chambre des communes",
          "CompositionTypeShortEn": null,
          "CompositionTypeShortFr": null,
          "Sessions": [
            {
              "SessionId": 0,
              "SessionNumber": 1,
              "ParliamentNumber": 42,
              "StartDate": "2015-12-03T00:00:00Z",
              "EndDate": "2019-09-11T04:00:00Z",
              "ShortEn": "1st",
              "ShortFr": "1\u00e8re"
            }
          ],
          "Mandates": null
        },
        "GroupingTitleEn": null,
        "GroupingTitleFr": null,
        "GroupingOrder": 0,
        "ParliamentStart": null,
        "ParliamentEnd": null,
        "ParliamentNumber": 0,
        "PartyOrganizationId": 4831,
        "PartyEn": "Liberal Party of Canada",
        "PartyFr": "Parti lib\u00e9ral du Canada",
        "PartyStartDate": "2015-10-19T00:00:00Z",
        "PartyEndDate": "2021-09-19T04:00:00Z",
        "PersonPersonId": 0,
        "PersonLastName": null,
        "PersonUsedFirstName": null,
        "PersonGender": null,
        "MemberOfParliament": null,
        "IsMP": false,
        "IsSenator": false,
        "GovernorGeneral": null,
        "Documents": null,
        "Senator": null,
        "NotesEn": null,
        "NotesFr": null,
        "InternalNotes": null,
        "IsCurrent": "False",
        "RoleId": 226,
        "NameEn": "Member",
        "Ordinal": 300,
        "Classes": [
          {
            "RoleClassId": 33,
            "RoleClassOrdinal": null,
            "RoleToRoleClassOrdinal": null,
            "RoleClassNameEn": "Committee",
            "RoleClassNameFr": "Comit\u00e9"
          },
          {
            "RoleClassId": 113,
            "RoleClassOrdinal": null,
            "RoleToRoleClassOrdinal": null,
            "RoleClassNameEn": "ElectionProcessCloseDissolution",
            "RoleClassNameFr": "ElectionProcessCloseDissolution"
          }
        ]
      },
      {
        "PersonRoleId": 319580,
        "NameFr": "Membre",
        "StartDate": "2020-02-05T05:00:00Z",
        "StartDateIsApproximate": false,
        "EndDate": "2020-08-17T04:00:00Z",
        "EndDateIsApproximate": false,
        "EndReasonEn": null,
        "EndReasonFr": null,
        "EndReasonTypeEn": null,
        "EndReasonTypeFr": null,
        "SourceOfInformationEn": null,
        "SourceOfInformationFr": null,
        "IsActing": false,
        "ActingTextEn": null,
        "ActingTextFr": null,
        "HasCrossedTheFloor": false,
        "OrganizationId": 8642,
        "OrganizationLongEn": "Standing Committee on Public Safety and National Security",
        "OrganizationLongFr": "Comit\u00e9 permanent de la s\u00e9curit\u00e9 publique et nationale",
        "OrganizationShortEn": "Public Safety and National Security",
        "OrganizationShortFr": "S\u00e9curit\u00e9 publique et nationale",
        "OrganizationAcronymEn": "SECU",
        "OrganizationAcronymFr": "SECU",
        "OrganizationTypeId": 27,
        "OrganizationTypeEn": "Committee",
        "OrganizationTypeFr": "Comit\u00e9",
        "OrganizationProvinceEn": null,
        "OrganizationProvinceFr": null,
        "OrganizationHasProfile": true,
        "IsSenatorialDivision": false,
        "ToBeStyledAsEn": null,
        "ToBeStyledAsFr": null,
        "GroupId": 0,
        "Source": null,
        "PortFolioEn": null,
        "PortFolioFr": null,
        "Committee": {
          "OrganizationId": 0,
          "SenateCommitteeId": 0,
          "CommitteeTypeId": 5,
          "CommitteeTypeEn": "Standing",
          "CommitteeTypeFr": "Permanent",
          "CompositionTypeId": 3,
          "CompositionTypeLongEn": "House of Commons",
          "CompositionTypeLongFr": "Chambre des communes",
          "CompositionTypeShortEn": "C",
          "CompositionTypeShortFr": "C",
          "Sessions": [
            {
              "SessionId": 0,
              "SessionNumber": 1,
              "ParliamentNumber": 43,
              "StartDate": "2019-12-05T05:00:00Z",
              "EndDate": "2020-08-18T04:00:00Z",
              "ShortEn": "1st",
              "ShortFr": "1\u00e8re"
            }
          ],
          "Mandates": null
        },
        "GroupingTitleEn": null,
        "GroupingTitleFr": null,
        "GroupingOrder": 0,
        "ParliamentStart": null,
        "ParliamentEnd": null,
        "ParliamentNumber": 0,
        "PartyOrganizationId": 4831,
        "PartyEn": "Liberal Party of Canada",
        "PartyFr": "Parti lib\u00e9ral du Canada",
        "PartyStartDate": "2015-10-19T00:00:00Z",
        "PartyEndDate": "2021-09-19T04:00:00Z",
        "PersonPersonId": 0,
        "PersonLastName": null,
        "PersonUsedFirstName": null,
        "PersonGender": null,
        "MemberOfParliament": null,
        "IsMP": false,
        "IsSenator": false,
        "GovernorGeneral": null,
        "Documents": null,
        "Senator": null,
        "NotesEn": null,
        "NotesFr": null,
        "InternalNotes": null,
        "IsCurrent": "False",
        "RoleId": 226,
        "NameEn": "Member",
        "Ordinal": 300,
        "Classes": [
          {
            "RoleClassId": 33,
            "RoleClassOrdinal": null,
            "RoleToRoleClassOrdinal": null,
            "RoleClassNameEn": "Committee",
            "RoleClassNameFr": "Comit\u00e9"
          },
          {
            "RoleClassId": 113,
            "RoleClassOrdinal": null,
            "RoleToRoleClassOrdinal": null,
            "RoleClassNameEn": "ElectionProcessCloseDissolution",
            "RoleClassNameFr": "ElectionProcessCloseDissolution"
          }
        ]
      },
      {
        "PersonRoleId": 319929,
        "NameFr": "Membre",
        "StartDate": "2020-02-05T05:00:00Z",
        "StartDateIsApproximate": false,
        "EndDate": "2020-08-17T04:00:00Z",
        "EndDateIsApproximate": false,
        "EndReasonEn": null,
        "EndReasonFr": null,
        "EndReasonTypeEn": null,
        "EndReasonTypeFr": null,
        "SourceOfInformationEn": null,
        "SourceOfInformationFr": null,
        "IsActing": false,
        "ActingTextEn": null,
        "ActingTextFr": null,
        "HasCrossedTheFloor": false,
        "OrganizationId": 4846,
        "OrganizationLongEn": "Standing Joint Committee on the Library of Parliament",
        "OrganizationLongFr": "Comit\u00e9 mixte permanent de la Biblioth\u00e8que du Parlement",
        "OrganizationShortEn": "Library of Parliament",
        "OrganizationShortFr": "Biblioth\u00e8que du Parlement",
        "OrganizationAcronymEn": "BILI",
        "OrganizationAcronymFr": "BILI",
        "OrganizationTypeId": 27,
        "OrganizationTypeEn": "Committee",
        "OrganizationTypeFr": "Comit\u00e9",
        "OrganizationProvinceEn": null,
        "OrganizationProvinceFr": null,
        "OrganizationHasProfile": true,
        "IsSenatorialDivision": false,
        "ToBeStyledAsEn": null,
        "ToBeStyledAsFr": null,
        "GroupId": 0,
        "Source": null,
        "PortFolioEn": null,
        "PortFolioFr": null,
        "Committee": {
          "OrganizationId": 0,
          "SenateCommitteeId": 0,
          "CommitteeTypeId": 5,
          "CommitteeTypeEn": "Standing",
          "CommitteeTypeFr": "Permanent",
          "CompositionTypeId": 8,
          "CompositionTypeLongEn": "Joint",
          "CompositionTypeLongFr": "Mixte",
          "CompositionTypeShortEn": "J",
          "CompositionTypeShortFr": "J",
          "Sessions": [
            {
              "SessionId": 0,
              "SessionNumber": 1,
              "ParliamentNumber": 43,
              "StartDate": "2019-12-05T05:00:00Z",
              "EndDate": "2020-08-18T04:00:00Z",
              "ShortEn": "1st",
              "ShortFr": "1\u00e8re"
            }
          ],
          "Mandates": null
        },
        "GroupingTitleEn": null,
        "GroupingTitleFr": null,
        "GroupingOrder": 0,
        "ParliamentStart": null,
        "ParliamentEnd": null,
        "ParliamentNumber": 0,
        "PartyOrganizationId": 4831,
        "PartyEn": "Liberal Party of Canada",
        "PartyFr": "Parti lib\u00e9ral du Canada",
        "PartyStartDate": "2015-10-19T00:00:00Z",
        "PartyEndDate": "2021-09-19T04:00:00Z",
        "PersonPersonId": 0,
        "PersonLastName": null,
        "PersonUsedFirstName": null,
        "PersonGender": null,
        "MemberOfParliament": null,
        "IsMP": false,
        "IsSenator": false,
        "GovernorGeneral": null,
        "Documents": null,
        "Senator": null,
        "NotesEn": null,
        "NotesFr": null,
        "InternalNotes": null,
        "IsCurrent": "False",
        "RoleId": 226,
        "NameEn": "Member",
        "Ordinal": 300,
        "Classes": [
          {
            "RoleClassId": 33,
            "RoleClassOrdinal": null,
            "RoleToRoleClassOrdinal": null,
            "RoleClassNameEn": "Committee",
            "RoleClassNameFr": "Comit\u00e9"
          },
          {
            "RoleClassId": 113,
            "RoleClassOrdinal": null,
            "RoleToRoleClassOrdinal": null,
            "RoleClassNameEn": "ElectionProcessCloseDissolution",
            "RoleClassNameFr": "ElectionProcessCloseDissolution"
          }
        ]
      },
      {
        "PersonRoleId": 320554,
        "NameFr": "Membre",
        "StartDate": "2020-04-20T04:00:00Z",
        "StartDateIsApproximate": false,
        "EndDate": "2020-08-17T04:00:00Z",
        "EndDateIsApproximate": false,
        "EndReasonEn": null,
        "EndReasonFr": null,
        "EndReasonTypeEn": null,
        "EndReasonTypeFr": null,
        "SourceOfInformationEn": null,
        "SourceOfInformationFr": null,
        "IsActing": false,
        "ActingTextEn": null,
        "ActingTextFr": null,
        "HasCrossedTheFloor": false,
        "OrganizationId": 15341,
        "OrganizationLongEn": "Special Committee on the COVID-19 Pandemic",
        "OrganizationLongFr": "Comit\u00e9 sp\u00e9cial sur la pand\u00e9mie de la COVID-19",
        "OrganizationShortEn": "Special Committee on the COVID-19 Pandemic",
        "OrganizationShortFr": "Comit\u00e9 sp\u00e9cial sur la pand\u00e9mie de la COVID-19",
        "OrganizationAcronymEn": "COVI",
        "OrganizationAcronymFr": "COVI",
        "OrganizationTypeId": 27,
        "OrganizationTypeEn": "Committee",
        "OrganizationTypeFr": "Comit\u00e9",
        "OrganizationProvinceEn": null,
        "OrganizationProvinceFr": null,
        "OrganizationHasProfile": true,
        "IsSenatorialDivision": false,
        "ToBeStyledAsEn": null,
        "ToBeStyledAsFr": null,
        "GroupId": 0,
        "Source": null,
        "PortFolioEn": null,
        "PortFolioFr": null,
        "Committee": {
          "OrganizationId": 0,
          "SenateCommitteeId": 0,
          "CommitteeTypeId": 4,
          "CommitteeTypeEn": "Special",
          "CommitteeTypeFr": "Sp\u00e9cial",
          "CompositionTypeId": 3,
          "CompositionTypeLongEn": "House of Commons",
          "CompositionTypeLongFr": "Chambre des communes",
          "CompositionTypeShortEn": null,
          "CompositionTypeShortFr": null,
          "Sessions": [
            {
              "SessionId": 0,
              "SessionNumber": 1,
              "ParliamentNumber": 43,
              "StartDate": "2019-12-05T05:00:00Z",
              "EndDate": "2020-08-18T04:00:00Z",
              "ShortEn": "1st",
              "ShortFr": "1\u00e8re"
            }
          ],
          "Mandates": null
        },
        "GroupingTitleEn": null,
        "GroupingTitleFr": null,
        "GroupingOrder": 0,
        "ParliamentStart": null,
        "ParliamentEnd": null,
        "ParliamentNumber": 0,
        "PartyOrganizationId": 4831,
        "PartyEn": "Liberal Party of Canada",
        "PartyFr": "Parti lib\u00e9ral du Canada",
        "PartyStartDate": "2015-10-19T00:00:00Z",
        "PartyEndDate": "2021-09-19T04:00:00Z",
        "PersonPersonId": 0,
        "PersonLastName": null,
        "PersonUsedFirstName": null,
        "PersonGender": null,
        "MemberOfParliament": null,
        "IsMP": false,
        "IsSenator": false,
        "GovernorGeneral": null,
        "Documents": null,
        "Senator": null,
        "NotesEn": null,
        "NotesFr": null,
        "InternalNotes": null,
        "IsCurrent": "False",
        "RoleId": 226,
        "NameEn": "Member",
        "Ordinal": 300,
        "Classes": [
          {
            "RoleClassId": 33,
            "RoleClassOrdinal": null,
            "RoleToRoleClassOrdinal": null,
            "RoleClassNameEn": "Committee",
            "RoleClassNameFr": "Comit\u00e9"
          },
          {
            "RoleClassId": 113,
            "RoleClassOrdinal": null,
            "RoleToRoleClassOrdinal": null,
            "RoleClassNameEn": "ElectionProcessCloseDissolution",
            "RoleClassNameFr": "ElectionProcessCloseDissolution"
          }
        ]
      },
      {
        "PersonRoleId": 321212,
        "NameFr": "Membre",
        "StartDate": "2020-10-06T04:00:00Z",
        "StartDateIsApproximate": false,
        "EndDate": "2020-11-29T05:00:00Z",
        "EndDateIsApproximate": false,
        "EndReasonEn": null,
        "EndReasonFr": null,
        "EndReasonTypeEn": null,
        "EndReasonTypeFr": null,
        "SourceOfInformationEn": null,
        "SourceOfInformationFr": null,
        "IsActing": false,
        "ActingTextEn": null,
        "ActingTextFr": null,
        "HasCrossedTheFloor": false,
        "OrganizationId": 8642,
        "OrganizationLongEn": "Standing Committee on Public Safety and National Security",
        "OrganizationLongFr": "Comit\u00e9 permanent de la s\u00e9curit\u00e9 publique et nationale",
        "OrganizationShortEn": "Public Safety and National Security",
        "OrganizationShortFr": "S\u00e9curit\u00e9 publique et nationale",
        "OrganizationAcronymEn": "SECU",
        "OrganizationAcronymFr": "SECU",
        "OrganizationTypeId": 27,
        "OrganizationTypeEn": "Committee",
        "OrganizationTypeFr": "Comit\u00e9",
        "OrganizationProvinceEn": null,
        "OrganizationProvinceFr": null,
        "OrganizationHasProfile": true,
        "IsSenatorialDivision": false,
        "ToBeStyledAsEn": null,
        "ToBeStyledAsFr": null,
        "GroupId": 0,
        "Source": null,
        "PortFolioEn": null,
        "PortFolioFr": null,
        "Committee": {
          "OrganizationId": 0,
          "SenateCommitteeId": 0,
          "CommitteeTypeId": 5,
          "CommitteeTypeEn": "Standing",
          "CommitteeTypeFr": "Permanent",
          "CompositionTypeId": 3,
          "CompositionTypeLongEn": "House of Commons",
          "CompositionTypeLongFr": "Chambre des communes",
          "CompositionTypeShortEn": "C",
          "CompositionTypeShortFr": "C",
          "Sessions": [
            {
              "SessionId": 0,
              "SessionNumber": 2,
              "ParliamentNumber": 43,
              "StartDate": "2020-09-23T04:00:00Z",
              "EndDate": "2021-08-15T04:00:00Z",
              "ShortEn": "2nd",
              "ShortFr": "2e"
            }
          ],
          "Mandates": null
        },
        "GroupingTitleEn": null,
        "GroupingTitleFr": null,
        "GroupingOrder": 0,
        "ParliamentStart": null,
        "ParliamentEnd": null,
        "ParliamentNumber": 0,
        "PartyOrganizationId": 4831,
        "PartyEn": "Liberal Party of Canada",
        "PartyFr": "Parti lib\u00e9ral du Canada",
        "PartyStartDate": "2015-10-19T00:00:00Z",
        "PartyEndDate": "2021-09-19T04:00:00Z",
        "PersonPersonId": 0,
        "PersonLastName": null,
        "PersonUsedFirstName": null,
        "PersonGender": null,
        "MemberOfParliament": null,
        "IsMP": false,
        "IsSenator": false,
        "GovernorGeneral": null,
        "Documents": null,
        "Senator": null,
        "NotesEn": null,
        "NotesFr": null,
        "InternalNotes": null,
        "IsCurrent": "False",
        "RoleId": 226,
        "NameEn": "Member",
        "Ordinal": 300,
        "Classes": [
          {
            "RoleClassId": 33,
            "RoleClassOrdinal": null,
            "RoleToRoleClassOrdinal": null,
            "RoleClassNameEn": "Committee",
            "RoleClassNameFr": "Comit\u00e9"
          },
          {
            "RoleClassId": 113,
            "RoleClassOrdinal": null,
            "RoleToRoleClassOrdinal": null,
            "RoleClassNameEn": "ElectionProcessCloseDissolution",
            "RoleClassNameFr": "ElectionProcessCloseDissolution"
          }
        ]
      },
      {
        "PersonRoleId": 321260,
        "NameFr": "Membre",
        "StartDate": "2020-10-06T04:00:00Z",
        "StartDateIsApproximate": false,
        "EndDate": "2020-11-29T05:00:00Z",
        "EndDateIsApproximate": false,
        "EndReasonEn": null,
        "EndReasonFr": null,
        "EndReasonTypeEn": null,
        "EndReasonTypeFr": null,
        "SourceOfInformationEn": null,
        "SourceOfInformationFr": null,
        "IsActing": false,
        "ActingTextEn": null,
        "ActingTextFr": null,
        "HasCrossedTheFloor": false,
        "OrganizationId": 4846,
        "OrganizationLongEn": "Standing Joint Committee on the Library of Parliament",
        "OrganizationLongFr": "Comit\u00e9 mixte permanent de la Biblioth\u00e8que du Parlement",
        "OrganizationShortEn": "Library of Parliament",
        "OrganizationShortFr": "Biblioth\u00e8que du Parlement",
        "OrganizationAcronymEn": "BILI",
        "OrganizationAcronymFr": "BILI",
        "OrganizationTypeId": 27,
        "OrganizationTypeEn": "Committee",
        "OrganizationTypeFr": "Comit\u00e9",
        "OrganizationProvinceEn": null,
        "OrganizationProvinceFr": null,
        "OrganizationHasProfile": true,
        "IsSenatorialDivision": false,
        "ToBeStyledAsEn": null,
        "ToBeStyledAsFr": null,
        "GroupId": 0,
        "Source": null,
        "PortFolioEn": null,
        "PortFolioFr": null,
        "Committee": {
          "OrganizationId": 0,
          "SenateCommitteeId": 0,
          "CommitteeTypeId": 5,
          "CommitteeTypeEn": "Standing",
          "CommitteeTypeFr": "Permanent",
          "CompositionTypeId": 8,
          "CompositionTypeLongEn": "Joint",
          "CompositionTypeLongFr": "Mixte",
          "CompositionTypeShortEn": "J",
          "CompositionTypeShortFr": "J",
          "Sessions": [
            {
              "SessionId": 0,
              "SessionNumber": 2,
              "ParliamentNumber": 43,
              "StartDate": "2020-09-23T04:00:00Z",
              "EndDate": "2021-08-15T04:00:00Z",
              "ShortEn": "2nd",
              "ShortFr": "2e"
            }
          ],
          "Mandates": null
        },
        "GroupingTitleEn": null,
        "GroupingTitleFr": null,
        "GroupingOrder": 0,
        "ParliamentStart": null,
        "ParliamentEnd": null,
        "ParliamentNumber": 0,
        "PartyOrganizationId": 4831,
        "PartyEn": "Liberal Party of Canada",
        "PartyFr": "Parti lib\u00e9ral du Canada",
        "PartyStartDate": "2015-10-19T00:00:00Z",
        "PartyEndDate": "2021-09-19T04:00:00Z",
        "PersonPersonId": 0,
        "PersonLastName": null,
        "PersonUsedFirstName": null,
        "PersonGender": null,
        "MemberOfParliament": null,
        "IsMP": false,
        "IsSenator": false,
        "GovernorGeneral": null,
        "Documents": null,
        "Senator": null,
        "NotesEn": null,
        "NotesFr": null,
        "InternalNotes": null,
        "IsCurrent": "False",
        "RoleId": 226,
        "NameEn": "Member",
        "Ordinal": 300,
        "Classes": [
          {
            "RoleClassId": 33,
            "RoleClassOrdinal": null,
            "RoleToRoleClassOrdinal": null,
            "RoleClassNameEn": "Committee",
            "RoleClassNameFr": "Comit\u00e9"
          },
          {
            "RoleClassId": 113,
            "RoleClassOrdinal": null,
            "RoleToRoleClassOrdinal": null,
            "RoleClassNameEn": "ElectionProcessCloseDissolution",
            "RoleClassNameFr": "ElectionProcessCloseDissolution"
          }
        ]
      }
    ],
    "HillAddresses": null,
    "ConstituencyAddresses": null,
    "WebLinks": [
      {
        "TypeEn": "Hill Address",
        "TypeFr": "Adresse de la colline",
        "TitleFr": "Profil du d\u00e9put\u00e9",
        "TitleEn": "MP profile",
        "UrlEn": "http://www.ourcommons.ca/Parliamentarians/en/members/Gagan-Sikand(88858)",
        "UrlFr": "http://www.noscommunes.ca/Parliamentarians/fr/members/Gagan-Sikand(88858)"
      },
      {
        "TypeEn": "Maiden Speech",
        "TypeFr": "Premier discours",
        "TitleFr": "Premier discours \u00e0 la Chambre des communes",
        "TitleEn": "Maiden Speech in the House of Commons",
        "UrlEn": "http://www.ourcommons.ca/DocumentViewer/en/42-1/house/sitting-7/hansard#Int-8764771",
        "UrlFr": "http://www.noscommunes.ca/DocumentViewer/fr/42-1/chambre/seance-7/debats#Int-8764771"
      }
    ],
    "Bibliography": null,
    "ElectionCandidates": [
      {
        "ElectionCandidateId": 41605,
        "ParliamentNumber": 42,
        "ElectionId": 764,
        "ElectionDate": "2015-10-19T00:00:00Z",
        "IsGeneral": true,
        "IsPreliminary": false,
        "OrganizationId": 5392,
        "ConstituencyEn": "Mississauga--Streetsville",
        "ConstituencyFr": "Mississauga--Streetsville",
        "ProvinceEn": null,
        "ProvinceFr": null,
        "PersonRoleId": null,
        "ElectionCanadaFirstName": "Gagan",
        "ElectionCanadaLastName": "Sikand",
        "ElectionCanadaMiddleName": null,
        "Gender": "M",
        "OccupationEn": "Lawyer",
        "OccupationFr": "Avocat",
        "PartyOrganizationId": 4831,
        "PartyNameEn": "Liberal Party of Canada",
        "PartyNameFr": "Parti lib\u00e9ral du Canada",
        "Votes": 26792,
        "ResultLongEn": "Elected",
        "ResultLongFr": "\u00c9lu",
        "OtherResultLongEn": null,
        "OtherResultLongFr": null,
        "NotesEn": null,
        "NotesFr": null,
        "InternalNotes": null
      },
      {
        "ElectionCandidateId": 44686,
        "ParliamentNumber": 43,
        "ElectionId": 802,
        "ElectionDate": "2019-10-21T04:00:00Z",
        "IsGeneral": true,
        "IsPreliminary": false,
        "OrganizationId": 5392,
        "ConstituencyEn": "Mississauga--Streetsville",
        "ConstituencyFr": "Mississauga--Streetsville",
        "ProvinceEn": "Ontario",
        "ProvinceFr": "Ontario",
        "PersonRoleId": null,
        "ElectionCanadaFirstName": "Gagan",
        "ElectionCanadaLastName": "Sikand",
        "ElectionCanadaMiddleName": null,
        "Gender": "M",
        "OccupationEn": "Parliamentarian",
        "OccupationFr": "Parlementaire",
        "PartyOrganizationId": 4831,
        "PartyNameEn": "Liberal Party of Canada",
        "PartyNameFr": "Parti lib\u00e9ral du Canada",
        "Votes": 29618,
        "ResultLongEn": "Elected",
        "ResultLongFr": "\u00c9lu",
        "OtherResultLongEn": null,
        "OtherResultLongFr": null,
        "NotesEn": null,
        "NotesFr": null,
        "InternalNotes": null
      }
    ],
    "Death": null,
    "PrimeMinister": null,
    "Parliaments": null,
    "Age": null,
    "DisplayName": "Sikand, Gagan",
    "StraightDisplayName": "Gagan Sikand",
    "PartyEn": "Liberal Party of Canada (2015/10/19 - 2021/09/19)<br>",
    "PartyFr": "Parti lib\u00e9ral du Canada (2015/10/19 - 2021/09/19)<br>",
    "ConstituencyEn": "Mississauga--Streetsville (2015/10/19 - 2021/09/19)<br>",
    "ConstituencyFr": "Mississauga--Streetsville (2015/10/19 - 2021/09/19)<br>",
    "CurrentPartyEn": "Liberal Party of Canada",
    "CurrentPartyFr": "Parti lib\u00e9ral du Canada",
    "CurrentConstituencyEn": "Mississauga--Streetsville",
    "CurrentConstituencyFr": "Mississauga--Streetsville",
    "ElectedInParliaments": "43;42;",
    "ServedInParliaments": "43;42;",
    "ProvinceEn": "Ontario<br>",
    "ProvinceFr": "Ontario<br>",
    "PrimeMinisterEn": "",
    "PrimeMinisterFr": "",
    "CabinetChairEn": "",
    "CabinetChairFr": "",
    "CabinetCommitteeMemberEn": "",
    "CabinetCommitteeMemberFr": "",
    "LeaderOpposition": "",
    "DeputyPrimeMinister": "",
    "SpeakerHouseOfCommons": "",
    "SpeakerSenate": "",
    "SpeakerProTempore": "",
    "DeputySpeaker": "",
    "AssistantDeputySpeakerChairEn": "",
    "AssistantDeputySpeakerChairFr": "",
    "MinisterOfEn": "",
    "MinisterOfFr": "",
    "AssociateMinisterOfEn": "",
    "AssociateMinisterOfFr": "",
    "MinisterOfStateOfEn": "",
    "MinisterOfStateOfFr": "",
    "SecretaryOfStateOfEn": "",
    "SecretaryOfStateOfFr": "",
    "ParliamentarySecretaryOfEn": "",
    "ParliamentarySecretaryOfFr": "",
    "ParliamentaryAssistantOfEn": "",
    "ParliamentaryAssistantOfFr": "",
    "PartyLeaderEn": "",
    "PartyLeaderFr": "",
    "HouseLeaderEn": "",
    "HouseLeaderFr": "",
    "DeputyHouseLeaderEn": "",
    "DeputyHouseLeaderFr": "",
    "WhipEn": "",
    "WhipFr": "",
    "DeputyWhipEn": "",
    "DeputyWhipFr": "",
    "CriticOfEn": "",
    "CriticOfFr": "",
    "AssistantCriticOfEn": "",
    "AssistantCriticOfFr": "",
    "TypeOfParliamentarianEn": "MP (2015/10/19 - 2021/09/19)<br>",
    "TypeOfParliamentarianFr": "D\u00e9put\u00e9 (2015/10/19 - 2021/09/19)<br>",
    "MemberOfParliamentMandate": "2015/10/19 - 2021/09/19<br>",
    "SenateMandate": "",
    "DiedInOffice": false,
    "PremiershipExperienceEn": "",
    "PremiershipExperienceFr": "",
    "ProvincialExperienceEn": "",
    "ProvincialExperienceFr": "",
    "MunicipalExperienceEn": "",
    "MunicipalExperienceFr": "",
    "MilitaryServiceEn": "",
    "MilitaryServiceFr": "",
    "MinistryDurationEn": "",
    "MinistryDurationFr": "",
    "ProfessionsEn": ", business owner, lawyer",
    "ProfessionsFr": ", avocat, propri\u00e9taire d'entreprise",
    "LanguageEn": "English",
    "LanguageFr": "Anglais",
    "IsPrimeMinister": false,
    "YearsOfServiceSegments": [
      {
        "TotalDays": 2163,
        "Years": 5,
        "Months": 11,
        "Days": 1,
        "Hours": 4,
        "Minutes": 0,
        "Seconds": 0,
        "Milliseconds": 0
      }
    ],
    "YearsOfServiceSegmentsSenate": [],
    "YearsOfServiceSegmentsHouse": [
      {
        "TotalDays": 2163,
        "Years": 5,
        "Months": 11,
        "Days": 1,
        "Hours": 4,
        "Minutes": 0,
        "Seconds": 0,
        "Milliseconds": 0
      }
    ],
    "IsCurrentlyInOffice": false,
    "IsCurrentlySenator": false,
    "IsCurrentlyMP": false,
    "HasMaidenSpeech": true,
    "_id": "59f87713e413e1389ffd257b",
    "LastUpdatedId": "000000000000000000000000",
    "LastModified": "0001-01-01T00:00:00",
    "ModifiedBy": null
  },
  "FederalExperience": [
    {
      "PersonRoleId": 265764,
      "NameFr": "Membre pour la circonscription",
      "StartDate": "2015-10-19T00:00:00Z",
      "StartDateIsApproximate": false,
      "EndDate": "2021-09-19T04:00:00Z",
      "EndDateIsApproximate": false,
      "EndReasonEn": null,
      "EndReasonFr": null,
      "EndReasonTypeEn": null,
      "EndReasonTypeFr": null,
      "SourceOfInformationEn": null,
      "SourceOfInformationFr": null,
      "IsActing": false,
      "ActingTextEn": null,
      "ActingTextFr": null,
      "HasCrossedTheFloor": false,
      "OrganizationId": 5392,
      "OrganizationLongEn": "Mississauga--Streetsville",
      "OrganizationLongFr": "Mississauga--Streetsville",
      "OrganizationShortEn": "",
      "OrganizationShortFr": "",
      "OrganizationAcronymEn": "",
      "OrganizationAcronymFr": "",
      "OrganizationTypeId": 35,
      "OrganizationTypeEn": "Constituency",
      "OrganizationTypeFr": "Circonscription",
      "OrganizationProvinceEn": "Ontario",
      "OrganizationProvinceFr": "Ontario",
      "OrganizationHasProfile": true,
      "IsSenatorialDivision": false,
      "ToBeStyledAsEn": "",
      "ToBeStyledAsFr": "",
      "GroupId": 0,
      "Source": null,
      "PortFolioEn": null,
      "PortFolioFr": null,
      "Committee": null,
      "GroupingTitleEn": "Parliamentarian",
      "GroupingTitleFr": "Parlementaire",
      "GroupingOrder": 1,
      "ParliamentStart": "2015-12-03T00:00:00Z",
      "ParliamentEnd": "2019-09-11T04:00:00Z",
      "ParliamentNumber": 42,
      "PartyOrganizationId": 4831,
      "PartyEn": "Liberal Party of Canada",
      "PartyFr": "Parti lib\u00e9ral du Canada",
      "PartyStartDate": "2015-10-19T00:00:00Z",
      "PartyEndDate": "2021-09-19T04:00:00Z",
      "PersonPersonId": 0,
      "PersonLastName": null,
      "PersonUsedFirstName": null,
      "PersonGender": null,
      "MemberOfParliament": {
        "OccupationTypeEn": "Continuous",
        "OccupationTypeFr": "Continue"
      },
      "IsMP": true,
      "IsSenator": false,
      "GovernorGeneral": null,
      "Documents": null,
      "Senator": null,
      "NotesEn": null,
      "NotesFr": null,
      "InternalNotes": null,
      "IsCurrent": "False",
      "RoleId": 719,
      "NameEn": "Constituency Member",
      "Ordinal": 240,
      "Classes": [
        {
          "RoleClassId": 49,
          "RoleClassOrdinal": 2,
          "RoleToRoleClassOrdinal": null,
          "RoleClassNameEn": "Salaries in the House of Commons",
          "RoleClassNameFr": "Salaires \u00e0 la Chambre des Communes"
        },
        {
          "RoleClassId": 105,
          "RoleClassOrdinal": null,
          "RoleToRoleClassOrdinal": null,
          "RoleClassNameEn": "Parliamentarian",
          "RoleClassNameFr": "Parlementaire"
        }
      ]
    },
    {
      "PersonRoleId": 265764,
      "NameFr": "Membre pour la circonscription",
      "StartDate": "2015-10-19T00:00:00Z",
      "StartDateIsApproximate": false,
      "EndDate": "2021-09-19T04:00:00Z",
      "EndDateIsApproximate": false,
      "EndReasonEn": null,
      "EndReasonFr": null,
      "EndReasonTypeEn": null,
      "EndReasonTypeFr": null,
      "SourceOfInformationEn": null,
      "SourceOfInformationFr": null,
      "IsActing": false,
      "ActingTextEn": null,
      "ActingTextFr": null,
      "HasCrossedTheFloor": false,
      "OrganizationId": 5392,
      "OrganizationLongEn": "Mississauga--Streetsville",
      "OrganizationLongFr": "Mississauga--Streetsville",
      "OrganizationShortEn": "",
      "OrganizationShortFr": "",
      "OrganizationAcronymEn": "",
      "OrganizationAcronymFr": "",
      "OrganizationTypeId": 35,
      "OrganizationTypeEn": "Constituency",
      "OrganizationTypeFr": "Circonscription",
      "OrganizationProvinceEn": "Ontario",
      "OrganizationProvinceFr": "Ontario",
      "OrganizationHasProfile": true,
      "IsSenatorialDivision": false,
      "ToBeStyledAsEn": "",
      "ToBeStyledAsFr": "",
      "GroupId": 0,
      "Source": null,
      "PortFolioEn": null,
      "PortFolioFr": null,
      "Committee": null,
      "GroupingTitleEn": "Parliamentarian",
      "GroupingTitleFr": "Parlementaire",
      "GroupingOrder": 1,
      "ParliamentStart": "2019-12-05T05:00:00Z",
      "ParliamentEnd": "2021-08-15T04:00:00Z",
      "ParliamentNumber": 43,
      "PartyOrganizationId": 4831,
      "PartyEn": "Liberal Party of Canada",
      "PartyFr": "Parti lib\u00e9ral du Canada",
      "PartyStartDate": "2015-10-19T00:00:00Z",
      "PartyEndDate": "2021-09-19T04:00:00Z",
      "PersonPersonId": 0,
      "PersonLastName": null,
      "PersonUsedFirstName": null,
      "PersonGender": null,
      "MemberOfParliament": {
        "OccupationTypeEn": "Continuous",
        "OccupationTypeFr": "Continue"
      },
      "IsMP": true,
      "IsSenator": false,
      "GovernorGeneral": null,
      "Documents": null,
      "Senator": null,
      "NotesEn": null,
      "NotesFr": null,
      "InternalNotes": null,
      "IsCurrent": "False",
      "RoleId": 719,
      "NameEn": "Constituency Member",
      "Ordinal": 240,
      "Classes": [
        {
          "RoleClassId": 49,
          "RoleClassOrdinal": 2,
          "RoleToRoleClassOrdinal": null,
          "RoleClassNameEn": "Salaries in the House of Commons",
          "RoleClassNameFr": "Salaires \u00e0 la Chambre des Communes"
        },
        {
          "RoleClassId": 105,
          "RoleClassOrdinal": null,
          "RoleToRoleClassOrdinal": null,
          "RoleClassNameEn": "Parliamentarian",
          "RoleClassNameFr": "Parlementaire"
        }
      ]
    },
    {
      "PersonRoleId": 265765,
      "NameFr": "Membre du parti",
      "StartDate": "2015-10-19T00:00:00Z",
      "StartDateIsApproximate": false,
      "EndDate": "2021-09-19T04:00:00Z",
      "EndDateIsApproximate": false,
      "EndReasonEn": null,
      "EndReasonFr": null,
      "EndReasonTypeEn": null,
      "EndReasonTypeFr": null,
      "SourceOfInformationEn": null,
      "SourceOfInformationFr": null,
      "IsActing": false,
      "ActingTextEn": null,
      "ActingTextFr": null,
      "HasCrossedTheFloor": false,
      "OrganizationId": 4831,
      "OrganizationLongEn": "Liberal Party of Canada",
      "OrganizationLongFr": "Parti lib\u00e9ral du Canada",
      "OrganizationShortEn": "Liberal",
      "OrganizationShortFr": "Lib\u00e9ral",
      "OrganizationAcronymEn": "Lib.",
      "OrganizationAcronymFr": "Lib.",
      "OrganizationTypeId": 4,
      "OrganizationTypeEn": "Party",
      "OrganizationTypeFr": "Parti",
      "OrganizationProvinceEn": null,
      "OrganizationProvinceFr": null,
      "OrganizationHasProfile": true,
      "IsSenatorialDivision": false,
      "ToBeStyledAsEn": "",
      "ToBeStyledAsFr": "",
      "GroupId": 0,
      "Source": null,
      "PortFolioEn": null,
      "PortFolioFr": null,
      "Committee": null,
      "GroupingTitleEn": "Parliamentarian",
      "GroupingTitleFr": "Parlementaire",
      "GroupingOrder": 1,
      "ParliamentStart": "2015-12-03T00:00:00Z",
      "ParliamentEnd": "2019-09-11T04:00:00Z",
      "ParliamentNumber": 42,
      "PartyOrganizationId": 4831,
      "PartyEn": "Liberal Party of Canada",
      "PartyFr": "Parti lib\u00e9ral du Canada",
      "PartyStartDate": "2015-10-19T00:00:00Z",
      "PartyEndDate": "2021-09-19T04:00:00Z",
      "PersonPersonId": 0,
      "PersonLastName": null,
      "PersonUsedFirstName": null,
      "PersonGender": null,
      "MemberOfParliament": null,
      "IsMP": false,
      "IsSenator": false,
      "GovernorGeneral": null,
      "Documents": null,
      "Senator": null,
      "NotesEn": null,
      "NotesFr": null,
      "InternalNotes": null,
      "IsCurrent": "False",
      "RoleId": 722,
      "NameEn": "Party Member",
      "Ordinal": null,
      "Classes": [
        {
          "RoleClassId": 105,
          "RoleClassOrdinal": null,
          "RoleToRoleClassOrdinal": null,
          "RoleClassNameEn": "Parliamentarian",
          "RoleClassNameFr": "Parlementaire"
        }
      ]
    },
    {
      "PersonRoleId": 265765,
      "NameFr": "Membre du parti",
      "StartDate": "2015-10-19T00:00:00Z",
      "StartDateIsApproximate": false,
      "EndDate": "2021-09-19T04:00:00Z",
      "EndDateIsApproximate": false,
      "EndReasonEn": null,
      "EndReasonFr": null,
      "EndReasonTypeEn": null,
      "EndReasonTypeFr": null,
      "SourceOfInformationEn": null,
      "SourceOfInformationFr": null,
      "IsActing": false,
      "ActingTextEn": null,
      "ActingTextFr": null,
      "HasCrossedTheFloor": false,
      "OrganizationId": 4831,
      "OrganizationLongEn": "Liberal Party of Canada",
      "OrganizationLongFr": "Parti lib\u00e9ral du Canada",
      "OrganizationShortEn": "Liberal",
      "OrganizationShortFr": "Lib\u00e9ral",
      "OrganizationAcronymEn": "Lib.",
      "OrganizationAcronymFr": "Lib.",
      "OrganizationTypeId": 4,
      "OrganizationTypeEn": "Party",
      "OrganizationTypeFr": "Parti",
      "OrganizationProvinceEn": null,
      "OrganizationProvinceFr": null,
      "OrganizationHasProfile": true,
      "IsSenatorialDivision": false,
      "ToBeStyledAsEn": "",
      "ToBeStyledAsFr": "",
      "GroupId": 0,
      "Source": null,
      "PortFolioEn": null,
      "PortFolioFr": null,
      "Committee": null,
      "GroupingTitleEn": "Parliamentarian",
      "GroupingTitleFr": "Parlementaire",
      "GroupingOrder": 1,
      "ParliamentStart": "2019-12-05T05:00:00Z",
      "ParliamentEnd": "2021-08-15T04:00:00Z",
      "ParliamentNumber": 43,
      "PartyOrganizationId": 4831,
      "PartyEn": "Liberal Party of Canada",
      "PartyFr": "Parti lib\u00e9ral du Canada",
      "PartyStartDate": "2015-10-19T00:00:00Z",
      "PartyEndDate": "2021-09-19T04:00:00Z",
      "PersonPersonId": 0,
      "PersonLastName": null,
      "PersonUsedFirstName": null,
      "PersonGender": null,
      "MemberOfParliament": null,
      "IsMP": false,
      "IsSenator": false,
      "GovernorGeneral": null,
      "Documents": null,
      "Senator": null,
      "NotesEn": null,
      "NotesFr": null,
      "InternalNotes": null,
      "IsCurrent": "False",
      "RoleId": 722,
      "NameEn": "Party Member",
      "Ordinal": null,
      "Classes": [
        {
          "RoleClassId": 105,
          "RoleClassOrdinal": null,
          "RoleToRoleClassOrdinal": null,
          "RoleClassNameEn": "Parliamentarian",
          "RoleClassNameFr": "Parlementaire"
        }
      ]
    }
  ],
  "FederalExperienceList": [
    {
      "PersonRoleId": 265765,
      "NameFr": "Membre du parti",
      "StartDate": "2015-10-19T00:00:00Z",
      "StartDateIsApproximate": false,
      "EndDate": "2021-09-19T04:00:00Z",
      "EndDateIsApproximate": false,
      "EndReasonEn": null,
      "EndReasonFr": null,
      "EndReasonTypeEn": null,
      "EndReasonTypeFr": null,
      "SourceOfInformationEn": null,
      "SourceOfInformationFr": null,
      "IsActing": false,
      "ActingTextEn": null,
      "ActingTextFr": null,
      "HasCrossedTheFloor": false,
      "OrganizationId": 4831,
      "OrganizationLongEn": "Liberal Party of Canada",
      "OrganizationLongFr": "Parti lib\u00e9ral du Canada",
      "OrganizationShortEn": "Liberal",
      "OrganizationShortFr": "Lib\u00e9ral",
      "OrganizationAcronymEn": "Lib.",
      "OrganizationAcronymFr": "Lib.",
      "OrganizationTypeId": 4,
      "OrganizationTypeEn": "Party",
      "OrganizationTypeFr": "Parti",
      "OrganizationProvinceEn": null,
      "OrganizationProvinceFr": null,
      "OrganizationHasProfile": true,
      "IsSenatorialDivision": false,
      "ToBeStyledAsEn": "",
      "ToBeStyledAsFr": "",
      "GroupId": 0,
      "Source": null,
      "PortFolioEn": null,
      "PortFolioFr": null,
      "Committee": null,
      "GroupingTitleEn": "Parliamentarian",
      "GroupingTitleFr": "Parlementaire",
      "GroupingOrder": 1,
      "ParliamentStart": "2015-12-03T00:00:00Z",
      "ParliamentEnd": "2019-09-11T04:00:00Z",
      "ParliamentNumber": 42,
      "PartyOrganizationId": 4831,
      "PartyEn": "Liberal Party of Canada",
      "PartyFr": "Parti lib\u00e9ral du Canada",
      "PartyStartDate": "2015-10-19T00:00:00Z",
      "PartyEndDate": "2021-09-19T04:00:00Z",
      "PersonPersonId": 0,
      "PersonLastName": null,
      "PersonUsedFirstName": null,
      "PersonGender": null,
      "MemberOfParliament": null,
      "IsMP": false,
      "IsSenator": false,
      "GovernorGeneral": null,
      "Documents": null,
      "Senator": null,
      "NotesEn": null,
      "NotesFr": null,
      "InternalNotes": null,
      "IsCurrent": "False",
      "RoleId": 722,
      "NameEn": "Party Member",
      "Ordinal": null,
      "Classes": [
        {
          "RoleClassId": 105,
          "RoleClassOrdinal": null,
          "RoleToRoleClassOrdinal": null,
          "RoleClassNameEn": "Parliamentarian",
          "RoleClassNameFr": "Parlementaire"
        }
      ]
    },
    {
      "PersonRoleId": 265764,
      "NameFr": "Membre pour la circonscription",
      "StartDate": "2015-10-19T00:00:00Z",
      "StartDateIsApproximate": false,
      "EndDate": "2021-09-19T04:00:00Z",
      "EndDateIsApproximate": false,
      "EndReasonEn": null,
      "EndReasonFr": null,
      "EndReasonTypeEn": null,
      "EndReasonTypeFr": null,
      "SourceOfInformationEn": null,
      "SourceOfInformationFr": null,
      "IsActing": false,
      "ActingTextEn": null,
      "ActingTextFr": null,
      "HasCrossedTheFloor": false,
      "OrganizationId": 5392,
      "OrganizationLongEn": "Mississauga--Streetsville",
      "OrganizationLongFr": "Mississauga--Streetsville",
      "OrganizationShortEn": "",
      "OrganizationShortFr": "",
      "OrganizationAcronymEn": "",
      "OrganizationAcronymFr": "",
      "OrganizationTypeId": 35,
      "OrganizationTypeEn": "Constituency",
      "OrganizationTypeFr": "Circonscription",
      "OrganizationProvinceEn": "Ontario",
      "OrganizationProvinceFr": "Ontario",
      "OrganizationHasProfile": true,
      "IsSenatorialDivision": false,
      "ToBeStyledAsEn": "",
      "ToBeStyledAsFr": "",
      "GroupId": 0,
      "Source": null,
      "PortFolioEn": null,
      "PortFolioFr": null,
      "Committee": null,
      "GroupingTitleEn": "Parliamentarian",
      "GroupingTitleFr": "Parlementaire",
      "GroupingOrder": 1,
      "ParliamentStart": "2015-12-03T00:00:00Z",
      "ParliamentEnd": "2019-09-11T04:00:00Z",
      "ParliamentNumber": 42,
      "PartyOrganizationId": 4831,
      "PartyEn": "Liberal Party of Canada",
      "PartyFr": "Parti lib\u00e9ral du Canada",
      "PartyStartDate": "2015-10-19T00:00:00Z",
      "PartyEndDate": "2021-09-19T04:00:00Z",
      "PersonPersonId": 0,
      "PersonLastName": null,
      "PersonUsedFirstName": null,
      "PersonGender": null,
      "MemberOfParliament": {
        "OccupationTypeEn": "Continuous",
        "OccupationTypeFr": "Continue"
      },
      "IsMP": true,
      "IsSenator": false,
      "GovernorGeneral": null,
      "Documents": null,
      "Senator": null,
      "NotesEn": null,
      "NotesFr": null,
      "InternalNotes": null,
      "IsCurrent": "False",
      "RoleId": 719,
      "NameEn": "Constituency Member",
      "Ordinal": 240,
      "Classes": [
        {
          "RoleClassId": 49,
          "RoleClassOrdinal": 2,
          "RoleToRoleClassOrdinal": null,
          "RoleClassNameEn": "Salaries in the House of Commons",
          "RoleClassNameFr": "Salaires \u00e0 la Chambre des Communes"
        },
        {
          "RoleClassId": 105,
          "RoleClassOrdinal": null,
          "RoleToRoleClassOrdinal": null,
          "RoleClassNameEn": "Parliamentarian",
          "RoleClassNameFr": "Parlementaire"
        }
      ]
    }
  ],
  "CommitteeMembership": [
    {
      "NameEn": "Member",
      "NameFr": "Membre",
      "RoleId": 226,
      "OrganizationId": 8642,
      "OrganizationLongEn": "Standing Committee on Public Safety and National Security",
      "OrganizationLongFr": "Comit\u00e9 permanent de la s\u00e9curit\u00e9 publique et nationale",
      "OrganizationTypeEn": "Committee",
      "OrganizationTypeFr": "Comit\u00e9",
      "OrganizationTypeId": 27,
      "PartyEn": "Liberal Party of Canada",
      "PartyFr": "Parti lib\u00e9ral du Canada",
      "CompositionTypeLongEn": "House of Commons",
      "CompositionTypeLongFr": "Chambre des communes",
      "CompositionTypeShortEn": "C",
      "CompositionTypeShortFr": "C",
      "CommitteeTypeEn": "Standing",
      "CommitteeTypeFr": "Permanent",
      "ParliamentNumber": 43,
      "SessionNumber": 2,
      "ShortEn": "2nd",
      "ShortFr": "2e"
    },
    {
      "NameEn": "Member",
      "NameFr": "Membre",
      "RoleId": 226,
      "OrganizationId": 4846,
      "OrganizationLongEn": "Standing Joint Committee on the Library of Parliament",
      "OrganizationLongFr": "Comit\u00e9 mixte permanent de la Biblioth\u00e8que du Parlement",
      "OrganizationTypeEn": "Committee",
      "OrganizationTypeFr": "Comit\u00e9",
      "OrganizationTypeId": 27,
      "PartyEn": "Liberal Party of Canada",
      "PartyFr": "Parti lib\u00e9ral du Canada",
      "CompositionTypeLongEn": "Joint",
      "CompositionTypeLongFr": "Mixte",
      "CompositionTypeShortEn": "J",
      "CompositionTypeShortFr": "J",
      "CommitteeTypeEn": "Standing",
      "CommitteeTypeFr": "Permanent",
      "ParliamentNumber": 43,
      "SessionNumber": 2,
      "ShortEn": "2nd",
      "ShortFr": "2e"
    },
    {
      "NameEn": "Member",
      "NameFr": "Membre",
      "RoleId": 226,
      "OrganizationId": 15341,
      "OrganizationLongEn": "Special Committee on the COVID-19 Pandemic",
      "OrganizationLongFr": "Comit\u00e9 sp\u00e9cial sur la pand\u00e9mie de la COVID-19",
      "OrganizationTypeEn": "Committee",
      "OrganizationTypeFr": "Comit\u00e9",
      "OrganizationTypeId": 27,
      "PartyEn": "Liberal Party of Canada",
      "PartyFr": "Parti lib\u00e9ral du Canada",
      "CompositionTypeLongEn": "House of Commons",
      "CompositionTypeLongFr": "Chambre des communes",
      "CompositionTypeShortEn": null,
      "CompositionTypeShortFr": null,
      "CommitteeTypeEn": "Special",
      "CommitteeTypeFr": "Sp\u00e9cial",
      "ParliamentNumber": 43,
      "SessionNumber": 1,
      "ShortEn": "1st",
      "ShortFr": "1\u00e8re"
    },
    {
      "NameEn": "Member",
      "NameFr": "Membre",
      "RoleId": 226,
      "OrganizationId": 8642,
      "OrganizationLongEn": "Standing Committee on Public Safety and National Security",
      "OrganizationLongFr": "Comit\u00e9 permanent de la s\u00e9curit\u00e9 publique et nationale",
      "OrganizationTypeEn": "Committee",
      "OrganizationTypeFr": "Comit\u00e9",
      "OrganizationTypeId": 27,
      "PartyEn": "Liberal Party of Canada",
      "PartyFr": "Parti lib\u00e9ral du Canada",
      "CompositionTypeLongEn": "House of Commons",
      "CompositionTypeLongFr": "Chambre des communes",
      "CompositionTypeShortEn": "C",
      "CompositionTypeShortFr": "C",
      "CommitteeTypeEn": "Standing",
      "CommitteeTypeFr": "Permanent",
      "ParliamentNumber": 43,
      "SessionNumber": 1,
      "ShortEn": "1st",
      "ShortFr": "1\u00e8re"
    },
    {
      "NameEn": "Member",
      "NameFr": "Membre",
      "RoleId": 226,
      "OrganizationId": 4846,
      "OrganizationLongEn": "Standing Joint Committee on the Library of Parliament",
      "OrganizationLongFr": "Comit\u00e9 mixte permanent de la Biblioth\u00e8que du Parlement",
      "OrganizationTypeEn": "Committee",
      "OrganizationTypeFr": "Comit\u00e9",
      "OrganizationTypeId": 27,
      "PartyEn": "Liberal Party of Canada",
      "PartyFr": "Parti lib\u00e9ral du Canada",
      "CompositionTypeLongEn": "Joint",
      "CompositionTypeLongFr": "Mixte",
      "CompositionTypeShortEn": "J",
      "CompositionTypeShortFr": "J",
      "CommitteeTypeEn": "Standing",
      "CommitteeTypeFr": "Permanent",
      "ParliamentNumber": 43,
      "SessionNumber": 1,
      "ShortEn": "1st",
      "ShortFr": "1\u00e8re"
    },
    {
      "NameEn": "Co-Chair",
      "NameFr": "Co-pr\u00e9sident(e)",
      "RoleId": 785,
      "OrganizationId": 4846,
      "OrganizationLongEn": "Standing Joint Committee on the Library of Parliament",
      "OrganizationLongFr": "Comit\u00e9 mixte permanent de la Biblioth\u00e8que du Parlement",
      "OrganizationTypeEn": "Committee",
      "OrganizationTypeFr": "Comit\u00e9",
      "OrganizationTypeId": 27,
      "PartyEn": "Liberal Party of Canada",
      "PartyFr": "Parti lib\u00e9ral du Canada",
      "CompositionTypeLongEn": "Joint",
      "CompositionTypeLongFr": "Mixte",
      "CompositionTypeShortEn": "J",
      "CompositionTypeShortFr": "J",
      "CommitteeTypeEn": "Standing",
      "CommitteeTypeFr": "Permanent",
      "ParliamentNumber": 42,
      "SessionNumber": 1,
      "ShortEn": "1st",
      "ShortFr": "1\u00e8re"
    },
    {
      "NameEn": "Member",
      "NameFr": "Membre",
      "RoleId": 226,
      "OrganizationId": 15012,
      "OrganizationLongEn": "Liaison Committee",
      "OrganizationLongFr": "Comit\u00e9 de liaison",
      "OrganizationTypeEn": "Committee",
      "OrganizationTypeFr": "Comit\u00e9",
      "OrganizationTypeId": 27,
      "PartyEn": "Liberal Party of Canada",
      "PartyFr": "Parti lib\u00e9ral du Canada",
      "CompositionTypeLongEn": "House of Commons",
      "CompositionTypeLongFr": "Chambre des communes",
      "CompositionTypeShortEn": null,
      "CompositionTypeShortFr": null,
      "CommitteeTypeEn": "Standing",
      "CommitteeTypeFr": "Permanent",
      "ParliamentNumber": 42,
      "SessionNumber": 1,
      "ShortEn": "1st",
      "ShortFr": "1\u00e8re"
    },
    {
      "NameEn": "Member",
      "NameFr": "Membre",
      "RoleId": 226,
      "OrganizationId": 4846,
      "OrganizationLongEn": "Standing Joint Committee on the Library of Parliament",
      "OrganizationLongFr": "Comit\u00e9 mixte permanent de la Biblioth\u00e8que du Parlement",
      "OrganizationTypeEn": "Committee",
      "OrganizationTypeFr": "Comit\u00e9",
      "OrganizationTypeId": 27,
      "PartyEn": "Liberal Party of Canada",
      "PartyFr": "Parti lib\u00e9ral du Canada",
      "CompositionTypeLongEn": "Joint",
      "CompositionTypeLongFr": "Mixte",
      "CompositionTypeShortEn": "J",
      "CompositionTypeShortFr": "J",
      "CommitteeTypeEn": "Standing",
      "CommitteeTypeFr": "Permanent",
      "ParliamentNumber": 42,
      "SessionNumber": 1,
      "ShortEn": "1st",
      "ShortFr": "1\u00e8re"
    },
    {
      "NameEn": "Member",
      "NameFr": "Membre",
      "RoleId": 226,
      "OrganizationId": 10376,
      "OrganizationLongEn": "Standing Committee on Transport, Infrastructure and Communities",
      "OrganizationLongFr": "Comit\u00e9 permanent des transports, de l'infrastructure et des collectivit\u00e9s",
      "OrganizationTypeEn": "Committee",
      "OrganizationTypeFr": "Comit\u00e9",
      "OrganizationTypeId": 27,
      "PartyEn": "Liberal Party of Canada",
      "PartyFr": "Parti lib\u00e9ral du Canada",
      "CompositionTypeLongEn": "House of Commons",
      "CompositionTypeLongFr": "Chambre des communes",
      "CompositionTypeShortEn": "C",
      "CompositionTypeShortFr": "C",
      "CommitteeTypeEn": "Standing",
      "CommitteeTypeFr": "Permanent",
      "ParliamentNumber": 42,
      "SessionNumber": 1,
      "ShortEn": "1st",
      "ShortFr": "1\u00e8re"
    }
  ],
  "PublicOfficeExperience": null,
  "ProvincialExperience": null,
  "MilitaryExperience": null,
  "MunicipalExperience": null,
  "FamilyTiesInParliament": null,
  "Family": null,
  "Education": [
    {
      "SchoolNameLongEn": "Unknown",
      "SchoolNameLongFr": "Inconnu",
      "SchoolCityEn": "Unknown",
      "SchoolCityFr": "Inconnu",
      "FieldOfStudyEn": "Laws",
      "FieldOfStudyFr": "Droit",
      "DiplomaLongEn": "Unknown",
      "DiplomaLongFr": "Inconnu",
      "DiplomaShortEn": null,
      "DiplomaShortFr": null,
      "GraduationYear": null
    }
  ],
  "PictureId": 11377,
  "PictureCopyrightEn": "House of Commons 2020",
  "PictureCopyrightFr": "Chambre des communes 2020",
  "PictureCreditEn": "House of Commons",
  "PictureCreditFr": "Chambre des communes",
  "DisplayTitleEn": " Gagan Sikand, M.P.",
  "DisplayTitleFr": " Gagan Sikand, d\u00e9put\u00e9",
  "PlaceOfBirthEn": null,
  "PlaceOfBirthFr": null,
  "ProfessionsEn": "business owner, lawyer",
  "ProfessionsFr": "propri\u00e9taire d'entreprise, avocat",
  "PreferredLanguageEn": "English",
  "PreferredLanguageFr": "Anglais",
  "PlaceOfBurialEn": "",
  "PlaceOfBurialFr": ""
}