PersonId,LastName,UsedFirstName,StraightDisplayName,Gender,LanguageEn,PartyEn,ConstituencyEn,ProvinceEn,TypeOfParliamentarianEn,DateOfBirth,DateOfBirthIsApproximate,CityOfBirthEn,ProvinceOfBirthEn,CountryOfBirthEn,IsCanadianOrigin,DiedInOffice,DateOfDeath,DeceasedOnDuty
8200,Abbott,John Joseph Caldwell,John Joseph Caldwell Abbott,M,,Liberal-Conservative (1887/05/12 - 1893/10/30)|Liberal-Conservative (1881/08/17 - 1887/02/21)|Liberal-Conservative (1880/02/12 - 1881/07/13)|Liberal-Conservative (1867/09/20 - 1874/10/16),Inkerman (1887/05/12 - 1893/10/30)|Argenteuil (1881/08/17 - 1887/02/21)|Argenteuil (1880/02/12 - 1881/07/13)|Argenteuil (1867/09/20 - 1874/10/06),Quebec|Quebec|Quebec|Quebec,MP (1881/08/17 - 1887/02/21)|MP (1880/02/12 - 1881/07/13)|MP (1867/09/20 - 1874/10/06)|Senator (1887/05/12 - 1893/10/30),1821-03-12,False,St. Andrews,,Lower Canada,False,False,1893-10-30,True
11553,Aikins,James Cox,James Cox Aikins,M,,Liberal-Conservative (1896/01/07 - 1904/08/06)|Liberal-Conservative (1867/10/23 - 1882/05/30),Ontario (1896/01/07 - 1904/08/06)|Ontario (1867/10/23 - 1882/05/30),Ontario|Ontario,Senator (1896/01/07 - 1904/08/06)|Senator (1867/10/23 - 1882/05/30),1823-03-30,False,Toronto Township,,Upper Canada,False,False,1904-08-06,True
8624,Alexande,George,George Alexande,M,,Conservative (1867-1942) (1873/05/30 - 1891/05/29),Woodstock (1873/05/30 - 1891/05/29),Ontario,Senator (1873/05/30 - 1891/05/29),1814-05-21,False,Banffshire,,Scotland,False,False,1903-10-13,False
8444,Allan,George William,George William Allan,M,,Conservative (1867-1942) (1867/10/23 - 1901/07/24),York (1867/10/23 - 1901/07/24),Ontario,Senator (1867/10/23 - 1901/07/24),1822-01-09,False,York,,Upper Canada,False,False,1901-07-24,True
3866,Almon,William Johnston,William Johnston Almon,M,,Liberal-Conservative (1879/04/15 - 1901/02/19)|Liberal-Conservative (1872/10/12 - 1874/01/21),Halifax (1879/04/15 - 1901/02/19)|Halifax (1872/10/12 - 1874/01/21),Nova Scotia|Nova Scotia,MP (1872/10/12 - 1874/01/21)|Senator (1879/04/15 - 1901/02/19),1816-01-27,False,Halifax,Nova Scotia,Canada,False,False,1901-02-19,True
14587,Anglin,Timothy Warren,Timothy Warren Anglin,M,,Liberal Party of Canada (1877/07/02 - 1882/06/19)|Liberal Party of Canada (1867/09/20 - 1877/06/07),Gloucester (1877/07/02 - 1882/06/19)|Gloucester (1867/09/20 - 1877/06/07),New Brunswick|New Brunswick,MP (1877/07/02 - 1882/06/19)|MP (1867/09/20 - 1877/06/07),1822-08-31,False,Clonakilty,County Cork,Ireland,False,False,1896-05-04,False
3158,Appleby,Stephen Burpee,Stephen Burpee Appleby,M,,Liberal Party of Canada (1873/09/18 - 1878/09/16),Carleton (1873/09/18 - 1878/09/16),New Brunswick,MP (1873/09/18 - 1878/09/16),1836-01-01,True,Florenceville,New Brunswick,Canada,False,False,1903-12-10,False
12562,Archambault,Louis,Louis Archambault,M,,Liberal-Conservative (1867/09/20 - 1874/01/21),L'Assomption (1867/09/20 - 1874/01/21),Quebec,MP (1867/09/20 - 1874/01/21),1814-11-07,False,Longue-Pointe,,Lower Canada,False,False,1890-03-02,False
4677,Archibald,Cyril,Cyril Archibald,M,,Liberal Party of Canada (1872/10/12 - 1878/09/16),Stormont (1872/10/12 - 1878/09/16),Ontario,MP (1872/10/12 - 1878/09/16),1837-05-01,True,Osnabruck,,Upper Canada,False,False,1914-04-13,False
5022,Archibald,Thomas Dickson,Thomas Dickson Archibald,M,,Liberal-Conservative (1867/10/23 - 1890/10/18),North Sydney (1867/10/23 - 1890/10/18),Nova Scotia,Senator (1867/10/23 - 1890/10/18),1813-04-08,False,Onslow,Nova Scotia,,False,False,1890-10-18,True
7820,Armand,Joseph François,Joseph François Armand,M,,Conservative (1867-1942) (1867/10/23 - 1903/01/01),Repentigny (1867/10/23 - 1903/01/01),Quebec,Senator (1867/10/23 - 1903/01/01),1820-12-14,False,Rivière-des-Prairies,,Lower Canada,False,False,1903-01-01,True
1115,Baby,Louis François Georges,Louis François Georges Baby,M,,Conservative (1867-1942) (1878/11/14 - 1880/10/28)|Conservative (1867-1942) (1874/12/10 - 1878/10/25)|Conservative (1867-1942) (1872/10/12 - 1874/11/06),Joliette (1878/11/14 - 1880/10/28)|Joliette (1874/12/10 - 1878/10/25)|Joliette (1872/10/12 - 1874/11/06),Quebec|Quebec|Quebec,MP (1878/11/14 - 1880/10/28)|MP (1874/12/10 - 1878/10/25)|MP (1872/10/12 - 1874/11/06),1832-08-26,False,Montreal,Quebec,Canada,False,False,1906-05-13,False
6201,Bain,Thomas,Thomas Bain,M,,Liberal Party of Canada (1872/10/12 - 1900/11/06),Wentworth South (1896/06/23 - 1900/11/06)|Wentworth North (1872/10/12 - 1896/06/22),Ontario|Ontario,MP (1896/06/23 - 1900/11/06)|MP (1872/10/12 - 1896/06/22),1834-12-14,False,Denny,Stirlingshire,Scotland,False,False,1915-01-18,False
4633,Bake,George Barnard,George Barnard Bake,M,,Liberal-Conservative (1891/03/05 - 1910/02/09)|Liberal-Conservative (1870/07/05 - 1887/02/21),Bedford (1896/01/07 - 1910/02/09)|Missisquoi (1891/03/05 - 1896/01/06)|Missisquoi (1878/09/17 - 1887/02/21)|Missisquoi (1870/07/05 - 1874/01/21),Quebec|Quebec|Quebec|Quebec,MP (1891/03/05 - 1896/01/06)|MP (1878/09/17 - 1887/02/21)|MP (1870/07/05 - 1874/01/21)|Senator (1896/01/07 - 1910/02/09),1834-01-26,False,Dunham,,Lower Canada,False,False,1910-02-09,True
8366,Beaty,James,James Beaty,M,,Conservative (1867-1942) (1867/09/20 - 1874/03/25),Toronto East (1867/09/20 - 1874/01/21),Ontario,MP (1867/09/20 - 1874/01/21),1798-10-02,False,Kileshandra,Cavan,Ireland,False,False,1892-03-05,False
13811,Beaubien,Louis,Louis Beaubien,M,,Conservative (1867-1942) (1872/10/12 - 1874/01/21),Hochelaga (1872/10/12 - 1874/01/21),Quebec,MP (1872/10/12 - 1874/01/21),1837-07-27,False,Montreal,Quebec,Canada,False,False,1915-07-19,False
16716,Béchard,François,François Béchard,M,,Liberal Party of Canada (1867/09/20 - 1897/04/13),De Lorimier (1896/07/17 - 1897/04/13)|St. Johns--Iberville (1896/06/23 - 1896/07/16)|Iberville (1867/09/20 - 1896/06/22),Quebec|Quebec|Quebec,MP (1896/06/23 - 1896/07/16)|MP (1867/09/20 - 1896/06/22)|Senator (1896/07/17 - 1897/04/13),1830-04-18,False,Mount Johnson,,Lower Canada,False,False,1897-04-13,True
3185,Bellerose,Joseph Hyacinthe,Joseph Hyacinthe Bellerose,M,,Conservative (1867-1942) (1867/09/20 - 1899/08/13),De Lanaudière (1873/10/07 - 1899/08/13)|Laval (1867/09/20 - 1873/10/06),Quebec|Quebec,MP (1867/09/20 - 1873/10/06)|Senator (1873/10/07 - 1899/08/13),1820-07-12,False,Trois-Rivières,,Lower Canada,False,False,1899-08-13,True
14530,Benoit,Pierre Basile,Pierre Basile Benoit,M,,Conservative (1867-1942) (1876/01/07 - 1886/07/12)|Conservative (1867-1942) (1867/09/20 - 1874/01/21),Chambly (1876/01/07 - 1886/07/12)|Chambly (1867/09/20 - 1874/01/21),Quebec|Quebec,MP (1876/01/07 - 1886/07/12)|MP (1867/09/20 - 1874/01/21),1837-10-08,False,Longueuil,,Lower Canada,False,False,1910-11-11,False
10410,Benson,James Rea,James Rea Benson,M,,Liberal-Conservative (1867/09/20 - 1885/03/18),St. Catharines (1868/03/14 - 1885/03/18)|Lincoln (1867/09/20 - 1868/03/13),Ontario|Ontario,MP (1867/09/20 - 1868/03/13)|Senator (1868/03/14 - 1885/03/18),1807-01-21,False,,,Ireland,False,False,1885-03-18,True
10821,Bergin,Darby,Darby Bergin,M,,Liberal-Conservative (1880/01/27 - 1896/10/22)|Liberal-Conservative (1878/09/17 - 1879/12/24)|Liberal-Conservative (1872/10/12 - 1874/01/21),Cornwall and Stormont (1882/06/20 - 1896/10/22)|Cornwall (1880/01/27 - 1882/06/19)|Cornwall (1878/09/17 - 1879/12/24)|Cornwall (1872/10/12 - 1874/01/21),Ontario|Ontario|Ontario|Ontario,MP (1882/06/20 - 1896/10/22)|MP (1880/01/27 - 1882/06/19)|MP (1878/09/17 - 1879/12/24)|MP (1872/10/12 - 1874/01/21),1826-09-07,False,Toronto,Ontario,Canada,False,True,1896-10-22,True
2534,Blain,David,David Blain,M,,Liberal Party of Canada (1872/10/12 - 1878/09/16),York West (1872/10/12 - 1878/09/16),Ontario,MP (1872/10/12 - 1878/09/16),1832-08-12,False,Ay,,Scotland,False,False,1909-05-06,False
4917,Blake,Edward,Edward Blake,M,,Liberal Party of Canada (1879/11/17 - 1891/03/04)|Liberal Party of Canada (1875/06/02 - 1878/09/16)|Liberal Party of Canada (1873/12/04 - 1875/05/18)|Liberal Party of Canada (1867/09/20 - 1873/11/06),Durham West (1879/11/17 - 1891/03/04)|Bruce South (1875/06/02 - 1878/09/16)|Bruce South (1872/10/12 - 1875/05/18)|Durham West (1867/09/20 - 1872/10/11),Ontario|Ontario|Ontario|Ontario,MP (1879/11/17 - 1891/03/04)|MP (1875/06/02 - 1878/09/16)|MP (1872/10/12 - 1875/05/18)|MP (1867/09/20 - 1872/10/11),1833-10-13,False,Adelaide Township,,Upper Canada,False,False,1912-03-01,False
4355,Blake,Olive,Oliver Blake,M,,Liberal Party of Canada (1867/10/23 - 1873/12/10),Ontario (1867/10/23 - 1873/12/10),Ontario,Senator (1867/10/23 - 1873/12/10),1802-10-31,False,New Hampton,New Hampshire,United States,False,False,1873-12-10,True
8032,Blanchet,Joseph-Godric,Joseph-Godric Blanchet,M,,Liberal-Conservative (1878/09/17 - 1883/10/04)|Conservative (1867-1942) (1875/11/23 - 1878/09/16)|Liberal-Conservative (1867/09/20 - 1874/01/02),Lévis (1878/09/17 - 1883/10/04)|Bellechasse (1875/11/23 - 1878/09/16)|Lévis (1867/09/20 - 1874/01/21),Quebec|Quebec|Quebec,MP (1878/09/17 - 1883/10/04)|MP (1875/11/23 - 1878/09/16)|MP (1867/09/20 - 1874/01/21),1829-06-07,False,Saint-Pierre,,Lower Canada,False,False,1890-01-01,False
9692,Bodwell,Ebenezer Vining,Ebenezer Vining Bodwell,M,,Liberal Party of Canada (1867/09/20 - 1874/04/22),Oxford South (1867/09/20 - 1874/04/22),Ontario,MP (1867/09/20 - 1874/04/22),1827-04-30,False,Nissouri Township,,Upper Canada,False,False,1889-10-18,False
8241,Botsford,Amos Edwin,Amos Edwin Botsford,M,,Conservative (1867-1942) (1867/10/23 - 1894/03/19),New Brunswick (1867/10/23 - 1894/03/19),New Brunswick,Senator (1867/10/23 - 1894/03/19),1804-09-25,False,Saint John,New Brunswick,Canada,False,False,1894-03-19,True
5819,Bourassa,François,François Bourassa,M,,Liberal Party of Canada (1867/09/20 - 1896/06/22),St. John's (1867/09/20 - 1896/06/22),Quebec,MP (1867/09/20 - 1896/06/22),1813-06-05,False,Sainte-Marguerite-de-Blairfindie (L'Acadie),,Lower Canada,False,False,1898-05-13,False
8673,Bourinot,John,John Bourinot,M,,Liberal-Conservative (1867/10/23 - 1884/01/19),Nova Scotia (1867/10/23 - 1884/01/19),Nova Scotia,Senator (1867/10/23 - 1884/01/19),1814-03-15,False,Grouville,Island of Jersey,England,False,False,1884-01-19,True
15613,Bowell,Mackenzie,Mackenzie Bowell,M,,Conservative (1867-1942) (1878/10/19 - 1917/12/10)|Conservative (1867-1942) (1867/09/20 - 1878/10/18),Hastings (1892/12/05 - 1917/12/10)|Hastings North (1878/11/06 - 1892/12/04)|Hastings North (1867/09/20 - 1878/10/18),Ontario|Ontario|Ontario,MP (1878/11/06 - 1892/12/04)|MP (1867/09/20 - 1878/10/18)|Senator (1892/12/05 - 1917/12/10),1823-12-27,False,Rickinghall,Suffolk,England,False,False,1917-12-10,True
13147,Bowman,Isaac E,Isaac Erb Bowman,M,,Liberal Party of Canada (1887/02/22 - 1896/06/22)|Liberal Party of Canada (1867/09/20 - 1878/09/16),Waterloo North (1887/02/22 - 1896/06/22)|Waterloo North (1867/09/20 - 1878/09/16),Ontario|Ontario,MP (1887/02/22 - 1896/06/22)|MP (1867/09/20 - 1878/09/16),1832-08-17,False,Woolwich,,Upper Canada,False,False,1897-09-03,False
5732,Boye,Louis Alphonse,Louis Alphonse Boye,M,,Liberal Party of Canada (1872/10/12 - 1878/09/16),Maskinongé (1872/10/12 - 1878/09/16),Quebec,MP (1872/10/12 - 1878/09/16),1839-05-31,False,Montreal,Quebec,Canada,False,False,1916-05-29,False
7638,Brooks,Edward Towle,Edward Towle Brooks,M,,Conservative (1867-1942) (1872/10/12 - 1882/06/19),Sherbrooke (Town of) (1872/10/12 - 1882/06/19),Quebec,MP (1872/10/12 - 1882/06/19),1830-07-06,False,Lennoxville,,Lower Canada,False,False,1897-08-05,False
13999,Brouse,William Henry,William Henry Brouse,M,,Reformer (1878/08/09 - 1881/08/23)|Liberal Party of Canada (1872/10/12 - 1878/08/08),Prescott (1878/08/09 - 1881/08/23)|Grenville South (1872/10/12 - 1878/08/08),Ontario|Ontario,MP (1872/10/12 - 1878/08/08)|Senator (1878/08/09 - 1881/08/23),1824-06-15,False,Matilda,,Upper Canada,False,False,1881-08-23,True
1690,Brown,George,George Brown,M,,Liberal Party of Canada (1873/12/16 - 1880/05/09),Lambton (1873/12/16 - 1880/05/09),Ontario,Senator (1873/12/16 - 1880/05/09),1818-11-29,False,Alloa,Clackmannan,Scotland,False,False,1880-05-09,True
4140,Brown,James,James Brown,M,,Conservative (1867-1942) (1867/09/20 - 1882/06/19),Hastings West (1867/09/20 - 1882/06/19),Ontario,MP (1867/09/20 - 1882/06/19),1828-10-14,False,,,Scotland,False,False,1897-04-24,False
6889,Buell,Jacob Dockstade,Jacob Dockstader Buell,M,,Liberal Party of Canada (1872/10/12 - 1878/09/16),Brockville (1872/10/12 - 1878/09/16),Ontario,MP (1872/10/12 - 1878/09/16),1827-10-04,False,Brockville,,Upper Canada,False,False,1894-02-01,False
12396,Bureau,Jacques-Olivie,Jacques-Olivier Bureau,M,,Liberal Party of Canada (1867/10/23 - 1883/02/07),De Lorimier (1867/10/23 - 1883/02/07),Quebec,Senator (1867/10/23 - 1883/02/07),1820-02-06,False,Trois-Rivières,,Lower Canada,False,False,1883-02-07,True
2238,Burnham,Asa Allworth,Asa Allworth Burnham,M,,Conservative (1867-1942) (1867/10/23 - 1873/05/10),Ontario (1867/10/23 - 1873/05/10),Ontario,Senator (1867/10/23 - 1873/05/10),1808-02-17,False,Cobourg,,Upper Canada,False,False,1873-05-10,True
2902,Burpee,Charles,Charles Burpee,M,,Liberal Party of Canada (1900/02/01 - 1900/07/19)|Liberal Party of Canada (1867/09/20 - 1887/02/21),New Brunswick (1900/02/01 - 1900/07/19)|Sunbury (1867/09/20 - 1887/02/21),New Brunswick|New Brunswick,MP (1867/09/20 - 1887/02/21)|Senator (1900/02/01 - 1900/07/19),1817-06-18,False,Sheffield,New Brunswick,Canada,False,False,1909-11-29,False
8144,Burpee,Isaac,Isaac Burpee,M,,Liberal Party of Canada (1872/10/12 - 1885/03/01),St. John (City and County of) (1872/10/12 - 1885/03/01),New Brunswick,MP (1872/10/12 - 1885/03/01),1825-11-28,False,Sheffield,New Brunswick,Canada,False,True,1885-03-01,True
3319,Cameron,John Hillyard,John Hillyard Cameron,M,,Conservative (1867-1942) (1872/10/12 - 1876/11/14)|Conservative (1867-1942) (1867/09/20 - 1872/10/11),Cardwell (1872/10/12 - 1876/11/14)|Peel (1867/09/20 - 1872/10/11),Ontario|Ontario,MP (1872/10/12 - 1876/11/14)|MP (1867/09/20 - 1872/10/11),1817-04-14,False,Blendecques,,France,False,True,1876-11-14,True
13553,Cameron,Malcolm Colin,Malcolm Colin Cameron,M,,Liberal Party of Canada (1896/01/14 - 1898/06/06)|Liberal Party of Canada (1891/03/05 - 1891/12/26)|Liberal Party of Canada (1878/09/17 - 1887/02/21)|Liberal Party of Canada (1867/09/20 - 1874/10/22),Huron West (1896/01/14 - 1898/05/29)|Huron West (1891/03/05 - 1891/12/26)|Huron West (1882/06/20 - 1887/02/21)|Huron South (1878/09/17 - 1882/06/19)|Huron South (1867/09/20 - 1874/02/22),Ontario|Ontario|Ontario|Ontario|Ontario,MP (1896/01/14 - 1898/05/29)|MP (1891/03/05 - 1891/12/26)|MP (1882/06/20 - 1887/02/21)|MP (1878/09/17 - 1882/06/19)|MP (1867/09/20 - 1874/02/22),1832-04-12,False,Perth,,Upper Canada,False,False,1898-09-26,False
3004,Campbell,Alexande,Alexander Campbell,M,,Conservative (1867-1942) (1867/10/23 - 1887/02/07),Cataraqui (1867/10/23 - 1887/02/07),Ontario,Senator (1867/10/23 - 1887/02/07),1822-03-09,False,Hedon,Yorkshire,England,False,False,1892-05-24,False
2857,Campbell,Stewart,Stewart Campbell,M,,Liberal-Conservative (1868/09/01 - 1874/01/21)|Anti-Confederate (1867/09/20 - 1868/08/30),Guysborough (1867/09/20 - 1874/01/21),Nova Scotia,MP (1867/09/20 - 1874/01/21),1812-05-05,False,,,Jamaïca,False,False,1885-02-20,False
3125,Carling,John,John Carling,M,,Liberal-Conservative (1892/02/26 - 1911/11/06)|Liberal-Conservative (1891/04/27 - 1892/02/17)|Liberal-Conservative (1878/09/17 - 1891/03/04)|Liberal-Conservative (1867/09/20 - 1874/01/21),London (1896/04/23 - 1911/11/06)|London (1892/02/26 - 1896/04/22)|London (1891/04/27 - 1892/02/17)|London (1878/09/17 - 1891/03/04)|London (1867/09/20 - 1874/01/21),Ontario|Ontario|Ontario|Ontario|Ontario,MP (1892/02/26 - 1896/04/22)|MP (1878/09/17 - 1891/03/04)|MP (1867/09/20 - 1874/01/21)|Senator (1896/04/23 - 1911/11/06)|Senator (1891/04/27 - 1892/02/17),1828-01-23,False,London,,Upper Canada,False,False,1911-11-06,True
675,Caron,Adolphe-Philippe,Adolphe-Philippe Caron,M,,Conservative (1867-1942) (1880/11/20 - 1900/11/06)|Conservative (1867-1942) (1873/03/28 - 1880/11/07),Three Rivers and St. Maurice (1896/06/23 - 1900/11/06)|Rimouski (1891/03/05 - 1896/06/22)|Quebec County (1880/11/20 - 1891/03/04)|Quebec County (1873/03/28 - 1880/11/07),Quebec|Quebec|Quebec|Quebec,MP (1896/06/23 - 1900/11/06)|MP (1891/03/05 - 1896/06/22)|MP (1880/11/20 - 1891/03/04)|MP (1873/03/28 - 1880/11/07),1843-12-24,False,Québec,Quebec,Canada,False,False,1908-04-20,False
8987,Carrall,Robert William Wei,Robert William Weir Carrall,M,,Conservative (1867-1942) (1871/12/13 - 1879/09/19),British Columbia (1871/12/13 - 1879/09/19),British Columbia,Senator (1871/12/13 - 1879/09/19),1837-02-02,False,Carrall's Grove,,Upper Canada,False,False,1879-09-19,True
5642,Carte,Edward Brock,Edward Brock Carte,M,,Conservative (1867-1942) (1871/11/17 - 1874/01/21),Brome (1871/11/17 - 1874/01/21),Quebec,MP (1871/11/17 - 1874/01/21),1822-03-01,False,Trois-Rivières,,Lower Canada,False,False,1883-09-27,False
5818,Cartie,George-Étienne,George-Étienne Cartie,M,,Liberal-Conservative (1867/09/20 - 1873/05/20),Provencher (1872/10/12 - 1873/05/20)|Montreal East (1867/09/20 - 1872/10/11),Manitoba|Quebec,MP (1872/10/12 - 1873/05/20)|MP (1867/09/20 - 1872/10/11),1814-09-06,False,Saint-Antoine-sur-Richelieu,,Lower Canada,False,True,1873-05-20,True
16123,Cartwright,Richard John,Richard John Cartwright,M,,Liberal Party of Canada (1896/07/30 - 1912/09/24)|Liberal Party of Canada (1883/12/10 - 1896/07/13)|Liberal Party of Canada (1878/11/02 - 1882/06/19)|Liberal Party of Canada (1873/12/03 - 1878/09/17)|Liberal Party of Canada (1869/10/09 - 1873/11/06)|Conservative (1867-1942) (1867/09/20 - 1869/10/08),Oxford (1904/09/30 - 1912/09/24)|Oxford South (1887/02/22 - 1904/09/29)|Huron South (1883/12/10 - 1887/02/21)|Huron Centre (1878/11/02 - 1882/06/19)|Lennox (1867/09/20 - 1878/09/16),Ontario|Ontario|Ontario|Ontario|Ontario,MP (1887/02/22 - 1904/09/29)|MP (1883/12/10 - 1887/02/21)|MP (1878/11/02 - 1882/06/19)|MP (1867/09/20 - 1878/09/16)|Senator (1904/09/30 - 1912/09/24),1835-12-04,False,Kingston,,Upper Canada,False,False,1912-09-24,True
7226,Casey,George Elliott,George Elliott Casey,M,,Liberal Party of Canada (1872/10/12 - 1900/11/06),Elgin West (1872/10/12 - 1900/11/06),Ontario,MP (1872/10/12 - 1900/11/06),1850-03-24,False,Southwold Township,,Canada West,False,False,1903-11-30,False
14428,Casgrain,Philippe Baby,Philippe Baby Casgrain,M,,Liberal Party of Canada (1872/10/12 - 1891/03/04),L'Islet (1872/10/12 - 1891/03/04),Quebec,MP (1872/10/12 - 1891/03/04),1826-12-30,False,Québec,Quebec,Canada,False,False,1917-05-23,False
9370,Cauchon,Joseph Édouard,Joseph Édouard Cauchon,M,,Liberal Party of Canada (1875/12/27 - 1877/10/22)|Liberal Party of Canada (1874/01/22 - 1875/12/07)|Independent (1872/10/12 - 1874/01/21)|Independent Conservative (1867/11/02 - 1872/06/30)|Conservative (1867-1942) (1867/09/20 - 1867/11/01),Quebec-Centre (1875/12/27 - 1877/10/22)|Quebec-Centre (1872/10/12 - 1875/12/07)|Stadacona (1867/11/02 - 1872/06/30)|Montmorency (1867/09/20 - 1867/11/01),Quebec|Quebec|Quebec|Quebec,MP (1875/12/27 - 1877/10/22)|MP (1872/10/12 - 1875/12/07)|MP (1867/09/20 - 1867/11/01)|Senator (1867/11/02 - 1872/06/30),1816-12-31,False,Saint-Roch,,Lower Canada,False,False,1885-02-23,False
8468,Chaffers,William Henry,William Henry Chaffers,M,,Liberal Party of Canada (1867/10/23 - 1894/07/19),Rougemont (1867/10/23 - 1894/07/19),Quebec,Senator (1867/10/23 - 1894/07/19),1827-08-02,False,Québec,,Lower Canada,False,False,1894-07-19,True
8801,Chapais,Jean-Charles,Jean-Charles Chapais,M,,Conservative (1867-1942) (1868/01/30 - 1885/07/17),De la Durantaye (1868/01/30 - 1885/07/17),Quebec,Senator (1868/01/30 - 1885/07/17),1811-12-02,False,Rivière-Ouelle,,Lower Canada,False,False,1885-07-17,True
7283,Charlton,John,John Charlton,M,,Liberal Party of Canada (1872/10/12 - 1904/11/02),Norfolk North (1872/10/12 - 1904/11/02),Ontario,MP (1872/10/12 - 1904/11/02),1829-02-03,False,Garbuttsville,New York,United States,False,False,1910-02-11,False
10090,Chauveau,Pierre-Joseph-Olivie,Pierre-Joseph-Olivier Chauveau,M,,Conservative (1867-1942) (1867/09/20 - 1874/01/08),Stadacona (1873/02/20 - 1874/01/08)|Quebec County (1867/09/20 - 1873/02/19),Quebec|Quebec,MP (1867/09/20 - 1873/02/19)|Senator (1873/02/20 - 1874/01/08),1820-05-30,False,Québec,,Lower Canada,False,False,1890-04-04,False
15164,Chinic,Eugène,Eugène Chinic,M,,Conservative (1867-1942) (1873/04/10 - 1882/11/03),Gulf (1873/04/10 - 1882/11/03),Quebec,Senator (1873/04/10 - 1882/11/03),1818-10-26,False,Québec,,Lower Canada,False,False,1889-04-28,False
7058,Chipman,Leverett de Vebe,Leverett de Veber Chipman,M,,Liberal Party of Canada (1870/06/23 - 1874/01/21),Kings (1870/06/23 - 1874/01/21),Nova Scotia,MP (1870/06/23 - 1874/01/21),1831-10-20,False,Cornwallis,Nova Scotia,Canada,False,False,1914-01-08,False
7416,Chisholm,Daniel Black,Daniel Black Chisholm,M,,Liberal-Conservative (1872/10/12 - 1874/12/08),Halton (1874/01/22 - 1874/12/08)|Hamilton (1872/10/12 - 1874/01/21),Ontario|Ontario,MP (1874/01/22 - 1874/12/08)|MP (1872/10/12 - 1874/01/21),1832-11-02,False,East Flamboro Township,,Canada West,False,False,1899-01-01,False
2139,Christie,David,David Christie,M,,Liberal Party of Canada (1867/10/23 - 1880/12/15),Erie (1867/10/23 - 1880/12/15),Ontario,Senator (1867/10/23 - 1880/12/15),1818-10-01,True,Edinburgh,,Scotland,False,False,1880-12-14,True
887,Church,Charles Edward,Charles Edward Church,M,,Liberal Party of Canada (1902/02/08 - 1906/01/03)|Liberal Party of Canada (1872/10/12 - 1878/09/16),Lunenburg (1902/02/08 - 1906/01/03)|Lunenburg (1872/10/12 - 1878/09/16),Nova Scotia|Nova Scotia,MP (1872/10/12 - 1878/09/16)|Senator (1902/02/08 - 1906/01/03),1835-01-03,False,Tancook Island,Nova Scotia,Canada,False,False,1906-01-03,True
13430,Churchill,Ezra,Ezra Churchill,M,,Liberal-Conservative (1871/02/03 - 1874/05/08),Nova Scotia (1871/02/03 - 1874/05/08),Nova Scotia,Senator (1871/02/03 - 1874/05/08),1804-01-01,True,Yarmouth,Nova Scotia,Canada,False,False,1874-05-08,True
13400,Cluxton,William,William Cluxton,M,,Conservative (1867-1942) (1872/10/12 - 1874/01/21),Peterborough West (1872/10/12 - 1874/01/21),Ontario,MP (1872/10/12 - 1874/01/21),1819-03-31,False,Dundalk,County Louth,Ireland,False,False,1901-02-16,False
2814,Cochrane,Matthew Henry,Matthew Henry Cochrane,M,,Conservative (1867-1942) (1872/10/17 - 1903/08/12),Wellington (1872/10/17 - 1903/08/12),Quebec,Senator (1872/10/17 - 1903/08/12),1823-11-11,False,Compton,,Lower Canada,False,False,1903-08-12,True
9891,Cockburn,Alexander Pete,Alexander Peter Cockburn,M,,Liberal Party of Canada (1872/10/12 - 1887/02/21),Ontario North (1882/06/20 - 1887/02/21)|Muskoka (1872/10/12 - 1882/06/19),Ontario|Ontario,MP (1882/06/20 - 1887/02/21)|MP (1872/10/12 - 1882/06/19),1837-04-07,False,Finch,,Upper Canada,False,False,1905-06-02,False
5935,Cockburn,James,James Cockburn,M,,Conservative (1867-1942) (1878/09/17 - 1881/11/14)|Conservative (1867-1942) (1867/09/20 - 1874/01/21),Northumberland West (1878/09/17 - 1881/11/14)|Northumberland West (1867/09/20 - 1874/01/21),Ontario|Ontario,MP (1878/09/17 - 1881/11/14)|MP (1867/09/20 - 1874/01/21),1819-02-13,False,Berwick-on-Tweed,,England,False,False,1883-08-14,False
15422,Coffin,Thomas,Thomas Coffin,M,,Liberal Party of Canada (1873/12/09 - 1878/09/16)|Liberal-Conservative (1869/01/30 - 1873/11/07)|Anti-Confederate (1867/09/20 - 1869/01/29),Shelburne (1867/09/20 - 1878/09/16),Nova Scotia,MP (1867/09/20 - 1878/09/16),1817-01-01,True,Barrington,Nova Scotia,Canada,False,False,1890-07-13,False
1405,Colby,Charles Carroll,Charles Carroll Colby,M,,Liberal-Conservative (1889/12/18 - 1891/03/04)|Liberal-Conservative (1867/09/20 - 1889/11/27),Stanstead (1889/12/18 - 1891/03/04)|Stanstead (1867/09/20 - 1889/11/27),Quebec|Quebec,MP (1889/12/18 - 1891/03/04)|MP (1867/09/20 - 1889/11/27),1827-12-10,False,Derby,Vermont,United States,False,False,1907-01-10,False
16576,Connell,Charles,Charles Connell,M,,Liberal Party of Canada (1867/09/20 - 1873/06/28),Carleton (1867/09/20 - 1873/06/28),New Brunswick,MP (1867/09/20 - 1873/06/28),1810-01-01,True,Northampton,New Brunswick,Canada,False,True,1873-06-28,True
1744,Cook,Herman Henry,Herman Henry Cook,M,,Liberal Party of Canada (1882/06/20 - 1891/03/04)|Liberal Party of Canada (1874/12/26 - 1878/09/16)|Liberal Party of Canada (1872/10/12 - 1874/11/11),Simcoe East (1882/06/20 - 1891/03/04)|Simcoe North (1874/12/26 - 1878/09/16)|Simcoe North (1872/10/12 - 1874/11/11),Ontario|Ontario|Ontario,MP (1882/06/20 - 1891/03/04)|MP (1874/12/26 - 1878/09/16)|MP (1872/10/12 - 1874/11/11),1837-04-26,False,Williamsburg,,Upper Canada,False,False,1914-04-12,False
4486,Cormie,Charles,Charles Cormie,M,,Nationalist Liberal (1867/10/23 - 1887/05/07),Kennebec (1867/10/23 - 1887/05/07),Quebec,Senator (1867/10/23 - 1887/05/07),1813-06-22,False,Saint-Grégoire-le-Grand,,Lower Canada,False,False,1887-05-07,True
10080,Cornwall,Clement Francis,Clement Francis Cornwall,M,,Conservative (1867-1942) (1871/12/13 - 1881/07/01),Ashcroft (1871/12/13 - 1881/07/01),British Columbia,Senator (1871/12/13 - 1881),1836-06-18,False,Ashcroft,Gloucestershire,England,False,False,1910-02-15,False
15230,Costigan,John,John Costigan,M,,Liberal Party of Canada (1907/01/15 - 1916/09/29)|Liberal Party of Canada (1900/11/07 - 1907/01/14)|Liberal-Conservative (1867/09/20 - 1900/11/06),Victoria (1907/01/15 - 1916/09/29)|Victoria (1867/09/20 - 1907/01/14),New Brunswick|New Brunswick,MP (1867/09/20 - 1907/01/14)|Senator (1907/01/15 - 1916/09/29),1835-02-01,False,St-Nicholas,,Lower Canada,False,False,1916-09-29,True
12199,Crawford,John Willoughby,John Willoughby Crawford,M,,Conservative (1867-1942) (1867/09/20 - 1873/11/04),Toronto West (1872/10/12 - 1873/11/04)|Leeds South (1867/09/20 - 1872/10/11),Ontario|Ontario,MP (1872/10/12 - 1873/11/04)|MP (1867/09/20 - 1872/10/11),1817-01-01,True,Manorhamilton,County Cavan,Ireland,False,False,1875-05-13,False
463,Cunningham,Robert,Robert Cunningham,M,,Liberal Party of Canada (1872/10/12 - 1874/07/04),Marquette (1872/10/12 - 1874/07/04),Manitoba,MP (1872/10/12 - 1874/07/04),1836-05-12,False,Stewarton,,Scotland,False,True,1874-07-04,True
4150,Currie,Joseph Merrill,Joseph Merrill Currie,M,,Liberal-Conservative (1877/05/09 - 1882/06/19)|Liberal-Conservative (1867/09/20 - 1877/04/16),Ottawa (City of) (1877/05/09 - 1882/06/19)|Ottawa (City of) (1867/09/20 - 1877/04/16),Ontario|Ontario,MP (1877/05/09 - 1882/06/19)|MP (1867/09/20 - 1877/04/16),1820-01-01,True,North Troy,Vermont,United States,False,False,1884-04-22,False
10253,Cutle,Robert Barry,Robert Barry Cutle,M,,Liberal Party of Canada (1872/10/12 - 1874/01/21),Kent (1872/10/12 - 1874/01/21),New Brunswick,MP (1872/10/12 - 1874/01/21),1810-08-11,False,Westmorland,New Brunswick,Canada,False,False,1882-04-03,False
8155,Daly,Thomas Mayne,Thomas Mayne Daly,M,,Liberal-Conservative (1872/10/12 - 1874/01/21),Perth North (1872/10/12 - 1874/01/21),Ontario,MP (1872/10/12 - 1874/01/21),1827-02-17,False,Hamilton,,Upper Canada,False,False,1885-03-04,False
5491,Davies,Daniel,Daniel Davies,M,,Conservative (1867-1942) (1873/09/29 - 1878/09/16),King's County (1873/09/29 - 1878/09/16),Prince Edward Island,MP (1873/09/29 - 1878/09/16),1825-01-18,False,Charlottetown,Prince Edward Island,Canada,False,False,1911-05-11,False
5772,De Cosmos,Amo,Amor De Cosmos,M,,Liberal Party of Canada (1871/11/24 - 1882/06/19),Victoria (1871/11/24 - 1882/06/19),British Columbia,MP (1871/11/24 - 1882/06/19),1825-08-20,False,Windso,Nova Scotia,Canada,False,False,1897-07-04,False
13981,De Léry,Alexandre-René Chaussegros,Alexandre-René Chaussegros De Léry,M,,Conservative (1867-1942) (1871/12/13 - 1876/04/11),Lauzon (1871/12/13 - 1876/04/11),Quebec,Senator (1871/12/13 - 1876/04/11),1818-03-26,False,Québec,,Lower Canada,False,False,1880-12-19,False
8904,de Saint-Georges,Joseph Esdras Alfred,Joseph Esdras Alfred de Saint-Georges,M,,Liberal Party of Canada (1882/06/20 - 1890/06/19)|Liberal Party of Canada (1872/10/12 - 1878/09/16),Portneuf (1882/06/20 - 1890/06/19)|Portneuf (1872/10/12 - 1878/09/16),Quebec|Quebec,MP (1882/06/20 - 1890/06/19)|MP (1872/10/12 - 1878/09/16),1849-08-04,False,Cap-Santé,,Canada East,False,True,1890-06-19,True
6486,De Vebe,Jeremiah Smith Boies,Jeremiah Smith Boies De Vebe,M,,Liberal Party of Canada (1873/12/01 - 1878/09/16),St. John (City of ) (1873/12/01 - 1878/09/16),New Brunswick,MP (1873/12/01 - 1878/09/16),1829-11-07,False,Saint John,New Brunswick,Canada,False,False,1908-06-18,False
827,Delorme,Louis,Louis Delorme,M,,Liberal Party of Canada (1870/09/01 - 1878/09/16),St. Hyacinthe (1870/09/01 - 1878/09/16),Quebec,MP (1870/09/01 - 1878/09/16),1824-12-29,False,Montreal,Quebec,Canada,False,False,1895-06-18,False
4872,Deve,James,James Deve,M,,Liberal Party of Canada (1868/03/14 - 1904/05/07),St. John (1868/03/14 - 1904/05/07),New Brunswick,Senator (1868/03/14 - 1904/05/07),1825-05-02,False,Ballyshannon,,Ireland,False,False,1904-05-07,True
8373,Dewdney,Edga,Edgar Dewdney,M,,Conservative (1867-1942) (1888/09/12 - 1892/11/02)|Conservative (1867-1942) (1872/10/12 - 1879/06/09),Assiniboia East (1888/09/12 - 1892/10/26)|Yale (1872/10/12 - 1879/06/09),Northwest Territories|British Columbia,MP (1888/09/12 - 1892/10/26)|MP (1872/10/12 - 1879/06/09),1835-11-05,False,Bideford,Devonshire,England,False,False,1916-08-08,False
15905,Dickey,Robert Barry,Robert Barry Dickey,M,,Conservative (1867-1942) (1867/10/23 - 1903/07/14),Amherst (1867/10/23 - 1903/07/14),Nova Scotia,Senator (1867/10/23 - 1903/07/14),1812-11-10,False,Amherst,Nova Scotia,Canada,False,False,1903-07-14,True
9441,Dickson,Walter Hamilton,Walter Hamilton Dickson,M,,Conservative (1867-1942) (1867/10/23 - 1884/02/14),Niagara (1867/10/23 - 1884/02/14),Ontario,Senator (1867/10/23 - 1884/02/14),1806-01-04,False,Niagara,,Upper Canada,False,False,1885-07-30,False
6518,Dodge,Anson Greene Phelps,Anson Greene Phelps Dodge,M,,Conservative (1867-1942) (1872/10/12 - 1874/01/21),York North (1872/10/12 - 1874/01/21),Ontario,MP (1872/10/12 - 1874/01/21),1834-08-25,False,New York,New York,United States,False,False,1918-05-28,False
8539,Domville,James,James Domville,M,,Liberal Party of Canada (1903/04/20 - 1921/07/30)|Liberal Party of Canada (1896/06/23 - 1900/11/06)|Conservative (1867-1942) (1872/10/12 - 1882/06/19),Rothesay (1903/04/20 - 1921/07/30)|King's (1896/06/23 - 1900/11/06)|King's (1872/10/12 - 1882/06/19),New Brunswick|New Brunswick|New Brunswick,MP (1896/06/23 - 1900/11/06)|MP (1872/10/12 - 1882/06/19)|Senator (1903/04/20 - 1921/07/30),1842-11-29,False,Belize,,British Honduras,False,False,1921-07-30,True
14634,Dorion,Antoine-Aimé,Antoine-Aimé Dorion,M,,Liberal Party of Canada (1867/09/20 - 1874/05/31),Napierville (1872/10/12 - 1874/05/31)|Hochelaga (1867/09/20 - 1872/10/11),Quebec|Quebec,MP (1872/10/12 - 1874/05/31)|MP (1867/09/20 - 1872/10/11),1818-01-17,False,Sainte-Anne de la Pérade,,Lower Canada,False,False,1891-05-31,False
5459,Dorion,Pierre Nérée,Pierre Nérée Dorion,M,,Liberal Party of Canada (1872/10/12 - 1874/01/21),Drummond--Arthabaska (1872/10/12 - 1874/01/21),Quebec,MP (1872/10/12 - 1874/01/21),1816-10-16,False,Sainte-Anne de la Pérade,,Lower Canada,False,True,1874-01-01,False
8916,Dorme,George,George Dorme,M,,Conservative (1867-1942) (1872/10/12 - 1874/01/21),Victoria South (1872/10/12 - 1874/01/21),Ontario,MP (1872/10/12 - 1874/01/21),1838-10-11,False,Kingston,,Upper Canada,False,False,1875-06-24,False
1249,Doull,Robert,Robert Doull,M,,Liberal-Conservative (1878/09/17 - 1882/06/19)|Liberal-Conservative (1872/10/12 - 1874/01/21),Pictou (1878/09/17 - 1882/06/19)|Pictou (1872/10/12 - 1874/01/21),Nova Scotia|Nova Scotia,MP (1878/09/17 - 1882/06/19)|MP (1872/10/12 - 1874/01/21),1828-01-01,True,Wick,Caithness-shire,Scotland,False,False,1906-12-09,False
11050,Dugas,Firmin,Firmin Dugas,M,,Conservative (1867-1942) (1871/09/15 - 1887/02/21),Montcalm (1871/09/15 - 1887/02/21),Quebec,MP (1871/09/15 - 1887/02/21),1830-03-08,False,Rawdon Township,,Lower Canada,False,False,1889-03-16,False
3386,Duguay,Joseph,Joseph Duguay,M,,Conservative (1867-1942) (1872/10/12 - 1874/01/21),Yamaska (1872/10/12 - 1874/01/21),Quebec,MP (1872/10/12 - 1874/01/21),1816-04-27,False,Baie-du-Febvre,,Lower Canada,False,False,1891-08-02,False
15270,Dumouchel,Léandre,Léandre Dumouchel,M,,Conservative (1867-1942) (1867/10/23 - 1882/09/24),Mille Isles (1867/10/23 - 1882/09/24),Quebec,Senator (1867/10/23 - 1882/09/24),1811-03-29,False,Saint-Benoît,,Lower Canada,False,False,1882-09-24,True
8068,Edga,James David,James David Edga,M,,Liberal Party of Canada (1884/08/22 - 1899/07/31)|Liberal Party of Canada (1872/10/12 - 1874/01/21),Ontario West (1884/08/22 - 1899/07/31)|Monck (1872/10/12 - 1874/01/21),Ontario|Ontario,MP (1884/08/22 - 1899/07/31)|MP (1872/10/12 - 1874/01/21),1841-08-10,False,Hatley,,Canada East,False,True,1899-07-31,True
13279,Farrow,Thomas,Thomas Farrow,M,,Conservative (1867-1942) (1882/06/20 - 1887/02/21)|Liberal-Conservative (1872/10/12 - 1882/06/19),Huron East (1882/06/20 - 1887/02/21)|Huron North (1872/10/12 - 1882/06/19),Ontario|Ontario,MP (1882/06/20 - 1887/02/21)|MP (1872/10/12 - 1882/06/19),1833-03-08,False,Mumby,Lincoln County,England,False,False,1916-04-15,False
8483,Ferguson,Lieut. Col. John,Lieut. Col. John Ferguson,M,,Conservative (1867-1942) (1867/10/23 - 1888/08/21),Bathurst (1867/10/23 - 1888/08/21),New Brunswick,Senator (1867/10/23 - 1888/08/21),1813-11-20,False,,Ayrshire,Scotland,False,False,1888-08-21,True
4296,Ferrie,James,James Ferrie,M,,Conservative (1867-1942) (1867/10/23 - 1888/05/30),Shawinigan (1867/10/23 - 1888/05/30),Quebec,Senator (1867/10/23 - 1888/05/30),1800-10-22,False,,,Scotland,False,False,1888-05-30,True
11654,Ferris,John,John Ferris,M,,Liberal Party of Canada (1867/09/20 - 1878/09/16),Queen's (1867/09/20 - 1878/09/16),New Brunswick,MP (1867/09/20 - 1878/09/16),1811-01-09,False,Cambridge,New Brunswick,Canada,False,False,1884-11-03,False
5440,Findlay,James,James Findlay,M,,Liberal Party of Canada (1872/10/12 - 1874/01/21),Renfrew North (1872/10/12 - 1874/01/21),Ontario,MP (1872/10/12 - 1874/01/21),1833-05-16,False,Châteauguay,,Lower Canada,False,False,1923-07-23,False
2271,Fiset,Jean-Baptiste Romuald,Jean-Baptiste Romuald Fiset,M,,Liberal Party of Canada (1896/06/23 - 1917/01/05)|Liberal Party of Canada (1887/02/22 - 1891/03/04)|Liberal Party of Canada (1872/10/12 - 1882/06/19),Gulf (1897/10/20 - 1917/01/05)|Rimouski (1896/06/23 - 1897/10/19)|Rimouski (1887/02/22 - 1891/03/04)|Rimouski (1872/10/12 - 1882/06/19),Quebec|Quebec|Quebec|Quebec,MP (1896/06/23 - 1897/10/19)|MP (1887/02/22 - 1891/03/04)|MP (1872/10/12 - 1882/06/19)|Senator (1897/10/20 - 1917/01/05),1843-02-07,False,Saint-Cuthbert,,Canada East,False,False,1917-01-05,True
3683,Fleming,Gavin,Gavin Fleming,M,,Liberal Party of Canada (1872/10/12 - 1882/06/19),Brant North (1872/10/12 - 1882/06/19),Ontario,MP (1872/10/12 - 1882/06/19),1826-06-05,False,Falkirk,Stirlingshire,Scotland,False,False,1890-05-17,False
13153,Fleshe,William Kingston,William Kingston Fleshe,M,,Conservative (1867-1942) (1872/10/12 - 1878/09/16),Grey East (1872/10/12 - 1878/09/16),Ontario,MP (1872/10/12 - 1878/09/16),1825-06-10,False,Kingston-upon-Hull,,England,False,False,1907-07-22,False
13926,Flint,Billa,Billa Flint,M,,Liberal Party of Canada (1867/10/23 - 1894/06/15),Trent (1867/10/23 - 1894/06/15),Ontario,Senator (1867/10/23 - 1894/06/15),1805-02-09,False,Elizabethtown,,Upper Canada,False,False,1894-06-15,True
11513,Forbes,James Frase,James Fraser Forbes,M,,Liberal Party of Canada (1882/06/20 - 1887/02/21)|Liberal Party of Canada (1869/01/30 - 1878/09/16)|Anti-Confederate (1867/09/20 - 1869/01/29),Queens (1882/06/20 - 1887/02/21)|Queens (1867/09/20 - 1878/09/16),Nova Scotia|Nova Scotia,MP (1882/06/20 - 1887/02/21)|MP (1867/09/20 - 1878/09/16),1820-01-01,True,,,Gibralta,False,False,1887-05-18,False
4248,Fortin,Pierre,Pierre Fortin,M,,Conservative (1867-1942) (1887/05/13 - 1888/06/15)|Conservative (1867-1942) (1878/09/17 - 1887/02/21)|Conservative (1867-1942) (1867/09/20 - 1874/01/21),Kennebec (1887/05/13 - 1888/06/15)|Gaspé (1878/09/17 - 1887/02/21)|Gaspé (1867/09/20 - 1874/01/21),Quebec|Quebec|Quebec,MP (1878/09/17 - 1887/02/21)|MP (1867/09/20 - 1874/01/21)|Senator (1887/05/13 - 1888/06/15),1823-12-14,False,Verchères,,Lower Canada,False,False,1888-06-15,True
4113,Foste,Asa Belknap,Asa Belknap Foste,M,,Conservative (1867-1942) (1867/10/23 - 1876/02/10),Bedford (1867/10/23 - 1876/02/10),Quebec,Senator (1867/10/23 - 1876/02/10),1817-04-21,False,Newfane,Vermont,United States,False,False,1877-11-01,False
2331,Fournie,Télesphore,Télesphore Fournie,M,,Liberal Party of Canada (1870/08/15 - 1875/10/07),Bellechasse (1870/08/15 - 1875/10/07),Quebec,MP (1870/08/15 - 1875/10/07),1823-08-05,False,Saint-François de la Rivière-du-Sud,,Lower Canada,False,False,1896-05-10,False
762,Galbraith,Daniel,Daniel Galbraith,M,,Liberal Party of Canada (1872/10/12 - 1879/12/17),Lanark North (1872/10/12 - 1879/12/17),Ontario,MP (1872/10/12 - 1879/12/17),1813-02-01,False,Glasgow,,Scotland,False,True,1879-12-17,True
8890,Gaudet,Joseph,Joseph Gaudet,M,,Conservative (1867-1942) (1867/09/20 - 1877/10/30),Nicolet (1867/09/20 - 1877/10/30),Quebec,MP (1867/09/20 - 1877/10/30),1818-05-10,False,Gentilly,,Lower Canada,False,False,1882-08-04,False
12636,Gendron,Pierre Samuel,Pierre Samuel Gendron,M,,Conservative (1867-1942) (1867/09/20 - 1874/01/21),Bagot (1867/09/20 - 1874/01/21),Quebec,MP (1867/09/20 - 1874/01/21),1828-08-31,False,Sainte-Rosalie,,Lower Canada,False,False,1889-06-11,False
15833,Geoffrion,Félix,Félix Geoffrion,M,,Liberal Party of Canada (1874/07/25 - 1894/08/07)|Liberal Party of Canada (1867/09/20 - 1874/07/07),Verchères (1874/07/25 - 1894/08/07)|Verchères (1867/09/20 - 1874/07/07),Quebec|Quebec,MP (1874/07/25 - 1894/08/07)|MP (1867/09/20 - 1874/07/07),1832-10-03,False,Varennes,,Lower Canada,False,True,1894-08-07,True
2673,Gibbs,Thomas Nicholson,Thomas Nicholson Gibbs,M,,Liberal-Conservative (1880/04/03 - 1883/04/07)|Liberal-Conservative (1876/07/05 - 1878/09/16)|Liberal-Conservative (1873/07/07 - 1874/01/21)|Liberal-Conservative (1867/09/20 - 1873/06/13),Newmarket (1880/04/03 - 1883/04/07)|Ontario South (1876/07/05 - 1878/09/16)|Ontario South (1873/07/07 - 1874/01/21)|Ontario South (1867/09/20 - 1873/06/13),Ontario|Ontario|Ontario|Ontario,MP (1876/07/05 - 1878/09/16)|MP (1873/07/07 - 1874/01/21)|MP (1867/09/20 - 1873/06/13)|Senator (1880/04/03 - 1883/04/07),1821-03-11,False,Terrebonne,,Lower Canada,False,False,1883-04-07,True
16619,Gibbs,William Henry,William Henry Gibbs,M,,Conservative (1867-1942) (1876/07/05 - 1878/09/16)|Conservative (1867-1942) (1872/10/12 - 1874/01/21),Ontario North (1876/07/05 - 1878/09/16)|Ontario North (1872/10/12 - 1874/01/21),Ontario|Ontario,MP (1876/07/05 - 1878/09/16)|MP (1872/10/12 - 1874/01/21),1823-11-29,False,Terrebonne,,Lower Canada,False,False,1902-11-05,False
7349,Gibson,William,William Gibson,M,,Independent Liberal (1872/10/12 - 1878/09/16),Dundas (1872/10/12 - 1878/09/16),Ontario,MP (1872/10/12 - 1878/09/16),1815-01-01,True,,Dumfries-shire,Scotland,False,False,1900-02-01,False
3768,Gillies,John,John Gillies,M,,Liberal Party of Canada (1872/10/12 - 1882/06/19),Bruce North (1872/10/12 - 1882/06/19),Ontario,MP (1872/10/12 - 1882/06/19),1837-01-01,True,Kilcolomnell,Argyleshire,Scotland,False,False,1889-12-10,False
16561,Girard,Marc-Amable,Marc-Amable Girard,M,,Conservative (1867-1942) (1871/12/13 - 1892/09/12),St-Boniface (1871/12/13 - 1892/09/12),Manitoba,Senator (1871/12/13 - 1892/09/12),1822-04-25,False,Varennes,,Lower Canada,False,False,1892-09-12,True
7577,Glasie,John,John Glasie,M,,Liberal Party of Canada (1868/03/14 - 1894/07/07),Sunbury (1868/03/14 - 1894/07/07),New Brunswick,Senator (1868/03/14 - 1894/07/07),1809-09-03,False,Lincoln,New Brunswick,Canada,False,False,1894-07-07,True
12553,Glass,David,David Glass,M,,Conservative (1867-1942) (1872/10/12 - 1874/01/21),Middlesex East (1872/10/12 - 1874/01/21),Ontario,MP (1872/10/12 - 1874/01/21),1829-07-20,False,Westminste,,Upper Canada,False,False,1906-07-17,False
1130,Goudge,Monson Henry,Monson Henry Goudge,M,,Liberal Party of Canada (1873/07/05 - 1878/09/16),Hants (1873/07/05 - 1878/09/16),Nova Scotia,MP (1873/07/05 - 1878/09/16),1829-10-22,False,Windso,Nova Scotia,Canada,False,False,1920-03-01,False
8892,Grant,James Alexande,James Alexander Grant,M,,Conservative (1867-1942) (1893/12/07 - 1896/06/22)|Conservative (1867-1942) (1867/09/20 - 1874/01/21),Ottawa (City of) (1893/12/07 - 1896/06/22)|Russell (1867/09/20 - 1874/01/21),Ontario|Ontario,MP (1893/12/07 - 1896/06/22)|MP (1867/09/20 - 1874/01/21),1831-08-11,False,Inverness,,Scotland,False,False,1920-02-05,False
4224,Grove,Peregrine Maitland,Peregrine Maitland Grove,M,,Conservative (1867-1942) (1867/09/20 - 1874/01/21),Peterborough East (1867/09/20 - 1874/01/21),Ontario,MP (1867/09/20 - 1874/01/21),1818-10-17,False,Haldimand Township,,Upper Canada,False,False,1885-05-28,False
5374,Guévremont,Jean-Baptiste,Jean-Baptiste Guévremont,M,,Conservative (1867-1942) (1867/10/23 - 1896/06/14),Saurel (1867/10/23 - 1896/06/14),Quebec,Senator (1867/10/23 - 1896/06/14),1826-09-04,False,Isle-Dupas,,Lower Canada,False,False,1896-12-05,False
14806,Haga,Albert Pete,Albert Peter Haga,M,,Liberal Party of Canada (1867/09/20 - 1878/09/16),Prescott (1867/09/20 - 1878/09/16),Ontario,MP (1867/09/20 - 1878/09/16),1827-01-01,True,North Plantagenet Township,,Upper Canada,False,False,1924-09-14,False
446,Haggart,John Graham,John Graham Haggart,M,,Conservative (1867-1942) (1888/08/15 - 1913/03/13)|Conservative (1867-1942) (1872/10/12 - 1888/08/06),Lanark South (1888/08/15 - 1913/03/13)|Lanark South (1872/10/12 - 1888/08/02),Ontario|Ontario,MP (1888/08/15 - 1913/03/13)|MP (1872/10/12 - 1888/08/02),1836-11-14,False,Perth,,Upper Canada,False,True,1913-03-13,True
8466,Hamilton,John (1802-1882),John (1802-1882) Hamilton,M,,Conservative (1867-1942) (1867/10/23 - 1882/10/10),Kingston (1867/10/23 - 1882/10/10),Ontario,Senator (1867/10/23 - 1882/10/10),1802-01-01,True,Queenston,,Upper Canada,False,False,1882-10-10,True
14809,Hamilton,John (1827-1888),John (1827-1888) Hamilton,M,,Conservative (1867-1942) (1867/10/23 - 1887/05/01),Inkerman (1867/10/23 - 1887/05/01),Quebec,Senator (1867/10/23 - 1887),1827-12-16,False,Hawkesbury,,Upper Canada,False,False,1888-04-03,False
3983,Harvey,William,William Harvey,M,,Liberal Party of Canada (1872/10/12 - 1874/06/14),Elgin East (1872/10/12 - 1874/06/14),Ontario,MP (1872/10/12 - 1874/06/14),1821-04-03,False,Malahide,,Upper Canada,False,True,1874-06-14,True
7992,Harwood,Robert William,Robert William Harwood,M,,Liberal-Conservative (1872/10/12 - 1878/09/16),Vaudreuil (1872/10/12 - 1878/09/16),Quebec,MP (1872/10/12 - 1878/09/16),1826-10-27,False,Montreal,,Lower Canada,False,False,1897-06-29,False
9140,Haviland,Thomas Heath,Thomas Heath Haviland,M,,Conservative (1867-1942) (1873/10/18 - 1879/07/01),Prince Edward Island (1873/10/18 - 1879/07/01),Prince Edward Island,Senator (1873/10/18 - 1879),1822-11-13,False,Charlottetown,Prince Edward Island,Canada,False,False,1895-09-11,False
7321,Haythorne,Robert Poore,Robert Poore Haythorne,M,,Liberal Party of Canada (1873/10/18 - 1891/05/07),Queen's (1873/10/18 - 1891/05/07),Prince Edward Island,Senator (1873/10/18 - 1891/05/07),1815-12-02,False,Clifton,Bristol,England,False,False,1891-05-07,True
4275,Hazen,Robert Leonard,Robert Leonard Hazen,M,,Conservative (1867-1942) (1867/10/23 - 1874/08/15),New Brunswick (1867/10/23 - 1874/08/15),New Brunswick,Senator (1867/10/23 - 1874/08/15),1808-10-15,False,Fredericton,New Brunswick,Canada,False,False,1874-08-15,True
13865,Higinbotham,Nathaniel,Nathaniel Higinbotham,M,,Liberal Party of Canada (1875/03/18 - 1878/09/16)|Liberal Party of Canada (1872/10/12 - 1875/02/03),Wellington North (1875/03/18 - 1878/09/17)|Wellington North (1872/10/12 - 1875/02/03),Ontario|Ontario,MP (1875/03/18 - 1878/09/17)|MP (1872/10/12 - 1875/02/03),1830-01-01,True,,County Cavan,Ireland,False,False,1911-01-09,False
11202,Hincks,Francis,Francis Hincks,M,,Liberal-Conservative (1869/11/13 - 1874/01/21),Vancouver (1872/10/12 - 1874/01/21)|Renfrew North (1869/11/13 - 1872/10/11),British Columbia|Ontario,MP (1872/10/12 - 1874/01/21)|MP (1869/11/13 - 1872/10/11),1807-12-14,False,Cork,,Ireland,False,False,1885-08-18,False
16272,Holmes,John,John Holmes,M,,Conservative (1867-1942) (1867/10/23 - 1876/06/03),Nova Scotia (1867/10/23 - 1876/06/03),Nova Scotia,Senator (1867/10/23 - 1876/06/03),1789-03-01,True,,Ross-shire,Scotland,False,False,1876-06-03,True
10883,Holton,Luther Hamilton,Luther Hamilton Holton,M,,Liberal Party of Canada (1867/09/20 - 1880/03/14),Châteauguay (1867/09/20 - 1880/03/14),Quebec,MP (1867/09/20 - 1880/03/14),1817-01-22,False,Sheffield's Corne,,Upper Canada,False,True,1880-03-14,True
4244,Horton,Horace,Horace Horton,M,,Liberal Party of Canada (1872/10/12 - 1878/10/10),Huron Centre (1872/10/12 - 1878/10/10),Ontario,MP (1872/10/12 - 1878/10/10),1823-10-09,False,Stallisfield,Kent,England,False,False,1902-02-18,False
3928,Howe,Joseph,Joseph Howe,M,,Liberal-Conservative (1869/04/24 - 1873/05/06)|Anti-Confederate (1867/09/20 - 1869/01/29),Hants (1869/04/24 - 1873/05/06)|Hants (1867/09/20 - 1869/01/29),Nova Scotia|Nova Scotia,MP (1869/04/24 - 1873/05/06)|MP (1867/09/20 - 1869/01/29),1804-12-13,False,Halifax,Nova Scotia,Canada,False,False,1873-06-01,False
11438,Howlan,George William,George William Howlan,M,,Liberal Party of Canada (1891/03/25 - 1894/02/01)|Liberal Party of Canada (1881/01/05 - 1891/02/18)|Liberal Party of Canada (1873/10/18 - 1880/12/27),Alberton (1891/03/25 - 1894/02/01)|Alberton (1881/01/05 - 1891/02/18)|Alberton (1873/10/18 - 1880/12/27),Prince Edward Island|Prince Edward Island|Prince Edward Island,Senator (1891/03/25 - 1894)|Senator (1881/01/05 - 1891/02/18)|Senator (1873/10/18 - 1880/12/27),1835-05-19,False,County Waterford,,Ireland,False,False,1901-05-11,False
10630,Huntington,Lucius Seth,Lucius Seth Huntington,M,,Liberal Party of Canada (1867/09/20 - 1882/06/19),Shefford (1867/09/20 - 1882/06/19),Quebec,MP (1867/09/20 - 1882/06/19),1827-05-26,False,Compton,,Lower Canada,False,False,1886-05-19,False
2740,Jetté,Louis-Amable,Louis-Amable Jetté,M,,Liberal Party of Canada (1872/10/12 - 1878/09/16),Montreal East (1872/10/12 - 1878/09/16),Quebec,MP (1872/10/12 - 1878/09/16),1836-01-15,False,L'Assomption,,Lower Canada,False,False,1920-05-05,False
7680,Joly de Lotbinière,Henri Gustave,Henri Gustave Joly de Lotbinière,M,,Liberal Party of Canada (1896/06/23 - 1900/11/06)|Liberal Party of Canada (1867/09/20 - 1874/01/21),Portneuf (1896/06/23 - 1900/11/06)|Lotbinière (1867/09/20 - 1874/01/21),Quebec|Quebec,MP (1896/06/23 - 1900/11/06)|MP (1867/09/20 - 1874/01/21),1829-12-05,False,Epernay,,France,False,False,1908-11-16,False
9614,Jones,Francis,Francis Jones,M,,Conservative (1867-1942) (1867/09/20 - 1874/01/21),Leeds North and Grenville North (1867/09/20 - 1874/01/21),Ontario,MP (1867/09/20 - 1874/01/21),1815-11-01,False,Ballakillane,County Carlow,Ireland,False,False,1887-08-02,False
6642,Kaulback,Henry Adolphus Newman,Henry Adolphus Newman Kaulback,M,,Conservative (1867-1942) (1872/03/27 - 1896/01/08),Lunenburg (1872/03/27 - 1896/01/08),Nova Scotia,Senator (1872/03/27 - 1896/01/08),1830-12-28,False,Lunenburg,Nova Scotia,Canada,False,False,1896-01-08,True
4217,Keele,Joseph,Joseph Keele,M,,Liberal-Conservative (1878/09/17 - 1881/01/21)|Liberal-Conservative (1867/09/20 - 1874/01/21),Northumberland East (1878/09/17 - 1881/01/21)|Northumberland East (1867/09/20 - 1874/01/21),Ontario|Ontario,MP (1878/09/17 - 1881/01/21)|MP (1867/09/20 - 1874/01/21),1824-05-24,False,Cramahe Township,,Upper Canada,False,True,1881-01-21,True
12993,Kenny,Edward,Edward Kenny,M,,Conservative (1867-1942) (1867/10/23 - 1876/04/11),Nova Scotia (1867/10/23 - 1876/04/11),Nova Scotia,Senator (1867/10/23 - 1876/04/11),1800-07-01,True,,County Kerry,Ireland,False,False,1891-05-16,False
3239,Killam,Frank,Frank Killam,M,,Liberal Party of Canada (1869/04/20 - 1882/06/19),Yarmouth (1869/04/20 - 1882/06/19),Nova Scotia,MP (1869/04/20 - 1882/06/19),1843-09-03,False,Yarmouth,Nova Scotia,Canada,False,False,1911-04-23,False
1233,Kirkpatrick,George Airey,George Airey Kirkpatrick,M,,Conservative (1867-1942) (1870/04/27 - 1892/05/30),Frontenac (1870/04/27 - 1892/05/30),Ontario,MP (1870/04/27 - 1892/05/30),1841-09-13,False,Kingston,,Canada West,False,False,1899-12-13,False
4033,Lacerte,Élie,Élie Lacerte,M,,Conservative (1867-1942) (1868/10/30 - 1874/01/21),Saint Maurice (1868/10/30 - 1874/01/21),Quebec,MP (1868/10/30 - 1874/01/21),1821-11-15,False,Saint-Sévère,,Lower Canada,False,False,1898-03-22,False
5621,Lacoste,Louis,Louis Lacoste,M,,Conservative (1867-1942) (1867/10/23 - 1878/11/26),Montarville (1867/10/23 - 1878/11/26),Quebec,Senator (1867/10/23 - 1878/11/26),1798-04-03,False,Boucherville,,Lower Canada,False,False,1878-11-26,True
1891,Laflamme,Toussaint Antoine Rodolphe,Toussaint Antoine Rodolphe Laflamme,M,,Liberal Party of Canada (1876/12/28 - 1878/09/16)|Liberal Party of Canada (1872/10/12 - 1876/11/08),Jacques Cartier (1876/12/28 - 1878/09/16)|Jacques Cartier (1872/10/12 - 1876/11/08),Quebec|Quebec,MP (1876/12/28 - 1878/09/16)|MP (1872/10/12 - 1876/11/08),1827-05-15,False,Montreal,,Lower Canada,False,False,1893-12-07,False
14272,Laird,David,David Laird,M,,Liberal Party of Canada (1873/09/29 - 1876/10/06),Queen's County (1873/09/29 - 1876/10/06),Prince Edward Island,MP (1873/09/29 - 1876/10/06),1833-03-12,False,New Glasgow,Prince Edward Island,Canada,False,False,1914-01-12,False
2955,Landerkin,George,George Landerkin,M,,Liberal Party of Canada (1901/02/16 - 1903/10/04)|Liberal Party of Canada (1882/06/20 - 1900/11/06)|Liberal Party of Canada (1872/10/12 - 1878/09/16),Grey (1901/02/16 - 1903/10/04)|Grey South (1882/06/20 - 1900/11/06)|Grey South (1872/10/12 - 1878/09/16),Ontario|Ontario|Ontario,MP (1882/06/20 - 1900/11/06)|MP (1872/10/12 - 1878/09/16)|Senator (1901/02/16 - 1903/10/04),1839-07-20,False,Simcoe,,Upper Canada,False,False,1903-10-04,True
12908,Langevin,Hector-Louis,Hector-Louis Langevin,M,,Conservative (1867-1942) (1878/11/21 - 1896/06/22)|Conservative (1867-1942) (1877/03/23 - 1878/09/16)|Conservative (1867-1942) (1876/01/22 - 1876/11/05)|Conservative (1867-1942) (1867/09/20 - 1874/01/22),Three Rivers (1891/03/05 - 1896/06/22)|Richelieu (1891/03/05 - 1891/12/14)|Three Rivers (1878/11/21 - 1891/03/04)|Charlevoix (1877/03/23 - 1878/08/17)|Charlevoix (1876/01/22 - 1876/11/05)|Dorchester (1867/09/20 - 1874/01/21),Quebec|Quebec|Quebec|Quebec|Quebec|Quebec,MP (1891/03/05 - 1896/06/22)|MP (1891/03/05 - 1891/12/14)|MP (1878/11/21 - 1891/03/04)|MP (1877/03/23 - 1878/08/17)|MP (1876/01/22 - 1876/11/05)|MP (1867/09/20 - 1874/01/21),1826-08-25,False,Québec,,Lower Canada,False,False,1906-06-11,False
3131,Langlois,Jean,Jean Langlois,M,,Conservative (1867-1942) (1867/12/11 - 1878/09/16),Montmorency (1867/12/11 - 1878/09/16),Quebec,MP (1867/12/11 - 1878/09/16),1824-02-16,False,"Saint-Laurent, Ile-d'Orléans",Quebec,Lower Canada,False,False,1886-03-08,False
729,Lantie,Jacques Philippe,Jacques Philippe Lantie,M,,Conservative (1867-1942) (1872/10/12 - 1882/09/15),Soulanges (1872/10/12 - 1882/09/15),Quebec,MP (1872/10/12 - 1882/09/15),1814-07-21,False,Saint-Joseph-de-Soulanges (Les Cédres),,Lower Canada,False,True,1882-09-15,True
5679,Le Vesconte,Isaac,Isaac Le Vesconte,M,,Conservative (1867-1942) (1869/04/20 - 1874/01/21),Richmond (1869/04/20 - 1874/01/21),Nova Scotia,MP (1869/04/20 - 1874/01/21),1822-08-12,False,Saint-Aubins,Island of Jersey,England,False,False,1879-10-26,False
6345,Leonard,Elijah,Elijah Leonard,M,,Liberal Party of Canada (1867/10/23 - 1891/05/14),London (1867/10/23 - 1891/05/14),Ontario,Senator (1867/10/23 - 1891/05/14),1814-09-10,False,Syracuse,New York,United States,False,False,1891-05-14,True
10939,Leslie,James,James Leslie,M,,Conservative (1867-1942) (1867/10/23 - 1873/12/06),Alma (1867/10/23 - 1873/12/06),Quebec,Senator (1867/10/23 - 1873/12/06),1786-09-04,False,Kai,Kincardine,Scotland,False,False,1873-12-06,True
15209,Letellier de Saint-Just,Luc,Luc Letellier de Saint-Just,M,,Nationalist Liberal (1867/10/23 - 1876/12/14),Grandville (1867/10/23 - 1876/12/14),Quebec,Senator (1867/10/23 - 1876/12/14),1820-05-12,False,Rivière-Ouelle,,Lower Canada,False,False,1881-01-28,False
15107,Lewis,John Bowe,John Bower Lewis,M,,Conservative (1867-1942) (1872/10/12 - 1874/01/24),Ottawa (City of) (1872/10/12 - 1874/01/24),Ontario,MP (1872/10/12 - 1874/01/24),1817-03-18,True,Paris,,France,False,True,1874-01-24,True
621,Little,William Carruthers,William Carruthers Little,M,,Liberal-Conservative (1867/09/20 - 1881/12/31),Simcoe South (1867/09/20 - 1881/12/31),Ontario,MP (1867/09/20 - 1881/12/31),1820-01-01,True,,Gloucestershire,England,False,True,1881-12-31,True
3289,Locke,John,John Locke,M,,Liberal Party of Canada (1867/10/23 - 1873/12/12),Nova Scotia (1867/10/23 - 1873/12/12),Nova Scotia,Senator (1867/10/23 - 1873/12/12),1825-09-15,False,Locke's Island,Nova Scotia,Canada,False,False,1873-12-12,True
136,Macdonald,Augustine Colin,Augustine Colin Macdonald,M,,Conservative (1867-1942) (1891/03/05 - 1900/11/06)|Liberal-Conservative (1883/04/26 - 1887/02/21)|Liberal-Conservative (1878/09/17 - 1882/06/19)|Liberal-Conservative (1873/09/29 - 1874/01/21),King's (1896/06/23 - 1900/11/06)|King's County (1891/03/05 - 1896/06/22)|King's County (1883/04/26 - 1887/02/21)|King's County (1878/09/17 - 1882/06/19)|King's County (1873/09/29 - 1874/01/21),Prince Edward Island|Prince Edward Island|Prince Edward Island|Prince Edward Island|Prince Edward Island,MP (1896/06/23 - 1900/11/06)|MP (1891/03/05 - 1896/06/22)|MP (1883/04/26 - 1887/02/21)|MP (1878/09/17 - 1882/06/19)|MP (1873/09/29 - 1874/01/21),1837-06-30,False,Panmure,Prince Edward Island,Canada,False,False,1919-07-16,False
8309,Macdonald,Donald Alexande,Donald Alexander Macdonald,M,,Liberal Party of Canada (1867/09/20 - 1875/05/17),Glengarry (1867/09/20 - 1875/05/17),Ontario,MP (1867/09/20 - 1875/05/17),1817-02-17,False,Saint-Raphael,,Upper Canada,False,False,1896-06-10,False
4997,Macdonald,John Alexande,John Alexander Macdonald,M,,Liberal-Conservative (1867/07/01 - 1891/06/06),Kingston (1887/02/22 - 1891/06/06)|Carleton (1882/06/20 - 1887/12/29)|Lennox (1882/06/20 - 1883/10/23)|Victoria (1878/09/17 - 1882/06/19)|Marquette (1878/09/17 - 1878/10/15)|Kingston (1874/12/29 - 1878/09/16)|Kingston (1867/09/20 - 1874/11/21),Ontario|Ontario|Ontario|British Columbia|Manitoba|Ontario|Ontario,MP (1887/02/22 - 1891/06/06)|MP (1882/06/20 - 1887/12/29)|MP (1882/06/20 - 1883/10/23)|MP (1878/09/17 - 1882/06/19)|MP (1878/09/17 - 1878/10/15)|MP (1874/12/29 - 1878/09/16)|MP (1867/09/20 - 1874/11/21),1815-01-11,False,Glasgow,,Scotland,False,True,1891-06-06,True
16496,Macdonald,William John,William John Macdonald,M,,Conservative (1867-1942) (1871/12/13 - 1915/04/13),Victoria City (1871/12/13 - 1915/04/13),British Columbia,Senator (1871/12/13 - 1915/04/13),1832-11-29,False,Isle of Skye,,Scotland,False,False,1916-10-25,False
4718,Macfarlane,Alexande,Alexander Macfarlane,M,,Conservative (1867-1942) (1870/10/10 - 1898/12/14),Wallace (1870/10/10 - 1898/12/14),Nova Scotia,Senator (1870/10/10 - 1898/12/14),1818-06-17,False,Wallace,Nova Scotia,Canada,False,False,1898-12-14,True
880,Mackay,Newton LeGayet,Newton LeGayet Mackay,M,,Liberal Party of Canada (1873 - 1878/09/16)|Conservative (1867-1942) (1872/10/12 - 1873),Cape Breton (1872/10/12 - 1878/09/16),Nova Scotia,MP (1872/10/12 - 1878/09/16),1832-01-01,True,Halifax,Nova Scotia,Canada,False,False,1886-05-20,False
16254,Mackenzie,Alexande,Alexander Mackenzie,M,,Liberal Party of Canada (1873/11/25 - 1892/04/17)|Liberal Party of Canada (1867/09/20 - 1873/11/07),York East (1882/06/20 - 1892/04/17)|Lambton (1867/09/20 - 1882/06/19),Ontario|Ontario,MP (1882/06/20 - 1892/04/17)|MP (1867/09/20 - 1882/06/19),1822-01-28,False,Logierait,Perthshire,Scotland,False,True,1892-04-17,True
12651,Macpherson,David Lewis,David Lewis Macpherson,M,,Conservative (1867-1942) (1867/10/23 - 1896/08/16),Saugeen (1867/10/23 - 1896/08/16),Ontario,Senator (1867/10/23 - 1896/08/16),1818-09-12,False,Castle Leathers,Inverness,Scotland,False,False,1896-08-16,True
2230,Mailloux,Élie,Élie Mailloux,M,,Conservative (1867-1942) (1872/10/12 - 1874/01/21),Témiscouata (1872/10/12 - 1874/01/21),Quebec,MP (1872/10/12 - 1874/01/21),1830-10-03,False,Saint-Georges-de-Cacouna,,Lower Canada,False,False,1893-07-03,False
8727,Malhiot,Charles-Christophe,Charles-Christophe Malhiot,M,,Liberal Party of Canada (1867/10/23 - 1874/11/09),De la Vallière (1867/10/23 - 1874/11/09),Quebec,Senator (1867/10/23 - 1874/11/09),1808-10-11,False,Verchères,,Lower Canada,False,False,1874-11-09,True
4984,Masson,Louis-François-Rodrigue,Louis-François-Rodrigue Masson,M,,Conservative (1867-1942) (1890/02/03 - 1903/06/11)|Conservative (1867-1942) (1882/09/29 - 1887/02/01)|Conservative (1867-1942) (1878/11/06 - 1882/06/19)|Conservative (1867-1942) (1867/09/20 - 1878/10/18),Mille Isles (1890/02/03 - 1903/06/11)|Mille Isles (1882/09/29 - 1887/02/01)|Terrebonne (1878/11/06 - 1882/06/19)|Terrebonne (1867/09/20 - 1878/10/18),Quebec|Quebec|Quebec|Quebec,MP (1878/11/06 - 1882/06/19)|MP (1867/09/20 - 1878/10/18)|Senator (1890/02/03 - 1903/06/11)|Senator (1882/09/29 - 1887/02/01),1833-11-06,False,Terrebonne,,Lower Canada,False,False,1903-11-08,False
9461,Mathieu,Michel,Michel Mathieu,M,,Conservative (1867-1942) (1872/10/12 - 1874/01/21),Richelieu (1872/10/12 - 1874/01/21),Quebec,MP (1872/10/12 - 1874/01/21),1838-12-20,False,Sorel,,Lower Canada,False,False,1916-07-30,False
7931,McAdam,John,John McAdam,M,,Liberal-Conservative (1872/10/12 - 1874/01/21),Charlotte (1872/10/12 - 1874/01/21),New Brunswick,MP (1872/10/12 - 1874/01/21),1807-03-28,False,Belfast,,Ireland,False,False,1893-03-15,False
13344,McClelan,Abner Reid,Abner Reid McClelan,M,,Liberal Party of Canada (1867/10/23 - 1896/12/09),New Brunswick (1867/10/23 - 1896/12/09),New Brunswick,Senator (1867/10/23 - 1896/12/09),1831-01-04,False,Hopewell,New Brunswick,Canada,False,False,1917-01-30,False
14373,McDonald,Donald,Donald McDonald,M,,Liberal Party of Canada (1867/10/23 - 1879/01/20),Ontario Divisional (1867/10/23 - 1879/01/20),Ontario (Division),Senator (1867/10/23 - 1879/01/20),1816-01-01,True,Caledonia,New York,United States,False,False,1879-01-20,True
15089,McDonald,Hugh,Hugh McDonald,M,,Liberal-Conservative (1873/07/07 - 1873/11/04)|Liberal-Conservative (1869/01/30 - 1873/06/13)|Anti-Confederate (1867/09/20 - 1869/01/29),Antigonish (1867/09/20 - 1873/11/04),Nova Scotia,MP (1867/09/20 - 1873/11/04),1827-05-04,False,South Rive,Nova Scotia,Canada,False,False,1899-02-28,False
13243,McDonald,James,James McDonald,M,,Conservative (1867-1942) (1878/11/04 - 1881/05/19)|Conservative (1867-1942) (1878/09/17 - 1878/10/16)|Conservative (1867-1942) (1872/10/12 - 1874/01/21),Pictou (1878/11/04 - 1881/05/19)|Pictou (1878/09/17 - 1878/10/16)|Pictou (1872/10/12 - 1874/01/21),Nova Scotia|Nova Scotia|Nova Scotia,MP (1878/11/04 - 1881/05/19)|MP (1878/09/17 - 1878/10/16)|MP (1872/10/12 - 1874/01/21),1828-07-01,False,Bridgeville,Nova Scotia,Canada,False,False,1912-10-03,False
8883,McDonald,William,William McDonald,M,,Conservative (1867-1942) (1872/10/12 - 1916/07/04),Cape Breton (1884/05/12 - 1916/07/04)|Cape Breton (1872/10/12 - 1884/05/11),Nova Scotia|Nova Scotia,MP (1872/10/12 - 1884/05/11)|Senator (1884/05/12 - 1916/07/04),1837-10-07,False,Inverness,Nova Scotia,Canada,False,False,1916-07-04,True
1474,McDonnell,Samuel,Samuel McDonnell,M,,Liberal Party of Canada (1874/01/22 - 1882/06/19)|Conservative (1867-1942) (1872/10/12 - 1874/01/21),Inverness (1872/10/12 - 1882/06/19),Nova Scotia,MP (1872/10/12 - 1882/06/19),1834-01-01,True,St. Andrews,Nova Scotia,Canada,False,False,1910-01-01,False
16821,McDougall,William,William McDougall,M,,Conservative (1867-1942) (1868/10/17 - 1878/11/11),Three Rivers (1868/10/17 - 1878/11/11),Quebec,MP (1868/10/17 - 1878/11/11),1831-01-01,True,,,Scotland,False,False,1886-03-03,False
16773,McGreevy,Thomas,Thomas McGreevy,M,,Liberal-Conservative (1895/04/17 - 1896/06/22)|Liberal-Conservative (1867/09/20 - 1891/09/29),Quebec West (1895/04/17 - 1896/06/22)|Quebec West (1867/09/20 - 1891/09/29),Quebec|Quebec,MP (1895/04/17 - 1896/06/22)|MP (1867/09/20 - 1891/09/29),1825-07-29,False,Québec,,Lower Canada,False,False,1897-01-02,False
5622,McIsaac,Angus,Angus McIsaac,M,,Liberal Party of Canada (1873/12/20 - 1885/09/23),Antigonish (1873/12/20 - 1885/09/23),Nova Scotia,MP (1873/12/20 - 1885/09/23),1842-01-01,True,Antigonish,Nova Scotia,Canada,False,False,1902-06-12,False
16211,McLelan,Archibald Woodbury,Archibald Woodbury McLelan,M,,Conservative (1867-1942) (1887/10/27 - 1888/07/10)|Conservative (1867-1942) (1881/06/18 - 1887/10/03)|Liberal-Conservative (1869/06/21 - 1881/05/20)|Liberal-Conservative (1869/01/30 - 1869/06/20)|Anti-Confederate (1867/09/20 - 1869/01/29),Colchester (1887/10/27 - 1888/07/08)|Colchester (1881/06/18 - 1887/10/03)|Londonderry (1869/06/21 - 1881/05/20)|Colchester (1867/09/20 - 1869/06/20),Nova Scotia|Nova Scotia|Nova Scotia|Nova Scotia,MP (1887/10/27 - 1888/07/08)|MP (1881/06/18 - 1887/10/03)|MP (1867/09/20 - 1869/06/20)|Senator (1869/06/21 - 1881/05/20),1824-12-20,False,Londonderry,Nova Scotia,Canada,False,False,1890-06-26,False
15723,McMaste,William,William McMaste,M,,Liberal Party of Canada (1867/10/23 - 1887/09/22),Midland (1867/10/23 - 1887/09/22),Ontario,Senator (1867/10/23 - 1887/09/22),1811-12-24,False,,County Tyrone,Ireland,False,False,1887-09-22,True
14438,Mercie,Honoré,Honoré Mercie,M,,Liberal Party of Canada (1872/10/12 - 1874/01/21),Rouville (1872/10/12 - 1874/01/21),Quebec,MP (1872/10/12 - 1874/01/21),1840-10-15,False,Saint-Athanase,,Lower Canada,False,False,1894-10-30,False
8543,Merritt,Thomas Rodman,Thomas Rodman Merritt,M,,Liberal Party of Canada (1868/04/13 - 1874/01/21),Lincoln (1868/04/13 - 1874/01/21),Ontario,MP (1868/04/13 - 1874/01/21),1824-10-17,False,Mayville,New York,United States,False,False,1906-01-11,False
3972,Metcalfe,James,James Metcalfe,M,,Liberal Party of Canada (1867/09/20 - 1878/09/16),York East (1867/09/20 - 1878/09/16),Ontario,MP (1867/09/20 - 1878/09/16),1822-01-01,True,Cumberland,,England,False,False,1886-09-13,False
4965,Mille,William,William Mille,M,,Liberal-Conservative (1867/10/23 - 1912/02/23),Richmond (1867/10/23 - 1912/02/23),Nova Scotia,Senator (1867/10/23 - 1912/02/23),1835-02-12,False,Antigonish,Nova Scotia,Canada,False,False,1912-02-23,True
7472,Mills,David,David Mills,M,,Liberal Party of Canada (1896/11/13 - 1902/02/07)|Liberal Party of Canada (1884/02/25 - 1896/06/22)|Liberal Party of Canada (1876/11/15 - 1882/06/19)|Liberal Party of Canada (1867/09/20 - 1876/10/23),Bothwell (1896/11/13 - 1902/02/07)|Bothwell (1884/02/25 - 1896/06/22)|Bothwell (1876/11/15 - 1882/06/19)|Bothwell (1867/09/20 - 1876/10/23),Ontario|Ontario|Ontario|Ontario,MP (1884/02/25 - 1896/06/22)|MP (1876/11/15 - 1882/06/19)|MP (1867/09/20 - 1876/10/23)|Senator (1896/11/13 - 1902/02/07),1831-03-18,False,Oxford Township,,Upper Canada,False,False,1903-05-08,False
8592,Mills,Samuel,Samuel Mills,M,,Conservative (1867-1942) (1867/10/23 - 1874/01/24),Ontario (1867/10/23 - 1874/01/24),Ontario,Senator (1867/10/23 - 1874/01/24),1806-12-01,False,Hamilton,,Upper Canada,False,False,1874-01-24,True
12742,Mitchell,Pete,Peter Mitchell,M,,Independent Liberal (1887/02/22 - 1891/03/04)|Independent (1882/06/20 - 1887/02/21)|Independent (1878/02/05 - 1878/09/16)|Independent (1872/10/12 - 1878/01/14)|Liberal-Conservative (1867/10/23 - 1872/07/13),Northumberland (1882/06/20 - 1891/03/04)|Northumberland (1878/02/05 - 1878/09/16)|Northumberland (1872/10/12 - 1878/01/14)|New Brunswick (1867/10/23 - 1872/07/13),New Brunswick|New Brunswick|New Brunswick|New Brunswick,MP (1882/06/20 - 1891/03/04)|MP (1878/02/05 - 1878/09/16)|MP (1872/10/12 - 1878/01/14)|Senator (1867/10/23 - 1872/07/13),1824-01-04,False,Newcastle,New Brunswick,Canada,False,False,1899-10-25,False
10747,Moffat,George,George Moffat,M,,Conservative (1867-1942) (1870/11/29 - 1877/12/31),Restigouche (1870/11/29 - 1877/12/31),New Brunswick,MP (1870/11/29 - 1877/12/31),1810-01-01,True,Gretna Green,Dumfries-shire,Scotland,False,False,1878-05-13,False
9612,Montgomery,Donald,Donald Montgomery,M,,Conservative (1867-1942) (1873/10/18 - 1893/07/31),Park Corner (1873/10/18 - 1893/07/31),Prince Edward Island,Senator (1873/10/18 - 1893/07/31),1808-01-19,False,Princetown,Prince Edward Island,Canada,False,False,1893-07-31,True
9883,Morrison,Angus,Angus Morrison,M,,Conservative (1867-1942) (1867/09/20 - 1874/01/21),Niagara (1867/09/20 - 1874/01/21),Ontario,MP (1867/09/20 - 1874/01/21),1822-01-20,False,Edinburgh,,Scotland,False,False,1882-06-10,False
14629,Moss,Thomas,Thomas Moss,M,,Liberal Party of Canada (1873/12/18 - 1875/10/02),Toronto West (1873/12/18 - 1875/10/02),Ontario,MP (1873/12/18 - 1875/10/02),1836-08-20,False,Cobourg,,Upper Canada,False,False,1881-01-04,False
13230,Muirhead,William,William Muirhead,M,,Liberal Party of Canada (1873/01/04 - 1884/12/29),Chatham (1873/01/04 - 1884/12/29),New Brunswick,Senator (1873/01/04 - 1884/12/29),1819-04-04,False,Pictou,Nova Scotia,Canada,False,False,1884-12-29,True
11960,Nathan,Henry,Henry Nathan,M,,Liberal Party of Canada (1871/11/24 - 1874/01/21),Victoria (1871/11/24 - 1874/01/21),British Columbia,MP (1871/11/24 - 1874/01/21),1842-09-03,False,London,,England,False,False,1914-02-05,False
7047,Nelson,Hugh,Hugh Nelson,M,,Liberal-Conservative (1879/12/12 - 1887/03/01)|Liberal-Conservative (1871/12/13 - 1874/01/21),Barkerville (1879/12/12 - 1887/03/01)|New Westminster (1872/10/12 - 1874/01/21)|New Westminster District (1871/12/13 - 1872/10/11),British Columbia|British Columbia|British Columbia,MP (1872/10/12 - 1874/01/21)|MP (1871/12/13 - 1872/10/11)|Senator (1879/12/12 - 1887),1830-05-25,False,Larne,County Antrim,Ireland,False,False,1893-03-03,False
12777,Northup,Jeremiah,Jeremiah Northup,M,,Liberal Party of Canada (1870/10/10 - 1879/04/10),Halifax (1870/10/10 - 1879/04/10),Nova Scotia,Senator (1870/10/10 - 1879/04/10),1816-01-01,True,Falmouth,Nova Scotia,Canada,False,False,1879-04-10,True
13640,O'Conno,John,John O'Conno,M,,Conservative (1867-1942) (1878/11/04 - 1882/06/19)|Conservative (1867-1942) (1878/09/17 - 1878/11/03)|Conservative (1867-1942) (1867/09/20 - 1874/01/21),Russell (1878/11/04 - 1882/06/19)|Russell (1878/09/17 - 1878/10/16)|Essex (1867/09/20 - 1874/01/21),Ontario|Ontario|Ontario,MP (1878/11/04 - 1882/06/19)|MP (1878/09/17 - 1878/10/16)|MP (1867/09/20 - 1874/01/21),1824-01-01,True,Boston,Massachusetts,United States,False,False,1887-11-03,False
9138,O'Reilly,James,James O'Reilly,M,,Liberal-Conservative (1872/10/12 - 1874/01/21),Renfrew South (1872/10/12 - 1874/01/21),Ontario,MP (1872/10/12 - 1874/01/21),1823-09-16,False,Westport,County Mayo,Ireland,False,False,1875-05-15,False
13805,Odell,William Hunte,William Hunter Odell,M,,Conservative (1867-1942) (1867/10/23 - 1891/07/25),Rockwood (1867/10/23 - 1891/07/25),New Brunswick,Senator (1867/10/23 - 1891/07/25),1811-11-26,False,,New Brunswick,Canada,False,False,1891-07-25,True
1200,Olive,Thomas,Thomas Olive,M,,Liberal Party of Canada (1867/09/20 - 1880/11/08),Oxford North (1867/09/20 - 1880/11/08),Ontario,MP (1867/09/20 - 1880/11/08),1821-01-01,True,Kildonan,Sutherlandshire,Scotland,False,True,1880-11-08,True
16471,Olivie,Louis Auguste,Louis Auguste Olivie,M,,Liberal Party of Canada (1867/10/23 - 1873/09/08),De Lanaudière (1867/10/23 - 1873/09/08),Quebec,Senator (1867/10/23 - 1873/09/08),1816-11-01,False,Berthier-en-Haut,,Lower Canada,False,False,1881-09-18,False
5721,Ouimet,Joseph-Aldéric,Joseph-Aldéric Ouimet,M,,Liberal-Conservative (1873/10/28 - 1908/10/25),Laval (1892/01/25 - 1896/06/22)|Laval (1873/10/28 - 1892/01/10),Quebec|Quebec,MP (1892/01/25 - 1896/06/22)|MP (1873/10/28 - 1892/01/10),1847-05-21,False,Sainte-Rose,,Canada East,False,False,1916-05-12,False
3203,Palme,Acalus Lockwood,Acalus Lockwood Palme,M,,Liberal Party of Canada (1872/10/12 - 1878/09/16),St. John (City and County of) (1872/10/12 - 1878/09/16),New Brunswick,MP (1872/10/12 - 1878/09/16),1820-08-28,False,Sackville,New Brunswick,Canada,False,False,1899-08-10,False
105,Panet,Louis,Louis Panet,M,,Conservative (1867-1942) (1871/02/10 - 1874/03/26),La Salle (1871/02/10 - 1874/03/26),Quebec,Senator (1871/02/10 - 1874/03/26),1794-03-19,False,Québec,Quebec,Canada,False,False,1884-05-15,False
5120,Pâquet,Anselme Homère,Anselme Homère Pâquet,M,,Liberal Party of Canada (1867/09/20 - 1891/12/22),De la Vallière (1874/12/09 - 1891/12/22)|Berthier (1867/09/20 - 1874/12/08),Quebec|Quebec,MP (1867/09/20 - 1874/12/08)|Senator (1874/12/09 - 1891/12/22),1830-09-29,False,Saint-Cuthbert,,Lower Canada,False,False,1891-12-22,True
8696,Paterson,William,William Paterson,M,,Liberal Party of Canada (1896/08/25 - 1911/09/20)|Liberal Party of Canada (1872/10/12 - 1896/06/22),Brant (1904/11/03 - 1911/09/20)|Wentworth North and Brant (1900/11/07 - 1904/11/02)|Grey North (1896/08/25 - 1900/11/06)|Brant South (1872/10/12 - 1896/06/22),Ontario|Ontario|Ontario|Ontario,MP (1904/11/03 - 1911/09/20)|MP (1900/11/07 - 1904/11/02)|MP (1896/08/25 - 1900/11/06)|MP (1872/10/12 - 1896/06/22),1839-09-19,False,Hamilton,,Upper Canada,False,False,1914-03-18,False
12039,Pearson,Frederick M.,Frederick M. Pearson,M,,Liberal Party of Canada (1870/11/08 - 1874/01/21),Colchester (1870/11/08 - 1874/01/21),Nova Scotia,MP (1870/11/08 - 1874/01/21),1827-02-13,False,Pictou,Nova Scotia,Canada,False,False,1875-04-21,False
8621,Pelletie,Charles Alphonse Pantaléon,Charles Alphonse Pantaléon Pelletie,M,,Liberal Party of Canada (1869/02/17 - 1904/09/01),Grandville (1877/02/02 - 1904/09/01)|Kamouraska (1869/02/17 - 1877/02/01),Quebec|Quebec,MP (1869/02/17 - 1877/02/01)|Senator (1877/02/02 - 1904),1837-01-22,False,Rivière-Ouelle,,Lower Canada,False,False,1911-04-29,False
7224,Perry,Ebeneze,Ebenezer Perry,M,,Conservative (1867-1942) (1871/02/02 - 1876/05/01),Ontario (1871/02/02 - 1876/05/01),Ontario,Senator (1871/02/02 - 1876/05/01),1788-09-29,False,Ernestown,,Upper Canada,False,False,1876-05-01,True
7956,Pickard,John,John Pickard,M,,Independent Liberal (1868/10/28 - 1883/12/17),York (1868/10/28 - 1883/12/17),New Brunswick,MP (1868/10/28 - 1883/12/17),1824-04-27,False,Douglas,New Brunswick,Canada,False,True,1883-12-17,True
1960,Pinsonneault,Alfred,Alfred Pinsonneault,M,,Conservative (1867-1942) (1867/09/20 - 1887/02/21),Laprairie (1867/09/20 - 1887/02/21),Quebec,MP (1867/09/20 - 1887/02/21),1829-01-01,True,Saint-Jacques-le-Mineu,,Lower Canada,False,False,1897-08-20,False
16748,Pope,James Colledge,James Colledge Pope,M,,Conservative (1867-1942) (1878/11/09 - 1882/06/19)|Conservative (1867-1942) (1876/11/22 - 1878/10/18)|Conservative (1867-1942) (1873/09/29 - 1874/01/21),Queen's County (1878/11/09 - 1882/06/19)|Queen's County (1876/11/22 - 1878/10/18)|Prince County (1873/09/29 - 1874/01/21),Prince Edward Island|Prince Edward Island|Prince Edward Island,MP (1878/11/09 - 1882/06/19)|MP (1876/11/22 - 1878/10/18)|MP (1873/09/29 - 1874/01/21),1826-06-11,False,Bedeque,Prince Edward Island,Canada,False,False,1885-05-18,False
13479,Pope,John Henry,John Henry Pope,M,,Liberal-Conservative (1878/11/04 - 1889/04/01)|Liberal-Conservative (1871/11/11 - 1878/10/16)|Liberal-Conservative (1867/09/20 - 1871/10/24),Compton (1878/11/04 - 1889/04/01)|Compton (1871/11/11 - 1878/10/16)|Compton (1867/09/20 - 1871/10/24),Quebec|Quebec|Quebec,MP (1878/11/04 - 1889/04/01)|MP (1871/11/11 - 1878/10/16)|MP (1867/09/20 - 1871/10/24),1819-12-19,False,Eaton Township,,Lower Canada,False,True,1889-04-01,True
3634,Poze,Christian Henry,Christian Henry Poze,M,,Nationalist (1876/09/20 - 1884/07/18)|Liberal Party of Canada (1867/09/20 - 1876/09/19),Lauzon (1876/09/20 - 1884/07/18)|Beauce (1867/09/20 - 1876/09/19),Quebec|Quebec,MP (1867/09/20 - 1876/09/19)|Senator (1876/09/20 - 1884/07/18),1835-12-26,False,Saint-Georges d'Aubert-Gallion,,Lower Canada,False,False,1884-07-18,True
15644,Prévost,Wilfrid,Wilfrid Prévost,M,,Liberal Party of Canada (1872/10/12 - 1875/01/14),Two Mountains (1872/10/12 - 1875/01/14),Quebec,MP (1872/10/12 - 1875/01/14),1832-04-30,False,Sainte-Anne-des-Plaines,,Lower Canada,False,False,1898-02-15,False
2767,Price,David Edward,David Edward Price,M,,Conservative (1867-1942) (1867/10/23 - 1883/08/22),The Laurentides (1867/10/23 - 1883/08/22),Quebec,Senator (1867/10/23 - 1883/08/22),1826-05-11,False,Québec,Quebec,Canada,False,False,1883-08-22,True
3792,Price,William Evan,William Evan Price,M,,Liberal-Conservative (1872/10/12 - 1874/01/21),Chicoutimi--Saguenay (1872/10/12 - 1874/01/21),Quebec,MP (1872/10/12 - 1874/01/21),1827-11-17,False,Wolfesfield,,Lower Canada,False,False,1880-06-12,False
9309,Ray,William Hallett,William Hallett Ray,M,,Liberal Party of Canada (1882/06/20 - 1887/02/21)|Liberal Party of Canada (1869/01/30 - 1878/09/16)|Anti-Confederate (1867/09/20 - 1869/01/29),Annapolis (1882/06/20 - 1887/02/21)|Annapolis (1867/09/20 - 1878/09/16),Nova Scotia|Nova Scotia,MP (1882/06/20 - 1887/02/21)|MP (1867/09/20 - 1878/09/16),1825-05-25,False,Clementsport,Nova Scotia,Canada,False,False,1909-05-07,False
13113,Read,Robert,Robert Read,M,,Conservative (1867-1942) (1867/09/20 - 1896/06/29),Quinté (1871/02/24 - 1896/06/29)|Hastings East (1867/09/20 - 1871/02/23),Ontario|Ontario,MP (1867/09/20 - 1871/02/23)|Senator (1871/02/24 - 1896/06/29),1814-12-11,False,Fressingfield,Suffolk,England,False,False,1896-06-29,True
638,Reeso,David,David Reeso,M,,Liberal Party of Canada (1867/10/23 - 1901/1),King's (1867/10/23 - 1901/1),Ontario,Senator (1867/10/23 - 1901/1),1823-01-18,False,Markham,,Upper Canada,False,False,1902-04-28,False
3555,Renaud,Louis,Louis Renaud,M,,Conservative (1867-1942) (1867/10/23 - 1873/10/30),De Salaberry (1867/10/23 - 1873/10/30),Quebec,Senator (1867/10/23 - 1873/10/30),1818-10-03,False,Montreal,Quebec,Canada,False,False,1878-11-13,False
5757,Richard,Édouard Émery,Édouard Émery Richard,M,,Liberal Party of Canada (1872/10/12 - 1878/09/17),Mégantic (1872/10/12 - 1878/09/16),Quebec,MP (1872/10/12 - 1878/09/16),1844-03-14,False,Princeville,,Canada East,False,False,1904-03-27,False
5545,Richards,Albert Norton,Albert Norton Richards,M,,Liberal Party of Canada (1872/10/12 - 1874/01/21),Leeds South (1872/10/12 - 1874/01/21),Ontario,MP (1872/10/12 - 1874/01/21),1822-12-08,False,Brockville,,Upper Canada,False,False,1897-03-06,False
12738,Riel,Louis,Louis Riel,M,,Independent (1874/09/03 - 1875/02/25)|Independent (1873/10/13 - 1874/04/16),Provencher (1874/09/03 - 1875/02/25)|Provencher (1873/10/13 - 1874/04/16),Manitoba|Manitoba,MP (1874/09/03 - 1875/02/25)|MP (1873/10/13 - 1874/04/16),1844-10-23,False,Saint-Boniface,Manitoba,Canada,False,False,1885-11-16,False
16397,Robertson,John,John Robertson,M,,Liberal Party of Canada (1867/10/23 - 1876/08/03),New Brunswick (1867/10/23 - 1876/08/03),New Brunswick,Senator (1867/10/23 - 1876/08/03),1799-01-01,True,,Perthshire,Scotland,False,False,1876-08-03,True
15218,Robillard,Ulysse Janvie,Ulysse Janvier Robillard,M,,Independent Conservative (1872/10/12 - 1878/09/16),Beauharnois (1872/10/12 - 1878/09/16),Quebec,MP (1872/10/12 - 1878/09/16),1826-01-01,True,Sainte-Geneviève,,Lower Canada,False,False,1900-01-01,False
9213,Robinson,John Beverley,John Beverley Robinson,M,,Conservative (1867-1942) (1875/11/06 - 1880/06/30)|Conservative (1867-1942) (1872/10/12 - 1874/01/21),Toronto West (1875/11/06 - 1880/06/30)|Algoma (1872/10/12 - 1874/01/21),Ontario|Ontario,MP (1875/11/06 - 1880/06/30)|MP (1872/10/12 - 1874/01/21),1821-02-21,False,York,,Upper Canada,False,False,1896-06-19,False
7944,Robitaille,Théodore,Théodore Robitaille,M,,Conservative (1867-1942) (1885/01/29 - 1897/08/17)|Conservative (1867-1942) (1873/02/15 - 1879/07/25)|Conservative (1867-1942) (1867/09/20 - 1873/01/29),Gulf (1885/01/29 - 1897/08/17)|Bonaventure (1873/02/15 - 1879/07/25)|Bonaventure (1867/09/20 - 1873/01/29),Quebec|Quebec|Quebec,MP (1873/02/15 - 1879/07/25)|MP (1867/09/20 - 1873/01/29)|Senator (1885/01/29 - 1897/08/17),1834-01-29,False,Varennes,,Lower Canada,False,False,1897-08-17,True
10559,Rocheste,John,John Rocheste,M,,Conservative (1867-1942) (1872/10/12 - 1882/06/19),Carleton (1872/10/12 - 1882/06/19),Ontario,MP (1872/10/12 - 1882/06/19),1822-05-22,False,Rouse's Point,New York,United States,False,False,1894-09-19,False
9830,Ross,George William,George William Ross,M,,Liberal Party of Canada (1907/01/15 - 1914/03/07)|Liberal Party of Canada (1872/10/12 - 1883/10/01),Middlesex (1907/01/15 - 1914/03/07)|Middlesex West (1872/10/12 - 1883/10/01),Ontario|Ontario,MP (1872/10/12 - 1883/10/01)|Senator (1907/01/15 - 1914/03/07),1841-09-18,False,Nairn,,Canada West,False,False,1914-03-07,True
12851,Ross,James,James Ross,M,,Liberal Party of Canada (1869/01/18 - 1874/12/12),Wellington Centre (1869/01/18 - 1874/01/21),Ontario,MP (1869/01/18 - 1874/01/21),1817-10-01,True,Arnage,Aberdeenshire,Scotland,False,False,1895-07-16,False
9560,Ross,John Jones,John Jones Ross,M,,Conservative (1867-1942) (1887/04/12 - 1901/05/04)|Conservative (1867-1942) (1867/09/20 - 1874/01/21),De la Durantaye (1887/04/12 - 1901/05/04)|Champlain (1867/09/20 - 1874/01/21),Quebec|Quebec,MP (1867/09/20 - 1874/01/21)|Senator (1887/04/12 - 1901/05/04),1831-08-16,False,Québec,,Lower Canada,False,False,1901-05-04,True
12391,Ross,Lewis,Lewis Ross,M,,Liberal (Reformer) (1872/10/12 - 1878/09/16),Durham East (1872/10/12 - 1878/09/16),Ontario,MP (1872/10/12 - 1878/09/16),1825-01-01,True,Fearn Parish,Ross-shire,Scotland,False,False,1882-09-20,False
6353,Ross,Walte,Walter Ross,M,,Liberal Party of Canada (1867/09/20 - 1878/09/16),Prince Edward (1867/09/20 - 1878/09/16),Ontario,MP (1867/09/20 - 1878/09/16),1817-01-01,True,Fearn Parish,Ross-shire,Scotland,False,False,1888-11-12,False
9294,Ross,William,William Ross,M,,Liberal Party of Canada (1905/05/18 - 1912/03/17)|Liberal Party of Canada (1900/11/07 - 1904/11/02)|Liberal Party of Canada (1873/12/20 - 1874/11/04)|Liberal Party of Canada (1869/01/30 - 1873/11/06)|Anti-Confederate (1867/09/20 - 1869/01/29),Victoria (1905/05/18 - 1912/03/17)|Victoria (1900/11/07 - 1904/11/02)|Victoria (1867/09/20 - 1874/09/20),Nova Scotia|Nova Scotia|Nova Scotia,MP (1900/11/07 - 1904/11/02)|MP (1867/09/20 - 1874/09/20)|Senator (1905/05/18 - 1912/03/17),1824-12-20,False,Bouladerie,Nova Scotia,Canada,False,False,1912-03-17,True
15896,Ryan,Michael Patrick,Michael Patrick Ryan,M,,Liberal-Conservative (1878/09/17 - 1882/06/19)|Liberal-Conservative (1868/04/20 - 1874/10/31),Montreal Centre (1878/09/17 - 1882/06/19)|Montreal Centre (1872/10/12 - 1874/10/31)|Montreal West (1868/04/20 - 1872/10/11),Quebec|Quebec|Quebec,MP (1878/09/17 - 1882/06/19)|MP (1872/10/12 - 1874/10/31)|MP (1868/04/20 - 1872/10/11),1825-09-29,False,"Palis, Donohill",County Tipperary,Ireland,False,False,1893-01-18,False
15982,Ryan,Thomas,Thomas Ryan,M,,Liberal-Conservative (1867/10/23 - 1889/05/25),Victoria (1867/10/23 - 1889/05/25),Quebec,Senator (1867/10/23 - 1889/05/25),1804-08-21,False,Balinahill,County Kildare,Ireland,False,False,1889-05-25,True
7941,Rymal,Joseph,Joseph Rymal,M,,Liberal Party of Canada (1867/09/20 - 1882/06/19),Wentworth South (1867/09/20 - 1882/06/19),Ontario,MP (1867/09/20 - 1882/06/19),1821-11-17,False,Barton Township,,Upper Canada,False,False,1900-12-15,False
5959,Savary,Alfred William,Alfred William Savary,M,,Conservative (1867-1942) (1869/01/30 - 1874/01/21)|Anti-Confederate (1867/09/20 - 1869/01/29),Digby (1867/09/20 - 1874/01/21),Nova Scotia,MP (1867/09/20 - 1874/01/21),1831-10-10,False,Plympton,Nova Scotia,Canada,False,False,1920-03-09,False
2496,Scatcherd,Thomas,Thomas Scatcherd,M,,Liberal Party of Canada (1867/09/20 - 1876/04/15),Middlesex North (1867/09/20 - 1876/04/15),Ontario,MP (1867/09/20 - 1876/04/15),1823-11-10,False,Wyton,,Upper Canada,False,True,1876-04-15,True
11770,Schultz,John Christian,John Christian Schultz,M,,Liberal-Conservative (1882/09/23 - 1888/07/01)|Conservative (1867-1942) (1871/03/02 - 1882/06/19),Manitoba (1882/09/23 - 1888/07/01)|Lisgar (1871/03/02 - 1882/06/19),Manitoba|Manitoba,MP (1871/03/02 - 1882/06/19)|Senator (1882/09/23 - 1888/07/01),1840-01-01,False,Amherstburg,,Upper Canada,False,False,1896-04-13,False
9233,Scrive,Julius,Julius Scrive,M,,Liberal Party of Canada (1869/10/30 - 1900/11/06),Huntingdon (1869/10/30 - 1900/11/06),Quebec,MP (1869/10/30 - 1900/11/06),1826-02-05,False,Hemmingford,,Lower Canada,False,False,1907-09-05,False
16638,Seymou,Benjamin,Benjamin Seymou,M,,Conservative (1867-1942) (1867/10/23 - 1880/03/23),Newcastle (1867/10/23 - 1880/03/23),Ontario,Senator (1867/10/23 - 1880/03/23),1806-01-01,True,Fredericksburg,,Upper Canada,False,False,1880-03-23,True
12263,Shaw,James,James Shaw,M,,Conservative (1867-1942) (1867/10/23 - 1878/02/06),Ontario (1867/10/23 - 1878/02/06),Ontario,Senator (1867/10/23 - 1878/02/06),1797-01-01,True,,County Wexford,Ireland,False,False,1878-02-06,True
6493,Shibley,Schuyle,Schuyler Shibley,M,,Liberal-Conservative (1874/10/28 - 1878/09/16)|Conservative (1867-1942) (1874/01/22 - 1874/09/21)|Liberal-Conservative (1872/10/12 - 1874/01/21),Addington (1874/10/28 - 1878/09/16)|Addington (1872/10/12 - 1874/09/21),Ontario|Ontario,MP (1874/10/28 - 1878/09/16)|MP (1872/10/12 - 1874/09/21),1820-03-19,False,Portland,,Upper Canada,False,False,1890-12-19,False
2887,Simpson,John,John Simpson,M,,Liberal Party of Canada (1867/10/23 - 1885/03/21),Bowmanville (1867/10/23 - 1885/03/21),Ontario,Senator (1867/10/23 - 1885/03/21),1812-05-12,False,Rothes,,Scotland,False,False,1885-03-21,True
16439,Sinclai,Pete,Peter Sinclai,M,,Liberal Party of Canada (1873/09/29 - 1878/09/16),Queen's County (1873/09/29 - 1878/09/16),Prince Edward Island,MP (1873/09/29 - 1878/09/16),1819-11-13,False,Glendaruel,Argyleshire,Scotland,False,False,1906-10-09,False
6787,Skead,James,James Skead,M,,Conservative (1867-1942) (1881/12/24 - 1884/07/05)|Conservative (1867-1942) (1867/10/23 - 1881/01/20),Rideau (1881/12/24 - 1884/07/05)|Rideau (1867/10/23 - 1881/01/20),Ontario|Ontario,Senator (1881/12/24 - 1884/07/05)|Senator (1867/10/23 - 1881/01/20),1816-12-31,False,Moresby,Cumbria,England,False,False,1884-07-05,True
5873,Smith,Albert James,Albert James Smith,M,,Liberal Party of Canada (1873/11/28 - 1882/06/19)|Liberal Party of Canada (1867/09/20 - 1873/11/06),Westmorland (1867/09/20 - 1882/06/19),New Brunswick,MP (1867/09/20 - 1882/06/19),1822-03-12,False,Shediac,New Brunswick,Canada,False,False,1883-06-30,False
7518,Smith,Donald Alexande,Donald Alexander Smith,M,,Independent Conservative (1887/02/22 - 1896/06/23)|Independent Conservative (1871/03/02 - 1880/05/13),Montreal West (1887/02/22 - 1896/06/22)|Selkirk (1871/03/02 - 1880/05/13),Quebec|Manitoba,MP (1887/02/22 - 1896/06/22)|MP (1871/03/02 - 1880/05/13),1820-08-06,False,Forres,Morayshire,Scotland,False,False,1914-01-21,False
2391,Smith,Frank,Frank Smith,M,,Conservative (1867-1942) (1871/02/02 - 1900),Toronto (1871/02/02 - 1901/01/17),Ontario,Senator (1871/02/02 - 1901/01/17),1822-03-13,False,Richill,Armagh,Ireland,False,False,1901-01-17,True
4092,Smith,Robert,Robert Smith,M,,Liberal Party of Canada (1872/10/12 - 1878/09/16),Peel (1872/10/12 - 1878/09/16),Ontario,MP (1872/10/12 - 1878/09/16),1819-04-11,False,,County Armagh,Ireland,False,False,1900-09-19,False
12701,Snide,George,George Snide,M,,Liberal Party of Canada (1867/09/20 - 1878/09/16),Grey North (1867/09/20 - 1878/09/16),Ontario,MP (1867/09/20 - 1878/09/16),1813-01-31,False,Eglinton,,Upper Canada,False,False,1885-06-23,False
998,Staples,Joseph,Joseph Staples,M,,Conservative (1867-1942) (1872/10/12 - 1874/01/21),Victoria North (1872/10/12 - 1874/01/21),Ontario,MP (1872/10/12 - 1874/01/21),1826-01-01,True,Cavan,,Upper Canada,False,False,1878-03-21,False
8239,Steeves,William Henry,William Henry Steeves,M,,Liberal Party of Canada (1867/10/23 - 1873/12/09),New Brunswick (1867/10/23 - 1873/12/09),New Brunswick,Senator (1867/10/23 - 1873/12/09),1814-05-20,False,Hillsborough,New Brunswick,Canada,False,False,1873-12-09,True
15331,Stephenson,Rufus,Rufus Stephenson,M,,Conservative (1867-1942) (1867/09/20 - 1882/06/19),Kent (1867/09/20 - 1882/06/19),Ontario,MP (1867/09/20 - 1882/06/19),1835-01-14,False,Springfield,Massachusetts,United States,False,False,1901-02-15,False
10437,Stirton,David,David Stirton,M,,Liberal Party of Canada (1867/09/20 - 1876/05/24),Wellington South (1867/09/20 - 1876/05/24),Ontario,MP (1867/09/20 - 1876/05/24),1816-01-01,True,,Forfarshire,Scotland,False,False,1908-08-16,False
5790,Sutherland,John,John Sutherland,M,,Independent Conservative (1871/12/13 - 1899/04/13),Kildonan (1871/12/13 - 1899/04/13),Manitoba,Senator (1871/12/13 - 1899/04/13),1821-08-23,False,Red River Settlement,Northwest Territories,Canada,False,False,1899-04-27,False
14579,Taschereau,Henri Thomas,Henri Thomas Taschereau,M,,Liberal Party of Canada (1872/10/12 - 1878/09/16),Montmagny (1872/10/12 - 1878/09/16),Quebec,MP (1872/10/12 - 1878/09/16),1841-10-06,False,Québec,,Canada East,False,False,1909-10-11,False
8064,Thompson,David,David Thompson,M,,Liberal Party of Canada (1867/09/20 - 1886/04/18),Haldimand (1867/09/20 - 1886/04/18),Ontario,MP (1867/09/20 - 1886/04/18),1836-12-07,False,Wainfleet Township,,Upper Canada,False,True,1886-04-18,True
2847,Thompson,Joshua Spence,Joshua Spencer Thompson,M,,Liberal-Conservative (1871/12/19 - 1880/12/20),Cariboo (1871/12/19 - 1880/12/20),British Columbia,MP (1871/12/19 - 1880/12/20),1828-01-01,True,Belfast,,Ireland,False,True,1880-12-20,True
4434,Thomson,William Alexande,William Alexander Thomson,M,,Liberal Party of Canada (1872/11/23 - 1878/09/16),Welland (1872/11/23 - 1878/09/16),Ontario,MP (1872/11/23 - 1878/09/16),1816-11-01,True,,Wigtonshire,Scotland,False,False,1878-10-01,False
12349,Tilley,Samuel Leonard,Samuel Leonard Tilley,M,,Liberal-Conservative (1878/11/04 - 1885/11/10)|Liberal-Conservative (1878/09/17 - 1878/10/16)|Liberal-Conservative (1867/09/20 - 1873/11/15),St. John (City of ) (1878/11/04 - 1885/11/11)|St. John (City of ) (1878/09/17 - 1878/10/16)|St. John (City of ) (1867/09/20 - 1873/11/04),New Brunswick|New Brunswick|New Brunswick,MP (1878/11/04 - 1885/11/11)|MP (1878/09/17 - 1878/10/16)|MP (1867/09/20 - 1873/11/04),1818-05-08,False,Gagetown,New Brunswick,Canada,False,False,1896-06-25,False
10769,Tobin,Stephen,Stephen Tobin,M,,Liberal Party of Canada (1872/10/12 - 1874/01/21),Halifax (1872/10/12 - 1874/01/21),Nova Scotia,MP (1872/10/12 - 1874/01/21),1836-01-01,True,Halifax,Nova Scotia,Canada,False,False,1905-10-10,False
15314,Tourangeau,Adolphe Guillet dit,Adolphe Guillet dit Tourangeau,M,,Conservative (1867-1942) (1870/07/18 - 1874/01/21),Quebec East (1870/07/18 - 1874/01/21),Quebec,MP (1870/07/18 - 1874/01/21),1831-01-15,False,Québec,,Lower Canada,False,False,1894-10-09,False
8400,Tremblay,Pierre Alexis,Pierre Alexis Tremblay,M,,Liberal Party of Canada (1878/09/17 - 1879/01/04)|Liberal Party of Canada (1867/09/20 - 1875/08/23),Charlevoix (1878/09/17 - 1879/01/05)|Charlevoix (1872/10/12 - 1875/08/23)|Chicoutimi--Saguenay (1867/09/20 - 1872/10/11),Quebec|Quebec|Quebec,MP (1878/09/17 - 1879/01/05)|MP (1872/10/12 - 1875/08/23)|MP (1867/09/20 - 1872/10/11),1827-12-28,False,La Malbaie,Quebec,Canada,False,True,1879-01-04,True
11500,Trow,James,James Trow,M,,Liberal Party of Canada (1872/10/12 - 1891/11/11),Perth South (1872/10/12 - 1891/11/11),Ontario,MP (1872/10/12 - 1891/11/11),1825-12-16,False,Newton,Montgomeryshire,Wales,False,False,1892-09-10,False
15421,Trudel,François-Xavier-Anselme,François-Xavier-Anselme Trudel,M,,Conservative (1867-1942) (1873/10/31 - 1890/01/17),De Salaberry (1873/10/31 - 1890/01/17),Quebec,Senator (1873/10/31 - 1890/01/17),1838-04-28,False,Sainte-Anne de la Pérade,,Lower Canada,False,False,1890-01-17,True
6179,Tuppe,Charles,Charles Tuppe,M,,Conservative (1867-1942) (1896/01/15 - 1900/11/06)|Conservative (1867-1942) (1887/11/09 - 1888/05/22)|Conservative (1867-1942) (1887/01/27 - 1887)|Conservative (1867-1942) (1878/10/17 - 1884/05/23)|Conservative (1867-1942) (1870/06/15 - 1878/10/16)|Conservative (1867-1942) (1867/09/20 - 1870/06/14),Cape Breton (1896/02/04 - 1900/11/06)|Cumberland (1887/02/22 - 1888/05/22)|Cumberland (1878/11/04 - 1884/05/23)|Cumberland (1870/06/15 - 1878/10/16)|Cumberland (1867/09/20 - 1870/06/14),Nova Scotia|Nova Scotia|Nova Scotia|Nova Scotia|Nova Scotia,MP (1896/02/04 - 1900/11/06)|MP (1887/02/22 - 1888/05/22)|MP (1878/11/04 - 1884/05/23)|MP (1870/06/15 - 1878/10/16)|MP (1867/09/20 - 1870/06/14),1821-07-02,False,Amherst,Nova Scotia,Canada,False,False,1915-10-30,False
16900,Vidal,Alexande,Alexander Vidal,M,,Conservative (1867-1942) (1873/01/15 - 1906/11/17),Sarnia (1873/01/15 - 1906/11/18),Ontario,Senator (1873/01/15 - 1906/11/18),1819-08-04,False,Brocknill,Berkshire,England,False,False,1906-11-18,True
15128,Wallace,John,John Wallace,M,,Liberal-Conservative (1883/07/10 - 1887/02/21)|Liberal Party of Canada (1882/06/20 - 1883/05/02)|Liberal Party of Canada (1867/09/20 - 1878/09/16),Albert (1883/07/10 - 1887/02/21)|Albert (1882/06/20 - 1883/05/02)|Albert (1867/09/20 - 1878/09/17),New Brunswick|New Brunswick|New Brunswick,MP (1883/07/10 - 1887/02/21)|MP (1882/06/20 - 1883/05/02)|MP (1867/09/20 - 1878/09/17),1812-11-18,False,Hillsborough,New Brunswick,Canada,False,False,1896-01-01,False
9444,Wallace,William,William Wallace,M,,Conservative (1867-1942) (1874/12/16 - 1882/06/19)|Conservative (1867-1942) (1872/10/12 - 1874/01/21),Norfolk South (1874/12/16 - 1882/06/19)|Norfolk South (1872/10/12 - 1874/01/22),Ontario|Ontario,MP (1874/12/16 - 1882/06/19)|MP (1872/10/12 - 1874/01/22),1820-02-04,False,Galston,Ayshire,Scotland,False,False,1887-08-28,False
331,Wark,David,David Wark,M,,Liberal Party of Canada (1867/10/23 - 1905/08/20),Fredericton (1867/10/23 - 1905/08/20),New Brunswick,Senator (1867/10/23 - 1905/08/20),1804-02-19,False,,,Ireland,False,False,1905-08-20,True
14658,We,William Hoste,William Hoste We,M,,Conservative (1867-1942) (1867/09/20 - 1874/01/21),Richmond--Wolfe (1867/09/20 - 1874/01/21),Quebec,MP (1867/09/20 - 1874/01/21),1820-11-24,False,Hampshire,,England,False,False,1890-12-19,False
9804,White,John,John White,M,,Conservative (1867-1942) (1879/02/25 - 1887/02/21)|Conservative (1867-1942) (1871/03/20 - 1879/01/27),Hastings East (1879/02/25 - 1887/02/21)|Hastings East (1871/03/20 - 1879/02/05),Ontario|Ontario,MP (1879/02/25 - 1887/02/21)|MP (1871/03/20 - 1879/02/05),1833-05-06,False,Donegal,County Donegal,Ireland,False,False,1894-09-24,False
8083,White,John,John White,M,,Liberal Party of Canada (1867/09/20 - 1874/01/21),Halton (1867/09/20 - 1874/01/21),Ontario,MP (1867/09/20 - 1874/01/21),1811-06-08,False,Omagh,County Tyrone,Ireland,False,False,1897-05-03,False
12967,Wilkes,Robert,Robert Wilkes,M,,Liberal Party of Canada (1872/10/12 - 1875/04/12),Toronto Centre (1872/10/12 - 1875/04/12),Ontario,MP (1872/10/12 - 1875/04/12),1832-06-24,False,Tullehan,County Leitrim,Ireland,False,False,1880-08-16,False
10228,Wilmot,Robert Duncan,Robert Duncan Wilmot,M,,Conservative (1867-1942) (1867/10/23 - 1880/02/10),New Brunswick (1867/10/23 - 1880/02/10),New Brunswick,Senator (1867/10/23 - 1880/02/10),1809-10-16,False,Fredericton,New Brunswick,Canada,False,False,1891-02-11,False
11185,Wilson,Charles,Charles Wilson,M,,Conservative (1867-1942) (1867/10/23 - 1877/05/04),Rigaud (1867/10/23 - 1877/05/04),Quebec,Senator (1867/10/23 - 1877/05/04),1808-04-01,True,Coteau-du-Lac,Quebec,Lower Canada,False,False,1877-05-04,True
17004,Witton,Henry Buckingham,Henry Buckingham Witton,M,,Conservative (1867-1942) (1872/10/12 - 1874/01/21),Hamilton (1872/10/12 - 1874/01/21),Ontario,MP (1872/10/12 - 1874/01/21),1831-10-21,False,South Lopham,Norfolk,England,False,False,1921-11-08,False
10733,Wood,Edmund Burke,Edmund Burke Wood,M,,Liberal Party of Canada (1873/04/10 - 1874/03/10)|Liberal Party of Canada (1867/09/20 - 1872/10/11),Durham West (1873/04/10 - 1874/03/10)|Brant South (1867/09/20 - 1872/10/11),Ontario|Ontario,MP (1873/04/10 - 1874/03/10)|MP (1867/09/20 - 1872/10/11),1820-02-13,False,Fort Erie,,Upper Canada,False,False,1882-10-07,False
3892,Wright,Alonzo,Alonzo Wright,M,,Liberal-Conservative (1867/09/20 - 1891/03/05),Ottawa (County of) (1867/09/20 - 1891/03/04),Quebec,MP (1867/09/20 - 1891/03/04),1821-04-28,False,Hull,,Lower Canada,False,False,1894-01-07,False
14413,Wright,William McKay,William McKay Wright,M,,Liberal-Conservative (1872/10/12 - 1878/09/17),Pontiac (1872/10/12 - 1878/09/16),Quebec,MP (1872/10/12 - 1878/09/16),1840-11-12,False,Hull,,Lower Canada,False,False,1882-12-17,False
10256,Yeo,James,James Yeo,M,,Liberal Party of Canada (1873/09/29 - 1891/03/04),Prince County (1873/09/29 - 1891/04/28),Prince Edward Island,MP (1873/09/29 - 1891/04/28),1827-10-31,False,Port Hill,Prince Edward Island,Canada,False,False,1903-02-13,False
4924,Young,James,James Young,M,,Liberal Party of Canada (1867/09/20 - 1878/09/16),Waterloo South (1867/09/20 - 1878/09/16),Ontario,MP (1867/09/20 - 1878/09/16),1835-05-24,False,Galt,,Upper Canada,False,False,1913-01-29,False
13297,Young,John,John Young,M,,Liberal Party of Canada (1872/10/12 - 1874/01/02),Montreal West (1872/10/12 - 1874/01/02),Quebec,MP (1872/10/12 - 1874/01/02),1811-03-11,False,Ay,,Scotland,False,False,1878-04-12,False
